{"netcode": "1,2,3;1,3,4;1,4,5;1,5,2;2,5,6;2,6,3;3,6,7;3,7,4;4,7,8;4,8,9;4,9,5;5,9,10;5,10,6;6,10,11;6,11,7;7,11,12;7,12,8;8,12,9;9,12,11;9,11,10", "V": 12, "atlas": {"": {"1,2": 1.6173836115824884, "1,3": 0.8905366823697287, "1,4": 1.6173836115824884, "1,5": 0.8905366823697287, "2,3": 0.8905366823697287, "2,5": 0.8905366823697287, "2,6": 1.6173836115824884, "3,4": 0.4118058370547939, "3,6": 0.4118058370547939, "3,7": 1.1711273490718643, "4,5": 0.1331778868600104, "4,7": -0.4360424011567352, "4,8": 2.1193279554209106, "4,9": -0.041482030268065184, "5,6": -0.7971496791744147, "5,9": 0.2153923887560729, "5,10": 1.624007205703254, "6,7": -0.06634484222610569, "6,10": 0.8853917720977206, "6,11": 1.08443125305882, "7,8": 0.5468020931282727, "7,11": 0.22727242819063082, "7,12": 0.5468020931282727, "8,9": 0.5468020931282727, "8,12": 2.1193279554209106, "9,10": 0.8853917720977206, "9,11": -0.4127468528199758, "9,12": 0.5468020931282727, "10,11": 1.624007205703254, "11,12": 2.1193279554209106}}, "stats": {"tried": 12, "noconv": 4, "nonemb": 8, "known": 0, "flares": 0, "closed": true}}