{"netcode": "1,2,3;1,3,4;1,4,5;1,5,2;2,5,6;2,6,3;3,6,7;3,7,4;4,7,8;4,8,9;4,9,5;5,9,10;5,10,6;6,10,11;6,11,7;7,11,8;8,11,9;9,11,10", "V": 11, "atlas": {"": {"1,2": 1.3695781242939218, "1,3": 1.0988074788159798, "1,4": 1.3695781242939218, "1,5": 1.0988074788159798, "2,3": 1.0988074788159798, "2,5": 1.0988074788159798, "2,6": 1.3695781242939218, "3,4": 0.13965257073352408, "3,6": 0.13965257073352408, "3,7": 1.6394533645605112, "4,5": -0.36148825810012597, "4,7": -0.0642130793515838, "4,8": 1.101931798656464, "4,9": 0.39051880386126814, "5,6": -0.7980308496114468, "5,9": 0.8484836998916342, "5,10": 1.3661449934387238, "6,7": 0.3723295121597371, "6,10": 1.101931798656464, "6,11": 0.39051880386126814, "7,8": 1.3661449934387238, "7,11": 0.8484836998916342, "8,9": 1.3661449934387238, "8,11": 1.101931798656464, "9,10": 1.101931798656464, "9,11": 0.20208903237032205, "10,11": 1.3661449934387238}}, "stats": {"tried": 11, "noconv": 2, "nonemb": 9, "known": 0, "flares": 0, "closed": true}}