{"netcode": "1,2,3;1,3,4;1,4,5;1,5,2;2,5,6;2,6,7;2,7,3;3,7,8;3,8,4;4,8,9;4,9,10;4,10,5;5,10,11;5,11,6;6,11,12;6,12,7;7,12,13;7,13,8;8,13,9;9,13,12;9,12,11;9,11,10", "V": 13, "atlas": {"": {"1,2": 1.2233001209360908, "1,3": 1.238639511108669, "1,4": 1.2233001209360908, "1,5": 1.238639511108669, "2,3": 0.8697263506972264, "2,5": 0.07126065014835958, "2,6": 1.519963578051722, "2,7": 0.3523460051594116, "3,4": 0.055894670525682776, "3,7": 0.35137053050005745, "3,8": 1.5357806448934699, "4,5": -0.6713861471628522, "4,8": 0.940720781677296, "4,9": -0.2771477600673836, "4,10": 1.5375669248793367, "5,6": 0.3450152558599422, "5,10": 0.9541472966355535, "5,11": 0.343844658152234, "6,7": 0.07724837054080867, "6,11": 0.8778083607607885, "6,12": 1.2145684966129702, "7,8": -0.2705306827519101, "7,12": 0.016344919040639727, "7,13": 0.6902435951598191, "8,9": 0.3177775086541133, "8,13": 1.8948377817581457, "9,10": 0.9541472966355535, "9,11": 0.06018532069691281, "9,12": -0.0005011023306345186, "9,13": 0.6902435951598191, "10,11": 1.5375669248793367, "11,12": 1.2316021496072103, "12,13": 1.8948377817581457}, "1": {"1,2": -1.2396112374994768, "1,3": -1.2223339811951472, "1,4": -1.2396112374994768, "1,5": -1.2223339811951472, "2,3": 2.78121442362243, "2,5": 1.976884439146625, "2,6": 1.528089191868899, "2,7": 0.35894857533241914, "3,4": 1.9709675031907332, "3,7": 0.34304233732313594, "3,8": 1.5295980595909056, "4,5": 1.2376774668875503, "4,8": 0.9468198342780921, "4,9": -0.2715355967025065, "4,10": 1.5447142770179503, "5,6": 0.3386912561103313, "5,10": 0.9483258374944388, "5,11": 0.33762742128357787, "6,7": 0.07410999041637588, "6,11": 0.8841396261945034, "6,12": 1.215579970607212, "7,8": -0.26589642602744895, "7,12": 0.015338951406951216, "7,13": 0.6895016460105707, "8,9": 0.3107334530241813, "8,13": 1.895942687161658, "9,10": 0.9483258374944388, "9,11": 0.057980709137398403, "9,12": -0.0006058432538843049, "9,13": 0.6895016460105707, "10,11": 1.5447142770179503, "11,12": 1.231689968328803, "12,13": 1.895942687161658}, "3": {"1,2": 2.8039782157289643, "1,3": 0.1700184083108823, "1,4": 2.8039782157289643, "1,5": 0.1700184083108823, "2,3": -1.3949208120603431, "2,5": 0.47827573523251543, "2,6": 1.5448343711557784, "2,7": 2.01805971021661, "3,4": -2.106682803864957, "3,7": -1.2681823513507702, "3,8": 0.022060611396289478, "4,5": -0.14956841789221623, "4,8": 2.209627684366299, "4,9": 0.36304387181531866, "4,10": 1.9252253743183725, "5,6": 0.04444553307805623, "5,10": 0.6699789754732748, "5,11": -0.020383441679753516, "6,7": 0.3541612232220791, "6,11": 1.251285560113414, "6,12": 0.8662303788946588, "7,8": 1.2593051992296964, "7,12": 0.35565423140216923, "7,13": 0.9701158093759732, "8,9": -0.31112830259540825, "8,13": 1.5181207651322295, "9,10": 0.6699789754732748, "9,11": 0.0058687680950500155, "9,12": 0.07046450843246801, "9,13": 0.9701158093759732, "10,11": 1.9252253743183725, "11,12": 1.2253049375710676, "12,13": 1.5181207651322295}, "4": {"1,2": 0.5467245731592554, "1,3": 2.1194551747474426, "1,4": 0.5467245731592554, "1,5": 2.1194551747474426, "2,3": 1.2150848957453648, "2,5": 0.6981187960230184, "2,6": 1.1270661942684463, "2,7": 0.24627464976373706, "3,4": -1.2644906902276947, "3,7": 0.6574680492065105, "3,8": 2.515979173328473, "4,5": -1.9686709519267722, "4,8": -0.14897877183949357, "4,9": -1.3701825938966778, "4,10": 0.7373756327553496, "5,6": 0.7218622576432224, "5,10": 1.825838718877924, "5,11": 0.8713951967327804, "6,7": 0.23346069443936773, "6,11": 0.5203421041439594, "6,12": 1.2440797355332778, "7,8": -0.43994590159603775, "7,12": 0.026054246348155858, "7,13": 0.881606667103537, "8,9": 1.4742019647230644, "8,13": 1.6288964984663055, "9,10": 1.825838718877924, "9,11": 0.6072925460989581, "9,12": 0.2739701645450688, "9,13": 0.881606667103537, "10,11": 0.7373756327553496, "11,12": 0.9490790064505815, "12,13": 1.6288964984663055}, "5": {"1,2": 1.906216986841963, "1,3": 0.6826210556761411, "1,4": 1.906216986841963, "1,5": 0.6826210556761411, "2,3": 1.25003559784268, "2,5": -0.8834018679343381, "2,6": 2.4787945723070672, "2,7": 0.33398491038248523, "3,4": 0.5397941713958908, "3,7": 0.12567769190911987, "3,8": 1.3326130636590898, "4,5": -1.8982519961259308, "4,8": 1.3277512800262734, "4,9": 0.11843137664985177, "4,10": 2.479673257395231, "5,6": -0.6726577784507196, "5,10": 0.34027573753051976, "5,11": -0.6728294244885439, "6,7": 0.12242041107924692, "6,11": 1.7696436729797775, "6,12": 1.3297473698771614, "7,8": -0.09902160701655928, "7,12": -0.0956818411960423, "7,13": 0.5550615967211816, "8,9": -0.09335156029128218, "8,13": 2.1058093392736246, "9,10": 0.34027573753051976, "9,11": 0.12169199916504896, "9,12": -0.0966929633290984, "9,13": 0.5550615967211816, "10,11": 2.479673257395231, "11,12": 1.3306143572167015, "12,13": 2.1058093392736246}, "6": {"1,2": 0.9248237046574403, "1,3": 1.5738885835451066, "1,4": 0.9248237046574403, "1,5": 1.5738885835451066, "2,3": 0.3012419584527293, "2,5": 1.3698519674523777, "2,6": -0.09332814968257716, "2,7": 1.7263428467941508, "3,4": 0.05858402981825052, "3,7": 0.9220736627653787, "3,8": 1.2191718377066503, "4,5": -0.454798157004464, "4,8": 0.8302123305755076, "4,9": -0.33618814191933094, "4,10": 1.2953273665000433, "5,6": -1.2233531850604804, "5,10": 1.1680232548650664, "5,11": 1.8542551193242773, "6,7": -1.4531186812177523, "6,11": -0.8105592445565155, "6,12": -0.4112532817935598, "7,8": 0.08981491768803959, "7,12": 1.6094366062996261, "7,13": 1.0095231679891248, "8,9": 0.391927972177117, "8,13": 1.4711140911562752, "9,10": 1.1680232548650664, "9,11": 0.24239507813456065, "9,12": -0.15880604054739425, "9,13": 1.0095231679891248, "10,11": 1.2953273665000433, "11,12": 2.496601953669004, "12,13": 1.4711140911562752}, "7": {"1,2": 1.241760514635834, "1,3": 1.220199409584164, "1,4": 1.241760514635834, "1,5": 1.220199409584164, "2,3": 1.3158562072814577, "2,5": -0.006860440292553274, "2,6": 2.005008859164933, "2,7": -0.08634982094903892, "3,4": 0.014663297098300051, "3,7": -0.08625755571245014, "3,8": 1.9834207416209089, "4,5": -0.6199078493133462, "4,8": 1.0799078041406018, "4,9": -0.3869679686892835, "4,10": 1.6030249340116336, "5,6": 0.39606308630748005, "5,10": 0.901758427520507, "5,11": 0.3023767714866064, "6,7": -0.44203030503631185, "6,11": 0.9195108364135881, "6,12": 1.6975765713222293, "7,8": -0.9091822837568764, "7,12": -0.5459200617901244, "7,13": 0.413627932103122, "8,9": 0.50958558285749, "8,13": 2.346969468197571, "9,10": 0.901758427520507, "9,11": 0.02806211416769816, "9,12": 0.1283266623629549, "9,13": 0.413627932103122, "10,11": 1.6030249340116336, "11,12": 1.2504924952125178, "12,13": 2.346969468197571}, "8": {"1,2": 1.4667837719503989, "1,3": 1.0132124841538974, "1,4": 1.4667837719503989, "1,5": 1.0132124841538974, "2,3": 0.2540218000364812, "2,5": 0.2148841827280219, "2,6": 1.043914995019728, "2,7": 0.9935523736630961, "3,4": 1.534262412167933, "3,7": 1.9701336918371544, "3,8": -0.29073705240239317, "4,5": -0.6439227253844851, "4,8": -1.0985037678229048, "4,9": 1.6078976029947372, "4,10": 1.4005801430382447, "5,6": 0.3232288728122348, "5,10": 1.0709148674566986, "5,11": 0.1594246167950971, "6,7": 0.7233196928610854, "6,11": 1.1491666501171103, "6,12": 0.5432338738478202, "7,8": -2.2313628533583776, "7,12": 0.949706093927252, "7,13": 2.0634565229711486, "8,9": -1.7531703774018115, "8,13": 0.5812283345058931, "9,10": 1.0709148674566986, "9,11": 0.3972412025204315, "9,12": 0.7750994090484935, "9,13": 2.0634565229711486, "10,11": 1.4005801430382447, "11,12": 0.8336315405059569, "12,13": 0.5812283345058931}, "9": {"1,2": 1.3702477837131763, "1,3": 1.0981988904601336, "1,4": 1.3702477837131763, "1,5": 1.0981988904601336, "2,3": 0.9781422597985027, "2,5": -0.10853328892690862, "2,6": 1.7840585444634882, "2,7": 0.251682248721485, "3,4": 0.16415085428767753, "3,7": 0.25924490392868405, "3,8": 1.508620719878111, "4,5": -0.38931569165425306, "4,8": 1.6880807435394494, "4,9": -1.09110739415495, "4,10": 2.1882507436022642,