{"netcode": "1,2,3;1,3,4;1,4,5;1,5,2;2,5,6;2,6,7;2,7,3;3,7,8;3,8,4;4,8,9;4,9,10;4,10,5;5,10,11;5,11,6;6,11,12;6,12,7;7,12,13;7,13,8;8,13,9;9,13,10;10,13,12;10,12,11", "V": 13, "atlas": {"": {"1,2": 1.2309594173407747, "1,3": 1.2309594173407747, "1,4": 1.2309594173407747, "1,5": 1.2309594173407747, "2,3": 1.2309594173407747, "2,5": 0.0, "2,6": 1.9106332362490186, "2,7": 0.0, "3,4": 0.0, "3,7": 0.0, "3,8": 1.9106332362490186, "4,5": 0.0, "4,8": 0.0, "4,9": 1.2309594173407747, "4,10": 0.0, "5,6": 0.0, "5,10": 0.0, "5,11": 1.2309594173407747, "6,7": 0.0, "6,11": 1.2309594173407747, "6,12": 1.2309594173407747, "7,8": 0.0, "7,12": 0.0, "7,13": 0.0, "8,9": 1.2309594173407747, "8,13": 1.2309594173407747, "9,10": 1.2309594173407747, "9,13": 1.2309594173407747, "10,11": 1.2309594173407747, "10,12": 0.0, "10,13": 0.0, "11,12": 1.2309594173407747, "12,13": 1.9106332362490186}, "4": {"1,2": 0.649952154743754, "1,3": 1.9556849200563275, "1,4": 0.649952154743754, "1,5": 1.9556849200563275, "2,3": 1.543196889021906, "2,5": 0.5756539488031509, "2,6": 1.5862090406963794, "2,7": -0.15105573871558212, "3,4": -1.1859077335334656, "3,7": 0.30040749520694543, "3,8": 2.790307102886189, "4,5": -1.1859077335334656, "4,8": -1.1859077335334656, "4,9": 0.649952154743754, "4,10": -1.1859077335334656, "5,6": 0.046745226711043246, "5,10": 1.1588482530218025, "5,11": 1.2309594173407747, "6,7": 0.30040749520694543, "6,11": 1.2309594173407747, "6,12": 0.9222931310507478, "7,8": 0.30040749520694543, "7,12": 0.30040749520694543, "7,13": -0.15105573871558212, "8,9": 1.9556849200563275, "8,13": 1.543196889021906, "9,10": 1.9556849200563275, "9,13": 0.649952154743754, "10,11": 1.2309594173407747, "10,12": 0.046745226711043246, "10,13": 0.5756539488031509, "11,12": 1.2309594173407747, "12,13": 1.5862090406963794}, "5": {"1,2": 1.9556849200563275, "1,3": 0.649952154743754, "1,4": 1.9556849200563275, "1,5": 0.649952154743754, "2,3": 1.543196889021906, "2,5": -1.1859077335334656, "2,6": 2.790307102886189, "2,7": 0.30040749520694543, "3,4": 0.5756539488031509, "3,7": -0.15105573871558212, "3,8": 1.5862090406963794, "4,5": -1.1859077335334656, "4,8": 0.046745226711043246, "4,9": 1.2309594173407747, "4,10": 1.1588482530218025, "5,6": -1.1859077335334656, "5,10": -1.1859077335334656, "5,11": 0.649952154743754, "6,7": 0.30040749520694543, "6,11": 1.9556849200563275, "6,12": 1.543196889021906, "7,8": 0.30040749520694543, "7,12": -0.15105573871558212, "7,13": 0.30040749520694543, "8,9": 1.2309594173407747, "8,13": 0.9222931310507478, "9,10": 1.2309594173407747, "9,13": 1.2309594173407747, "10,11": 1.9556849200563275, "10,12": 0.5756539488031509, "10,13": 0.046745226711043246, "11,12": 0.649952154743754, "12,13": 1.5862090406963794}, "7": {"1,2": 1.2309594173407747, "1,3": 1.2309594173407747, "1,4": 1.2309594173407747, "1,5": 1.2309594173407747, "2,3": 1.2309594173407747, "2,5": 0.0, "2,6": 1.9106332362490186, "2,7": 0.0, "3,4": 0.0, "3,7": 0.0, "3,8": 1.9106332362490186, "4,5": 0.0, "4,8": 0.0, "4,9": 1.2309594173407747, "4,10": 0.0, "5,6": 0.0, "5,10": 0.0, "5,11": 1.2309594173407747, "6,7": 0.0, "6,11": 1.2309594173407747, "6,12": 1.2309594173407747, "7,8": 0.0, "7,12": 0.0, "7,13": 0.0, "8,9": 1.2309594173407747, "8,13": 1.2309594173407747, "9,10": 1.2309594173407747, "9,13": 1.2309594173407747, "10,11": 1.2309594173407747, "10,12": 0.0, "10,13": 0.0, "11,12": 1.2309594173407747, "12,13": 1.9106332362490186}, "10": {"1,2": 1.2309594173407747, "1,3": 1.2309594173407747, "1,4": 1.2309594173407747, "1,5": 1.2309594173407747, "2,3": 0.9222931310507478, "2,5": 0.046745226711043246, "2,6": 1.5862090406963794, "2,7": 0.30040749520694543, "3,4": 0.046745226711043246, "3,7": 0.30040749520694543, "3,8": 1.5862090406963794, "4,5": 1.1588482530218025, "4,8": 0.5756539488031509, "4,9": 1.9556849200563275, "4,10": -1.1859077335334656, "5,6": 0.5756539488031509, "5,10": -1.1859077335334656, "5,11": 1.9556849200563275, "6,7": -0.15105573871558212, "6,11": 0.649952154743754, "6,12": 1.543196889021906, "7,8": -0.15105573871558212, "7,12": 0.30040749520694543, "7,13": 0.30040749520694543, "8,9": 0.649952154743754, "8,13": 1.543196889021906, "9,10": 0.649952154743754, "9,13": 1.9556849200563275, "10,11": 0.649952154743754, "10,12": -1.1859077335334656, "10,13": -1.1859077335334656, "11,12": 1.9556849200563275, "12,13": 2.790307102886189}, "4,11": {"1,2": 0.649952154743754, "1,3": 1.9556849200563275, "1,4": 0.649952154743754, "1,5": 1.9556849200563275, "2,3": 1.543196889021906, "2,5": 0.5756539488031509, "2,6": 1.5862090406963794, "2,7": -0.15105573871558212, "3,4": -1.1859077335334656, "3,7": 0.30040749520694543, "3,8": 2.790307102886189, "4,5": -1.1859077335334656, "4,8": -1.1859077335334656, "4,9": 0.649952154743754, "4,10": -1.1859077335334656, "5,6": 1.9573784629600617, "5,10": 3.069481489270821, "5,11": -1.2309594173407747, "6,7": 0.30040749520694543, "6,11": -1.2309594173407747, "6,12": 2.832926367299766, "7,8": 0.30040749520694543, "7,12": 0.30040749520694543, "7,13": -0.15105573871558212, "8,9": 1.9556849200563275, "8,13": 1.543196889021906, "9,10": 1.9556849200563275, "9,13": 0.649952154743754, "10,11": -1.2309594173407747, "10,12": 1.9573784629600617, "10,13": 0.5756539488031509, "11,12": -1.2309594173407747, "12,13": 1.5862090406963794}, "5,9": {"1,2": 1.9556849200563275, "1,3": 0.649952154743754, "1,4": 1.9556849200563275, "1,5": 0.649952154743754, "2,3": 1.543196889021906, "2,5": -1.1859077335334656, "2,6": 2.790307102886189, "2,7": 0.30040749520694543, "3,4": 0.5756539488031509, "3,7": -0.15105573871558212, "3,8": 1.5862090406963794, "4,5": -1.1859077335334656, "4,8": 1.9573784629600617, "4,9": -1.2309594173407747, "4,10": 3.069481489270821, "5,6": -1.1859077335334656, "5,10": -1.1859077335334656, "5,11": 0.649952154743754, "6,7": 0.30040749520694543, "6,11": 1.9556849200563275, "6,12": 1.543196889021906, "7,8": 0.30040749520694543, "7,12": -0.15105573871558212, "7,13": 0.30040749520694543, "8,9": -1.2309594173407747, "8,13": 2.832926367299766, "9,10": -1.2309594173407747, "9,13": -1.2309594173407747, "10,11": 1.9556849200563275, "10,12": 0.5756539488031509, "10,13": 1.9573784629600617, "11,12": 0.649952154743754, "12,13": 1.5862090406963794}, "1,10": {"1,2": -1.2309594173407747, "1,3": -1.2309594173407747, "1,4": -1.2309594173407747, "1,5": -1.2309594173407747, "2,3": 2.832926367299766, "2,5": 1.9573784629600617, "2,6": 1.5862090406963794, "2,7": 0.30040749520694543, "3,4": 1.9573784629600617, "3,7": 0.30040749520694543, "3,8": 1.5862090406963794, "4,5": 3.069481489270821, "4,8": 0.5756539488031509, "4,9": 1.9556849200563275, "4,10": -1.1859077335334656, "5,6": 0.5756539488031509, "5,10": -1.1859077335334656, "5,11": 1.9556849200563275, "6,7": -0.15105573871558212, "6,11": 0.649952154743754, "6,12": 1.543196889021906, "7,8": -0.15105573871558212, "7,12": 0.30040749520694543, "7,13": 0.30040749520694543, "8,9": 0.649952154743754, "8,13": 1.543196889021906, "9,10": 0.649952154743754, "9,13": 1.9556849200563275, "10,11": 0.649952154743754, "10,12": -1.1859077335334656, "10,13": -1.1859077335334656, "11,12": 1.9556849200563275, "12,13": 2.790307102886189}}, "stats": {"tried": 104, "noconv": 49, "nonemb": 41, "known": 7, "flares": 0, "closed": true}}