{"netcode": "1,2,3;1,3,4;1,4,5;1,5,2;2,5,6;2,6,3;3,6,7;3,7,8;3,8,4;4,8,9;4,9,5;5,9,10;5,10,6;6,10,11;6,11,7;7,11,12;7,12,13;7,13,8;8,13,9;9,13,10;10,13,12;10,12,11", "V": 13, "atlas": {"": {"1,2": 2.4547671436410785, "1,3": 0.3538426154421554, "1,4": 2.4547671436410785, "1,5": 0.3538426154421554, "2,3": 0.3538426154421554, "2,5": 0.3538426154421554, "2,6": 2.4547671436410785, "3,4": -0.264893359065407, "3,6": 0.0, "3,7": 0.10037961279839887, "3,8": 0.609557352806268, "4,5": -0.264893359065407, "4,8": 1.5153105962772997, "4,9": 1.5153105962772997, "5,6": 0.0, "5,9": 0.609557352806268, "5,10": 0.10037961279839887, "6,7": 0.0, "6,10": 0.0, "6,11": 2.4547671436410785, "7,8": 0.609557352806268, "7,11": 0.3538426154421554, "7,12": 0.3538426154421554, "7,13": -0.264893359065407, "8,9": -0.10078066558314917, "8,13": 1.5153105962772997, "9,10": 0.609557352806268, "9,13": 1.5153105962772997, "10,11": 0.3538426154421554, "10,12": 0.3538426154421554, "10,13": -0.264893359065407, "11,12": 2.4547671436410785, "12,13": 2.4547671436410785}, "4": {"1,2": 1.0499948548248428, "1,3": 1.4242551557845273, "1,4": 1.0499948548248428, "1,5": 1.4242551557845273, "2,3": 1.4242551557845273, "2,5": 1.4242551557845273, "2,6": 1.0499948548248428, "3,4": -2.209167279632389, "3,6": 0.5761218412210228, "3,7": 0.9357868009791731, "3,8": 2.5081082535434733, "4,5": -2.209167279632389, "4,8": -0.8421528480673545, "4,9": -0.8421528480673545, "5,6": 0.5761218412210228, "5,9": 2.5081082535434733, "5,10": 0.9357868009791731, "6,7": -0.44695783336213074, "6,10": -0.44695783336213074, "6,11": 2.0421772613646674, "7,8": 0.26169596644578974, "7,11": 0.5945473449250994, "7,12": 0.5945473449250994, "7,13": -0.06509460036687104, "8,9": 1.87104395028946, "8,13": 1.297480025762545, "9,10": 0.26169596644578974, "9,13": 1.297480025762545, "10,11": 0.5945473449250994, "10,12": 0.5945473449250994, "10,13": -0.06509460036687104, "11,12": 2.0421772613646674, "12,13": 2.0421772613646674}, "6": {"1,2": 1.1256055074226219, "1,3": 1.3403853349817398, "1,4": 1.1256055074226219, "1,5": 1.3403853349817398, "2,3": 1.3403853349817398, "2,5": 1.3403853349817398, "2,6": 1.1256055074226219, "3,4": 0.4413126566257034, "3,6": -1.8012073186080533, "3,7": 2.4053439994974797, "3,8": 0.6822332930188899, "4,5": 0.4413126566257034, "4,8": 0.8720351885505139, "4,9": 0.8720351885505139, "5,6": -1.8012073186080533, "5,9": 0.6822332930188899, "5,10": 2.4053439994974797, "6,7": -1.8012073186080533, "6,10": -1.8012073186080533, "6,11": 1.1256055074226219, "7,8": 0.6822332930188899, "7,11": 1.3403853349817398, "7,12": 1.3403853349817398, "7,13": 0.4413126566257034, "8,9": 0.5614484496707476, "8,13": 0.8720351885505139, "9,10": 0.6822332930188899, "9,13": 0.8720351885505139, "10,11": 1.3403853349817398, "10,12": 1.3403853349817398, "10,13": 0.4413126566257034, "11,12": 1.1256055074226219, "12,13": 1.1256055074226219}, "13": {"1,2": 2.0421772613646674, "1,3": 0.5945473449250994, "1,4": 2.0421772613646674, "1,5": 0.5945473449250994, "2,3": 0.5945473449250994, "2,5": 0.5945473449250994, "2,6": 2.0421772613646674, "3,4": -0.06509460036687104, "3,6": -0.44695783336213074, "3,7": 0.9357868009791731, "3,8": 0.26169596644578974, "4,5": -0.06509460036687104, "4,8": 1.297480025762545, "4,9": 1.297480025762545, "5,6": -0.44695783336213074, "5,9": 0.26169596644578974, "5,10": 0.9357868009791731, "6,7": 0.5761218412210228, "6,10": 0.5761218412210228, "6,11": 1.0499948548248428, "7,8": 2.5081082535434733, "7,11": 1.4242551557845273, "7,12": 1.4242551557845273, "7,13": -2.209167279632389, "8,9": 1.87104395028946, "8,13": -0.8421528480673545, "9,10": 2.5081082535434733, "9,13": -0.8421528480673545, "10,11": 1.4242551557845273, "10,12": 1.4242551557845273, "10,13": -2.209167279632389, "11,12": 1.0499948548248428, "12,13": 1.0499948548248428}}, "stats": {"tried": 52, "noconv": 23, "nonemb": 26, "known": 0, "flares": 0, "closed": true}}