{"netcode": "1,2,3;1,3,4;1,4,5;1,5,2;2,5,6;2,6,3;3,6,7;3,7,4;4,7,8;4,8,9;4,9,5;5,9,10;5,10,6;6,10,11;6,11,7;7,11,12;7,12,8;8,12,9;9,12,13;9,13,10;10,13,11;11,13,12", "V": 13, "atlas": {"": {"1,2": 1.6324264983590382, "1,3": 0.8788805281461494, "1,4": 1.6324264983590382, "1,5": 0.8788805281461494, "2,3": 0.8788805281461494, "2,5": 0.8788805281461494, "2,6": 1.6324264983590382, "3,4": 0.4302495499097121, "3,6": 0.4302495499097121, "3,7": 1.142554328096516, "4,5": -0.03932704136193209, "4,7": -0.4500500917436224, "4,8": 1.9742093638821974, "4,9": 0.13662749650643433, "5,6": -0.733085821537516, "5,9": 0.3788207915539407, "5,10": 1.415262843267198, "6,7": -0.13968528878695546, "6,10": 0.8071670932250872, "6,11": 1.1996810987553024, "7,8": 0.6379076932950928, "7,11": 0.37280636375812953, "7,12": 0.3608230641800421, "8,9": 0.6379076932950928, "8,12": 1.9742093638821974, "9,10": -0.09764574284572164, "9,12": -0.382994014897062, "9,13": 0.8722756285225395, "10,11": 0.4149488619908229, "10,13": 1.6410089210391725, "11,12": 0.9325305355904261, "11,13": 0.8722756285225395, "12,13": 1.6410089210391725}, "7": {"1,2": 1.9107503210002412, "1,3": 0.679595764561456, "1,4": 1.9107503210002412, "1,5": 0.679595764561456, "2,3": 0.679595764561456, "2,5": 0.679595764561456, "2,6": 1.9107503210002412, "3,4": 0.8812981477711206, "3,6": 0.8812981477711206, "3,7": 0.5509733099225966, "4,5": 0.16451364093681514, "4,7": -1.4618367690406076, "4,8": 2.673927607637833, "4,9": 0.6646904466983916, "5,6": -0.5664260604481484, "5,9": 0.05380092991367598, "5,10": 1.3300080003179486, "6,7": -0.7721989851521928, "6,10": 0.8224277619238498, "6,11": 2.01404894492468, "7,8": 0.23707300736473882, "7,11": -0.4507570543248754, "7,12": -0.5328288257331427, "8,9": 0.23707300736473882, "8,12": 2.673927607637833, "9,10": -0.018265531151386447, "9,12": -0.21181886763499047, "9,13": 0.9237767994984085, "10,11": 0.3955903150236354, "10,13": 1.5752001578042691, "11,12": 1.703566456577746, "11,13": 0.9237767994984085, "12,13": 1.5752001578042691}, "9": {"1,2": 1.6391713210610201, "1,3": 0.8736870729949617, "1,4": 1.6391713210610201, "1,5": 0.8736870729949617, "2,3": 0.8736870729949617, "2,5": 0.8736870729949617, "2,6": 1.6391713210610201, "3,4": 0.4386267265945685, "3,6": 0.4386267265945685, "3,7": 1.1297073452616162, "4,5": 0.6058146088707028, "4,7": -0.24514716672024864, "4,8": 2.5798166146410257, "4,9": -0.6592585821941813, "5,6": -0.7576109345364743, "5,9": -0.2813099154374658, "5,10": 2.0644742000221443, "6,7": -0.12952138281809933, "6,10": 0.8340320272929261, "6,11": 1.1854064216581952, "7,8": 0.2865392678598888, "7,11": 0.18237797296855587, "7,12": 0.7106322874599503, "8,9": 0.2865392678598888, "8,12": 2.5798166146410257, "9,10": -0.8464494586339082, "9,12": -1.4028138763143414, "9,13": 0.5293967750472433, "10,11": 0.7019888482872167, "10,13": 2.1480501349889813, "11,12": 1.2853857303347571, "11,13": 0.5293967750472433, "12,13": 2.1480501349889813}}, "stats": {"tried": 39, "noconv": 16, "nonemb": 19, "known": 2, "flares": 0, "closed": true}}