{"netcode": "1,2,3;1,3,4;1,4,5;1,5,2;2,5,6;2,6,7;2,7,3;3,7,8;3,8,4;4,8,9;4,9,5;5,9,10;5,10,6;6,10,11;6,11,7;7,11,12;7,12,8;8,12,9;9,12,13;9,13,10;10,13,11;11,13,12", "V": 13, "atlas": {"": {"1,2": 1.4565317890394804, "1,3": 1.0219875777379908, "1,4": 1.4565317890394804, "1,5": 1.0219875777379908, "2,3": 0.9561240902044537, "2,5": -0.19153350902616811, "2,6": 1.8408041046484551, "2,7": 0.2851474986373124, "3,4": 0.2474961762206086, "3,7": 0.2972247492943029, "3,8": 1.4006967877992595, "4,5": 0.23275025674337138, "4,8": 1.0044966848983554, "4,9": 1.0235585702224608, "5,6": 0.2312474325854834, "5,9": -0.1932262605734378, "5,10": 1.0235585702224608, "6,7": -0.14630554429650006, "6,10": 1.0044966848983554, "6,11": 1.4006967877992595, "7,8": -0.14630554429650006, "7,11": 0.2972247492943029, "7,12": 0.2851474986373124, "8,9": 0.2312474325854834, "8,12": 1.8408041046484551, "9,10": 0.23275025674337138, "9,12": -0.19153350902616811, "9,13": 1.0219875777379908, "10,11": 0.2474961762206086, "10,13": 1.4565317890394804, "11,12": 0.9561240902044537, "11,13": 1.0219875777379908, "12,13": 1.4565317890394804}, "5": {"1,2": 2.074396963754306, "1,3": 0.5744259886592284, "1,4": 2.074396963754306, "1,5": 0.5744259886592284, "2,3": 1.3511973077822157, "2,5": -1.3142629553888148, "2,6": 2.6322900666185447, "2,7": 0.5768107209414643, "3,4": 0.6432593505697107, "3,7": 0.08431900290640731, "3,8": 1.3114262343210774, "4,5": -0.7107691747681827, "4,8": 0.8053478583197782, "4,9": 1.974645571408104, "5,6": -0.4562750664462274, "5,9": -1.0379816263615036, "5,10": 0.2213709619796193, "6,7": -0.24679362692555307, "6,10": 1.6601449463600726, "6,11": 1.5688799088489227, "7,8": 0.007026649765099028, "7,11": 0.3287649783042054, "7,12": 0.33047058084106873, "8,9": 0.4119760580004893, "8,12": 1.5375609639588181, "9,10": 1.0044640036186547, "9,12": 0.07119955480082456, "9,13": 1.2462499583371762, "10,11": 0.04069279594747489, "10,13": 1.2157510913055978, "11,12": 0.8924749594107088, "11,13": 1.2462499583371762, "12,13": 1.2157510913055978}, "7": {"1,2": 1.4622853913543004, "1,3": 1.017055766330883, "1,4": 1.4622853913543004, "1,5": 1.017055766330883, "2,3": 1.258230787572703, "2,5": -0.24553547394777558, "2,6": 2.158839782410011, "2,7": 0.004365546262041109, "3,4": 0.2084648509254664, "3,7": -0.0044018605738420525, "3,8": 1.7164561262686737, "4,5": 0.2658797612414576, "4,8": 1.053789784270736, "4,9": 0.9797546012060162, "5,6": 0.30145614479944577, "5,9": -0.20467039280727772, "5,10": 0.9797546012060162, "6,7": -0.5173171514937756, "6,10": 1.053789784270736, "6,11": 1.7164561262686737, "7,8": -0.5173171514937756, "7,11": -0.0044018605738420525, "7,12": 0.004365546262041109, "8,9": 0.30145614479944577, "8,12": 2.158839782410011, "9,10": 0.2658797612414576, "9,12": -0.24553547394777558, "9,13": 1.017055766330883, "10,11": 0.2084648509254664, "10,13": 1.4622853913543004, "11,12": 1.258230787572703, "11,13": 1.017055766330883, "12,13": 1.4622853913543004}, "9": {"1,2": 1.2157510913055978, "1,3": 1.2462499583371762, "1,4": 1.2157510913055978, "1,5": 1.2462499583371762, "2,3": 0.8924749594107088, "2,5": 0.07119955480082456, "2,6": 1.5375609639588181, "2,7": 0.33047058084106873, "3,4": 0.04069279594747489, "3,7": 0.3287649783042054, "3,8": 1.5688799088489227, "4,5": 1.0044640036186547, "4,8": 1.6601449463600726, "4,9": 0.2213709619796193, "5,6": 0.4119760580004893, "5,9": -1.0379816263615036, "5,10": 1.974645571408104, "6,7": 0.007026649765099028, "6,10": 0.8053478583197782, "6,11": 1.3114262343210774, "7,8": -0.24679362692555307, "7,11": 0.08431900290640731, "7,12": 0.5768107209414643, "8,9": -0.4562750664462274, "8,12": 2.6322900666185447, "9,10": -0.7107691747681827, "9,12": -1.3142629553888148, "9,13": 0.5744259886592284, "10,11": 0.6432593505697107, "10,13": 2.074396963754306, "11,12": 1.3511973077822157, "11,13": 0.5744259886592284, "12,13": 2.074396963754306}, "5,13": {"1,2": 2.0774105316793627, "1,3": 0.5725576026350705, "1,4": 2.0774105316793627, "1,5": 0.5725576026350705, "2,3": 1.3661164748029762, "2,5": -1.338449148953806, "2,6": 2.6461702371196, "2,7": 0.5840788387474906, "3,4": 0.6440404243335663, "3,7": 0.0702824913809552, "3,8": 1.3248262112846294, "4,5": -0.7148741104965378, "4,8": 0.8070729190477636, "4,9": 1.9770022329191295, "5,6": -0.5015226176803339, "5,9": -1.1044341856599973, "5,10": 0.26664844749912164, "6,7": -0.2154577385124059, "6,10": 1.6838898551664883, "6,11": 1.562745262508307, "7,8": -0.0070631421965432805, "7,11": 0.27157237053022754, "7,12": 0.38096450937244636, "8,9": 0.4103054889241666, "8,12": 1.552895770825089, "9,10": 2.9258977677629336, "9,12": 1.9844652982881543, "9,13": -1.1723276482972969, "10,11": 1.9465423184125525, "10,13": -1.2908319486399324, "11,12": 2.8067813540170112, "11,13": -1.1723276482972969, "12,13": -1.2908319486399324}, "1,9": {"1,2": -1.2908319486399324, "1,3": -1.1723276482972969, "1,4": -1.2908319486399324, "1,5": -1.1723276482972969, "2,3": 2.8067813540170112, "2,5": 1.9844652982881543, "2,6": 1.552895770825089, "2,7": 0.38096450937244636, "3,4": 1.9465423184125525, "3,7": 0.27157237053022754, "3,8": 1.562745262508307, "4,5": 2.9258977677629336, "4,8": 1.6838898551664883, "4,9": 0.26664844749912164, "5,6": 0.4103054889241666, "5,9": -1.1044341856599973, "5,10": 1.9770022329191295, "6,7": -0.0070631421965432805, "6,10": 0.8070729190477636, "6,11": 1.3248262112846294, "7,8": -0.2154577385124059, "7,11": 0.0702824913809552, "7,12": 0.5840788387474906, "8,9": -0.5015226176803339, "8,12": 2.6461702371196, "9,10": -0.7148741104965378, "9,12": -1.338449148953806, "9,13": 0.5725576026350705, "10,11": 0.6440404243335663, "10,13": 2.0774105316793627, "11,12": 1.3661164748029762, "11,13": 0.5725576026350705, "12,13": 2.0774105316793627}}, "stats": {"tried": 78, "noconv": 34, "nonemb": 34, "known": 5, "flares": 0, "closed": true}}