{"netcode": "1,2,3;1,3,4;1,4,5;1,5,2;2,5,6;2,6,7;2,7,3;3,7,8;3,8,4;4,8,9;4,9,10;4,10,5;5,10,11;5,11,6;6,11,12;6,12,7;7,12,8;8,12,9;9,12,10;10,12,11", "V": 12, "atlas": {"": {"1,2": 1.2309594173407747, "1,3": 1.2309594173407747, "1,4": 1.2309594173407747, "1,5": 1.2309594173407747, "2,3": 0.6066485610109862, "2,5": 0.18921795797854304, "2,6": 1.2201226834899213, "2,7": 0.6253345748933857, "3,4": 0.18921795797854304, "3,7": 0.6253345748933857, "3,8": 1.2201226834899213, "4,5": -0.540569284304923, "4,8": 0.014696002675932955, "4,9": 0.7472645391780001, "4,10": 0.6513087508437823, "5,6": 0.014696002675932955, "5,10": 0.6513087508437823, "5,11": 0.7472645391780001, "6,7": 1.144155264414247, "6,11": 1.8116574689127938, "6,12": 0.08577559073914247, "7,8": 1.144155264414247, "7,12": 0.27120255192028525, "8,9": 1.8116574689127938, "8,12": 0.08577559073914247, "9,10": 1.8116574689127938, "9,12": 0.7472645391780001, "10,11": 1.8116574689127938, "10,12": -0.4258459713614898, "11,12": 0.7472645391780001}, "2": {"1,2": 0.1740952554055288, "1,3": 2.796001203427874, "1,4": 0.1740952554055288, "1,5": 2.796001203427874, "2,3": -1.4229982004959505, "2,5": -1.8823194663300336, "2,6": -0.21682793101785386, "2,7": -1.0241840185840434, "3,4": 0.51114300495856, "3,7": 2.0305155621989313, "3,8": 1.5351463306286353, "4,5": 0.0857955620934943, "4,8": -0.3180608863611462, "4,9": 0.5625745545018805, "4,10": 0.12326607489368284, "5,6": 1.4761849312110915, "5,10": 1.1506008663283656, "5,11": 0.9753339320526376, "6,7": 2.4152941375206343, "6,11": 1.5118164928017188, "6,12": -0.2747460857126252, "7,8": 1.1309766299265676, "7,12": 0.5452530972953256, "8,9": 2.0935750156713, "8,12": 0.14937917866480463, "9,10": 2.0935750156713, "9,12": 0.5625745545018805, "10,11": 1.5118164928017188, "10,12": -0.29429857447692254, "11,12": 0.9753339320526376}, "3": {"1,2": 2.796001203427874, "1,3": 0.1740952554055288, "1,4": 2.796001203427874, "1,5": 0.1740952554055288, "2,3": -1.4229982004959505, "2,5": 0.51114300495856, "2,6": 1.5351463306286353, "2,7": 2.0305155621989313, "3,4": -1.8823194663300336, "3,7": -1.0241840185840434, "3,8": -0.21682793101785386, "4,5": 0.0857955620934943, "4,8": 1.4761849312110915, "4,9": 0.9753339320526376, "4,10": 1.1506008663283656, "5,6": -0.3180608863611462, "5,10": 0.12326607489368284, "5,11": 0.5625745545018805, "6,7": 1.1309766299265676, "6,11": 2.0935750156713, "6,12": 0.14937917866480463, "7,8": 2.4152941375206343, "7,12": 0.5452530972953256, "8,9": 1.5118164928017188, "8,12": -0.2747460857126252, "9,10": 1.5118164928017188, "9,12": 0.9753339320526376, "10,11": 2.0935750156713, "10,12": -0.29429857447692254, "11,12": 0.5625745545018805}, "4": {"1,2": 0.6507209960438243, "1,3": 1.9545076836013968, "1,4": 0.6507209960438243, "1,5": 1.9545076836013968, "2,3": 0.8534464612537145, "2,5": 0.7424934632100889, "2,6": 0.7978609169359688, "2,7": 0.6156083624884766, "3,4": -0.7178279328527589, "3,7": 0.6005416121411191, "3,8": 2.1102017365726167, "4,5": -1.6845287983668278, "4,8": -1.4027082669917432, "4,9": 0.2558231386785102, "4,10": -0.48260841177628133, "5,6": 0.41949723398490596, "5,10": 1.673525477952455, "5,11": 0.9334175148498428, "6,7": 1.3455685762661609, "6,11": 1.5631609987188058, "6,12": -0.02408685352197731, "7,8": 1.3542719602908109, "7,12": 0.0653555151166335, "8,9": 2.63805385907421, "8,12": 0.6493779836722174, "9,10": 2.63805385907421, "9,12": 0.2558231386785102, "10,11": 1.5631609987188058, "10,12": -0.22625858715318897, "11,12": 0.9334175148498428}, "5": {"1,2": 1.9545076836013968, "1,3": 0.6507209960438243, "1,4": 1.9545076836013968, "1,5": 0.6507209960438243, "2,3": 0.8534464612537145, "2,5": -0.7178279328527589, "2,6": 2.1102017365726167, "2,7": 0.6005416121411191, "3,4": 0.7424934632100889, "3,7": 0.6156083624884766, "3,8": 0.7978609169359688, "4,5": -1.6845287983668278, "4,8": 0.41949723398490596, "4,9": 0.9334175148498428, "4,10": 1.673525477952455, "5,6": -1.4027082669917432, "5,10": -0.48260841177628133, "5,11": 0.2558231386785102, "6,7": 1.3542719602908109, "6,11": 2.63805385907421, "6,12": 0.6493779836722174, "7,8": 1.3455685762661609, "7,12": 0.0653555151166335, "8,9": 1.5631609987188058, "8,12": -0.02408685352197731, "9,10": 1.5631609987188058, "9,12": 0.9334175148498428, "10,11": 2.63805385907421, "10,12": -0.22625858715318897, "11,12": 0.2558231386785102}, "6": {"1,2": 0.946198937641372, "1,3": 1.5473333888719885, "1,4": 0.946198937641372, "1,5": 1.5473333888719885, "2,3": 0.4213448129249535, "2,5": 1.7818603316371482, "2,6": -0.554118416043032, "2,7": 2.094568298546688, "3,4": -0.009680888677437296, "3,7": 0.795704681959669, "3,8": 1.332038433004415, "4,5": 0.05745119813469136, "4,8": 0.01167978486927053, "4,9": 0.9923580941992192, "4,10": -0.056273422158146784, "5,6": -2.075423208416129, "5,10": 1.452496388963087, "5,11": 1.9686009704057328, "6,7": -0.8557161086240336, "6,11": 0.6415436446398062, "6,12": -1.8923756590731302, "7,8": 0.7461894251407035, "7,12": 2.125986329575782, "8,9": 1.491419125972086, "8,12": 0.469549472535144, "9,10": 1.491419125972086, "9,12": 0.9923580941992192, "10,11": 0.6415436446398062, "10,12": 0.5741456687486716, "11,12": 1.9686009704057328}, "7": {"1,2": 1.2309594173407747, "1,3": 1.2309594173407747, "1,4": 1.2309594173407747, "1,5": 1.2309594173407747, "2,3": 1.940926446260448, "2,5": 0.3882824688338607, "2,6": 2.4763819915745366, "2,7": -0.9354864626555855, "3,4": 0.3882824688338607, "3,7": -0.9354864626555855, "3,8": 2.4763819915745366, "4,5": -0.4921850462431239, "4,8": -0.20580566345489779, "4,9": 0.9948365788576382, "4,10": 0.6083566765405463, "5,6": -0.20580566345489779, "5,10": 0.6083566765405463, "5,11": 0.9948365788576382, "6,7": -0.3447993256056838, "6,11": 1.4884711485759021, "6,12": 1.5670326429051664, "7,8": -0.3447993256056838, "7,12": -1.2783172223522732, "8,9": 1.4884711485759021, "8,12": 1.5670326429051664, "9,10": 1.4884711485759021, "9,12": 0.9948365788576382, "10,11": 1.4884711485759021, "10,12": -0.07346359575508124, "11,12": 0.9948365788576382}, "8": {"1,2": 1.5473333888719885, "1,3": 0.946198937641372, "1,4": 1.5473333888719885, "1,5": 0.946198937641372, "2,3": 0.4213448129249535, "2,5": -0.009680888677437296, "2,6": 1.332038433004415, "2,7": 0.795704681959669, "3,4": 1.7818603316371482, "3,7": 2.094568298546688, "3,8": -0.554118416043032, "4,5": 0.05745119813469136, "4,8": -2.075423208416129, "4,9": 1.9686009704057328, "4,10": 1.452496388963087, "5,6": 0.01167978486927053, "5,10": -0.056273422158146784, "5,11": 0.9923580941992192, "6,7": 0.7461894251407035, "6,11": 1.491419125972086, "6,12": 0.469549472535144, "7,8": -0.8557161086240336, "7,12": 2.125986329575782, "8,9": 0.6415436446398062, "8,12": -1.8923756590731302, "9,10": 0.6415436446398062, "9,12": 1.9686009704057328, "10,11": 1.491419125972086, "10,12": 0.5741456687486716, "11,12": 0.9923580941992192}, "9": {"1,2": 1.4735165209690126, "1,3": 1.0074807341993048, "1,4": 1.4735165209690126, "1,5": 1.0074807341993048, "2,3": 0.5167363292028181, "2,5": -0.0023578537811521773, "2,6": 1.3689676537655142, "2,7": 0.6979856856309024, "3,4": 0.5255078249486435, "3,7": 0.8325037324532926, "3,8": 0.819198186305173, "4,5": 0.011761114702720094, "4,8": 1.9308182302236867, "4,9": -1.9312388106198968, "4,10": 2.6050213960879645, "5,6": 0.002440890832610223, "5,10": -0.011714661681707707, "5,11": 1.0168190496627127, "6,7": 0.6884031969237966, "6,11": 1.4625620846296035, "6,12": 0.526174330934702, "7,8": 0.6034176276531534, "7,12": 0.8382978930838568, "8,9": -0.6660028962317216, "8,12": 2.0624802862842166, "9,10": -0.6660028962317216, "9,12": -1.9312388106198968, "10,11": 1.4625620846296035, "10,12": 1.7587167401376995, "11,12": 1.0168190496627127}, "10": {"1,2": 1.2309594173407747, "1,3": 1.2309594173407747, "1,4": 1.2309594173407747, "1,5": 1.2309594173407747, "2,3": 0.3892141986801371, "2,5": 0.3590199158045046, "2,6": 0.9367882973767853, "2,7": 0.8940855106125222, "3,4": 0.3590199158045046, "3,7": 0.8940855106125222,