{"netcode": "1,2,3;1,3,4;1,4,5;1,5,2;2,5,6;2,6,3;3,6,7;3,7,8;3,8,4;4,8,9;4,9,5;5,9,10;5,10,6;6,10,11;6,11,7;7,11,12;7,12,8;8,12,9;9,12,10;10,12,11", "V": 12, "atlas": {"": {"1,2": 2.1217514285544037, "1,3": 0.5453260316675719, "1,4": 2.1217514285544037, "1,5": 0.5453260316675719, "2,3": 0.5453260316675719, "2,5": 0.5453260316675719, "2,6": 2.1217514285544037, "3,4": -0.10394665396315562, "3,6": -0.3906074640026263, "3,7": 0.8050732746135543, "3,8": 0.2901976764206702, "4,5": -0.10394665396315562, "4,8": 1.3384255860784418, "4,9": 1.3384255860784418, "5,6": -0.3906074640026263, "5,9": 0.2901976764206702, "5,10": 0.8050732746135543, "6,7": 0.4699294988023325, "6,10": 0.4699294988023325, "6,11": 1.2801943991973608, "7,8": 0.9867845692513644, "7,11": 1.1825666505581696, "7,12": 0.34365493464114877, "8,9": 0.32736620933786853, "8,12": 0.9362899516939349, "9,10": 0.9867845692513644, "9,12": 0.9362899516939349, "10,11": 1.1825666505581696, "10,12": 0.34365493464114877, "11,12": 1.2801943991973608}, "4": {"1,2": 0.860783115039296, "1,3": 1.6560437745883274, "1,4": 0.860783115039296, "1,5": 1.6560437745883274, "2,3": 1.6560437745883274, "2,5": 1.6560437745883274, "2,6": 0.860783115039296, "3,4": -2.112923903949604, "3,6": 0.05948754152997449, "3,7": 1.4355554210986674, "3,8": 2.106936079026749, "4,5": -2.112923903949604, "4,8": -0.7726529316402535, "4,9": -0.7726529316402535, "5,6": 0.05948754152997449, "5,9": 2.106936079026749, "5,10": 1.4355554210986674, "6,7": -0.05611364603225658, "6,10": -0.05611364603225658, "6,11": 0.9763361694182913, "7,8": 0.6729817885468178, "7,11": 1.510608457523936, "7,12": 0.5429762408217212, "8,9": 2.0189959115761282, "8,12": 0.8141445094765394, "9,10": 0.6729817885468178, "9,12": 0.8141445094765394, "10,11": 1.510608457523936, "10,12": 0.5429762408217212, "11,12": 0.9763361694182913}, "6": {"1,2": 1.193443421690411, "1,3": 1.2689796498976766, "1,4": 1.193443421690411, "1,5": 1.2689796498976766, "2,3": 1.2689796498976766, "2,5": 1.2689796498976766, "2,6": 1.193443421690411, "3,4": 0.3975770605557827, "3,6": -1.571212976474506, "3,7": 2.333963234544232, "3,8": 0.5193062679839305, "4,5": 0.3975770605557827, "4,8": 0.89973894041508, "4,9": 0.89973894041508, "5,6": -1.571212976474506, "5,9": 0.5193062679839305, "5,10": 2.333963234544232, "6,7": -1.3086291983873801, "6,10": -1.3086291983873801, "6,11": 0.44496667559313685, "7,8": 0.9196311831238749, "7,11": 2.2918024250045703, "7,12": 0.9775775327324483, "8,9": 0.6885321847565519, "8,12": 0.6552317620287142, "9,10": 0.9196311831238749, "9,12": 0.6552317620287142, "10,11": 2.2918024250045703, "10,12": 0.9775775327324483, "11,12": 0.44496667559313685}, "11": {"1,2": 2.0807545648059516, "1,3": 0.5704870069809925, "1,4": 2.0807545648059516, "1,5": 0.5704870069809925, "2,3": 0.5704870069809925, "2,5": 0.5704870069809925, "2,6": 2.0807545648059516, "3,4": -0.0839695580853025, "3,6": -0.4196869895124942, "3,7": 0.8725804756705305, "3,8": 0.2748071065807543, "4,5": -0.0839695580853025, "4,8": 1.3172652398158493, "4,9": 1.3172652398158493, "5,6": -0.4196869895124942, "5,9": 0.2748071065807543, "5,10": 0.8725804756705305, "6,7": 2.363611627171564, "6,10": 2.363611627171564, "6,11": -1.1637674722771116, "7,8": 1.0178088335529543, "7,11": -1.2997857670229853, "7,12": 2.258338993882524, "8,9": 0.3698934272510549, "8,12": 0.8875205621532216, "9,10": 1.0178088335529543, "9,12": 0.8875205621532216, "10,11": -1.2997857670229853, "10,12": 2.258338993882524, "11,12": -1.1637674722771116}, "12": {"1,2": 1.8634061351079863, "1,3": 0.7115162666230372, "1,4": 1.8634061351079863, "1,5": 0.7115162666230372, "2,3": 0.7115162666230372, "2,5": 0.7115162666230372, "2,6": 1.8634061351079863, "3,4": 0.02371626445622546, "3,6": -0.5784431031808922, "3,7": 1.2290407416308913, "3,8": 0.2159124779012717, "4,5": 0.02371626445622546, "4,8": 1.2074452886503493, "4,9": 1.2074452886503493, "5,6": -0.5784431031808922, "5,9": 0.2159124779012717, "5,10": 1.2290407416308913, "6,7": 1.0534740076196216, "6,10": 1.0534740076196216, "6,11": 0.3257135033311931, "7,8": 2.350725650550713, "7,11": 2.506580389118522, "7,12": -1.7259117278060199, "8,9": 1.7643258707097982, "8,12": -0.6332840906593625, "9,10": 2.350725650550713, "9,12": -0.6332840906593625, "10,11": 2.506580389118522, "10,12": -1.7259117278060199, "11,12": 0.3257135033311931}}, "stats": {"tried": 60, "noconv": 31, "nonemb": 23, "known": 2, "flares": 0, "closed": true}}