{"netcode": "1,2,3;1,3,4;1,4,5;1,5,2;2,5,6;2,6,7;2,7,3;3,7,8;3,8,4;4,8,9;4,9,10;4,10,5;5,10,11;5,11,6;6,11,12;6,12,7;7,12,8;8,12,13;8,13,9;9,13,10;10,13,11;11,13,12", "V": 13, "atlas": {"": {"1,2": 1.4887745456487642, "1,3": 0.9945812885011446, "1,4": 1.4887745456487642, "1,5": 0.9945812885011446, "2,3": 0.4342460624985511, "2,5": 0.039637726569691376, "2,6": 1.2879644915138282, "2,7": 0.7831743947402955, "3,4": 0.6412373057895474, "3,7": 0.9806480177396872, "3,8": 0.6648041776008581, "4,5": -0.4788074020252272, "4,8": -0.4788074020252272, "4,9": 1.4887745456487642, "4,10": 0.6412373057895474, "5,6": 0.20267304621430116, "5,10": 0.6648041776008581, "5,11": 0.3615929607794561, "6,7": 0.4972508530633718, "6,11": 1.1480857519935108, "6,12": 0.7386744463978614, "7,8": 0.3615929607794561, "7,12": 1.1480857519935108, "8,9": 0.9945812885011446, "8,12": 0.20267304621430116, "8,13": 0.039637726569691376, "9,10": 0.9945812885011446, "9,13": 1.4887745456487642, "10,11": 0.9806480177396872, "10,13": 0.4342460624985511, "11,12": 0.4972508530633718, "11,13": 0.7831743947402955, "12,13": 1.2879644915138282}, "1": {"1,2": -0.9878716167634704, "1,3": -1.4967693794557153, "1,4": -0.9878716167634704, "1,5": -1.4967693794557153, "2,3": 2.3122502769317608, "2,5": 2.0683935233352817, "2,6": 1.0074316661080973, "2,7": 0.6343039680800182, "3,4": 2.4328738314963405, "3,7": 1.1095635301190145, "3,8": 0.9564079249407125, "4,5": 1.4791127168726494, "4,8": -0.6457881833139767, "4,9": 1.3579136250696933, "4,10": 0.4463121662969214, "5,6": 0.4301084085875147, "5,10": 0.8738862054055682, "5,11": 0.5156390480582793, "6,7": 0.6255830618192848, "6,11": 0.9759680925336365, "6,12": 0.6788283268541798, "7,8": 0.303913612533489, "7,12": 1.1146572331277789, "8,9": 1.109452070590819, "8,12": 0.27072562413946405, "8,13": 0.1574507718769481, "9,10": 1.109452070590819, "9,13": 1.3579136250696933, "10,11": 0.8572445984360737, "10,13": 0.4576150727466146, "11,12": 0.5719815367435775, "11,13": 0.7710317437903647, "12,13": 1.1768951953513132}, "2": {"1,2": 0.37412739811177054, "1,3": 2.417828188448042, "1,4": 0.37412739811177054, "1,5": 2.417828188448042, "2,3": -1.6694513887365303, "2,5": -1.8961903447884105, "2,6": -0.44947578670990834, "2,7": -0.8369410955030276, "3,4": 1.1094432960922622, "3,7": 2.4115896273017854, "3,8": 1.1166979108940032, "4,5": 0.2653602873053774, "4,8": -0.7724998303969587, "4,9": 1.2325772357940472, "4,10": 0.25906276770430614, "5,6": 1.7721200453398018, "5,10": 1.0938681631672493, "5,11": 0.7021204564236562, "6,7": 1.8987717943834672, "6,11": 0.7638068730823752, "6,12": 0.5496902554814505, "7,8": 0.36079517410987183, "7,12": 1.18679652517477, "8,9": 1.2293425237265172, "8,12": 0.27555537050498635, "8,13": 0.25545799799583363, "9,10": 1.2293425237265172, "9,13": 1.2325772357940472, "10,11": 0.7408920329075752, "10,13": 0.5078603002832356, "11,12": 0.7026962675816821, "11,13": 0.7399665497221812, "12,13": 1.0976708056066384}, "4": {"1,2": 0.6197508092670663, "1,3": 2.0024268341746674, "1,4": 0.6197508092670663, "1,5": 2.0024268341746674, "2,3": 0.7931780429630599, "2,5": 0.8511508778329372, "2,6": 0.6499236148438873, "2,7": 0.7455761195217205, "3,4": -0.7367522568211127, "3,7": 0.6710738368812289, "3,8": 2.0779642502360756, "4,5": -2.1630615794756007, "4,8": -2.1630615794756007, "4,9": 0.6197508092670663, "4,10": -0.7367522568211127, "5,6": 0.8260847704722989, "5,10": 2.0779642502360756, "5,11": 0.8123971550906971, "6,7": 0.7669548945254707, "6,11": 0.657637626062773, "6,12": 0.7547174027037414, "7,8": 0.8123971550906971, "7,12": 0.657637626062773, "8,9": 2.0024268341746674, "8,12": 0.8260847704722989, "8,13": 0.8511508778329372, "9,10": 2.0024268341746674, "9,13": 0.6197508092670663, "10,11": 0.6710738368812289, "10,13": 0.7931780429630599, "11,12": 0.7669548945254707, "11,13": 0.7455761195217205, "12,13": 0.6499236148438873}, "5": {"1,2": 2.054704676267957, "1,3": 0.5866919874422056, "1,4": 2.054704676267957, "1,5": 0.5866919874422056, "2,3": 0.707864302175619, "2,5": -0.7375839548148526, "2,6": 2.024580923266488, "2,7": 0.7565350138363585, "3,4": 1.0526556830339946, "3,7": 0.9812700771456183, "3,8": 0.40444912324751897, "4,5": -1.3411541381306127, "4,8": -0.3057454891723398, "4,9": 1.659411461789361, "4,10": 1.2818813880239182, "5,6": -0.5660260835163614, "5,10": 0.016644712361148492, "5,11": -0.27461836961998787, "6,7": 0.5280686524660834, "6,11": 1.8367480659142579, "6,12": 0.8412820109580146, "7,8": 0.3753221299588069, "7,12": 1.1153409770996416, "8,9": 0.8582223619725646, "8,12": 0.19108841952744401, "8,13": -0.07515781760971216, "9,10": 0.8582223619725646, "9,13": 1.659411461789361, "10,11": 1.5669660307143163, "10,13": 0.361023261021409, "11,12": 0.3953360255561387, "11,13": 0.8610078725429692, "12,13": 1.3725582853631622}, "6": {"1,2": 1.140450094638817, "1,3": 1.3244585928718722, "1,4": 1.140450094638817, "1,5": 1.3244585928718722, "2,3": 0.11105663114256363, "2,5": 1.4342185716738403, "2,6": -0.20645571414565278, "2,7": 2.0137626384555505, "3,4": 0.5754980093542514, "3,7": 1.2843775896755665, "3,8": 0.6448225840582884, "4,5": -0.19954600077320891, "4,8": -0.4938963893479982, "4,9": 1.3808851098348223, "4,10": 0.3567300113017305, "5,6": -1.3290039303719265, "5,10": 1.035022321844737, "5,11": 1.800831081683239, "6,7": -1.1154213670094963, "6,11": -0.43451337601080287, "6,12": -0.8038770476688026, "7,8": 0.4747268388212672, "7,12": 2.55640661323916, "8,9": 1.0885680107661306, "8,12": 0.17355823025154546, "8,13": 0.043008143713319555, "9,10": 1.0885680107661306, "9,13": 1.3808851098348223, "10,11": 0.6841511703175598, "10,13": 0.5928578928288378, "11,12": 1.8375254712331852, "11,13": 0.6220822008966148, "12,13": 1.3640089460756797}, "7": {"1,2": 1.4985926093830002, "1,3": 0.9863461722512957, "1,4": 1.4985926093830002, "1,5": 0.9863461722512957, "2,3": 1.7756774283455412, "2,5": -0.0271843183628693, "2,6": 2.6527158344403667, "2,7": -0.6986366827973339, "3,4": 0.3885163114038918, "3,7": -0.5648939779537149, "3,8": 2.1316232286699344, "4,5": -0.47563993086561723, "4,8": -0.25195070328001906, "4,9": 1.3206893608062011, "4,10": 0.5454293671620302, "5,6": 0.3254869283294556, "5,10": 0.7224680890472229, "5,11": 0.2326778095110823, "6,7": -1.0644122782081937, "6,11": 1.4057065976041303, "6,12": 1.9492075425498858, "7,8": -1.1425554990560527, "7,12": -0.3145945814457989, "8,9": 1.143986826761077, "8,12": 1.5690361523139589, "8,13": 0.3109024928886839, "9,10": 1.143986826761077, "9,13": 1.3206893608062011, "10,11": 1.0404761585272126, "10,13": 0.32755788492095655, "11,12": 0.30689860289024173, "11,13": 0.9423723716742475, "12,13": 0.9651561875648538}, "8": {"1,2": 1.659411461789361, "1,3": 0.8582223619725646, "1,4": 1.659411461789361, "1,5": 0.8582223619725646, "2,3": 0.361023261021409, "2,5": -0.07515781760971216, "2,6": 1.3725582853631622, "2,7": 0.8610078725429692, "3,4": 1.2818813880239182, "3,7": 1.5669660307143163, "3,8": 0.016644712361148492, "4,5": -0.3057454891723398, "4,8": -1.3411541381306127, "4,9": 2.054704676267957, "4,10": 1.0526556830339946, "5,6": 0.19108841952744401, "5,10": 0.40444912324751897, "5,11": 0.3753221299588069, "6,7": 0.3953360255561387, "6,11": 1.1153409770996416, "6,12": 0.8412820109580146, "7,8": -0.27461836961998787, "7,12": 1.8367480659142579, "8,9": 0.5866919874422056, "8,12": -0.5660260835163614, "8,13": -0.7375839548148526, "9,10": 0.5866919874422056, "9,13": 2.054704676267957, "10,11": 0.9812700771456183, "10,13": 0.707864302175619, "11,12": 0.5280686524660834, "11,13": 0.7565350138363585, "12,13": 2.024580923266488}, "9": {"1,2": 1.3579136250696933, "1,3": 1.109452070590819, "1,4": 1.3579136250696933, "1,5": 1.109452070590819, "2,3": 0.4576150727466146, "2,5": 0.1574507718769481, "2,6": 1.1768951953513132, "2,7": 0.7710317437903647, "3,4": 0.4463121662969214, "3,7": 0.8572445984360737, "3,8": 0.8738862054055682, "4,5": -0.6457881833139767, "4,8": 1.4791127168726494, "4,9": -0.9878716167634704, "4,10": 2.4328738314963405,