{"netcode": "1,2,3;1,3,4;1,4,5;1,5,2;2,5,6;2,6,3;3,6,7;3,7,4;4,7,8;4,8,9;4,9,5;5,9,10;5,10,6;6,10,8;8,10,9;6,8,7", "V": 10, "atlas": {"": {"1,2": 1.2309594173407747, "1,3": 1.2309594173407747, "1,4": 1.2309594173407747, "1,5": 1.2309594173407747, "2,3": 1.2309594173407747, "2,5": 1.2309594173407747, "2,6": 1.2309594173407747, "3,4": 0.0, "3,6": 0.0, "3,7": 1.9106332362490186, "4,5": -0.6796738189082439, "4,7": 0.6796738189082439, "4,8": 0.0, "4,9": 1.2309594173407747, "5,6": -0.6796738189082439, "5,9": 1.2309594173407747, "5,10": 1.2309594173407747, "6,7": 0.6796738189082439, "6,8": 0.0, "6,10": 1.2309594173407747, "7,8": 1.9106332362490186, "8,9": 1.2309594173407747, "8,10": 1.2309594173407747, "9,10": 1.2309594173407747}}, "stats": {"tried": 10, "noconv": 5, "nonemb": 5, "known": 0, "flares": 0, "closed": true}}