{"netcode": "1,2,3;1,3,4;1,4,5;1,5,2;2,5,6;2,6,7;2,7,3;3,7,8;3,8,4;4,8,9;4,9,10;4,10,5;5,10,11;5,11,6;6,11,7;7,11,9;9,11,10;7,9,8", "V": 11, "atlas": {"": {"1,2": 1.2309594173407747, "1,3": 1.2309594173407747, "1,4": 1.2309594173407747, "1,5": 1.2309594173407747, "2,3": 1.2309594173407747, "2,5": 0.0, "2,6": 1.9106332362490186, "2,7": 0.0, "3,4": 0.0, "3,7": 0.0, "3,8": 1.9106332362490186, "4,5": -0.6796738189082439, "4,8": 0.6796738189082439, "4,9": 0.0, "4,10": 1.2309594173407747, "5,6": 0.6796738189082439, "5,10": 1.2309594173407747, "5,11": 0.0, "6,7": 0.6796738189082439, "6,11": 1.9106332362490186, "7,8": 0.6796738189082439, "7,9": 0.0, "7,11": 0.0, "8,9": 1.9106332362490186, "9,10": 1.2309594173407747, "9,11": 1.2309594173407747, "10,11": 1.2309594173407747}, "7": {"1,2": 1.2309594173407747, "1,3": 1.2309594173407747, "1,4": 1.2309594173407747, "1,5": 1.2309594173407747, "2,3": 1.8214122073518009, "2,5": 0.25061588055690415, "2,6": 2.411864997362827, "2,7": -0.7297276562269663, "3,4": 0.25061588055690415, "3,7": -0.7297276562269663, "3,8": 2.411864997362827, "4,5": -0.8034845184549281, "4,8": 0.3774210615671241, "4,9": 0.25061588055690415, "4,10": 1.2309594173407747, "5,6": 0.3774210615671241, "5,10": 1.2309594173407747, "5,11": 0.25061588055690415, "6,7": 0.3774210615671241, "6,11": 2.411864997362827, "7,8": 0.3774210615671241, "7,9": -0.7297276562269663, "7,11": -0.7297276562269663, "8,9": 2.411864997362827, "9,10": 1.2309594173407747, "9,11": 1.8214122073518009, "10,11": 1.2309594173407747}}, "stats": {"tried": 22, "noconv": 6, "nonemb": 14, "known": 1, "flares": 0, "closed": true}}