{"netcode": "1,2,3;1,3,4;1,4,5;1,5,2;2,5,6;2,6,3;3,6,7;3,7,8;3,8,4;4,8,9;4,9,5;5,9,10;5,10,6;6,10,11;6,11,7;7,11,12;7,12,8;8,12,9;9,12,13;9,13,10;10,13,11;11,13,12", "V": 13, "atlas": {"": {"1,2": 1.9465012679350535, "1,3": 0.6559608495880579, "1,4": 1.9465012679350535, "1,5": 0.6559608495880579, "2,3": 0.6559608495880579, "2,5": 0.6559608495880579, "2,6": 1.9465012679350535, "3,4": -0.23923187320825087, "3,6": -0.4173779403676775, "3,7": 0.807865086806916, "3,8": 0.5062871010621973, "4,5": 0.22051881771484438, "4,8": 1.4820858455183046, "4,9": 1.0342717822834773, "5,6": -0.5435257118128671, "5,9": -0.013913502996440548, "5,10": 1.3480112057844251, "6,7": 0.629677372751731, "6,10": 0.7073819103703132, "6,11": 0.8404864883643596, "7,8": 0.7086184765897713, "7,11": 0.8178880141835945, "7,12": 0.692111457069465, "8,9": -0.0040210565221646625, "8,12": 1.365402510480283, "9,10": 0.013982280736533292, "9,12": 0.004139894600822296, "9,13": 1.0162437625125662, "10,11": 0.5075920519737742, "10,13": 1.4632347296206398, "11,12": 0.5225258722362498, "11,13": 1.0162437625125662, "12,13": 1.4632347296206398}, "6": {"1,2": 1.2038811458872245, "1,3": 1.2582994152524143, "1,4": 1.2038811458872245, "1,5": 1.2582994152524143, "2,3": 1.2582994152524143, "2,5": 1.2582994152524143, "2,6": 1.2038811458872245, "3,4": 0.16211990266212067, "3,6": -1.3885264229841687, "3,7": 2.0961136245912737, "3,8": 0.6202577018802183, "4,5": 0.703959987790105, "4,8": 1.308034838858836, "4,9": 0.5239913391925954, "5,6": -1.7507493048892138, "5,9": 0.36531559944772296, "5,10": 2.628184513193994, "6,7": -0.7004372061613281, "6,10": -0.3973284382451041, "6,11": -0.36524889078782546, "7,8": 0.5988765847467757, "7,11": 1.9454018404965259, "7,12": 0.8444559603130392, "8,9": 0.10087109289425521, "8,12": 1.320394792981545, "9,10": -0.30153554645162095, "9,12": -0.016923234583467343, "9,13": 0.9118816047141739, "10,11": 1.6322877683079837, "10,13": 1.590175135660445, "11,12": 0.3742967153179943, "11,13": 0.9118816047141739, "12,13": 1.590175135660445}, "9": {"1,2": 1.6913968117176226, "1,3": 0.8341419728990521, "1,4": 1.6913968117176226, "1,5": 0.8341419728990521, "2,3": 0.8341419728990521, "2,5": 0.8341419728990521, "2,6": 1.6913968117176226, "3,4": -0.4534047717915887, "3,6": -0.41821628945572686, "3,7": 0.8076647156522665, "3,8": 0.8607225885497312, "4,5": 0.9648140645874468, "4,8": 2.0475953361723986, "4,9": 0.3575304343849476, "5,6": -0.4822557956391474, "5,9": -0.7624234012372899, "5,10": 2.258098019958838, "6,7": 0.6616088881467934, "6,10": 0.7060344919069778, "6,11": 0.5959659280248509, "7,8": 0.6744275488876422, "7,11": 0.7649030480846502, "7,12": 0.7444861955065047, "8,9": -0.8443752295615997, "8,12": 2.1654036861055057, "9,10": -0.9882307974458596, "9,12": -0.9044018353896184, "9,13": 0.5528233585786991, "10,11": 0.9329586927233664, "10,13": 2.1094656524921787, "11,12": 0.8316515447895987, "11,13": 0.5528233585786991, "12,13": 2.1094656524921787}}, "stats": {"tried": 39, "noconv": 17, "nonemb": 18, "known": 2, "flares": 0, "closed": true}}