{"netcode": "1,2,3;1,3,4;1,4,5;1,5,2;2,5,6;2,6,3;3,6,7;3,7,4;4,7,8;4,8,9;4,9,5;5,9,10;5,10,6;6,10,11;6,11,7;7,11,12;7,12,8;8,12,13;8,13,9;9,13,11;11,13,12;9,11,10", "V": 13, "atlas": {"": {"1,2": 1.4566558506650693, "1,3": 1.0218810444753619, "1,4": 1.4566558506650693, "1,5": 1.0218810444753619, "2,3": 1.0218810444753619, "2,5": 1.0218810444753619, "2,6": 1.4566558506650693, "3,4": 0.23030942999915735, "3,6": 0.23030942999915735, "3,7": 1.4738621072715443, "4,5": -0.1883943020635179, "4,7": -0.20754126121460437, "4,8": 1.4738621072715443, "4,9": 0.21446477548911674, "5,6": -0.8242689288115598, "5,9": 0.6266706625070869, "5,10": 1.451809415832129, "6,7": 0.21446477548911674, "6,10": 1.0260490375064701, "6,11": 0.6266706625070869, "7,8": 0.23030942999915735, "7,11": -0.1883943020635179, "7,12": 1.4566558506650693, "8,9": 0.23030942999915735, "8,12": 1.0218810444753619, "8,13": 1.0218810444753619, "9,10": 1.0260490375064701, "9,11": -0.8242689288115598, "9,13": 1.4566558506650693, "10,11": 1.451809415832129, "11,12": 1.0218810444753619, "11,13": 1.0218810444753619, "12,13": 1.4566558506650693}}, "stats": {"tried": 13, "noconv": 4, "nonemb": 9, "known": 0, "flares": 0, "closed": true}}