{"netcode": "1,2,3;1,3,4;1,4,5;1,5,2;2,5,6;2,6,7;2,7,3;3,7,8;3,8,4;4,8,9;4,9,5;5,9,10;5,10,6;6,10,7;7,10,8;8,10,9", "V": 10, "atlas": {"": {"1,2": 1.6448951741175035, "1,3": 0.8692955313991235, "1,4": 1.6448951741175035, "1,5": 0.8692955313991235, "2,3": 0.6209759040404541, "2,5": -0.23638910469762012, "2,6": 1.6448951741175035, "2,7": 0.6209759040404541, "3,4": 0.6209759040404541, "3,7": 0.77559964271838, "3,8": 0.77559964271838, "4,5": -0.23638910469762012, "4,8": 0.6209759040404541, "4,9": 1.6448951741175035, "5,6": 0.8692955313991235, "5,9": 0.8692955313991235, "5,10": -0.23638910469762012, "6,7": 0.8692955313991235, "6,10": 1.6448951741175035, "7,8": 0.77559964271838, "7,10": 0.6209759040404541, "8,9": 0.8692955313991235, "8,10": 0.6209759040404541, "9,10": 1.6448951741175035}}, "stats": {"tried": 10, "noconv": 0, "nonemb": 10, "known": 0, "flares": 0, "closed": true}}