{"netcode": "1,2,3;1,3,4;1,4,5;1,5,2;2,5,6;2,6,3;3,6,7;3,7,4;4,7,8;4,8,9;4,9,5;5,9,6;6,9,10;6,10,7;7,10,8;8,10,9", "V": 10, "atlas": {"": {"1,2": 1.2309594173407747, "1,3": 1.2309594173407747, "1,4": 1.2309594173407747, "1,5": 1.2309594173407747, "2,3": 1.2309594173407747, "2,5": 1.2309594173407747, "2,6": 1.2309594173407747, "3,4": 0.0, "3,6": 0.0, "3,7": 1.9106332362490186, "4,5": 0.0, "4,7": 0.0, "4,8": 1.2309594173407747, "4,9": 0.0, "5,6": 0.0, "5,9": 1.9106332362490186, "6,7": 0.0, "6,9": 0.0, "6,10": 1.2309594173407747, "7,8": 1.2309594173407747, "7,10": 1.2309594173407747, "8,9": 1.2309594173407747, "8,10": 1.2309594173407747, "9,10": 1.2309594173407747}}, "stats": {"tried": 10, "noconv": 6, "nonemb": 4, "known": 0, "flares": 0, "closed": true}}