{"netcode": "1,2,3;1,3,4;1,4,5;1,5,2;2,5,6;2,6,7;2,7,3;3,7,8;3,8,4;4,8,9;4,9,5;5,9,10;5,10,6;6,10,11;6,11,7;7,11,12;7,12,8;8,12,9;9,12,11;9,11,10", "V": 12, "atlas": {"": {"1,2": 1.3516927980552351, "1,3": 1.1151631259981984, "1,4": 1.3516927980552351, "1,5": 1.1151631259981984, "2,3": 0.9187322210807184, "2,5": -0.07314337863388978, "2,6": 1.7022989857997393, "2,7": 0.30540604675814004, "3,4": 0.16397817830240416, "3,7": 0.3161205664766803, "3,8": 1.4607122843881553, "4,5": 0.45770904732921797, "4,8": 1.1701225430799416, "4,9": 0.7720031405050778, "5,6": 0.1745930373619391, "5,9": -0.42137362768399267, "5,10": 1.4206369362154734, "6,7": 0.04072738638238079, "6,10": 1.0531711152780714, "6,11": 1.2060305584496482, "7,8": -0.23893031184257735, "7,11": 0.045102252187363294, "7,12": 0.5782490558688167, "8,9": 0.08953121734932318, "8,12": 2.068242161691199, "9,10": 1.0531711152780714, "9,11": -0.19736470823182228, "9,12": 0.5782490558688167, "10,11": 1.4206369362154734, "11,12": 2.068242161691199}, "1": {"1,2": -1.0337510060951547, "1,3": -1.4428932445934168, "1,4": -1.0337510060951547, "1,5": -1.4428932445934168, "2,3": 2.79806750641933, "2,5": 1.9024853495475598, "2,6": 1.5705768715716388, "2,7": 0.1502188934162621, "3,4": 2.035618579102489, "3,7": 0.5269947618151346, "3,8": 1.537126446635023, "4,5": 2.4180222259648163, "4,8": 1.1319484966530033, "4,9": 0.5515179839613058, "5,6": 0.2511612797743412, "5,9": -0.28026254829285085, "5,10": 1.5081309885617087, "6,7": 0.10592539865766053, "6,10": 0.9783939383286239, "6,11": 1.1563688421955178, "7,8": -0.3205172249842634, "7,11": 0.11669005744584268, "7,12": 0.5609112241579449, "8,9": 0.14921419569257544, "8,12": 2.0962785013216045, "9,10": 0.9783939383286239, "9,11": -0.2908743167106452, "9,12": 0.5609112241579449, "10,11": 1.5081309885617087, "11,12": 2.0962785013216045}, "7": {"1,2": 1.3509156455704792, "1,3": 1.115878275373154, "1,4": 1.3509156455704792, "1,5": 1.115878275373154, "2,3": 1.3044967998283274, "2,5": -0.12060940613323598, "2,6": 2.1007796255338427, "2,7": -0.06670956888160441, "3,4": 0.11550562528168262, "3,7": -0.06736278543050314, "3,8": 1.8659377567717534, "4,5": 0.526658209800996, "4,8": 1.2538121854546223, "4,9": 0.6946976056940463, "5,6": 0.25322274836642705, "5,9": -0.47223111990037453, "5,10": 1.4139310177393785, "6,7": -0.41737491045382935, "6,10": 1.0590777699539131, "6,11": 1.6337316674739466, "7,8": -0.8137561834090699, "7,11": -0.4584477630593287, "7,12": 0.35031097899939995, "8,9": 0.2831658634315739, "8,12": 2.4612352673879223, "9,10": 1.0590777699539131, "9,11": -0.07655830751392781, "9,12": 0.35031097899939995, "10,11": 1.4139310177393785, "11,12": 2.4612352673879223}, "9": {"1,2": 1.21282831842236, "1,3": 1.2492074888566806, "1,4": 1.21282831842236, "1,5": 1.2492074888566806, "2,3": 0.9550211547634672, "2,5": 0.05563983173718461, "2,6": 1.6035476430810731, "2,7": 0.26948695818554924, "3,4": 0.01934038767674065, "3,7": 0.26812170093097487, "3,8": 1.6405489066315824, "4,5": 1.1817448765936451, "4,8": 1.8427970854064084, "4,9": 0.04901752573438124, "5,6": 0.5991709626275712, "5,9": -1.2276191008690638, "5,10": 1.9840530260250453, "6,7": -0.1823141703950069, "6,10": 0.6315479478196037, "6,11": 1.5847773912278023, "7,8": -0.06264537395618619, "7,11": 0.38497060778994285, "7,12": 0.15306156066213925, "8,9": -0.8519586658876728, "8,12": 2.837241767558939, "9,10": 0.6315479478196037, "9,11": -1.3272897561284387, "9,12": 0.15306156066213925, "10,11": 1.9840530260250453, "11,12": 2.837241767558939}}, "stats": {"tried": 48, "noconv": 16, "nonemb": 26, "known": 3, "flares": 0, "closed": true}}