{"netcode": "1,2,3;1,3,4;1,4,5;1,5,2;2,5,6;2,6,7;2,7,3;3,7,8;3,8,4;4,8,9;4,9,10;4,10,5;5,10,11;5,11,6;6,11,12;6,12,8;8,12,9;9,12,11;9,11,10;6,8,7", "V": 12, "atlas": {"": {"1,2": 1.2309594173407747, "1,3": 1.2309594173407747, "1,4": 1.2309594173407747, "1,5": 1.2309594173407747, "2,3": 0.18376186614417694, "2,5": 0.6154797086703874, "2,6": 0.6154797086703874, "2,7": 1.2309594173407747, "3,4": 0.6154797086703874, "3,7": 1.2309594173407747, "3,8": 0.6154797086703874, "4,5": -0.8634356850524207, "4,8": 0.0, "4,9": 0.6154797086703874, "4,10": 1.2309594173407747, "5,6": 0.0, "5,10": 1.2309594173407747, "5,11": 0.6154797086703874, "6,7": 1.2309594173407747, "6,8": -0.8634356850524207, "6,11": 0.6154797086703874, "6,12": 1.2309594173407747, "7,8": 1.2309594173407747, "8,9": 0.6154797086703874, "8,12": 1.2309594173407747, "9,10": 1.2309594173407747, "9,11": 0.18376186614417694, "9,12": 1.2309594173407747, "10,11": 1.2309594173407747, "11,12": 1.2309594173407747}}, "stats": {"tried": 12, "noconv": 0, "nonemb": 12, "known": 0, "flares": 0, "closed": true}}