{"netcode": "1,2,3;1,3,4;1,4,5;1,5,2;2,5,6;2,6,3;3,6,7;3,7,8;3,8,4;4,8,9;4,9,10;4,10,5;5,10,11;5,11,6;6,11,12;6,12,7;7,12,8;8,12,9;9,12,10;10,12,11", "V": 12, "atlas": {"": {"1,2": 1.6795386146890854, "1,3": 0.8430191326323687, "1,4": 1.6795386146890854, "1,5": 0.8430191326323687, "2,3": 0.8430191326323687, "2,5": 0.8430191326323687, "2,6": 1.6795386146890854, "3,4": -0.37012550539252553, "3,6": -0.5058976083009531, "3,7": 0.9455674736475546, "3,8": 0.7420105625595944, "4,5": -0.37012550539252553, "4,8": 0.49405450811887874, "4,9": 0.8338671912392915, "4,10": 0.49405450811887874, "5,6": -0.5058976083009531, "5,10": 0.7420105625595944, "5,11": 0.9455674736475546, "6,7": 1.548111792144362, "6,11": 1.548111792144362, "6,12": -0.32784624801279294, "7,8": 1.548111792144362, "7,12": 0.9455674736475546, "8,9": 1.6917651203630348, "8,12": -0.20301282662618098, "9,10": 1.6917651203630348, "9,12": 0.8338671912392915, "10,11": 1.548111792144362, "10,12": -0.20301282662618098, "11,12": 0.9455674736475546}, "9": {"1,2": 1.8368763740210567, "1,3": 0.7297276562269663, "1,4": 1.8368763740210567, "1,5": 0.7297276562269663, "2,3": 0.7297276562269663, "2,5": 0.7297276562269663, "2,6": 1.8368763740210567, "3,4": 0.0, "3,6": -0.590452790011026, "3,7": 1.2309594173407747, "3,8": 0.25061588055690415, "4,5": 0.0, "4,8": 2.411864997362827, "4,9": -1.8368763740210567, "4,10": 2.411864997362827, "5,6": -0.590452790011026, "5,10": 0.25061588055690415, "5,11": 1.2309594173407747, "6,7": 1.2309594173407747, "6,11": 1.2309594173407747, "6,12": 0.12381069954668418, "7,8": 1.2309594173407747, "7,12": 1.2309594173407747, "8,9": -0.7297276562269663, "8,12": 1.8214122073518009, "9,10": -0.7297276562269663, "9,12": -1.8368763740210567, "10,11": 1.2309594173407747, "10,12": 1.8214122073518009, "11,12": 1.2309594173407747}, "12": {"1,2": 1.8151998392606101, "1,3": 0.7447876923184902, "1,4": 1.8151998392606101, "1,5": 0.7447876923184902, "2,3": 0.7447876923184902, "2,5": 0.7447876923184902, "2,6": 1.8151998392606101, "3,4": -0.5495138396535911, "3,6": -0.15225011153104184, "3,7": 0.4287083042122511, "3,8": 1.0723346879779836, "4,5": -0.5495138396535911, "4,8": 0.9632486749147229, "4,9": 0.38123991504064153, "4,10": 0.9632486749147229, "5,6": -0.15225011153104184, "5,10": 1.0723346879779836, "5,11": 0.4287083042122511, "6,7": 2.320304233893248, "6,11": 2.320304233893248, "6,12": -1.5002826326076375, "7,8": 2.320304233893248, "7,12": 0.4287083042122511, "8,9": 2.404963234770468, "8,12": -1.4641506521275243, "9,10": 2.404963234770468, "9,12": 0.38123991504064153, "10,11": 2.320304233893248, "10,12": -1.4641506521275243, "11,12": 0.4287083042122511}}, "stats": {"tried": 36, "noconv": 16, "nonemb": 16, "known": 2, "flares": 0, "closed": true}}