{"netcode": "1,2,3;1,3,4;1,4,5;1,5,2;2,5,6;2,6,7;2,7,3;3,7,8;3,8,4;4,8,9;4,9,5;5,9,10;5,10,6;6,10,11;6,11,7;7,11,8;8,11,9;9,11,10", "V": 11, "atlas": {"": {"1,2": 1.4697524447094363, "1,3": 1.010682160097903, "1,4": 1.4697524447094363, "1,5": 1.010682160097903, "2,3": 0.5188811122719568, "2,5": 0.0, "2,6": 1.3676949535151792, "2,7": 0.6958038252095329, "3,4": 0.5188811122719568, "3,7": 0.8270625261558019, "3,8": 0.8270625261558019, "4,5": 0.0, "4,8": 0.6958038252095329, "4,9": 1.3676949535151792, "5,6": 0.0, "5,9": 0.0, "5,10": 1.010682160097903, "6,7": 0.6958038252095329, "6,10": 1.4697524447094363, "6,11": 0.5188811122719568, "7,8": 0.6130815023997718, "7,11": 0.8270625261558019, "8,9": 0.6958038252095329, "8,11": 0.8270625261558019, "9,10": 1.4697524447094363, "9,11": 0.5188811122719568, "10,11": 1.010682160097903}, "5": {"1,2": 2.140220196181771, "1,3": 0.5341226367698841, "1,4": 2.140220196181771, "1,5": 0.5341226367698841, "2,3": 0.896295892572196, "2,5": -1.001372457408022, "2,6": 2.2354507327823963, "2,7": 0.7515263847520018, "3,4": 0.896295892572196, "3,7": 0.6754371030315226, "3,8": 0.6754371030315226, "4,5": -1.001372457408022, "4,8": 0.7515263847520018, "4,9": 2.2354507327823963, "5,6": -1.001372457408022, "5,9": -1.001372457408022, "5,10": 0.5341226367698841, "6,7": 0.7515263847520018, "6,10": 2.140220196181771, "6,11": 0.896295892572196, "7,8": 0.7980795692459923, "7,11": 0.6754371030315226, "8,9": 0.7515263847520018, "8,11": 0.6754371030315226, "9,10": 2.140220196181771, "9,11": 0.896295892572196, "10,11": 0.5341226367698841}}, "stats": {"tried": 22, "noconv": 6, "nonemb": 14, "known": 1, "flares": 0, "closed": true}}