{"netcode": "1,2,3;1,3,4;1,4,5;1,5,2;2,5,6;2,6,3;3,6,7;3,7,8;3,8,4;4,8,9;4,9,5;5,9,10;5,10,6;6,10,7;7,10,11;7,11,8;8,11,9;9,11,10", "V": 11, "atlas": {"": {"1,2": 2.342078658278344, "1,3": 0.41638470942758055, "1,4": 2.342078658278344, "1,5": 0.41638470942758055, "2,3": 0.41638470942758055, "2,5": 0.41638470942758055, "2,6": 2.342078658278344, "3,4": -0.2104729704063005, "3,6": -0.2104729704063005, "3,7": 0.41638470942758055, "3,8": 0.41638470942758055, "4,5": -0.2104729704063005, "4,8": 1.454464337067083, "4,9": 1.454464337067083, "5,6": -0.2104729704063005, "5,9": 0.41638470942758055, "5,10": 0.41638470942758055, "6,7": 1.454464337067083, "6,10": 1.454464337067083, "7,8": 0.8047637359198114, "7,10": 0.08800304232972317, "7,11": 1.2309594173407747, "8,9": 0.08800304232972317, "8,11": 1.2309594173407747, "9,10": 0.8047637359198114, "9,11": 1.2309594173407747, "10,11": 1.2309594173407747}, "11": {"1,2": 2.342078658278344, "1,3": 0.41638470942758055, "1,4": 2.342078658278344, "1,5": 0.41638470942758055, "2,3": 0.41638470942758055, "2,5": 0.41638470942758055, "2,6": 2.342078658278344, "3,4": -0.2104729704063005, "3,6": -0.2104729704063005, "3,7": 0.41638470942758055, "3,8": 0.41638470942758055, "4,5": -0.2104729704063005, "4,8": 1.454464337067083, "4,9": 1.454464337067083, "5,6": -0.2104729704063005, "5,9": 0.41638470942758055, "5,10": 0.41638470942758055, "6,7": 1.454464337067083, "6,10": 1.454464337067083, "7,8": 2.71539697216883, "7,10": 1.9986362785787415, "7,11": -1.2309594173407747, "8,9": 1.9986362785787415, "8,11": -1.2309594173407747, "9,10": 2.71539697216883, "9,11": -1.2309594173407747, "10,11": -1.2309594173407747}}, "stats": {"tried": 22, "noconv": 4, "nonemb": 16, "known": 1, "flares": 0, "closed": true}}