{"netcode": "1,2,3;1,3,4;1,4,5;1,5,2;2,5,6;2,6,3;3,6,7;3,7,8;3,8,4;4,8,9;4,9,10;4,10,5;5,10,11;5,11,6;6,11,12;6,12,7;7,12,8;8,12,13;8,13,9;9,13,10;10,13,12;10,12,11", "V": 13, "atlas": {"": {"1,2": 1.8368763740210567, "1,3": 0.7297276562269663, "1,4": 1.8368763740210567, "1,5": 0.7297276562269663, "2,3": 0.7297276562269663, "2,5": 0.7297276562269663, "2,6": 1.8368763740210567, "3,4": 0.0, "3,6": -0.590452790011026, "3,7": 1.2309594173407747, "3,8": 0.25061588055690415, "4,5": 0.0, "4,8": 0.0, "4,9": 1.8368763740210567, "4,10": 0.0, "5,6": -0.590452790011026, "5,10": 0.25061588055690415, "5,11": 1.2309594173407747, "6,7": 1.2309594173407747, "6,11": 1.2309594173407747, "6,12": 0.12381069954668418, "7,8": 1.2309594173407747, "7,12": 1.2309594173407747, "8,9": 0.7297276562269663, "8,12": -0.590452790011026, "8,13": 0.7297276562269663, "9,10": 0.7297276562269663, "9,13": 1.8368763740210567, "10,11": 1.2309594173407747, "10,12": -0.590452790011026, "10,13": 0.7297276562269663, "11,12": 1.2309594173407747, "12,13": 1.8368763740210567}, "6": {"1,2": 1.063131191182696, "1,3": 1.4093460542344383, "1,4": 1.063131191182696, "1,5": 1.4093460542344383, "2,3": 1.4093460542344383, "2,5": 1.4093460542344383, "2,6": 1.063131191182696, "3,4": 0.5574070800336925, "3,6": -2.1380428819297603, "3,7": 2.499945734307999, "3,8": 0.8843659815988333, "4,5": 0.5574070800336925, "4,8": -0.43542481290990037, "4,9": 2.0276028309634393, "4,10": -0.43542481290990037, "5,6": -2.1380428819297603, "5,10": 0.8843659815988333, "5,11": 2.499945734307999, "6,7": 0.32929531599453715, "6,11": 0.32929531599453715, "6,12": -1.78640760408145, "7,8": 0.32929531599453715, "7,12": 2.499945734307999, "8,9": 0.6037385016696121, "8,12": -0.11823136518497614, "8,13": 0.6037385016696121, "9,10": 0.6037385016696121, "9,13": 2.0276028309634393, "10,11": 0.32929531599453715, "10,12": -0.11823136518497614, "10,13": 0.6037385016696121, "11,12": 2.499945734307999, "12,13": 2.0276028309634393}, "12": {"1,2": 2.0276028309634393, "1,3": 0.6037385016696121, "1,4": 2.0276028309634393, "1,5": 0.6037385016696121, "2,3": 0.6037385016696121, "2,5": 0.6037385016696121, "2,6": 2.0276028309634393, "3,4": -0.43542481290990037, "3,6": -0.11823136518497614, "3,7": 0.32929531599453715, "3,8": 0.8843659815988333, "4,5": -0.43542481290990037, "4,8": 0.5574070800336925, "4,9": 1.063131191182696, "4,10": 0.5574070800336925, "5,6": -0.11823136518497614, "5,10": 0.8843659815988333, "5,11": 0.32929531599453715, "6,7": 2.499945734307999, "6,11": 2.499945734307999, "6,12": -1.78640760408145, "7,8": 2.499945734307999, "7,12": 0.32929531599453715, "8,9": 1.4093460542344383, "8,12": -2.1380428819297603, "8,13": 1.4093460542344383, "9,10": 1.4093460542344383, "9,13": 1.063131191182696, "10,11": 2.499945734307999, "10,12": -2.1380428819297603, "10,13": 1.4093460542344383, "11,12": 0.32929531599453715, "12,13": 1.063131191182696}}, "stats": {"tried": 39, "noconv": 12, "nonemb": 23, "known": 2, "flares": 0, "closed": true}}