{"netcode": "1,2,3;1,3,4;1,4,5;1,5,2;2,5,6;2,6,3;3,6,7;3,7,8;3,8,4;4,8,9;4,9,10;4,10,5;5,10,11;5,11,6;6,11,12;6,12,7;7,12,8;8,12,11;8,11,9;9,11,10", "V": 12, "atlas": {"": {"1,2": 1.6382081065038823, "1,3": 0.8744275055442785, "1,4": 1.6382081065038823, "1,5": 0.8744275055442785, "2,3": 0.8744275055442785, "2,5": 0.8744275055442785, "2,6": 1.6382081065038823, "3,4": 0.16860868614250035, "3,6": -0.7840673546380074, "3,7": 1.6382081065038823, "3,8": 0.16860868614250035, "4,5": -0.7840673546380074, "4,8": 0.16860868614250035, "4,9": 0.8744275055442785, "4,10": 0.8744275055442785, "5,6": 0.16860868614250035, "5,10": 1.6382081065038823, "5,11": 0.16860868614250035, "6,7": 0.8744275055442785, "6,11": 0.16860868614250035, "6,12": 0.8744275055442785, "7,8": 0.8744275055442785, "7,12": 1.6382081065038823, "8,9": 1.6382081065038823, "8,11": -0.7840673546380074, "8,12": 0.8744275055442785, "9,10": 1.6382081065038823, "9,11": 0.8744275055442785, "10,11": 0.8744275055442785, "11,12": 1.6382081065038823}}, "stats": {"tried": 12, "noconv": 6, "nonemb": 6, "known": 0, "flares": 0, "closed": true}}