{"netcode": "1,2,3;1,3,4;1,4,5;1,5,2;2,5,6;2,6,3;3,6,7;3,7,4;4,7,8;4,8,9;4,9,5;5,9,10;5,10,6;6,10,11;6,11,7;7,11,12;7,12,8;8,12,13;8,13,9;9,13,10;10,13,11;11,13,12", "V": 13, "atlas": {"": {"1,2": 1.5079057829623341, "1,3": 0.9785811498289927, "1,4": 1.5079057829623341, "1,5": 0.9785811498289927, "2,3": 0.9785811498289927, "2,5": 0.9785811498289927, "2,6": 1.5079057829623341, "3,4": 0.28568075119839254, "3,6": 0.28568075119839254, "3,7": 1.3773435253836641, "4,5": -0.5204054341657456, "4,7": -0.13232088494008554, "4,8": 1.189316926397568, "4,9": 0.5725329455032377, "5,6": -0.5204054341657456, "5,9": 0.9785811498289927, "5,10": 0.9785811498289927, "6,7": -0.13232088494008554, "6,10": 0.5725329455032377, "6,11": 1.189316926397568, "7,8": 0.1458341301447044, "7,11": 0.1458341301447044, "7,12": 1.0998546736561068, "8,9": 0.7685324907446559, "8,12": 1.3684265455718148, "8,13": 0.45830071092711416, "9,10": 0.5115815087349518, "9,13": 0.8617357716451686, "10,11": 0.7685324907446559, "10,13": 0.8617357716451686, "11,12": 1.3684265455718148, "11,13": 0.45830071092711416, "12,13": 1.0998546736561068}, "7": {"1,2": 1.9205731182388082, "1,3": 0.6730626895203898, "1,4": 1.9205731182388082, "1,5": 0.6730626895203898, "2,3": 0.6730626895203898, "2,5": 0.6730626895203898, "2,6": 1.9205731182388082, "3,4": 0.9050884769071389, "3,6": 0.9050884769071389, "3,7": 0.524305219024057, "4,5": -0.34633507395116175, "4,7": -0.9905859190301319, "4,8": 2.2339069106715534, "4,9": 0.7540851246451763, "5,6": -0.34633507395116175, "5,9": 0.6730626895203898, "5,10": 0.6730626895203898, "6,7": -0.9905859190301319, "6,10": 0.7540851246451763, "6,11": 2.2339069106715534, "7,8": -0.9978041622429307, "7,11": -0.9978041622429307, "7,12": 0.5352604612154763, "8,9": 0.7498539292106325, "8,12": 2.138338501275963, "8,13": 0.895279439590617, "9,10": 0.7994267457547731, "9,13": 0.675714614670527, "10,11": 0.7498539292106325, "10,13": 0.675714614670527, "11,12": 2.138338501275963, "11,13": 0.895279439590617, "12,13": 0.5352604612154763}, "9": {"1,2": 1.6161830252811908, "1,3": 0.8914713704451431, "1,4": 1.6161830252811908, "1,5": 0.8914713704451431, "2,3": 0.8914713704451431, "2,5": 0.8914713704451431, "2,6": 1.6161830252811908, "3,4": 0.4103475593874461, "3,6": 0.4103475593874461, "3,7": 1.1734035131007445, "4,5": 0.749774998224289, "4,7": -0.019673759369121805, "4,8": 2.614016367287479, "4,9": -0.947684382983056, "5,6": -0.7263131791775849, "5,9": -0.439409732964403, "5,10": 2.215256881239464, "6,7": -0.12327841339555813, "6,10": 0.8015284995658375, "6,11": 1.1705705856523851, "7,8": 0.0286374119409877, "7,11": 0.12760531475939224, "7,12": 1.0240536788773804, "8,9": -0.7160520383165794, "8,12": 1.4541276899620172, "8,13": 1.7842191294550616, "9,10": -1.0207546595436503, "9,13": -0.5924817869051141, "10,11": 0.8603948788069505, "10,13": 2.176309701227537, "11,12": 1.4541276899620172, "11,13": 0.3669070343389235, "12,13": 1.0240536788773804}, "10": {"1,2": 1.6161830252811908, "1,3": 0.8914713704451431, "1,4": 1.6161830252811908, "1,5": 0.8914713704451431, "2,3": 0.8914713704451431, "2,5": 0.8914713704451431, "2,6": 1.6161830252811908, "3,4": 0.4103475593874461, "3,6": 0.4103475593874461, "3,7": 1.1734035131007445, "4,5": -0.7263131791775849, "4,7": -0.12327841339555813, "4,8": 1.1705705856523851, "4,9": 0.8015284995658375, "5,6": 0.749774998224289, "5,9": 2.215256881239464, "5,10": -0.439409732964403, "6,7": -0.019673759369121805, "6,10": -0.947684382983056, "6,11": 2.614016367287479, "7,8": 0.12760531475939224, "7,11": 0.0286374119409877, "7,12": 1.0240536788773804, "8,9": 0.8603948788069505, "8,12": 1.4541276899620172, "8,13": 0.3669070343389235, "9,10": -1.0207546595436503, "9,13": 2.176309701227537, "10,11": -0.7160520383165794, "10,13": -0.5924817869051141, "11,12": 1.4541276899620172, "11,13": 1.7842191294550616, "12,13": 1.0240536788773804}, "12": {"1,2": 1.4482609651036655, "1,3": 1.0291089735217251, "1,4": 1.4482609651036655, "1,5": 1.0291089735217251, "2,3": 1.0291089735217251, "2,5": 1.0291089735217251, "2,6": 1.4482609651036655, "3,4": 0.2214037414346224, "3,6": 0.2214037414346224, "3,7": 1.489720352605352, "4,5": -0.5509782785709105, "4,7": -0.045464537204711844, "4,8": 1.0230401347344644, "4,9": 0.613524347564996, "5,6": -0.5509782785709105, "5,9": 1.0291089735217251, "5,10": 1.0291089735217251, "6,7": -0.045464537204711844, "6,10": 0.613524347564996, "6,11": 1.0230401347344644, "7,8": 2.1147004124928053, "7,11": 2.1147004124928053, "7,12": -1.3976107738490071, "8,9": 0.6839530457899308, "8,12": -1.0735617041167342, "8,13": 2.341910592375881, "9,10": 0.4125898736516735, "9,13": 0.9875716928791023, "10,11": 0.6839530457899308, "10,13": 0.9875716928791023, "11,12": -1.0735617041167342, "11,13": 2.341910592375881, "12,13": -1.3976107738490071}}, "stats": {"tried": 65, "noconv": 33, "nonemb": 24, "known": 4, "flares": 0, "closed": true}}