{"netcode": "1,2,3;1,3,4;1,4,5;1,5,2;2,5,6;2,6,7;2,7,3;3,7,8;3,8,4;4,8,9;4,9,10;4,10,5;5,10,11;5,11,6;6,11,12;6,12,8;8,12,9;9,12,10;10,12,11;6,8,7", "V": 12, "atlas": {"": {"1,2": 1.2309594173407747, "1,3": 1.2309594173407747, "1,4": 1.2309594173407747, "1,5": 1.2309594173407747, "2,3": 0.18376186614417694, "2,5": 0.6154797086703874, "2,6": 0.6154797086703874, "2,7": 1.2309594173407747, "3,4": 0.6154797086703874, "3,7": 1.2309594173407747, "3,8": 0.6154797086703874, "4,5": -0.43171784252621037, "4,8": -0.43171784252621037, "4,9": 1.2309594173407747, "4,10": 0.6154797086703874, "5,6": -0.43171784252621037, "5,10": 0.6154797086703874, "5,11": 1.2309594173407747, "6,7": 1.2309594173407747, "6,8": -0.43171784252621037, "6,11": 1.2309594173407747, "6,12": 0.6154797086703874, "7,8": 1.2309594173407747, "8,9": 1.2309594173407747, "8,12": 0.6154797086703874, "9,10": 1.2309594173407747, "9,12": 1.2309594173407747, "10,11": 1.2309594173407747, "10,12": 0.18376186614417694, "11,12": 1.2309594173407747}}, "stats": {"tried": 12, "noconv": 0, "nonemb": 12, "known": 0, "flares": 0, "closed": true}}