{"netcode": "1,2,3;1,3,4;1,4,5;1,5,2;2,5,6;2,6,3;3,6,7;3,7,4;4,7,8;4,8,9;4,9,5;5,9,6;6,9,10;6,10,7;7,10,11;7,11,8;8,11,12;8,12,13;8,13,9;9,13,10;10,13,12;10,12,11", "V": 13, "atlas": {"": {"1,2": 1.0754376481054375, "1,3": 1.3955097485113266, "1,4": 1.0754376481054375, "1,5": 1.3955097485113266, "2,3": 1.3955097485113266, "2,5": 1.3955097485113266, "2,6": 1.0754376481054375, "3,4": -0.1569092855979916, "3,6": -0.1569092855979916, "3,7": 2.2310598601397853, "4,5": -0.1569092855979916, "4,7": 0.18705905462475053, "4,8": 0.7327072283262956, "4,9": 0.18705905462475053, "5,6": -0.1569092855979916, "5,9": 2.2310598601397853, "6,7": 0.18705905462475053, "6,9": 0.18705905462475053, "6,10": 0.7327072283262956, "7,8": -0.18064557079737445, "7,10": -0.18064557079737445, "7,11": 2.5972187778396827, "8,9": -0.18064557079737445, "8,11": 0.2773228737620969, "8,12": 0.2773228737620969, "8,13": 0.2773228737620969, "9,10": -0.18064557079737445, "9,13": 2.5972187778396827, "10,11": 0.2773228737620969, "10,12": 0.2773228737620969, "10,13": 0.2773228737620969, "11,12": 2.5972187778396827, "12,13": 2.5972187778396827}}, "stats": {"tried": 13, "noconv": 8, "nonemb": 5, "known": 0, "flares": 0, "closed": true}}