{"netcode": "1,2,3;1,3,4;1,4,5;1,5,2;2,5,6;2,6,7;2,7,3;3,7,8;3,8,9;3,9,4;4,9,10;4,10,5;5,10,11;5,11,6;6,11,7;7,11,12;7,12,8;8,12,9;9,12,13;9,13,10;10,13,11;11,13,12", "V": 13, "atlas": {"": {"1,2": 1.7219946569423665, "1,3": 0.8115033187210299, "1,4": 1.7219946569423665, "1,5": 0.8115033187210299, "2,3": 0.5186368396183538, "2,5": -0.2493651494016618, "2,6": 1.600646803243119, "2,7": 0.7274370552770555, "3,4": 0.4034973932181217, "3,7": -0.4203506847922961, "3,8": 1.600646803243119, "3,9": -0.26839371784670885, "4,5": -0.1685300427236269, "4,9": 0.8286834140761107, "4,10": 1.476877618190969, "5,6": 0.9036261540147147, "5,10": 0.8286834140761107, "5,11": -0.26839371784670885, "6,7": 0.9036261540147147, "6,11": 1.600646803243119, "7,8": 0.9036261540147147, "7,11": -0.4203506847922961, "7,12": 0.7274370552770555, "8,9": 0.9036261540147147, "8,12": 1.600646803243119, "9,10": -0.1685300427236269, "9,12": -0.2493651494016618, "9,13": 0.8115033187210299, "10,11": 0.4034973932181217, "10,13": 1.7219946569423665, "11,12": 0.5186368396183538, "11,13": 0.8115033187210299, "12,13": 1.7219946569423665}, "1": {"1,2": -0.7271705825381911, "1,3": -1.8405804304526285, "1,4": -0.7271705825381911, "1,5": -1.8405804304526285, "2,3": 2.433042359252302, "2,5": 1.8143317840621456, "2,6": 1.2561284896786125, "2,7": 0.225422883436237, "3,4": 2.3572838942375003, "3,7": -0.016983736273937632, "3,8": 1.8013927179440958, "3,9": 0.05688617970167463, "4,5": 1.8356233433557372, "4,9": 0.30734590947763185, "4,10": 1.1686570892613541, "5,6": 1.206012327829143, "5,10": 1.1930780368316238, "5,11": 0.15832313343811077, "6,7": 1.206012327829143, "6,11": 1.2561284896786125, "7,8": 0.7544670660067722, "7,11": -0.5391533569951433, "7,12": 0.65666142649471, "8,9": 0.7544670660067722, "8,12": 1.8013927179440958, "9,10": 0.06250723734915285, "9,12": -0.41832575017317203, "9,13": 0.7487884851726252, "10,11": 0.03968860390863341, "10,13": 1.8094811042895675, "11,12": 0.642957196371691, "11,13": 0.7487884851726252, "12,13": 1.8094811042895675}, "2": {"1,2": 0.5368658102506362, "1,3": 2.1356859324965924, "1,4": 0.5368658102506362, "1,5": 2.1356859324965924, "2,3": -1.7187413494859962, "2,5": -2.731321362040104, "2,6": 0.26479648538853595, "2,7": -1.623009441604787, "3,4": 1.169477314541809, "3,7": 1.4482842892498269, "3,8": 1.6134782780110593, "3,9": -0.0777766414629237, "4,5": 0.7240744186656651, "4,9": 0.30468886206468837, "4,10": 1.0602311646213562, "5,6": 2.620970531138101, "5,10": 1.580225301787814, "5,11": 0.5848740526627687, "6,7": 2.620970531138101, "6,11": 0.26479648538853595, "7,8": 0.8935794889803784, "7,11": -0.013554848712053216, "7,12": 1.0339913864993908, "8,9": 0.8935794889803784, "8,12": 1.6134782780110593, "9,10": 0.22916839538189593, "9,12": -0.38614663888905953, "9,13": 0.5844279830418606, "10,11": -0.3549029314099877, "10,13": 2.058327384907383, "11,12": 0.2652355603552141, "11,13": 0.5844279830418606, "12,13": 2.058327384907383}, "3": {"1,2": 2.6771126906302984, "1,3": 0.2354141140802399, "1,4": 2.6771126906302984, "1,5": 0.2354141140802399, "2,3": -0.7800001538862954, "2,5": 0.02795854381273555, "2,6": 1.49839511920392, "2,7": 1.8130914065783903, "3,4": -1.082376780260579, "3,7": -1.499880470307358, "3,8": 0.9288770133471291, "3,9": -1.1637168868031922, "4,5": 0.3174165538212828, "4,9": 1.9496415435489483, "4,10": 1.4302577007523494, "5,6": 0.9865113226212212, "5,10": 0.6904067490105662, "5,11": -0.48328006452742556, "6,7": 0.9865113226212212, "6,11": 1.49839511920392, "7,8": 1.5688202549973214, "7,11": 0.0209368294811725, "7,12": 1.1650545290224164, "8,9": 1.5688202549973214, "8,12": 0.9288770133471291, "9,10": -0.059725165438811824, "9,12": 0.29912349648410724, "9,13": 0.9643171049202501, "10,11": 0.5259888496018348, "10,13": 1.52515543064561, "11,12": 0.11069883433185387, "11,13": 0.9643171049202501, "12,13": 1.52515543064561}, "4": {"1,2": 0.5814677776090915, "1,3": 2.063072312186542, "1,4": 0.5814677776090915, "1,5": 2.063072312186542, "2,3": 1.2070987802238893, "2,5": 0.6593888672422723, "2,6": 1.1618167275360474, "2,7": 0.23104863778952178, "3,4": -1.7353157462537139, "3,7": -0.07442020345765402, "3,8": 1.5538711344061822, "3,9": 1.5233072702775217, "4,5": -2.296300384763328, "4,9": -1.1740332646769494, "4,10": -0.2194854222486263, "5,6": 1.3018339730643511, "5,10": 2.4106185205359827, "5,11": 0.4808572411673044, "6,7": 1.3018339730643511, "6,11": 1.1618167275360474, "7,8": 0.9409045901803882, "7,11": -0.4935785444670909, "7,12": 0.5692988481579166, "8,9": 0.9409045901803882, "8,12": 1.5538711344061822, "9,10": 1.476547713694002, "9,12": -0.11520217588256783, "9,13": 0.9799000410083295, "10,11": -0.26758258325335277, "10,13": 1.5063201201212175, "11,12": 0.6515384541867035, "11,13": 0.9799000410083295, "12,13": 1.5063201201212175}, "5": {"1,2": 2.38036687485295, "1,3": 0.3949099254820974, "1,4": 2.38036687485295, "1,5": 0.3949099254820974, "2,3": 0.9205162463936394, "2,5": -1.3778406746284524, "2,6": 2.2926921473928785, "2,7": 1.0377693258516678, "3,4": 0.6801597555661338, "3,7": -0.6276352814744178, "3,8": 1.5980095617402843, "3,9": -0.2888910139640482, "4,5": -1.1185512201710837, "4,9": 1.0639312095808413, "4,10": 2.119834723185261, "5,6": 0.44445691005233134, "5,10": 0.14048675520503642, "5,11": -1.1568911418059293, "6,7": 0.44445691005233134, "6,11": 2.2926921473928785, "7,8": 0.9057004424904858, "7,11": -0.05516673500876793, "7,12": 0.5701149668728671, "8,9": 0.9057004424904858, "8,12": 1.5980095617402843, "9,10": -0.33530179275979055, "9,12": -0.1593710906801101, "9,13": 0.9458242104339534, "10,11": 1.1459529126191565, "10,13": 1.5477952692193695, "11,12": 0.6568307453907108, "11,13": 0.9458242104339534, "12,13": 1.5477952692193695}, "7": {"1,2": 1.5086588449873624, "1,3": 0.9779552385514574, "1,4": 1.5086588449873624, "1,5": 0.9779552385514574, "2,3": 1.5838151134416831, "2,5": -0.22180419942599816, "2,6": 2.510161466774297, "2,7": -0.36163380699460695, "3,4": 0.9143193286573456, "3,7": -1.9848067881963976, "3,8": 2.510161466774297, "3,9": 0.4265921426149841, "4,5": -0.23291852223514503, "4,9": 0.33382195286215866, "4,10": 1.8429310453339045, "5,6": 0.32378258011476124, "5,10": 0.33382195286215866, "5,11": 0.4265921426149841, "6,7": 0.32378258011476124, "6,11": 2.510161466774297, "7,8": 0.32378258011476124, "7,11": -1.9848067881963976, "7,12": -0.36163380699460695, "8,9": 0.32378258011476124, "8,12": 2.510161466774297, "9,10": -0.23291852223514503, "9,12": -0.22180419942599816, "9,13": 0.9779552385514574, "10,11": 0.9143193286573456, "10,13": 1.5086588449873624, "11,12": 1.5838151134416831, "11,13": 0.9779552385514574, "12,13": 1.5086588449873624}, "9": {"1,2": 1.5477952692193695, "1,3": 0.9458242104339534, "1,4": 1.5477952692193695, "1,5": 0.9458242104339534, "2,3": 0.6568307453907108, "2,5": -0.1593710906801101, "2,6": 1.5980095617402843, "2,7": 0.5701149668728671, "3,4": 1.1459529126191565, "3,7": -0.05516673500876793, "3,8": 2.2926921473928785, "3,9": -1.1568911418059293, "4,5": -0.33530179275979055, "4,9": 0.14048675520503642, "4,10": 2.119834723185261, "5,6": 0.9057004424904858, "5,10": 1.0639312095808413, "5,11": -0.2888910139640482, "6,7": 0.9057004424904858, "6,11": 1.5980095617402843, "7,8": 0.44445691005233134, "7,11": -0.6276352814744178, "7,12": 1.0377693258516678, "8,9": 0.44445691005233134, "8,12": 2.2926921473928785, "9,10": -1.1185512201710837, "9,12": -1.3778406746284524, "9,13": 0.3949099254820974, "10,11": 0.6801597555661338, "10,13": 2.38036687485295, "11,12": 0.9205162463936394, "11,13": 0.3949099254820974, "12,13": 2.38036687485295}, "10": {"1,2": 1.5063201201212175, "1,3": 0.9799000410083295, "1,4": 1.5063201201212175, "1,5": 0.9799000410083295, "2,3": 0.6515384541867035, "2,5": -0.11520217588256783, "2,6": 1.5538711344061822, "2,7": 0.5692988481579166, "3,4": -0.26758258325335277, "3,7": -0.4935785444670909, "3,8": 1.1618167275360474, "3,9": 0.4808572411673044, "4,5": 1.476547713694002, "4,9": 2.4106185205359827,