{"netcode": "1,2,3;1,3,4;1,4,5;1,5,2;2,5,6;2,6,7;2,7,3;3,7,8;3,8,9;3,9,4;4,9,10;4,10,11;4,11,5;5,11,12;5,12,6;6,12,7;7,12,13;7,13,8;8,13,10;10,13,12;10,12,11;8,10,9", "V": 13, "atlas": {"": {"1,2": 1.558716322206685, "1,3": 0.936994413757324, "1,4": 1.558716322206685, "1,5": 0.936994413757324, "2,3": 0.6123219320163441, "2,5": -0.14543421354110336, "2,6": 1.558716322206685, "2,7": 0.6123219320163441, "3,4": -0.5901020743601789, "3,7": -0.1785732015215614, "3,8": 0.6123219320163441, "3,9": 0.936994413757324, "4,5": -0.32566694786102857, "4,9": 1.558716322206685, "4,10": -0.32566694786102857, "4,11": 1.3683524204609019, "5,6": 0.936994413757324, "5,11": 1.0999221073680254, "5,12": -0.32566694786102857, "6,7": 0.936994413757324, "6,12": 1.558716322206685, "7,8": 0.6123219320163441, "7,12": -0.5901020743601789, "7,13": 0.936994413757324, "8,9": 1.558716322206685, "8,10": -0.14543421354110336, "8,13": 1.558716322206685, "9,10": 0.936994413757324, "10,11": 1.0999221073680254, "10,12": -0.32566694786102857, "10,13": 0.936994413757324, "11,12": 1.3683524204609019, "12,13": 1.558716322206685}, "1": {"1,2": -0.9323356550176443, "1,3": -1.5645076745581075, "1,4": -0.9323356550176443, "1,5": -1.5645076745581075, "2,3": 2.5849985742923725, "2,5": 1.9026049413906805, "2,6": 1.3578459393944895, "2,7": 0.26945789827029615, "3,4": 1.2731159540404418, "3,7": 0.1341279810120901, "3,8": 0.7830955529201323, "3,9": 1.1082801547696548, "4,5": 1.5466966155376947, "4,9": 1.3591933691535603, "4,10": -0.5276039427537111, "4,11": 1.1061613060692124, "5,6": 1.109514081272318, "5,11": 1.3615099673296738, "5,12": -0.08073164666886452, "6,7": 1.109514081272318, "6,12": 1.3578459393944895, "7,8": 0.4340360501951326, "7,12": -0.6603123708624209, "7,13": 0.9359088753192248, "8,9": 1.3591933691535603, "8,10": -0.03159353806738165, "8,13": 1.5600639589917813, "9,10": 1.1082801547696548, "10,11": 1.3615099673296738, "10,12": -0.30563654247930905, "10,13": 0.9359088753192248, "11,12": 1.1061613060692124, "12,13": 1.5600639589917813}, "2": {"1,2": 0.3435988422246909, "1,3": 2.4735580902391434, "1,4": 0.3435988422246909, "1,5": 2.4735580902391434, "2,3": -1.6043639292204461, "2,5": -2.616355576199646, "2,6": 0.3435988422246909, "2,7": -1.6043639292204461, "3,4": -0.058076156492919986, "3,7": 1.6668221104904806, "3,8": 0.6115171774145725, "3,9": 1.1818918528679858, "4,5": 0.44543723663953344, "4,9": 1.2808930538757834, "4,10": -0.5707638610904575, "4,11": 0.7635760779336448, "5,6": 2.4735580902391434, "5,11": 1.7884880033129342, "5,12": 0.44543723663953344, "6,7": 2.4735580902391434, "6,12": 0.3435988422246909, "7,8": 0.6115171774145725, "7,12": -0.058076156492919986, "7,13": 1.1818918528679858, "8,9": 1.2808930538757834, "8,10": 0.13396159699983048, "8,13": 1.2808930538757834, "9,10": 1.1818918528679858, "10,11": 1.7884880033129342, "10,12": -0.5707638610904575, "10,13": 1.1818918528679858, "11,12": 0.7635760779336448, "12,13": 1.2808930538757834}, "3": {"1,2": 2.405492767329367, "1,3": 0.3809466566886005, "1,4": 2.405492767329367, "1,5": 0.3809466566886005, "2,3": -0.4494201912680003, "2,5": -0.03055795014459817, "2,6": 1.3649399597912941, "2,7": 1.624795574174703, "3,4": -2.184870882655618, "3,7": -1.3716708581078179, "3,8": -0.4494201912680003, "3,9": 0.3809466566886005, "4,5": 0.24791112541100188, "4,9": 2.405492767329367, "4,10": 0.24791112541100188, "4,11": 1.711562347172116, "5,6": 1.103030141294942, "5,11": 0.819179248240133, "5,12": -0.5426304599928297, "6,7": 1.103030141294942, "6,12": 1.3649399597912941, "7,8": 1.624795574174703, "7,12": -0.1111123459362365, "7,13": 1.103030141294942, "8,9": 2.405492767329367, "8,10": -0.03055795014459817, "8,13": 1.3649399597912941, "9,10": 0.3809466566886005, "10,11": 0.819179248240133, "10,12": -0.5426304599928297, "10,13": 1.103030141294942, "11,12": 1.711562347172116, "12,13": 1.3649399597912941}, "4": {"1,2": 0.6721996193008898, "1,3": 1.921874174436885, "1,4": 0.6721996193008898, "1,5": 1.921874174436885, "2,3": 1.164965148231998, "2,5": 0.5663613667867364, "2,6": 1.2264243356163016, "2,7": 0.22026463292387197, "3,4": -2.1095695536598384, "3,7": 0.4144936467357623, "3,8": 1.164965148231998, "3,9": 1.921874174436885, "4,5": -1.9387913097440628, "4,9": 0.6721996193008898, "4,10": -1.9387913097440628, "4,11": 0.38662858687518115, "5,6": 1.235501782251209, "5,11": 2.395246946305614, "5,12": 0.2394101082652615, "6,7": 1.235501782251209, "6,12": 1.2264243356163016, "7,8": 0.22026463292387197, "7,12": -0.7960824927734813, "7,13": 1.235501782251209, "8,9": 0.6721996193008898, "8,10": 0.5663613667867364, "8,13": 1.2264243356163016, "9,10": 1.921874174436885, "10,11": 2.395246946305614, "10,12": 0.2394101082652615, "10,13": 1.235501782251209, "11,12": 0.38662858687518115, "12,13": 1.2264243356163016}, "5": {"1,2": 2.367367601308348, "1,3": 0.40217365893532225, "1,4": 2.367367601308348, "1,5": 0.40217365893532225, "2,3": 1.0261260163773853, "2,5": -1.4831838999854257, "2,6": 2.367367601308348, "2,7": 1.0261260163773853, "3,4": -0.18282848588081474, "3,7": -0.4771672089892871, "3,8": 0.6417505559160794, "3,9": 0.7771149669879656, "4,5": -1.5339545056796597, "4,9": 1.7694659152959424, "4,10": -0.04513240239958192, "4,11": 2.2462385151709183, "5,6": 0.40217365893532225, "5,11": 0.4712727326779037, "5,12": -1.5339545056796597, "6,7": 0.40217365893532225, "6,12": 2.367367601308348, "7,8": 0.6417505559160794, "7,12": -0.18282848588081474, "7,13": 0.7771149669879656, "8,9": 1.7694659152959424, "8,10": -0.37574285990683404, "8,13": 1.7694659152959424, "9,10": 0.7771149669879656, "10,11": 0.4712727326779037, "10,12": -0.04513240239958192, "10,13": 0.7771149669879656, "11,12": 2.2462385151709183, "12,13": 1.7694659152959424}, "6": {"1,2": 1.3578459393944895, "1,3": 1.109514081272318, "1,4": 1.3578459393944895, "1,5": 1.109514081272318, "2,3": 0.26945789827029615, "2,5": 1.9026049413906805, "2,6": -0.9323356550176443, "2,7": 2.5849985742923725, "3,4": -0.6603123708624209, "3,7": 0.1341279810120901, "3,8": 0.4340360501951326, "3,9": 0.9359088753192248, "4,5": -0.08073164666886452, "4,9": 1.5600639589917813, "4,10": -0.30563654247930905, "4,11": 1.1061613060692124, "5,6": -1.5645076745581075, "5,11": 1.3615099673296738, "5,12": 1.5466966155376947, "6,7": -1.5645076745581075, "6,12": -0.9323356550176443, "7,8": 0.7830955529201323, "7,12": 1.2731159540404418, "7,13": 1.1082801547696548, "8,9": 1.5600639589917813, "8,10": -0.03159353806738165, "8,13": 1.3591933691535603, "9,10": 0.9359088753192248, "10,11": 1.3615099673296738, "10,12": -0.5276039427537111, "10,13": 1.1082801547696548, "11,12": 1.1061613060692124, "12,13": 1.3591933691535603}, "7": {"1,2": 1.3649399597912941, "1,3": 1.103030141294942, "1,4": 1.3649399597912941, "1,5": 1.103030141294942, "2,3": 1.624795574174703, "2,5": -0.03055795014459817, "2,6": 2.405492767329367, "2,7": -0.4494201912680003, "3,4": -0.1111123459362365, "3,7": -1.3716708581078179, "3,8": 1.624795574174703, "3,9": 1.103030141294942, "4,5": -0.5426304599928297, "4,9": 1.3649399597912941, "4,10": -0.5426304599928297, "4,11": 1.711562347172116, "5,6": 0.3809466566886005, "5,11": 0.819179248240133, "5,12": 0.24791112541100188, "6,7": 0.3809466566886005, "6,12": 2.405492767329367, "7,8": -0.4494201912680003, "7,12": -2.184870882655618, "7,13": 0.3809466566886005, "8,9": 1.3649399597912941, "8,10": -0.03055795014459817, "8,13": 2.405492767329367, "9,10": 1.103030141294942, "10,11": 0.819179248240133, "10,12": 0.24791112541100188, "10,13": 0.3809466566886005, "11,12": 1.711562347172116, "12,13": 2.405492767329367}, "8": {"1,2": 1.2808930538757834, "1,3": 1.1818918528679858, "1,4": 1.2808930538757834, "1,5": 1.1818918528679858, "2,3": 0.6115171774145725, "2,5": 0.13396159699983048, "2,6": 1.2808930538757834, "2,7": 0.6115171774145725, "3,4": -0.058076156492919986, "3,7": 1.6668221104904806, "3,8": -1.6043639292204461, "3,9": 2.4735580902391434, "4,5": -0.5707638610904575, "4,9": 0.3435988422246909, "4,10": 0.44543723663953344,