{"netcode": "1,2,3;1,3,4;1,4,5;1,5,2;2,5,6;2,6,3;3,6,7;3,7,8;3,8,4;4,8,9;4,9,5;5,9,10;5,10,6;6,10,11;6,11,7;7,11,8;8,11,9;9,11,10", "V": 11, "atlas": {"": {"1,2": 1.8463908022099822, "1,3": 0.7231689227798753, "1,4": 1.8463908022099822, "1,5": 0.7231689227798753, "2,3": 0.7231689227798753, "2,5": 0.7231689227798753, "2,6": 1.8463908022099822, "3,4": 0.03231406568238392, "3,6": -0.5918249381575166, "3,7": 1.2572068736447377, "3,8": 0.21280391548515284, "4,5": 0.03231406568238392, "4,8": 1.1990227622565328, "4,9": 1.1990227622565328, "5,6": -0.5918249381575166, "5,9": 0.21280391548515284, "5,10": 1.2572068736447377, "6,7": 1.2049532810597308, "6,10": 1.2049532810597308, "6,11": 0.15755499120688737, "7,8": 1.2049532810597308, "7,11": 1.2572068736447377, "8,9": 0.6234565826490253, "8,11": 0.6132426848625376, "9,10": 1.2049532810597308, "9,11": 0.6132426848625376, "10,11": 1.2572068736447377}, "11": {"1,2": 2.434824325056092, "1,3": 0.36476921394783174, "1,4": 2.434824325056092, "1,5": 0.36476921394783174, "2,3": 0.36476921394783174, "2,5": 0.36476921394783174, "2,6": 2.434824325056092, "3,4": -0.2552459157495302, "3,6": -0.0692603801392122, "3,7": 0.18795880434743079, "3,8": 0.5429260420558935, "4,5": -0.2552459157495302, "4,8": 1.504468244845594, "4,9": 1.504468244845594, "5,6": -0.0692603801392122, "5,9": 0.5429260420558935, "5,10": 0.18795880434743079, "6,7": 2.7689377479667, "6,10": 2.7689377479667, "6,11": -2.295393688746423, "7,8": 2.7689377479667, "7,11": 0.18795880434743079, "8,9": 2.0462441619747214, "8,11": -1.429553638839034, "9,10": 2.7689377479667, "9,11": -1.429553638839034, "10,11": 0.18795880434743079}}, "stats": {"tried": 22, "noconv": 7, "nonemb": 13, "known": 1, "flares": 0, "closed": true}}