{"netcode": "1,2,3;1,3,4;1,4,5;1,5,2;2,5,6;2,6,7;2,7,3;3,7,8;3,8,4;4,8,9;4,9,10;4,10,5;5,10,11;5,11,6;6,11,7;7,11,12;7,12,8;8,12,9;9,12,11;9,11,10", "V": 12, "atlas": {"": {"1,2": 1.2378971606823213, "1,3": 1.224038649624164, "1,4": 1.2378971606823213, "1,5": 1.224038649624164, "2,3": 0.8769251579424004, "2,5": 0.05418255320520634, "2,6": 1.5430520885858316, "2,7": 0.34435111660115364, "3,4": 0.06805783008408542, "3,7": 0.345198132612412, "3,8": 1.5287811772058626, "4,5": -0.6685884615655165, "4,8": 0.345198132612412, "4,9": 0.34435111660115364, "4,10": 0.9496774107684739, "5,6": 0.9496774107684739, "5,10": 1.5430520885858316, "5,11": -0.2848444342429998, "6,7": 0.9496774107684739, "6,11": 1.5430520885858316, "7,8": 0.06805783008408542, "7,11": -0.6685884615655165, "7,12": 1.2378971606823213, "8,9": 0.8769251579424004, "8,12": 1.224038649624164, "9,10": 1.5430520885858316, "9,11": 0.05418255320520634, "9,12": 1.2378971606823213, "10,11": 0.9496774107684739, "11,12": 1.224038649624164}, "4": {"1,2": 0.668501594824403, "1,3": 1.9274578087512508, "1,4": 0.668501594824403, "1,5": 1.9274578087512508, "2,3": 1.1649235104014903, "2,5": 0.5704974881100082, "2,6": 1.2218428367946625, "2,7": 0.22242565686021218, "3,4": -0.8725010041200861, "3,7": 0.40513202454099717, "3,8": 2.404403221097427, "4,5": -1.954414536087673, "4,8": -0.7051583396222089, "4,9": -0.7034791760842377, "4,10": 0.3842910820998897, "5,6": 1.2401054772436972, "5,10": 2.399458432423009, "5,11": 0.24770515152185799, "6,7": 1.2401054772436972, "6,11": 1.2218428367946625, "7,8": 0.233313671558513, "7,11": -0.7979842196209866, "7,12": 1.2285309311114843, "8,9": 1.805575454302319, "8,12": 1.233389990458, "9,10": 2.399458432423009, "9,11": 0.23686551463920977, "9,12": 1.2285309311114843, "10,11": 0.3842910820998897, "11,12": 1.233389990458}, "7": {"1,2": 1.2285309311114843, "1,3": 1.233389990458, "1,4": 1.2285309311114843, "1,5": 1.233389990458, "2,3": 1.805575454302319, "2,5": 0.23686551463920977, "2,6": 2.399458432423009, "2,7": -0.7034791760842377, "3,4": 0.233313671558513, "3,7": -0.7051583396222089, "3,8": 2.404403221097427, "4,5": -0.7979842196209866, "4,8": 0.40513202454099717, "4,9": 0.22242565686021218, "4,10": 1.2401054772436972, "5,6": 0.3842910820998897, "5,10": 1.2218428367946625, "5,11": 0.24770515152185799, "6,7": 0.3842910820998897, "6,11": 2.399458432423009, "7,8": -0.8725010041200861, "7,11": -1.954414536087673, "7,12": 0.668501594824403, "8,9": 1.1649235104014903, "8,12": 1.9274578087512508, "9,10": 1.2218428367946625, "9,11": 0.5704974881100082, "9,12": 0.668501594824403, "10,11": 1.2401054772436972, "11,12": 1.9274578087512508}}, "stats": {"tried": 36, "noconv": 8, "nonemb": 24, "known": 2, "flares": 0, "closed": true}}