{"netcode": "1,2,3;1,3,4;1,4,5;1,5,2;2,5,6;2,6,3;3,6,7;3,7,8;3,8,4;4,8,9;4,9,10;4,10,5;5,10,11;5,11,6;6,11,12;6,12,7;7,12,13;7,13,8;8,13,9;9,13,10;10,13,11;11,13,12", "V": 13, "atlas": {"": {"1,2": 1.8345302814854663, "1,3": 0.7313497180640415, "1,4": 1.8345302814854663, "1,5": 0.7313497180640415, "2,3": 0.7313497180640415, "2,5": 0.7313497180640415, "2,6": 1.8345302814854663, "3,4": -0.3783179164765327, "3,6": -0.3783179164765327, "3,7": 0.7313497180640415, "3,8": 0.7313497180640415, "4,5": -0.3783179164765327, "4,8": 0.48398945299978724, "4,9": 0.9909375357696967, "4,10": 0.48398945299978724, "5,6": -0.3783179164765327, "5,10": 0.7313497180640415, "5,11": 0.7313497180640415, "6,7": 0.48398945299978724, "6,11": 0.48398945299978724, "6,12": 0.9909375357696967, "7,8": 1.350540828485679, "7,12": 1.4931112412746008, "7,13": 0.0, "8,9": 1.4931112412746008, "8,13": 0.0, "9,10": 1.4931112412746008, "9,13": 0.9909375357696967, "10,11": 1.350540828485679, "10,13": 0.0, "11,12": 1.4931112412746008, "11,13": 0.0, "12,13": 0.9909375357696967}, "4": {"1,2": 1.0530762050093438, "1,3": 1.4207449292234262, "1,4": 1.0530762050093438, "1,5": 1.4207449292234262, "2,3": 1.4207449292234262, "2,5": 1.4207449292234262, "2,6": 1.0530762050093438, "3,4": -1.424733317608018, "3,6": -0.16492651826610763, "3,7": 1.0412409082491356, "3,8": 1.9227495031545918, "4,5": -1.424733317608018, "4,8": -1.0096153498930653, "4,9": 0.2470022095287504, "4,10": -1.0096153498930653, "5,6": -0.16492651826610763, "5,10": 1.9227495031545918, "5,11": 1.0412409082491356, "6,7": 0.20032300898560135, "6,11": 0.20032300898560135, "6,12": 0.6893004263563494, "7,8": 1.4186171256987463, "7,12": 1.8962424424955617, "7,13": -0.17321643150197508, "8,9": 2.654901182165314, "8,13": 0.27141296490006184, "9,10": 2.654901182165314, "9,13": 0.2470022095287504, "10,11": 1.4186171256987463, "10,13": 0.27141296490006184, "11,12": 1.8962424424955617, "11,13": -0.17321643150197508, "12,13": 0.6893004263563494}, "6": {"1,2": 1.0530762050093438, "1,3": 1.4207449292234262, "1,4": 1.0530762050093438, "1,5": 1.4207449292234262, "2,3": 1.4207449292234262, "2,5": 1.4207449292234262, "2,6": 1.0530762050093438, "3,4": -0.16492651826610763, "3,6": -1.424733317608018, "3,7": 1.9227495031545918, "3,8": 1.0412409082491356, "4,5": -0.16492651826610763, "4,8": 0.20032300898560135, "4,9": 0.6893004263563494, "4,10": 0.20032300898560135, "5,6": -1.424733317608018, "5,10": 1.0412409082491356, "5,11": 1.9227495031545918, "6,7": -1.0096153498930653, "6,11": -1.0096153498930653, "6,12": 0.2470022095287504, "7,8": 1.4186171256987463, "7,12": 2.654901182165314, "7,13": 0.27141296490006184, "8,9": 1.8962424424955617, "8,13": -0.17321643150197508, "9,10": 1.8962424424955617, "9,13": 0.6893004263563494, "10,11": 1.4186171256987463, "10,13": -0.17321643150197508, "11,12": 2.654901182165314, "11,13": 0.27141296490006184, "12,13": 0.2470022095287504}, "9": {"1,2": 1.9993613695907972, "1,3": 0.621712431156802, "1,4": 1.9993613695907972, "1,5": 0.621712431156802, "2,3": 0.621712431156802, "2,5": 0.621712431156802, "2,6": 1.9993613695907972, "3,4": -0.23489642688594145, "3,6": -0.3880842431025227, "3,7": 0.7544508621445959, "3,8": 0.49056390567015123, "4,5": -0.23489642688594145, "4,8": 2.4232879053557945, "4,9": -1.5080066022466747, "4,10": 2.4232879053557945, "5,6": -0.3880842431025227, "5,10": 0.49056390567015123, "5,11": 0.7544508621445959, "6,7": 0.4792265711646111, "6,11": 0.4792265711646111, "6,12": 1.1513243217708304, "7,8": 1.1536207103438096, "7,12": 1.3129003260741563, "7,13": 0.18921316381809672, "8,9": -0.9784973363715536, "8,13": 1.994210697413166, "9,10": -0.9784973363715536, "9,13": -1.5080066022466747, "10,11": 1.1536207103438096, "10,13": 1.994210697413166, "11,12": 1.3129003260741563, "11,13": 0.18921316381809672, "12,13": 1.1513243217708304}, "12": {"1,2": 1.9993613695907972, "1,3": 0.621712431156802, "1,4": 1.9993613695907972, "1,5": 0.621712431156802, "2,3": 0.621712431156802, "2,5": 0.621712431156802, "2,6": 1.9993613695907972, "3,4": -0.3880842431025227, "3,6": -0.23489642688594145, "3,7": 0.49056390567015123, "3,8": 0.7544508621445959, "4,5": -0.3880842431025227, "4,8": 0.4792265711646111, "4,9": 1.1513243217708304, "4,10": 0.4792265711646111, "5,6": -0.23489642688594145, "5,10": 0.7544508621445959, "5,11": 0.49056390567015123, "6,7": 2.4232879053557945, "6,11": 2.4232879053557945, "6,12": -1.5080066022466747, "7,8": 1.1536207103438096, "7,12": -0.9784973363715536, "7,13": 1.994210697413166, "8,9": 1.3129003260741563, "8,13": 0.18921316381809672, "9,10": 1.3129003260741563, "9,13": 1.1513243217708304, "10,11": 1.1536207103438096, "10,13": 0.18921316381809672, "11,12": -0.9784973363715536, "11,13": 1.994210697413166, "12,13": -1.5080066022466747}, "13": {"1,2": 1.6429984500820698, "1,3": 0.8707491671732384, "1,4": 1.6429984500820698, "1,5": 0.8707491671732384, "2,3": 0.8707491671732384, "2,5": 0.8707491671732384, "2,6": 1.6429984500820698, "3,4": -0.4570178670941024, "3,6": -0.4570178670941024, "3,7": 0.8707491671732384, "3,8": 0.8707491671732384, "4,5": -0.4570178670941024, "4,8": 0.7311117265412789, "4,9": 0.4971837884725155, "4,10": 0.7311117265412789, "5,6": -0.4570178670941024, "5,10": 0.8707491671732384, "5,11": 0.8707491671732384, "6,7": 0.7311117265412789, "6,11": 0.7311117265412789, "6,12": 0.4971837884725155, "7,8": 2.1116674556909136, "7,12": 2.2020391255697804, "7,13": -0.9395535280200128, "8,9": 2.2020391255697804, "8,13": -0.9395535280200128, "9,10": 2.2020391255697804, "9,13": 0.4971837884725155, "10,11": 2.1116674556909136, "10,13": -0.9395535280200128, "11,12": 2.2020391255697804, "11,13": -0.9395535280200128, "12,13": 0.4971837884725155}, "4,6": {"1,2": 0.7486567401136426, "1,3": 1.8096691554990465, "1,4": 0.7486567401136426, "1,5": 1.8096691554990465, "2,3": 1.8096691554990465, "2,5": 1.8096691554990465, "2,6": 0.7486567401136426, "3,4": -1.1334723986580224, "3,6": -1.1334723986580224, "3,7": 1.8096691554990465, "3,8": 1.8096691554990465, "4,5": -1.1334723986580224, "4,8": -0.772891673082955, "4,9": 0.22448694335670308, "4,10": -0.772891673082955, "5,6": -1.1334723986580224, "5,10": 1.8096691554990465, "5,11": 1.8096691554990465, "6,7": -0.772891673082955, "6,11": -0.772891673082955, "6,12": 0.22448694335670308, "7,8": 1.5215484131965977, "7,12": 2.6981367976779977, "7,13": 0.0, "8,9": 2.6981367976779977, "8,13": 0.0, "9,10": 2.6981367976779977, "9,13": 0.22448694335670308, "10,11": 1.5215484131965977, "10,13": 0.0, "11,12": 2.6981367976779977, "11,13": 0.0, "12,13": 0.22448694335670308}, "4,13": {"1,2": 1.0344032525701332, "1,3": 1.442140516912101, "1,4": 1.0344032525701332, "1,5": 1.442140516912101, "2,3": 1.442140516912101, "2,5": 1.442140516912101, "2,6": 1.0344032525701332, "3,4": -1.3881287985260158, "3,6": -0.24430303802636877, "3,7": 1.1074142188806495, "3,8": 1.8757410158656491, "4,5": -1.3881287985260158, "4,8": -0.783029706900518, "4,9": 0.04255850605946076, "4,10": -0.783029706900518, "5,6": -0.24430303802636877, "5,10": 1.8757410158656491, "5,11": 1.1074142188806495, "6,7": 0.35610742417598396, "6,11": 0.35610742417598396, "6,12": 0.4399881029074457, "7,8": 1.8444993384701085, "7,12": 2.3005027238901268, "7,13": -0.7130234422595053, "8,9": 3.0565141481501676, "8,13": -0.35565643552756415, "9,10": 3.0565141481501676, "9,13": 0.04255850605946076, "10,11": 1.8444993384701085, "10,13": -0.35565643552756415, "11,12": 2.3005027238901268, "11,13": -0.7130234422595053, "12,13": 0.4399881029074457}, "6,13": {"1,2": 1.0344032525701332, "1,3": 1.442140516912101, "1,4": 1.0344032525701332, "1,5": 1.442140516912101, "2,3": 1.442140516912101, "2,5": 1.442140516912101, "2,6": 1.0344032525701332, "3,4": -0.24430303802636877, "3,6": -1.3881287985260158, "3,7": 1.8757410158656491, "3,8": 1.1074142188806495, "4,5": -0.24430303802636877, "4,8": 0.35610742417598396, "4,9": 0.4399881029074457, "4,10": 0.35610742417598396, "5,6": -1.3881287985260158, "5,10": 1.1074142188806495, "5,11": 1.8757410158656491,