{"netcode": "1,2,3;1,3,4;1,4,5;1,5,2;2,5,6;2,6,7;2,7,3;3,7,8;3,8,4;4,8,9;4,9,10;4,10,5;5,10,11;5,11,6;6,11,12;6,12,13;6,13,7;7,13,8;8,13,12;8,12,9;9,12,11;9,11,10", "V": 13, "atlas": {"": {"1,2": 1.2309594173407747, "1,3": 1.2309594173407747, "1,4": 1.2309594173407747, "1,5": 1.2309594173407747, "2,3": 0.11837222142225394, "2,5": 0.7359839897686403, "2,6": 0.4864610837434562, "2,7": 1.3750246850281926, "3,4": 0.7359839897686403, "3,7": 1.3750246850281926, "3,8": 0.4864610837434562, "4,5": -0.8571210672794917, "4,8": -0.12094334263708713, "4,9": 0.7359839897686403, "4,10": 1.2309594173407747, "5,6": -0.12094334263708713, "5,10": 1.2309594173407747, "5,11": 0.7359839897686403, "6,7": -0.1380451603323525, "6,11": 0.4864610837434562, "6,12": -0.1380451603323525, "6,13": 0.503099115629713, "7,8": -0.1380451603323525, "7,13": 2.192044727419703, "8,9": 0.4864610837434562, "8,12": -0.1380451603323525, "8,13": 0.503099115629713, "9,10": 1.2309594173407747, "9,11": 0.11837222142225394, "9,12": 1.3750246850281926, "10,11": 1.2309594173407747, "11,12": 1.3750246850281926, "12,13": 2.192044727419703}, "1": {"1,2": -1.2309594173407747, "1,3": -1.2309594173407747, "1,4": -1.2309594173407747, "1,5": -1.2309594173407747, "2,3": 2.0290054576712726, "2,5": 2.646617226017659, "2,6": 0.4864610837434562, "2,7": 1.3750246850281926, "3,4": 2.646617226017659, "3,7": 1.3750246850281926, "3,8": 0.4864610837434562, "4,5": 1.0535121689695268, "4,8": -0.12094334263708713, "4,9": 0.7359839897686403, "4,10": 1.2309594173407747, "5,6": -0.12094334263708713, "5,10": 1.2309594173407747, "5,11": 0.7359839897686403, "6,7": -0.1380451603323525, "6,11": 0.4864610837434562, "6,12": -0.1380451603323525, "6,13": 0.503099115629713, "7,8": -0.1380451603323525, "7,13": 2.192044727419703, "8,9": 0.4864610837434562, "8,12": -0.1380451603323525, "8,13": 0.503099115629713, "9,10": 1.2309594173407747, "9,11": 0.11837222142225394, "9,12": 1.3750246850281926, "10,11": 1.2309594173407747, "11,12": 1.3750246850281926, "12,13": 2.192044727419703}, "4": {"1,2": 0.5862727532907877, "1,3": 2.055375096342848, "1,4": 0.5862727532907877, "1,5": 2.055375096342848, "2,3": 0.6286584009615654, "2,5": 1.3854867475440336, "2,6": 0.042307202162382436, "2,7": 1.3610111275436465, "3,4": -0.6775567727670369, "3,7": 0.8002149762834506, "3,8": 1.9504384185250452, "4,5": -2.8567682552612315, "4,8": -1.6522238814409784, "4,9": -0.6775567727670369, "4,10": 0.5862727532907877, "5,6": 0.8364041503276607, "5,10": 2.055375096342848, "5,11": 1.3854867475440336, "6,7": -0.040483202163949385, "6,11": 0.042307202162382436, "6,12": -0.040483202163949385, "6,13": 0.9191768509468691, "7,8": 0.41774449923589496, "7,13": 1.580975242464803, "8,9": 1.9504384185250452, "8,12": 0.41774449923589496, "8,13": 0.9191768509468691, "9,10": 2.055375096342848, "9,11": 0.6286584009615654, "9,12": 0.8002149762834506, "10,11": 0.5862727532907877, "11,12": 1.3610111275436465, "12,13": 1.580975242464803}, "5": {"1,2": 2.055375096342848, "1,3": 0.5862727532907877, "1,4": 2.055375096342848, "1,5": 0.5862727532907877, "2,3": 0.6286584009615654, "2,5": -0.6775567727670369, "2,6": 1.9504384185250452, "2,7": 0.8002149762834506, "3,4": 1.3854867475440336, "3,7": 1.3610111275436465, "3,8": 0.042307202162382436, "4,5": -2.8567682552612315, "4,8": 0.8364041503276607, "4,9": 1.3854867475440336, "4,10": 2.055375096342848, "5,6": -1.6522238814409784, "5,10": 0.5862727532907877, "5,11": -0.6775567727670369, "6,7": 0.41774449923589496, "6,11": 1.9504384185250452, "6,12": 0.41774449923589496, "6,13": 0.9191768509468691, "7,8": -0.040483202163949385, "7,13": 1.580975242464803, "8,9": 0.042307202162382436, "8,12": -0.040483202163949385, "8,13": 0.9191768509468691, "9,10": 0.5862727532907877, "9,11": 0.6286584009615654, "9,12": 1.3610111275436465, "10,11": 2.055375096342848, "11,12": 0.8002149762834506, "12,13": 1.580975242464803}, "6": {"1,2": 1.185987211549914, "1,3": 1.2766581113986766, "1,4": 1.185987211549914, "1,5": 1.2766581113986766, "2,3": 0.050383997593992015, "2,5": 1.1256813057199093, "2,6": 0.10496208455423651, "2,7": 1.7579934487153002, "3,4": 0.7845937229895236, "3,7": 1.478815400726231, "3,8": 0.4333510991870902, "4,5": -0.8019294922327256, "4,8": -0.20186848962448734, "4,9": 0.7845937229895236, "4,10": 1.185987211549914, "5,6": -0.5125042776126366, "5,10": 1.2766581113986766, "5,11": 1.1256813057199093, "6,7": -0.6639300165149123, "6,11": 0.10496208455423651, "6,12": -0.6639300165149123, "6,13": 0.26492973601423253, "7,8": -0.029423538174520526, "7,13": 2.620717276974858, "8,9": 0.4333510991870902, "8,12": -0.029423538174520526, "8,13": 0.26492973601423253, "9,10": 1.2766581113986766, "9,11": 0.050383997593992015, "9,12": 1.478815400726231, "10,11": 1.185987211549914, "11,12": 1.7579934487153002, "12,13": 2.620717276974858}, "7": {"1,2": 1.2309594173407747, "1,3": 1.2309594173407747, "1,4": 1.2309594173407747, "1,5": 1.2309594173407747, "2,3": 1.8214122073518009, "2,5": 0.25061588055690415, "2,6": 2.411864997362827, "2,7": -0.7297276562269663, "3,4": 0.25061588055690415, "3,7": -0.7297276562269663, "3,8": 2.411864997362827, "4,5": -0.8034845184549281, "4,8": 0.3774210615671241, "4,9": 0.25061588055690415, "4,10": 1.2309594173407747, "5,6": 0.3774210615671241, "5,10": 1.2309594173407747, "5,11": 0.25061588055690415, "6,7": -2.0344439357957027, "6,11": 1.1071487177940904, "6,12": 0.7297276562269663, "6,13": 1.8368763740210567, "7,8": -2.0344439357957027, "7,13": 0.7297276562269663, "8,9": 1.1071487177940904, "8,12": 0.7297276562269663, "8,13": 1.8368763740210567, "9,10": 1.2309594173407747, "9,11": 0.5166959277830644, "9,12": 0.7297276562269663, "10,11": 1.2309594173407747, "11,12": 0.7297276562269663, "12,13": 0.7297276562269663}, "8": {"1,2": 1.2766581113986766, "1,3": 1.185987211549914, "1,4": 1.2766581113986766, "1,5": 1.185987211549914, "2,3": 0.050383997593992015, "2,5": 0.7845937229895236, "2,6": 0.4333510991870902, "2,7": 1.478815400726231, "3,4": 1.1256813057199093, "3,7": 1.7579934487153002, "3,8": 0.10496208455423651, "4,5": -0.8019294922327256, "4,8": -0.5125042776126366, "4,9": 1.1256813057199093, "4,10": 1.2766581113986766, "5,6": -0.20186848962448734, "5,10": 1.185987211549914, "5,11": 0.7845937229895236, "6,7": -0.029423538174520526, "6,11": 0.4333510991870902, "6,12": -0.029423538174520526, "6,13": 0.26492973601423253, "7,8": -0.6639300165149123, "7,13": 2.620717276974858, "8,9": 0.10496208455423651, "8,12": -0.6639300165149123, "8,13": 0.26492973601423253, "9,10": 1.185987211549914, "9,11": 0.050383997593992015, "9,12": 1.7579934487153002, "10,11": 1.2766581113986766, "11,12": 1.478815400726231, "12,13": 2.620717276974858}, "10": {"1,2": 1.2309594173407747, "1,3": 1.2309594173407747, "1,4": 1.2309594173407747, "1,5": 1.2309594173407747, "2,3": 0.11837222142225394, "2,5": 0.7359839897686403, "2,6": 0.4864610837434562, "2,7": 1.3750246850281926, "3,4": 0.7359839897686403, "3,7": 1.3750246850281926, "3,8": 0.4864610837434562, "4,5": 1.0535121689695268, "4,8": -0.12094334263708713, "4,9": 2.646617226017659, "4,10": -1.2309594173407747, "5,6": -0.12094334263708713, "5,10": -1.2309594173407747, "5,11": 2.646617226017659, "6,7": -0.1380451603323525, "6,11": 0.4864610837434562, "6,12": -0.1380451603323525, "6,13": 0.503099115629713, "7,8": -0.1380451603323525, "7,13": 2.192044727419703, "8,9": 0.4864610837434562, "8,12": -0.1380451603323525, "8,13": 0.503099115629713, "9,10": -1.2309594173407747, "9,11": 2.0290054576712726, "9,12": 1.3750246850281926, "10,11": -1.2309594173407747, "11,12": 1.3750246850281926, "12,13": 2.192044727419703}, "12": {"1,2": 1.2309594173407747, "1,3": 1.2309594173407747, "1,4": 1.2309594173407747, "1,5": 1.2309594173407747, "2,3": 0.5166959277830644, "2,5": 0.25061588055690415, "2,6": 1.1071487177940904, "2,7": 0.7297276562269663, "3,4": 0.25061588055690415, "3,7": 0.7297276562269663, "3,8": 1.1071487177940904, "4,5": -0.8034845184549281, "4,8": 0.3774210615671241, "4,9": 0.25061588055690415, "4,10": 1.2309594173407747,