{"netcode": "1,2,3;1,3,4;1,4,5;1,5,2;2,5,6;2,6,3;3,6,7;3,7,4;4,7,8;4,8,5;5,8,9;5,9,6;6,9,10;6,10,7;7,10,8;8,10,9", "V": 10, "atlas": {"": {"1,2": 1.565731208658661, "1,3": 0.9313534823020754, "1,4": 1.565731208658661, "1,5": 0.9313534823020754, "2,3": 0.9313534823020754, "2,5": 0.9313534823020754, "2,6": 1.565731208658661, "3,4": 0.3507132752269683, "3,6": 0.3507132752269683, "3,7": 1.268641394859879, "4,5": 0.02608068009000488, "4,7": 0.8691402088729046, "4,8": 1.268641394859879, "5,6": -0.8169788486928948, "5,8": 0.3507132752269683, "5,9": 1.565731208658661, "6,7": 0.02608068009000488, "6,9": 0.9313534823020754, "6,10": 0.9313534823020754, "7,8": 0.3507132752269683, "7,10": 1.565731208658661, "8,9": 0.9313534823020754, "8,10": 0.9313534823020754, "9,10": 1.565731208658661}}, "stats": {"tried": 10, "noconv": 4, "nonemb": 6, "known": 0, "flares": 0, "closed": true}}