{"netcode": "1,2,3;1,3,4;1,4,5;1,5,2;2,5,6;2,6,7;2,7,3;3,7,8;3,8,4;4,8,9;4,9,5;5,9,10;5,10,6;6,10,11;6,11,12;6,12,7;7,12,8;8,12,13;8,13,9;9,13,11;11,13,12;9,11,10", "V": 13, "atlas": {"": {"1,2": 1.2557006034454765, "1,3": 1.2064327631311713, "1,4": 1.2557006034454765, "1,5": 1.2064327631311713, "2,3": 0.2558670609977083, "2,5": 0.47404174010389993, "2,6": 0.7747049479950386, "2,7": 1.0811191654571297, "3,4": 0.5466676582121572, "3,7": 1.1169021017294976, "3,8": 0.700572501471016, "4,5": 0.20216431880360092, "4,8": 0.6882936134111863, "4,9": 1.1735588783262458, "5,6": -0.4576927026131414, "5,9": -0.0947559575834142, "5,10": 1.8082107707905413, "6,7": 0.15467907750213822, "6,10": 0.7496787878817102, "6,11": 0.17915361472692307, "6,12": 0.1816409729116073, "7,8": 0.12440048001474281, "7,12": 1.6397945934588996, "8,9": -0.5748432285408182, "8,12": 0.09834638386259437, "8,13": 1.3158870851521907, "9,10": 0.7496787878817102, "9,11": -0.06893822633632755, "9,13": 1.1485060871556925, "10,11": 1.8082107707905413, "11,12": 1.0500595901771497, "11,13": 1.3158870851521907, "12,13": 1.1485060871556925}, "1": {"1,2": -1.1976815024967158, "1,3": -1.264633488129016, "1,4": -1.1976815024967158, "1,5": -1.264633488129016, "2,3": 2.1638145139283163, "2,5": 2.3950717009423856, "2,6": 0.7379700827518034, "2,7": 1.0696004038275924, "3,4": 2.4521203424381937, "3,7": 1.1353149888270544, "3,8": 0.7311491456095579, "4,5": 2.122535624447143, "4,8": 0.6691866648883318, "4,9": 1.1429973773354658, "5,6": -0.44166619732570017, "5,9": -0.08040012582620304, "5,10": 1.8295525205814747, "6,7": 0.16385158572792513, "6,10": 0.7347976092096561, "6,11": 0.16695812305403637, "6,12": 0.16916974855560482, "7,8": 0.10803611129854768, "7,12": 1.6468536223472579, "8,9": -0.5649968083583408, "8,12": 0.10290790519244176, "8,13": 1.323314153543404, "9,10": 0.7347976092096561, "9,11": -0.07888291928673552, "9,13": 1.141522979663324, "10,11": 1.8295525205814747, "11,12": 1.0635077161531248, "11,13": 1.323314153543404, "12,13": 1.141522979663324}, "5": {"1,2": 2.2111357310704696, "1,3": 0.49181819171998714, "1,4": 2.2111357310704696, "1,5": 0.49181819171998714, "2,3": 0.7722291802362058, "2,5": -0.9884165094040899, "2,6": 2.1500465414131016, "2,7": 0.8653972760449095, "3,4": 1.1941456343188421, "3,7": 1.030618468038682, "3,8": 0.3116845601014869, "4,5": -1.419216981545352, "4,8": 0.8078938925176397, "4,9": 2.5043200571530497, "5,6": -1.6260088218185462, "5,9": -1.1607308659148805, "5,10": 0.9056923316227201, "6,7": 0.3898395214278245, "6,10": 1.5980198658781013, "6,11": 0.791014819186954, "6,12": 0.6957685586677467, "7,8": 0.2698065137915203, "7,12": 1.305964717425823, "8,9": -0.5574847870656512, "8,12": 0.06200281507014134, "8,13": 1.0652820568819448, "9,10": 1.5980198658781013, "9,11": 0.44401357242400097, "9,13": 1.4069187181365101, "10,11": 0.9056923316227201, "11,12": 0.5208464048677228, "11,13": 1.0652820568819448, "12,13": 1.4069187181365101}, "6": {"1,2": 1.1216662099076853, "1,3": 1.3446408405209762, "1,4": 1.1216662099076853, "1,5": 1.3446408405209762, "2,3": 0.1313258028414032, "2,5": 1.0179902968710273, "2,6": 0.2162350143452005, "2,7": 1.5771616497808283, "3,4": 0.5130285232992907, "3,7": 1.2304889319668246, "3,8": 0.7105330963774983, "4,5": 0.38022393579602226, "4,8": 0.7737238238641642, "4,9": 0.9686766898353804, "5,6": -1.2392317214743582, "5,9": 0.2353401437080036, "5,10": 2.394653140210422, "6,7": -0.3819051893476352, "6,10": 0.3869583912137432, "6,11": -0.5252514813946573, "6,12": -0.4973785314317889, "7,8": 0.07497966881381297, "7,12": 2.231057099823026, "8,9": -0.6349319014009606, "8,12": 0.199115077870707, "8,13": 1.3123062635948815, "9,10": 0.3869583912137432, "9,11": 0.057992563895454007, "9,13": 1.1518855524966651, "10,11": 2.394653140210422, "11,12": 1.6777064159453385, "11,13": 1.3123062635948815, "12,13": 1.1518855524966651}, "8": {"1,2": 1.3414895622712302, "1,3": 1.1245822408528527, "1,4": 1.3414895622712302, "1,5": 1.1245822408528527, "2,3": 0.11480560631097256, "2,5": 0.5423347514283802, "2,6": 0.6787239006849619, "2,7": 1.262656045181906, "3,4": 1.3740697503074646, "3,7": 1.9415719493018349, "3,8": -0.14032328006105005, "4,5": -0.10201518510121249, "4,8": -0.14188364401337206, "4,9": 2.158893044578672, "5,6": -0.4918061672363909, "5,9": 0.2414425050568488, "5,10": 1.4536230009363726, "6,7": 0.37412086732836036, "6,10": 1.02448781664556, "6,11": 0.03696915522444793, "6,12": 0.21082469484606692, "7,8": -0.9561888562372918, "7,12": 2.508077882669386, "8,9": -1.663855214259283, "8,12": -0.7909632352626469, "8,13": 0.7280352797477619, "9,10": 1.02448781664556, "9,11": 0.4879198086779474, "9,13": 1.839327104230186, "10,11": 1.4536230009363726, "11,12": 1.3151909246716498, "11,13": 0.7280352797477619, "12,13": 1.839327104230186}, "9": {"1,2": 1.0587663213365786, "1,3": 1.4142838776900852, "1,4": 1.0587663213365786, "1,5": 1.4142838776900852, "2,3": 0.3164791508401878, "2,5": 0.7061916772614406, "2,6": 0.5580142416134422, "2,7": 1.1453467782645004, "3,4": 0.21424080023457684, "3,7": 0.9281434373109592, "3,8": 1.0628081467038493, "4,5": 0.9415130233587385, "4,8": 1.4249403953802173, "4,9": 0.30367596020043525, "5,6": -0.1494307917726631, "5,9": -1.1721944952471601, "5,10": 2.774828155667293, "6,7": 0.13068710922516122, "6,10": 0.18493703349543536, "6,11": 0.5031193176999005, "6,12": -0.09308606344172628, "7,8": 0.30222946215090235, "7,12": 1.5035200853385862, "8,9": -1.494958506143034, "8,12": 0.6165772147899581, "8,13": 2.03068447867451, "9,10": 0.18493703349543536, "9,11": -1.391397506127875, "9,13": 0.601790372279833, "10,11": 2.774828155667293, "11,12": 1.512066476201422, "11,13": 2.03068447867451, "12,13": 0.601790372279833}, "5,11": {"1,2": 2.064329865050445, "1,3": 0.5806842019165275, "1,4": 2.064329865050445, "1,5": 0.5806842019165275, "2,3": 0.6347423910552573, "2,5": -0.6925137872017602, "2,6": 1.961168802264953, "2,7": 0.8029415397783287, "3,4": 1.3790880124676577, "3,7": 1.3478694239258855, "3,8": 0.05214771758567412, "4,5": -1.3214423689556267, "4,8": 0.55829764646174, "4,9": 2.656429173952688, "5,6": -0.9336870806958205, "5,9": -0.3310350748573478, "5,10": 0.10709463800916058, "6,7": 0.4146872741892599, "6,10": 2.9280140275864195, "6,11": -1.3488980177155268, "6,12": 2.0060729290265304, "7,8": -0.028445276908474586, "7,12": 1.571108659773476, "8,9": -0.1370309946800828, "8,12": 0.45139962811059997, "8,13": 0.1581350856718173, "9,10": 2.9280140275864195, "9,11": -2.1809381006248953, "9,13": 2.827275339106435, "10,11": 0.10709463800916058, "11,12": -1.3897455103056542, "11,13": 0.1581350856718173, "12,13": 2.827275339106435}}, "stats": {"tried": 91, "noconv": 37, "nonemb": 42, "known": 6, "flares": 0, "closed": true}}