{"netcode": "1,2,3;1,3,4;1,4,5;1,5,2;2,5,6;2,6,7;2,7,3;3,7,8;3,8,4;4,8,9;4,9,5;5,9,10;5,10,6;6,10,11;6,11,7;7,11,8;8,11,12;8,12,9;9,12,10;10,12,11", "V": 12, "atlas": {"": {"1,2": 1.6037328481147717, "1,3": 0.901202953567741, "1,4": 1.6037328481147717, "1,5": 0.901202953567741, "2,3": 0.41103317447705096, "2,5": -0.05806266772349742, "2,6": 1.3754341751208596, "2,7": 0.8080356696256944, "3,4": 0.8653281898017439, "3,7": 1.1532806930403736, "3,8": 0.4357400132638889, "4,5": -0.31546200830523025, "4,8": 0.4028111973584721, "4,9": 1.872528526539216, "5,6": 0.16559270742567522, "5,9": 0.4028111973584721, "5,10": 0.4357400132638889, "6,7": 0.42298644141014413, "6,10": 1.1532806930403736, "6,11": 0.8080356696256944, "7,8": 0.16559270742567522, "7,11": 1.3754341751208596, "8,9": -0.31546200830523025, "8,11": -0.05806266772349742, "8,12": 0.901202953567741, "9,10": 0.8653281898017439, "9,12": 1.6037328481147717, "10,11": 0.41103317447705096, "10,12": 0.901202953567741, "11,12": 1.6037328481147717}, "5": {"1,2": 2.080745454450094, "1,3": 0.5704926442194693, "1,4": 2.080745454450094, "1,5": 0.5704926442194693, "2,3": 0.683722176653339, "2,5": -0.7499803314226893, "2,6": 2.015628802160266, "2,7": 0.7886998672712495, "3,4": 1.166741046417062, "3,7": 1.1007307005783538, "3,8": 0.2831206758206797, "4,5": -1.1437292060991529, "4,8": 0.6041419329054947, "4,9": 2.4642937493341144, "5,6": -0.49884459998624775, "5,9": -0.12006938423512961, "5,10": -0.153793740722768, "6,7": 0.4539618384367096, "6,10": 1.760271250410301, "6,11": 0.8847266606029778, "7,8": 0.22856122933816586, "7,11": 1.2946574965410396, "8,9": -0.41831716170002725, "8,11": -0.005175194718609355, "8,12": 0.8969706710915227, "9,10": 1.4379477157165002, "9,12": 1.6091362959373638, "10,11": 0.3353959574478446, "10,12": 0.8969706710915227, "11,12": 1.6091362959373638}, "8": {"1,2": 1.6091362959373638, "1,3": 0.8969706710915227, "1,4": 1.6091362959373638, "1,5": 0.8969706710915227, "2,3": 0.3353959574478446, "2,5": -0.005175194718609355, "2,6": 1.2946574965410396, "2,7": 0.8847266606029778, "3,4": 1.4379477157165002, "3,7": 1.760271250410301, "3,8": -0.153793740722768, "4,5": -0.41831716170002725, "4,8": -0.12006938423512961, "4,9": 2.4642937493341144, "5,6": 0.22856122933816586, "5,9": 0.6041419329054947, "5,10": 0.2831206758206797, "6,7": 0.4539618384367096, "6,10": 1.1007307005783538, "6,11": 0.7886998672712495, "7,8": -0.49884459998624775, "7,11": 2.015628802160266, "8,9": -1.1437292060991529, "8,11": -0.7499803314226893, "8,12": 0.5704926442194693, "9,10": 1.166741046417062, "9,12": 2.080745454450094, "10,11": 0.683722176653339, "10,12": 0.5704926442194693, "11,12": 2.080745454450094}}, "stats": {"tried": 36, "noconv": 18, "nonemb": 14, "known": 2, "flares": 0, "closed": true}}