{"netcode": "1,2,3;1,3,4;1,4,5;1,5,2;2,5,6;2,6,7;2,7,3;3,7,8;3,8,9;3,9,4;4,9,10;4,10,11;4,11,5;5,11,12;5,12,6;6,12,13;6,13,7;7,13,8;8,13,10;10,13,12;10,12,11;8,10,9", "V": 13, "atlas": {"": {"1,2": 1.6982392590492497, "1,3": 0.8290462263229034, "1,4": 1.6982392590492497, "1,5": 0.8290462263229034, "2,3": 0.10857733436652411, "2,5": 0.10857733436652411, "2,6": 1.1268429073821973, "2,7": 1.1268429073821973, "3,4": -0.4821599514952192, "3,7": 0.28883629560205276, "3,8": 0.10857733436652411, "3,9": 0.8290462263229034, "4,5": -0.4821599514952192, "4,9": 1.6982392590492497, "4,10": -0.4821599514952192, "4,11": 1.6982392590492497, "5,6": 0.28883629560205276, "5,11": 0.8290462263229034, "5,12": 0.10857733436652411, "6,7": 0.627757632320072, "6,12": 1.1268429073821973, "6,13": 0.627757632320072, "7,8": 1.1268429073821973, "7,13": 0.627757632320072, "8,9": 1.6982392590492497, "8,10": 0.10857733436652411, "8,13": 1.1268429073821973, "9,10": 0.8290462263229034, "10,11": 0.8290462263229034, "10,12": 0.10857733436652411, "10,13": 0.28883629560205276, "11,12": 1.6982392590492497, "12,13": 1.1268429073821973}, "1": {"1,2": -0.9019955793503573, "1,3": -1.6027227897689307, "1,4": -0.9019955793503573, "1,5": -1.6027227897689307, "2,3": 2.1355373325293874, "2,5": 2.1355373325293874, "2,6": 0.787086756170358, "2,7": 0.787086756170358, "3,4": 1.4420016747784588, "3,7": 0.6169642103268927, "3,8": 0.37869230768848616, "3,9": 1.1032481079371825, "4,5": 1.4420016747784588, "4,9": 1.3647009358021516, "4,10": -0.6959900216651826, "4,11": 1.3647009358021516, "5,6": 0.6169642103268927, "5,11": 1.1032481079371825, "5,12": 0.37869230768848616, "6,7": 0.7599313864460245, "6,12": 0.8632272679642918, "6,13": 0.6342250414613264, "7,8": 0.8632272679642918, "7,13": 0.6342250414613264, "8,9": 1.3647009358021516, "8,10": 0.21372559474760033, "8,13": 1.0851847459251074, "9,10": 1.1032481079371825, "10,11": 1.1032481079371825, "10,12": 0.21372559474760033, "10,13": 0.33161296817734043, "11,12": 1.3647009358021516, "12,13": 1.0851847459251074}, "2": {"1,2": 0.4382972741288645, "1,3": 2.3034630517832175, "1,4": 0.4382972741288645, "1,5": 2.3034630517832175, "2,3": -1.8219128752217486, "2,5": -1.8219128752217486, "2,6": -0.6538464380278866, "2,7": -0.6538464380278866, "3,4": 0.20540841891032402, "3,7": 1.9430968122531775, "3,8": 0.4739504423246994, "3,9": 1.2166248249075573, "4,5": 0.20540841891032402, "4,9": 1.2453670269130641, "4,10": -0.7978401372998102, "4,11": 1.2453670269130641, "5,6": 1.9430968122531775, "5,11": 1.2166248249075573, "5,12": 0.4739504423246994, "6,7": 2.0289105669711383, "6,12": 0.777857427487701, "6,13": 0.6370228764229052, "7,8": 0.777857427487701, "7,13": 0.6370228764229052, "8,9": 1.2453670269130641, "8,10": 0.26754372610247185, "8,13": 1.068775691282535, "9,10": 1.2166248249075573, "10,11": 1.2166248249075573, "10,12": 0.26754372610247185, "10,13": 0.34861255769015126, "11,12": 1.2453670269130641, "12,13": 1.068775691282535}, "3": {"1,2": 2.3822872975288636, "1,3": 0.3938391511494441, "1,4": 2.3822872975288636, "1,5": 0.3938391511494441, "2,3": -0.6579807990691364, "2,5": 0.20805309803817787, "2,6": 1.2306123006367093, "2,7": 1.7760402058164217, "3,4": -1.4066930764646426, "3,7": -0.38343745099261056, "3,8": -0.6579807990691364, "3,9": 0.3938391511494441, "4,5": -0.269837148352019, "4,9": 2.3822872975288636, "4,10": -0.269837148352019, "4,11": 1.9768657034634232, "5,6": 0.16764406625473516, "5,11": 0.636188752810207, "5,12": -0.03293360904665191, "6,7": 0.6431493610435677, "6,12": 1.264267356647069, "6,13": 0.5850563317038311, "7,8": 1.7760402058164217, "7,13": 0.6431493610435677, "8,9": 2.3822872975288636, "8,10": 0.20805309803817787, "8,13": 1.2306123006367093, "9,10": 0.3938391511494441, "10,11": 0.636188752810207, "10,12": -0.03293360904665191, "10,13": 0.16764406625473516, "11,12": 1.9768657034634232, "12,13": 1.264267356647069}, "4": {"1,2": 0.613797946607545, "1,3": 2.0117545807956416, "1,4": 0.613797946607545, "1,5": 2.0117545807956416, "2,3": 0.8264465871016267, "2,5": 0.8264465871016267, "2,6": 0.6959986401183933, "2,7": 0.6959986401183933, "3,4": -2.0940011254509137, "3,7": 0.7718941808339332, "3,8": 0.8264465871016267, "3,9": 2.0117545807956416, "4,5": -2.0940011254509137, "4,9": 0.613797946607545, "4,10": -2.0940011254509137, "4,11": 0.613797946607545, "5,6": 0.7718941808339332, "5,11": 2.0117545807956416, "5,12": 0.8264465871016267, "6,7": 0.7430181116195101, "6,12": 0.6959986401183933, "6,13": 0.7430181116195101, "7,8": 0.6959986401183933, "7,13": 0.7430181116195101, "8,9": 0.613797946607545, "8,10": 0.8264465871016267, "8,13": 0.6959986401183933, "9,10": 2.0117545807956416, "10,11": 2.0117545807956416, "10,12": 0.8264465871016267, "10,13": 0.7718941808339332, "11,12": 0.613797946607545, "12,13": 0.6959986401183933}, "5": {"1,2": 2.3822872975288636, "1,3": 0.3938391511494441, "1,4": 2.3822872975288636, "1,5": 0.3938391511494441, "2,3": 0.20805309803817787, "2,5": -0.6579807990691364, "2,6": 1.7760402058164217, "2,7": 1.2306123006367093, "3,4": -0.269837148352019, "3,7": 0.16764406625473516, "3,8": -0.03293360904665191, "3,9": 0.636188752810207, "4,5": -1.4066930764646426, "4,9": 1.9768657034634232, "4,10": -0.269837148352019, "4,11": 2.3822872975288636, "5,6": -0.38343745099261056, "5,11": 0.3938391511494441, "5,12": -0.6579807990691364, "6,7": 0.6431493610435677, "6,12": 1.7760402058164217, "6,13": 0.6431493610435677, "7,8": 1.264267356647069, "7,13": 0.5850563317038311, "8,9": 1.9768657034634232, "8,10": -0.03293360904665191, "8,13": 1.264267356647069, "9,10": 0.636188752810207, "10,11": 0.3938391511494441, "10,12": 0.20805309803817787, "10,13": 0.16764406625473516, "11,12": 2.3822872975288636, "12,13": 1.2306123006367093}, "6": {"1,2": 1.385602122791377, "1,3": 1.0843190540077303, "1,4": 1.385602122791377, "1,5": 1.0843190540077303, "2,3": -0.08947246053126344, "2,5": 1.5605535222707707, "2,6": -0.3589646288161485, "2,7": 2.3717917222183846, "3,4": -0.5158462023528456, "3,7": 0.4970827276948856, "3,8": 0.1319358222306811, "3,9": 0.8623703438778668, "4,5": -0.1780287095178557, "4,9": 1.6539596173271345, "4,10": -0.5158462023528456, "4,11": 1.385602122791377, "5,6": -1.2552112678868208, "5,11": 1.0843190540077303, "5,12": 1.5605535222707707, "6,7": -0.925640887675601, "6,12": -0.3589646288161485, "6,13": -0.925640887675601, "7,8": 1.1056920697365136, "7,13": 1.9826808969420953, "8,9": 1.6539596173271345, "8,10": 0.1319358222306811, "8,13": 1.1056920697365136, "9,10": 0.8623703438778668, "10,11": 1.0843190540077303, "10,12": -0.08947246053126344, "10,13": 0.4970827276948856, "11,12": 1.385602122791377, "12,13": 2.3717917222183846}, "7": {"1,2": 1.385602122791377, "1,3": 1.0843190540077303, "1,4": 1.385602122791377, "1,5": 1.0843190540077303, "2,3": 1.5605535222707707, "2,5": -0.08947246053126344, "2,6": 2.3717917222183846, "2,7": -0.3589646288161485, "3,4": -0.1780287095178557, "3,7": -1.2552112678868208, "3,8": 1.5605535222707707, "3,9": 1.0843190540077303, "4,5": -0.5158462023528456, "4,9": 1.385602122791377, "4,10": -0.5158462023528456, "4,11": 1.6539596173271345, "5,6": 0.4970827276948856, "5,11": 0.8623703438778668, "5,12": 0.1319358222306811, "6,7": -0.925640887675601, "6,12": 1.1056920697365136, "6,13": 1.9826808969420953, "7,8": -0.3589646288161485, "7,13": -0.925640887675601, "8,9": 1.385602122791377, "8,10": -0.08947246053126344, "8,13": 2.3717917222183846, "9,10": 1.0843190540077303, "10,11": 0.8623703438778668, "10,12": 0.1319358222306811, "10,13": 0.4970827276948856, "11,12": 1.6539596173271345, "12,13": 1.1056920697365136}, "8": {"1,2": 1.2453670269130641, "1,3": 1.2166248249075573, "1,4": 1.2453670269130641, "1,5": 1.2166248249075573, "2,3": 0.4739504423246994, "2,5": 0.26754372610247185, "2,6": 1.068775691282535, "2,7": 0.777857427487701, "3,4": 0.20540841891032402, "3,7": 1.9430968122531775, "3,8": -1.8219128752217486, "3,9": 2.3034630517832175, "4,5": -0.7978401372998102, "4,9": 0.4382972741288645, "4,10": 0.20540841891032402,