{"netcode": "1,2,3;1,3,4;1,4,5;1,5,2;2,5,6;2,6,7;2,7,3;3,7,8;3,8,9;3,9,4;4,9,10;4,10,5;5,10,11;5,11,6;6,11,7;7,11,12;7,12,8;8,12,10;10,12,11;8,10,9", "V": 12, "atlas": {"": {"1,2": 1.8070206530559345, "1,3": 0.7505133965865947, "1,4": 1.8070206530559345, "1,5": 0.7505133965865947, "2,3": 0.6501895965374328, "2,5": -0.4202529066812627, "2,6": 1.8070206530559345, "2,7": 0.6501895965374328, "3,4": -0.4202529066812627, "3,7": -0.2984633551398473, "3,8": 0.6501895965374328, "3,9": 0.7505133965865947, "4,5": 0.6501895965374328, "4,9": 1.8070206530559345, "4,10": 0.6501895965374328, "5,6": 0.7505133965865947, "5,10": -0.2984633551398473, "5,11": 0.6501895965374328, "6,7": 0.7505133965865947, "6,11": 1.8070206530559345, "7,8": 0.6501895965374328, "7,11": -0.4202529066812627, "7,12": 0.7505133965865947, "8,9": 1.8070206530559345, "8,10": -0.4202529066812627, "8,12": 1.8070206530559345, "9,10": 0.7505133965865947, "10,11": 0.6501895965374328, "10,12": 0.7505133965865947, "11,12": 1.8070206530559345}, "1": {"1,2": -0.48982074667411846, "1,3": -2.214529630386756, "1,4": -0.48982074667411846, "1,5": -2.214529630386756, "2,3": 2.6261120606229906, "2,5": 1.6742939306274367, "2,6": 1.549905151327386, "2,7": -0.20731816299185785, "3,4": 1.6742939306274367, "3,7": 0.4572568361624596, "3,8": 1.1101711334576292, "3,9": 0.9441137839975006, "4,5": 2.6261120606229906, "4,9": 1.549905151327386, "4,10": -0.20731816299185785, "5,6": 0.9441137839975006, "5,10": 0.4572568361624596, "5,11": 1.1101711334576292, "6,7": 0.9441137839975006, "6,11": 1.549905151327386, "7,8": 0.17356218862525782, "7,11": -0.33126887959735907, "7,12": 0.5680544050263998, "8,9": 1.549905151327386, "8,10": -0.33126887959735907, "8,12": 2.0846890357769845, "9,10": 0.9441137839975006, "10,11": 0.17356218862525782, "10,12": 0.5680544050263998, "11,12": 2.0846890357769845}, "6": {"1,2": 1.549905151327386, "1,3": 0.9441137839975006, "1,4": 1.549905151327386, "1,5": 0.9441137839975006, "2,3": -0.20731816299185785, "2,5": 1.6742939306274367, "2,6": -0.48982074667411846, "2,7": 2.6261120606229906, "3,4": -0.33126887959735907, "3,7": 0.4572568361624596, "3,8": 0.17356218862525782, "3,9": 0.5680544050263998, "4,5": 1.1101711334576292, "4,9": 2.0846890357769845, "4,10": 0.17356218862525782, "5,6": -2.214529630386756, "5,10": 0.4572568361624596, "5,11": 2.6261120606229906, "6,7": -2.214529630386756, "6,11": -0.48982074667411846, "7,8": 1.1101711334576292, "7,11": 1.6742939306274367, "7,12": 0.9441137839975006, "8,9": 2.0846890357769845, "8,10": -0.33126887959735907, "8,12": 1.549905151327386, "9,10": 0.5680544050263998, "10,11": -0.20731816299185785, "10,12": 0.9441137839975006, "11,12": 1.549905151327386}, "9": {"1,2": 1.549905151327386, "1,3": 0.9441137839975006, "1,4": 1.549905151327386, "1,5": 0.9441137839975006, "2,3": 1.1101711334576292, "2,5": -0.33126887959735907, "2,6": 2.0846890357769845, "2,7": 0.17356218862525782, "3,4": 1.6742939306274367, "3,7": 0.4572568361624596, "3,8": 2.6261120606229906, "3,9": -2.214529630386756, "4,5": -0.20731816299185785, "4,9": -0.48982074667411846, "4,10": 2.6261120606229906, "5,6": 0.5680544050263998, "5,10": 0.4572568361624596, "5,11": 0.17356218862525782, "6,7": 0.5680544050263998, "6,11": 2.0846890357769845, "7,8": -0.20731816299185785, "7,11": -0.33126887959735907, "7,12": 0.9441137839975006, "8,9": -0.48982074667411846, "8,10": 1.6742939306274367, "8,12": 1.549905151327386, "9,10": -2.214529630386756, "10,11": 1.1101711334576292, "10,12": 0.9441137839975006, "11,12": 1.549905151327386}, "12": {"1,2": 2.0846890357769845, "1,3": 0.5680544050263998, "1,4": 2.0846890357769845, "1,5": 0.5680544050263998, "2,3": 0.17356218862525782, "2,5": -0.33126887959735907, "2,6": 1.549905151327386, "2,7": 1.1101711334576292, "3,4": -0.33126887959735907, "3,7": 0.4572568361624596, "3,8": -0.20731816299185785, "3,9": 0.9441137839975006, "4,5": 0.17356218862525782, "4,9": 1.549905151327386, "4,10": 1.1101711334576292, "5,6": 0.9441137839975006, "5,10": 0.4572568361624596, "5,11": -0.20731816299185785, "6,7": 0.9441137839975006, "6,11": 1.549905151327386, "7,8": 2.6261120606229906, "7,11": 1.6742939306274367, "7,12": -2.214529630386756, "8,9": 1.549905151327386, "8,10": 1.6742939306274367, "8,12": -0.48982074667411846, "9,10": 0.9441137839975006, "10,11": 2.6261120606229906, "10,12": -2.214529630386756, "11,12": -0.48982074667411846}}, "stats": {"tried": 60, "noconv": 24, "nonemb": 28, "known": 4, "flares": 0, "closed": true}}