{"netcode": "1,2,3;1,3,4;1,4,5;1,5,2;2,5,6;2,6,7;2,7,3;3,7,8;3,8,4;4,8,9;4,9,10;4,10,5;5,10,11;5,11,6;6,11,12;6,12,13;6,13,7;7,13,8;8,13,12;8,12,9;9,12,10;10,12,11", "V": 13, "atlas": {"": {"1,2": 1.2309594173407747, "1,3": 1.2309594173407747, "1,4": 1.2309594173407747, "1,5": 1.2309594173407747, "2,3": 0.26615132050218293, "2,5": 0.4962743870967006, "2,6": 0.7545949880782687, "2,7": 1.080764439329991, "3,4": 0.4962743870967006, "3,7": 1.080764439329991, "3,8": 0.7545949880782687, "4,5": -0.46595520302975485, "4,8": -0.3135070383354561, "4,9": 1.1097832239024956, "4,10": 0.6078356222820606, "5,6": -0.3135070383354561, "5,10": 0.6078356222820606, "5,11": 1.1097832239024956, "6,7": 0.16015923929456374, "6,11": 1.3575522014567158, "6,12": -0.5039143274314143, "6,13": 0.9031855530097476, "7,8": 0.16015923929456374, "7,13": 1.601207509742984, "8,9": 1.3575522014567158, "8,12": -0.5039143274314143, "8,13": 0.9031855530097476, "9,10": 1.3575522014567158, "9,12": 1.1097832239024956, "10,11": 1.3575522014567158, "10,12": 0.05774190473856185, "11,12": 1.1097832239024956, "12,13": 1.601207509742984}, "1": {"1,2": -1.2309594173407747, "1,3": -1.2309594173407747, "1,4": -1.2309594173407747, "1,5": -1.2309594173407747, "2,3": 2.1767845567512016, "2,5": 2.406907623345719, "2,6": 0.7545949880782687, "2,7": 1.080764439329991, "3,4": 2.406907623345719, "3,7": 1.080764439329991, "3,8": 0.7545949880782687, "4,5": 1.4446780332192637, "4,8": -0.3135070383354561, "4,9": 1.1097832239024956, "4,10": 0.6078356222820606, "5,6": -0.3135070383354561, "5,10": 0.6078356222820606, "5,11": 1.1097832239024956, "6,7": 0.16015923929456374, "6,11": 1.3575522014567158, "6,12": -0.5039143274314143, "6,13": 0.9031855530097476, "7,8": 0.16015923929456374, "7,13": 1.601207509742984, "8,9": 1.3575522014567158, "8,12": -0.5039143274314143, "8,13": 0.9031855530097476, "9,10": 1.3575522014567158, "9,12": 1.1097832239024956, "10,11": 1.3575522014567158, "10,12": 0.05774190473856185, "11,12": 1.1097832239024956, "12,13": 1.601207509742984}, "4": {"1,2": 0.6066341879760606, "1,3": 2.023029753176224, "1,4": 0.6066341879760606, "1,5": 2.023029753176224, "2,3": 0.6605691120461213, "2,5": 1.1052405880328007, "2,6": 0.3274962970617051, "2,7": 1.0736815685222911, "3,4": -0.6647818599892409, "3,7": 0.7603173431559908, "3,8": 1.96212122181524, "4,5": -1.9875839711221719, "4,8": -1.8760976470673205, "4,9": 0.4275080674055517, "4,10": -0.5895059726819604, "5,6": 0.3017864524101161, "5,10": 1.7360157299703698, "5,11": 1.2632320211292216, "6,7": 0.27089393881664137, "6,11": 1.1990508617530893, "6,12": -0.8025606888025659, "6,13": 1.2321604866231115, "7,8": 0.4919264855786982, "7,13": 1.2297588578664933, "8,9": 2.322418497722341, "8,12": 0.2315384701357943, "8,13": 1.2321604866231115, "9,10": 2.322418497722341, "9,12": 0.4275080674055517, "10,11": 1.1990508617530893, "10,12": 0.20000690949566619, "11,12": 1.2632320211292216, "12,13": 1.2297588578664933}, "5": {"1,2": 2.023029753176224, "1,3": 0.6066341879760606, "1,4": 2.023029753176224, "1,5": 0.6066341879760606, "2,3": 0.6605691120461213, "2,5": -0.6647818599892409, "2,6": 1.96212122181524, "2,7": 0.7603173431559908, "3,4": 1.1052405880328007, "3,7": 1.0736815685222911, "3,8": 0.3274962970617051, "4,5": -1.9875839711221719, "4,8": 0.3017864524101161, "4,9": 1.2632320211292216, "4,10": 1.7360157299703698, "5,6": -1.8760976470673205, "5,10": -0.5895059726819604, "5,11": 0.4275080674055517, "6,7": 0.4919264855786982, "6,11": 2.322418497722341, "6,12": 0.2315384701357943, "6,13": 1.2321604866231115, "7,8": 0.27089393881664137, "7,13": 1.2297588578664933, "8,9": 1.1990508617530893, "8,12": -0.8025606888025659, "8,13": 1.2321604866231115, "9,10": 1.1990508617530893, "9,12": 1.2632320211292216, "10,11": 2.322418497722341, "10,12": 0.20000690949566619, "11,12": 0.4275080674055517, "12,13": 1.2297588578664933}, "6": {"1,2": 1.1312301936163756, "1,3": 1.3343303284204155, "1,4": 1.1312301936163756, "1,5": 1.3343303284204155, "2,3": 0.10884906088517027, "2,5": 1.3765563023920886, "2,6": -0.14373341052474733, "2,7": 1.9507726096319462, "3,4": 0.5629127499520334, "3,7": 1.2797938910488775, "3,8": 0.6572560644820954, "4,5": -0.21527139938398118, "4,8": -0.4760919475282529, "4,9": 1.345128491238244, "4,10": 0.3675702381434694, "5,6": -1.2730815861137341, "5,10": 0.9898344606947671, "5,11": 1.8036057363433398, "6,7": -0.9847596882801344, "6,11": 0.7529110418501139, "6,12": -1.7060880760847814, "6,13": 0.31364899406878355, "7,8": 0.3793698231829329, "7,13": 2.5290050718034696, "8,9": 1.1212155176579046, "8,12": -0.07697429355156075, "8,13": 0.31364899406878355, "9,10": 1.1212155176579046, "9,12": 1.345128491238244, "10,11": 0.7529110418501139, "10,12": 0.5288773359708979, "11,12": 1.8036057363433398, "12,13": 2.5290050718034696}, "7": {"1,2": 1.2309594173407747, "1,3": 1.2309594173407747, "1,4": 1.2309594173407747, "1,5": 1.2309594173407747, "2,3": 1.7679117158856772, "2,5": 0.20064003560785867, "2,6": 2.377166563736488, "2,7": -0.6456188838690026, "3,4": 0.20064003560785867, "3,7": -0.6456188838690026, "3,8": 2.377166563736488, "4,5": -0.5369522985449026, "4,8": 0.0, "4,9": 0.7644260898533051, "4,10": 0.6456188838690026, "5,6": 0.0, "5,10": 0.6456188838690026, "5,11": 0.7644260898533051, "6,7": -1.7872881750511915, "6,11": 1.7872881750511915, "6,12": 0.0, "6,13": 2.377166563736488, "7,8": -1.7872881750511915, "7,13": 0.39669564961246717, "8,9": 1.7872881750511915, "8,12": 0.0, "8,13": 2.377166563736488, "9,10": 1.7872881750511915, "9,12": 0.7644260898533051, "10,11": 1.7872881750511915, "10,12": -0.39669564961246717, "11,12": 0.7644260898533051, "12,13": 0.39669564961246717}, "8": {"1,2": 1.3343303284204155, "1,3": 1.1312301936163756, "1,4": 1.3343303284204155, "1,5": 1.1312301936163756, "2,3": 0.10884906088517027, "2,5": 0.5629127499520334, "2,6": 0.6572560644820954, "2,7": 1.2797938910488775, "3,4": 1.3765563023920886, "3,7": 1.9507726096319462, "3,8": -0.14373341052474733, "4,5": -0.21527139938398118, "4,8": -1.2730815861137341, "4,9": 1.8036057363433398, "4,10": 0.9898344606947671, "5,6": -0.4760919475282529, "5,10": 0.3675702381434694, "5,11": 1.345128491238244, "6,7": 0.3793698231829329, "6,11": 1.1212155176579046, "6,12": -0.07697429355156075, "6,13": 0.31364899406878355, "7,8": -0.9847596882801344, "7,13": 2.5290050718034696, "8,9": 0.7529110418501139, "8,12": -1.7060880760847814, "8,13": 0.31364899406878355, "9,10": 0.7529110418501139, "9,12": 1.8036057363433398, "10,11": 1.1212155176579046, "10,12": 0.5288773359708979, "11,12": 1.345128491238244, "12,13": 2.5290050718034696}, "10": {"1,2": 1.2309594173407747, "1,3": 1.2309594173407747, "1,4": 1.2309594173407747, "1,5": 1.2309594173407747, "2,3": 0.08800304232972317, "2,5": 0.8047637359198114, "2,6": 0.41638470942758055, "2,7": 1.454464337067083, "3,4": 0.8047637359198114, "3,7": 1.454464337067083, "3,8": 0.41638470942758055, "4,5": 1.1429563750110514, "4,8": 0.0, "4,9": 2.7252079441622126, "4,10": -1.454464337067083, "5,6": 0.0, "5,10": -1.454464337067083, "5,11": 2.7252079441622126, "6,7": -0.2104729704063005, "6,11": 0.2104729704063005, "6,12": 0.0, "6,13": 0.41638470942758055, "7,8": -0.2104729704063005, "7,13": 2.342078658278344, "8,9": 0.2104729704063005, "8,12": 0.0, "8,13": 0.41638470942758055, "9,10": 0.2104729704063005, "9,12": 2.7252079441622126, "10,11": 0.2104729704063005, "10,12": -2.342078658278344, "11,12": 2.7252079441622126, "12,13": 2.342078658278344}, "12": {"1,2": 1.2309594173407747, "1,3": 1.2309594173407747, "1,4": 1.2309594173407747, "1,5": 1.2309594173407747, "2,3": 0.505143731472984, "2,5": 0.25932623307199676, "2,6": 1.0922604653853376, "2,7": 0.7437353416973091, "3,4": 0.25932623307199676, "3,7": 0.7437353416973091, "3,8": 1.0922604653853376, "4,5": -0.7698585678478063, "4,8": 0.26050648924550834, "4,9": 0.3783810726381342, "4,10": 1.1035821649126514, "5,6": 0.26050648924550834, "5,10": 1.1035821649126514, "5,11": 0.3783810726381342, "6,7": 0.694235877483775, "6,11": 2.4101287380305605,