{"netcode": "1,2,3;1,3,4;1,4,5;1,5,2;2,5,6;2,6,7;2,7,3;3,7,8;3,8,4;4,8,9;4,9,10;4,10,5;5,10,11;5,11,6;6,11,12;6,12,7;7,12,13;7,13,8;8,13,9;9,13,10;10,13,11;11,13,12", "V": 13, "atlas": {"": {"1,2": 1.3629569289575973, "1,3": 1.1048395290514625, "1,4": 1.3629569289575973, "1,5": 1.1048395290514625, "2,3": 0.8933615589919891, "2,5": -0.07651015078365858, "2,6": 1.685555935460476, "2,7": 0.33001050750612176, "3,4": 0.18274601719448552, "3,7": 0.3436789345332472, "3,8": 1.4208445319160432, "4,5": -0.4800167392887172, "4,8": -0.04405914518335726, "4,9": 0.9834843521240637, "4,10": 0.5373853058757875, "5,6": 0.33001050750612176, "5,10": 0.6780262849480944, "5,11": 0.3436789345332472, "6,7": -0.07651015078365858, "6,11": 0.8933615589919891, "6,12": 1.3629569289575973, "7,8": 0.6780262849480944, "7,12": 1.1048395290514625, "7,13": -0.4800167392887172, "8,9": 1.502018709867393, "8,13": 0.5373853058757875, "9,10": 1.502018709867393, "9,13": 0.9834843521240637, "10,11": 1.4208445319160432, "10,13": -0.04405914518335726, "11,12": 1.1048395290514625, "11,13": 0.18274601719448552, "12,13": 1.3629569289575973}, "2": {"1,2": 0.16502741840401294, "1,3": 2.813754883804215, "1,4": 0.16502741840401294, "1,5": 2.813754883804215, "2,3": -1.3906729589648472, "2,5": -2.113333463941591, "2,6": 0.03379057912352138, "2,7": -1.278909691804222, "3,4": 0.4651060267778451, "3,7": 2.0123272363816875, "3,8": 1.555941468976475, "4,5": 0.20983978347013998, "4,8": -0.2999585180268212, "4,9": 0.6621426795101683, "4,10": -0.030870956568455142, "5,6": 1.5974502484866366, "5,10": 1.261665662260074, "5,11": 0.9205951260762733, "6,7": 1.2446662209563615, "6,11": 0.3022607045707557, "6,12": 0.9198167571707418, "7,8": 0.9642231843554492, "7,12": 1.580170667681314, "7,13": -0.2642324464686291, "8,9": 1.9370930920819283, "8,13": 0.3034485433150691, "9,10": 1.9370930920819283, "9,13": 0.6621426795101683, "10,11": 1.2268851342176128, "10,13": 0.004575931321914917, "11,12": 1.580170667681314, "11,13": 0.051318589007847776, "12,13": 0.9198167571707418}, "4": {"1,2": 0.6812071877606399, "1,3": 1.9083344297796903, "1,4": 0.6812071877606399, "1,5": 1.9083344297796903, "2,3": 1.130004713516962, "2,5": 0.5649913057912135, "2,6": 1.1976157825545044, "2,7": 0.2526558528260548, "3,4": -0.8215665978440994, "3,7": 0.40336753259338753, "3,8": 2.3597486691163794, "4,5": -1.6354718831182267, "4,8": -1.458324535694174, "4,9": 0.40590456504992406, "4,10": -0.67680282398442, "5,6": 0.646167037741459, "5,10": 1.7955415798769656, "5,11": 0.6463154990248459, "6,7": 0.20062472003819282, "6,11": 0.5881024764106787, "6,12": 1.2313056097598318, "7,8": 1.015450363381653, "7,12": 1.230613267289619, "7,13": -0.7252469386690547, "8,9": 2.360709903009924, "8,13": 1.0142087883819315, "9,10": 2.360709903009924, "9,13": 0.40590456504992406, "10,11": 1.1968360574484902, "10,13": 0.25080768692843003, "11,12": 1.230613267289619, "11,13": 0.20136427333591622, "12,13": 1.2313056097598318}, "5": {"1,2": 1.9454350775049853, "1,3": 0.6566600714235434, "1,4": 1.9454350775049853, "1,5": 0.6566600714235434, "2,3": 1.1761485013503772, "2,5": -0.9096231562812975, "2,6": 2.424183562125274, "2,7": 0.4204677885319648, "3,4": 0.5811310698743448, "3,7": 0.21730619187510936, "3,8": 1.2200069516140055, "4,5": -1.279150856283141, "4,8": 0.13879665108655212, "4,9": 1.1249336098714575, "4,10": 1.2645260636694653, "5,6": -0.3822285344023903, "5,10": -0.02702274538707243, "5,11": -0.35462065251734465, "6,7": -0.11721798736027991, "6,11": 1.5816003950469517, "6,12": 1.4207568415719578, "7,8": 0.7170961774150082, "7,12": 1.0530657361831965, "7,13": -0.458702110279576, "8,9": 1.3411102999527158, "8,13": 0.5075888228605618, "9,10": 1.3411102999527158, "9,13": 1.1249336098714575, "10,11": 2.0520015540179846, "10,13": -0.11234664848922103, "11,12": 1.0530657361831965, "11,13": 0.23590831255479197, "12,13": 1.4207568415719578}, "6": {"1,2": 0.9198167571707418, "1,3": 1.580170667681314, "1,4": 0.9198167571707418, "1,5": 1.580170667681314, "2,3": 0.3022607045707557, "2,5": 1.2446662209563615, "2,6": 0.03379057912352138, "2,7": 1.5974502484866366, "3,4": 0.051318589007847776, "3,7": 0.9205951260762733, "3,8": 1.2268851342176128, "4,5": -0.2642324464686291, "4,8": 0.004575931321914917, "4,9": 0.6621426795101683, "4,10": 0.3034485433150691, "5,6": -1.278909691804222, "5,10": 0.9642231843554492, "5,11": 2.0123272363816875, "6,7": -2.113333463941591, "6,11": -1.3906729589648472, "6,12": 0.16502741840401294, "7,8": 1.261665662260074, "7,12": 2.813754883804215, "7,13": 0.20983978347013998, "8,9": 1.9370930920819283, "8,13": -0.030870956568455142, "9,10": 1.9370930920819283, "9,13": 0.6621426795101683, "10,11": 1.555941468976475, "10,13": -0.2999585180268212, "11,12": 2.813754883804215, "11,13": 0.4651060267778451, "12,13": 0.16502741840401294}, "7": {"1,2": 1.4207568415719578, "1,3": 1.0530657361831965, "1,4": 1.4207568415719578, "1,5": 1.0530657361831965, "2,3": 1.5816003950469517, "2,5": -0.11721798736027991, "2,6": 2.424183562125274, "2,7": -0.3822285344023903, "3,4": 0.23590831255479197, "3,7": -0.35462065251734465, "3,8": 2.0520015540179846, "4,5": -0.458702110279576, "4,8": -0.11234664848922103, "4,9": 1.1249336098714575, "4,10": 0.5075888228605618, "5,6": 0.4204677885319648, "5,10": 0.7170961774150082, "5,11": 0.21730619187510936, "6,7": -0.9096231562812975, "6,11": 1.1761485013503772, "6,12": 1.9454350775049853, "7,8": -0.02702274538707243, "7,12": 0.6566600714235434, "7,13": -1.279150856283141, "8,9": 1.3411102999527158, "8,13": 1.2645260636694653, "9,10": 1.3411102999527158, "9,13": 1.1249336098714575, "10,11": 1.2200069516140055, "10,13": 0.13879665108655212, "11,12": 0.6566600714235434, "11,13": 0.5811310698743448, "12,13": 1.9454350775049853}, "9": {"1,2": 1.522847514988125, "1,3": 0.9662167545796233, "1,4": 1.522847514988125, "1,5": 0.9662167545796233, "2,3": 0.8911533236162832, "2,5": -0.23967885321888605, "2,6": 1.8306623873534063, "2,7": 0.357607362962491, "3,4": 0.3282806356555517, "3,7": 0.381949384006631, "3,8": 1.2620799684157156, "4,5": -0.23186078693440265, "4,8": 1.9239817055039092, "4,9": -1.5765501073998665, "4,10": 2.499466630128336, "5,6": 0.357607362962491, "5,10": 0.3505558376392744, "5,11": 0.381949384006631, "6,7": -0.23967885321888605, "6,11": 0.8911533236162832, "6,12": 1.522847514988125, "7,8": 0.3505558376392744, "7,12": 0.9662167545796233, "7,13": -0.23186078693440265, "8,9": -0.9227001206944311, "8,13": 2.499466630128336, "9,10": -0.9227001206944311, "9,13": -1.5765501073998665, "10,11": 1.2620799684157156, "10,13": 1.9239817055039092, "11,12": 0.9662167545796233, "11,13": 0.3282806356555517, "12,13": 1.522847514988125}, "13": {"1,2": 1.2313056097598318, "1,3": 1.230613267289619, "1,4": 1.2313056097598318, "1,5": 1.230613267289619, "2,3": 0.5881024764106787, "2,5": 0.20062472003819282, "2,6": 1.1976157825545044, "2,7": 0.646167037741459, "3,4": 0.20136427333591622, "3,7": 0.6463154990248459, "3,8": 1.1968360574484902, "4,5": -0.7252469386690547, "4,8": 0.25080768692843003, "4,9": 0.40590456504992406, "4,10": 1.0142087883819315, "5,6": 0.2526558528260548, "5,10": 1.015450363381653, "5,11": 0.40336753259338753, "6,7": 0.5649913057912135, "6,11": 1.130004713516962, "6,12": 0.6812071877606399, "7,8": 1.7955415798769656, "7,12": 1.9083344297796903, "7,13": -1.6354718831182267, "8,9": 2.360709903009924, "8,13": -0.67680282398442, "9,10": 2.360709903009924, "9,13": 0.40590456504992406, "10,11": 2.3597486691163794, "10,13": -1.458324535694174, "11,12": 1.9083344297796903, "11,13": -0.8215665978440994, "12,13": 0.6812071877606399}, "5,9": {"1,2": 1.9891611881764406, "1,3": 0.6282586150697209, "1,4": 1.9891611881764406, "1,5": 0.6282586150697209, "2,3": 1.1753170539819846, "2,5": -0.9851532805010883, "2,6": 2.4423383922312256, "2,7": 0.47540943802917307, "3,4": 0.6134494742001426, "3,7": 0.23532353292472832, "3,8": 1.1839265914747232, "4,5": -1.0143454718096583, "4,8": 1.9924829070592658, "4,9": -1.4856359543077216,