{"netcode": "1,2,3;1,3,4;1,4,5;1,5,2;2,5,6;2,6,3;3,6,7;3,7,8;3,8,4;4,8,9;4,9,5;5,9,10;5,10,6;6,10,11;6,11,7;7,11,8;8,11,12;8,12,9;9,12,10;10,12,11", "V": 12, "atlas": {"": {"1,2": 1.8435069749457378, "1,3": 0.7251535970910282, "1,4": 1.8435069749457378, "1,5": 0.7251535970910282, "2,3": 0.7251535970910282, "2,5": 0.7251535970910282, "2,6": 1.8435069749457378, "3,4": 0.44662969798105545, "3,6": -0.5955864804411246, "3,7": 1.6756529147805974, "3,8": -0.20515308294631823, "4,5": -0.31952399213205435, "4,8": 0.8212058650419959, "4,9": 1.6253014635152687, "5,6": -0.4251514354891163, "5,9": 0.6398199014798014, "5,10": 0.8113411145420044, "6,7": 0.8459408283393054, "6,10": 0.7381917922103495, "6,11": 0.5997724111930998, "7,8": 0.8459408283393054, "7,11": 1.6756529147805974, "8,9": -0.22755020067178583, "8,11": -0.25466096131993704, "8,12": 0.8666438452742912, "9,10": 0.6001370699516937, "9,12": 1.648360447036562, "10,11": 0.6466644991025221, "10,12": 0.8666438452742912, "11,12": 1.648360447036562}, "8": {"1,2": 1.657639289587733, "1,3": 0.8595692918459997, "1,4": 1.657639289587733, "1,5": 0.8595692918459997, "2,3": 0.8595692918459997, "2,5": 0.8595692918459997, "2,6": 1.657639289587733, "3,4": 1.192950936829915, "3,6": -0.25828472683017994, "3,7": 2.404291820505498, "3,8": -1.121999908262107, "4,5": -0.4801425167828141, "4,8": 0.1520291617797009, "4,9": 2.257768133928111, "5,6": -0.41985773303105667, "5,9": 0.9043161660046352, "5,10": 0.815130132645542, "6,7": 0.38161181066001604, "6,10": 0.5025670412337053, "6,11": 0.8917396368729185, "7,8": 0.38161181066001604, "7,11": 2.404291820505498, "8,9": -1.1798576973327202, "8,11": -1.3793169307306516, "8,12": 0.45639969202964875, "9,10": 0.8839542676927586, "9,12": 2.271915091374732, "10,11": 1.068725023260101, "10,12": 0.45639969202964875, "11,12": 2.271915091374732}, "12": {"1,2": 1.8489680834403275, "1,3": 0.7213976184274736, "1,4": 1.8489680834403275, "1,5": 0.7213976184274736, "2,3": 0.7213976184274736, "2,5": 0.7213976184274736, "2,6": 1.8489680834403275, "3,4": 0.0668781463434272, "3,6": -0.5970334113400945, "3,7": 1.2928174451953585, "3,8": 0.1755988113424166, "4,5": -0.004344604364757414, "4,8": 1.163375403747152, "4,9": 1.2376707814499173, "5,6": -0.5811639280029568, "5,9": 0.25100170185047144, "5,10": 1.2127904522021205, "6,7": 1.1704248738776077, "6,10": 1.1608199776875883, "6,11": 0.1992339098930334, "7,8": 1.1704248738776077, "7,11": 1.2928174451953585, "8,9": 1.8264647398090326, "8,11": 1.8150126895165357, "8,12": -1.821394760245986, "9,10": 2.421787628737877, "9,12": -0.7404668650018627, "10,11": 2.470719507394191, "10,12": -1.821394760245986, "11,12": -0.7404668650018627}}, "stats": {"tried": 36, "noconv": 17, "nonemb": 15, "known": 2, "flares": 0, "closed": true}}