{"netcode": "1,2,3;1,3,4;1,4,5;1,5,2;2,5,6;2,6,3;3,6,7;3,7,8;3,8,4;4,8,9;4,9,5;5,9,10;5,10,6;6,10,7;7,10,8;8,10,9", "V": 10, "atlas": {"": {"1,2": 2.2228510253066136, "1,3": 0.4849333662934897, "1,4": 2.2228510253066136, "1,5": 0.4849333662934897, "2,3": 0.4849333662934897, "2,5": 0.4849333662934897, "2,6": 2.2228510253066136, "3,4": 0.08264776433122599, "3,6": -0.38119262000657766, "3,7": 0.9221514494391878, "3,8": 0.05538523723916235, "4,5": -0.38119262000657766, "4,8": 1.2223510010907104, "4,9": 1.577238455772989, "5,6": 0.08264776433122599, "5,9": 0.9221514494391878, "5,10": 0.05538523723916235, "6,7": 1.577238455772989, "6,10": 1.2223510010907104, "7,8": 1.577238455772989, "7,10": 0.9221514494391878, "8,9": 0.9221514494391878, "8,10": 0.3009849642830767, "9,10": 1.577238455772989}}, "stats": {"tried": 10, "noconv": 2, "nonemb": 8, "known": 0, "flares": 0, "closed": true}}