{"netcode": "1,2,3;1,3,4;1,4,5;1,5,2;2,5,6;2,6,3;3,6,7;3,7,8;3,8,4;4,8,9;4,9,5;5,9,10;5,10,6;6,10,7;7,10,11;7,11,8;8,11,12;8,12,9;9,12,10;10,12,11", "V": 12, "atlas": {"": {"1,2": 2.1503139295176474, "1,3": 0.5280330471049687, "1,4": 2.1503139295176474, "1,5": 0.5280330471049687, "2,3": 0.5280330471049687, "2,5": 0.5280330471049687, "2,6": 2.1503139295176474, "3,4": 0.2014997843275634, "3,6": -0.420080464405579, "3,7": 1.1145003125190591, "3,8": -0.04818065497626466, "4,5": -0.420080464405579, "4,8": 1.1145003125190591, "4,9": 1.6238129253891629, "5,6": 0.2014997843275634, "5,9": 1.1145003125190591, "5,10": -0.04818065497626466, "6,7": 1.6238129253891629, "6,10": 1.1145003125190591, "7,8": 0.2014997843275634, "7,10": -0.420080464405579, "7,11": 2.1503139295176474, "8,9": -0.420080464405579, "8,11": 0.5280330471049687, "8,12": 0.5280330471049687, "9,10": 0.2014997843275634, "9,12": 2.1503139295176474, "10,11": 0.5280330471049687, "10,12": 0.5280330471049687, "11,12": 2.1503139295176474}}, "stats": {"tried": 12, "noconv": 4, "nonemb": 8, "known": 0, "flares": 0, "closed": true}}