{"netcode": "1,2,3;1,3,4;1,4,5;1,5,2;2,5,6;2,6,7;2,7,3;3,7,8;3,8,9;3,9,4;4,9,10;4,10,5;5,10,11;5,11,6;6,11,12;6,12,7;7,12,8;8,12,13;8,13,9;9,13,10;10,13,11;11,13,12", "V": 13, "atlas": {"": {"1,2": 2.147883378383122, "1,3": 0.5294972767749253, "1,4": 2.147883378383122, "1,5": 0.5294972767749253, "2,3": -0.1166430058141434, "2,5": -0.1166430058141434, "2,6": 1.351984920541779, "2,7": 1.351984920541779, "3,4": -0.1166430058141434, "3,7": 0.16564930541176753, "3,8": 0.24784285012680662, "3,9": 0.16564930541176753, "4,5": -0.1166430058141434, "4,9": 1.351984920541779, "4,10": 1.351984920541779, "5,6": 0.16564930541176753, "5,10": 0.16564930541176753, "5,11": 0.24784285012680662, "6,7": 0.45509884268296313, "6,11": 1.1672007677047782, "6,12": 0.774965524132702, "7,8": 1.1672007677047782, "7,12": 0.774965524132702, "8,9": 1.1672007677047782, "8,12": 0.6223471239582232, "8,13": 0.6223471239582232, "9,10": 0.45509884268296313, "9,13": 0.774965524132702, "10,11": 1.1672007677047782, "10,13": 0.774965524132702, "11,12": 0.6223471239582232, "11,13": 0.6223471239582232, "12,13": 0.8674681468377038}, "1": {"1,2": -0.6449268355859684, "1,3": -1.9633951031340076, "1,4": -0.6449268355859684, "1,5": -1.9633951031340076, "2,3": 1.9780976381936324, "2,5": 1.9780976381936324, "2,6": 0.7046301075859752, "2,7": 0.7046301075859752, "3,4": 1.9780976381936324, "3,7": 0.753683890816692, "3,8": 0.7463086415325094, "3,9": 0.753683890816692, "4,5": 1.9780976381936324, "4,9": 0.7046301075859752, "4,10": 0.7046301075859752, "5,6": 0.753683890816692, "5,10": 0.753683890816692, "5,11": 0.7463086415325094, "6,7": 0.7466766177937625, "6,11": 0.7163729395892636, "6,12": 0.7277644350631969, "7,8": 0.7163729395892636, "7,12": 0.7277644350631969, "8,9": 0.7163729395892636, "8,12": 0.7348921220824791, "8,13": 0.7348921220824791, "9,10": 0.7466766177937625, "9,13": 0.7277644350631969, "10,11": 0.7163729395892636, "10,13": 0.7277644350631969, "11,12": 0.7348921220824791, "11,13": 0.7348921220824791, "12,13": 0.7233549240720316}, "2": {"1,2": 0.6567158155802314, "1,3": 1.9453500998519817, "1,4": 0.6567158155802314, "1,5": 1.9453500998519817, "2,3": -1.986199365251506, "2,5": -1.986199365251506, "2,6": -0.7079827819486442, "2,7": -0.7079827819486442, "3,4": 0.7899568115136942, "3,7": 2.0234731168136855, "3,8": 0.7441113789435506, "3,9": 0.7504744607273869, "4,5": 0.7899568115136942, "4,9": 0.7079827819486442, "4,10": 0.7079827819486442, "5,6": 2.0234731168136855, "5,10": 0.7504744607273869, "5,11": 0.7441113789435506, "6,7": 2.017386036365474, "6,11": 0.718135825696434, "6,12": 0.7280252732095283, "7,8": 0.718135825696434, "7,12": 0.7280252732095283, "8,9": 0.718135825696434, "8,12": 0.7342030952701626, "8,13": 0.7342030952701626, "9,10": 0.7443873802791752, "9,13": 0.7280252732095283, "10,11": 0.718135825696434, "10,13": 0.7280252732095283, "11,12": 0.7342030952701626, "11,13": 0.7342030952701626, "12,13": 0.7242038971278157}, "3": {"1,2": 2.5222993158910048, "1,3": 0.3172500353838169, "1,4": 2.5222993158910048, "1,5": 0.3172500353838169, "2,3": -0.5316604668930361, "2,5": -0.0632086116511619, "2,6": 1.4365598923093903, "2,7": 1.6821684008791031, "3,4": -0.5316604668930361, "3,7": -0.15929223354639138, "3,8": -0.070675906245757, "3,9": -0.15929223354639138, "4,5": -0.0632086116511619, "4,9": 1.6821684008791031, "4,10": 1.4365598923093903, "5,6": 0.08526185126141293, "5,10": 0.08526185126141293, "5,11": 0.16887501375554392, "6,7": 0.44452108127557655, "6,11": 1.245859922204118, "6,12": 0.7755323187468336, "7,8": 1.4857214685981182, "7,12": 0.7847926048063725, "8,9": 1.4857214685981182, "8,12": 0.6082552122620509, "8,13": 0.6082552122620509, "9,10": 0.44452108127557655, "9,13": 0.7847926048063725, "10,11": 1.245859922204118, "10,13": 0.7755323187468336, "11,12": 0.614167780347237, "11,13": 0.614167780347237, "12,13": 0.8823703331389974}, "4": {"1,2": 0.6567158155802314, "1,3": 1.9453500998519817, "1,4": 0.6567158155802314, "1,5": 1.9453500998519817, "2,3": 0.7899568115136942, "2,5": 0.7899568115136942, "2,6": 0.7079827819486442, "2,7": 0.7079827819486442, "3,4": -1.986199365251506, "3,7": 0.7504744607273869, "3,8": 0.7441113789435506, "3,9": 2.0234731168136855, "4,5": -1.986199365251506, "4,9": -0.7079827819486442, "4,10": -0.7079827819486442, "5,6": 0.7504744607273869, "5,10": 2.0234731168136855, "5,11": 0.7441113789435506, "6,7": 0.7443873802791752, "6,11": 0.718135825696434, "6,12": 0.7280252732095283, "7,8": 0.718135825696434, "7,12": 0.7280252732095283, "8,9": 0.718135825696434, "8,12": 0.7342030952701626, "8,13": 0.7342030952701626, "9,10": 2.017386036365474, "9,13": 0.7280252732095283, "10,11": 0.718135825696434, "10,13": 0.7280252732095283, "11,12": 0.7342030952701626, "11,13": 0.7342030952701626, "12,13": 0.7242038971278157}, "5": {"1,2": 2.5222993158910048, "1,3": 0.3172500353838169, "1,4": 2.5222993158910048, "1,5": 0.3172500353838169, "2,3": -0.0632086116511619, "2,5": -0.5316604668930361, "2,6": 1.6821684008791031, "2,7": 1.4365598923093903, "3,4": -0.0632086116511619, "3,7": 0.08526185126141293, "3,8": 0.16887501375554392, "3,9": 0.08526185126141293, "4,5": -0.5316604668930361, "4,9": 1.4365598923093903, "4,10": 1.6821684008791031, "5,6": -0.15929223354639138, "5,10": -0.15929223354639138, "5,11": -0.070675906245757, "6,7": 0.44452108127557655, "6,11": 1.4857214685981182, "6,12": 0.7847926048063725, "7,8": 1.245859922204118, "7,12": 0.7755323187468336, "8,9": 1.245859922204118, "8,12": 0.614167780347237, "8,13": 0.614167780347237, "9,10": 0.44452108127557655, "9,13": 0.7755323187468336, "10,11": 1.4857214685981182, "10,13": 0.7847926048063725, "11,12": 0.6082552122620509, "11,13": 0.6082552122620509, "12,13": 0.8823703331389974}, "6": {"1,2": 1.6268362304243784, "1,3": 0.8832003407510937, "1,4": 1.6268362304243784, "1,5": 0.8832003407510937, "2,3": -0.4417840685057874, "2,5": 1.452460613414862, "2,6": -0.12480652024172102, "2,7": 2.493211909787635, "3,4": 0.03020036244299334, "3,7": 0.6580230171477732, "3,8": 0.2513329806845897, "3,9": 0.22861450383584872, "4,5": 0.2715667442049209, "4,9": 1.23921530057183, "4,10": 0.9517085344694062, "5,6": -1.35134942835203, "5,10": 0.5877017522045984, "5,11": 1.8285292621550642, "6,7": -1.236932243692065, "6,11": -0.5123598066047275, "6,12": -0.7103658759090647, "7,8": 1.189700944936149, "7,12": 2.118698545425597, "8,9": 1.1393180890881036, "8,12": 0.579567106955895, "8,13": 0.6661625240597182, "9,10": 0.5344023584200959, "9,13": 0.7064408505884917, "10,11": 0.7641197654627135, "10,13": 0.8461940550112471, "11,12": 1.9399693893856165, "11,13": 0.5772237207009058, "12,13": 0.8704510267722917}, "7": {"1,2": 1.6268362304243784, "1,3": 0.8832003407510937, "1,4": 1.6268362304243784, "1,5": 0.8832003407510937, "2,3": 1.452460613414862, "2,5": -0.4417840685057874, "2,6": 2.493211909787635, "2,7": -0.12480652024172102, "3,4": 0.2715667442049209, "3,7": -1.35134942835203, "3,8": 1.8285292621550642, "3,9": 0.5877017522045984, "4,5": 0.03020036244299334, "4,9": 0.9517085344694062, "4,10": 1.23921530057183, "5,6": 0.6580230171477732, "5,10": 0.22861450383584872, "5,11": 0.2513329806845897, "6,7": -1.236932243692065, "6,11": 1.189700944936149, "6,12": 2.118698545425597, "7,8": -0.5123598066047275, "7,12": -0.7103658759090647, "8,9": 0.7641197654627135, "8,12": 1.9399693893856165, "8,13": 0.5772237207009058, "9,10": 0.5344023584200959, "9,13": 0.8461940550112471, "10,11": 1.1393180890881036, "10,13": 0.7064408505884917, "11,12": 0.579567106955895, "11,13": 0.6661625240597182, "12,13": 0.8704510267722917}, "8": {"1,2": 1.8388723320076, "1,3": 0.7283491707888333, "1,4": 1.8388723320076, "1,5": 0.7283491707888333, "2,3": 0.24477115109032926, "2,5": -0.15595398459524354, "2,6": 1.4129867796308242, "2,7": 0.991895696190884, "3,4": 0.24477115109032926, "3,7": 1.6487740323507427, "3,8": -1.1683125090099924, "3,9": 1.6487740323507427, "4,5": -0.15595398459524354, "4,9": 0.991895696190884, "4,10": 1.4129867796308242, "5,6": 0.2164167984296259,