{"netcode": "1,2,3;1,3,4;1,4,5;1,5,2;2,5,6;2,6,7;2,7,3;3,7,8;3,8,4;4,8,9;4,9,5;5,9,10;5,10,6;6,10,7;7,10,11;7,11,8;8,11,9;9,11,10", "V": 11, "atlas": {"": {"1,2": 1.6211565517766826, "1,3": 0.8876036019973067, "1,4": 1.6211565517766826, "1,5": 0.8876036019973067, "2,3": 1.0374925642743191, "2,5": -0.39614797506364907, "2,6": 2.06820336954343, "2,7": 0.26561057941911503, "3,4": 0.3645054181677414, "3,7": 0.2541624110866705, "3,8": 1.3396472848135774, "4,5": -0.040108825070067716, "4,8": 0.8552987158311547, "4,9": 1.3396472848135774, "5,6": 0.5782731822281096, "5,9": 0.2541624110866705, "5,10": 0.26561057941911503, "6,7": 0.5782731822281096, "6,10": 2.06820336954343, "7,8": -0.040108825070067716, "7,10": -0.39614797506364907, "7,11": 0.8876036019973067, "8,9": 0.3645054181677414, "8,11": 1.6211565517766826, "9,10": 1.0374925642743191, "9,11": 0.8876036019973067, "10,11": 1.6211565517766826}, "5": {"1,2": 2.1123141517963355, "1,3": 0.5510818621675591, "1,4": 2.1123141517963355, "1,5": 0.5510818621675591, "2,3": 1.3956166443621336, "2,5": -1.4619833717024475, "2,6": 2.6739605793650285, "2,7": 0.6646728600957731, "3,4": 0.6646591880007907, "3,7": 0.05382377510581855, "3,8": 1.3300424961583774, "4,5": -0.772328123287295, "4,8": 0.8224071745923696, "4,9": 2.014060789865325, "5,6": 0.23705582987590226, "5,9": -0.4507854084883237, "5,10": -0.532877450445672, "6,7": 0.23705582987590226, "6,10": 2.6739605793650285, "7,8": -0.018292093230380665, "7,10": -0.21180330435258776, "7,11": 0.9237678395260484, "8,9": 0.39561070285818234, "8,11": 1.5752113874010079, "9,10": 1.7035942693393036, "9,11": 0.9237678395260484, "10,11": 1.5752113874010079}, "7": {"1,2": 1.5752113874010079, "1,3": 0.9237678395260484, "1,4": 1.5752113874010079, "1,5": 0.9237678395260484, "2,3": 1.7035942693393036, "2,5": -0.21180330435258776, "2,6": 2.6739605793650285, "2,7": -0.532877450445672, "3,4": 0.39561070285818234, "3,7": -0.4507854084883237, "3,8": 2.014060789865325, "4,5": -0.018292093230380665, "4,8": 0.8224071745923696, "4,9": 1.3300424961583774, "5,6": 0.23705582987590226, "5,9": 0.05382377510581855, "5,10": 0.6646728600957731, "6,7": 0.23705582987590226, "6,10": 2.6739605793650285, "7,8": -0.772328123287295, "7,10": -1.4619833717024475, "7,11": 0.5510818621675591, "8,9": 0.6646591880007907, "8,11": 2.1123141517963355, "9,10": 1.3956166443621336, "9,11": 0.5510818621675591, "10,11": 2.1123141517963355}}, "stats": {"tried": 33, "noconv": 14, "nonemb": 15, "known": 2, "flares": 0, "closed": true}}