{"netcode": "1,2,3;1,3,4;1,4,5;1,5,2;2,5,6;2,6,3;3,6,7;3,7,8;3,8,4;4,8,5;5,8,9;5,9,6;6,9,10;6,10,7;7,10,8;8,10,9", "V": 10, "atlas": {"": {"1,2": 1.8636212170342976, "1,3": 0.7113695948160864, "1,4": 1.8636212170342976, "1,5": 0.7113695948160864, "2,3": 0.7113695948160864, "2,5": 0.7113695948160864, "2,6": 1.8636212170342976, "3,4": 0.7113695948160864, "3,6": -0.4870853483832855, "3,7": 1.8636212170342976, "3,8": -0.4870853483832855, "4,5": 0.7113695948160864, "4,8": 1.8636212170342976, "5,6": -0.4870853483832855, "5,8": -0.4870853483832855, "5,9": 1.8636212170342976, "6,7": 0.7113695948160864, "6,9": 0.7113695948160864, "6,10": 0.7113695948160864, "7,8": 0.7113695948160864, "7,10": 1.8636212170342976, "8,9": 0.7113695948160864, "8,10": 0.7113695948160864, "9,10": 1.8636212170342976}}, "stats": {"tried": 10, "noconv": 4, "nonemb": 6, "known": 0, "flares": 0, "closed": true}}