{"netcode": "1,2,3;1,3,4;1,4,5;1,5,2;2,5,6;2,6,3;3,6,7;3,7,8;3,8,4;4,8,9;4,9,10;4,10,5;5,10,11;5,11,6;6,11,9;9,11,10;6,9,7;7,9,8", "V": 11, "atlas": {"": {"1,2": 1.6328830946537487, "1,3": 0.8785283151857264, "1,4": 1.6328830946537487, "1,5": 0.8785283151857264, "2,3": 0.8785283151857264, "2,5": 0.8785283151857264, "2,6": 1.6328830946537487, "3,4": -0.46151200773944673, "3,6": -0.46151200773944673, "3,7": 0.8785283151857264, "3,8": 0.8785283151857264, "4,5": -0.46151200773944673, "4,8": 1.6328830946537487, "4,9": -0.46151200773944673, "4,10": 1.6328830946537487, "5,6": -0.46151200773944673, "5,10": 0.8785283151857264, "5,11": 0.8785283151857264, "6,7": 1.6328830946537487, "6,9": -0.46151200773944673, "6,11": 1.6328830946537487, "7,8": 1.6328830946537487, "7,9": 0.8785283151857264, "8,9": 0.8785283151857264, "9,10": 0.8785283151857264, "9,11": 0.8785283151857264, "10,11": 1.6328830946537487}}, "stats": {"tried": 11, "noconv": 0, "nonemb": 11, "known": 0, "flares": 0, "closed": true}}