{"netcode": "1,2,3;1,3,4;1,4,5;1,5,2;2,5,6;2,6,7;2,7,3;3,7,8;3,8,9;3,9,4;4,9,10;4,10,5;5,10,11;5,11,6;6,11,12;6,12,7;7,12,8;8,12,9;9,12,10;10,12,11", "V": 12, "atlas": {"": {"1,2": 1.9106332362490186, "1,3": 0.6796738189082439, "1,4": 1.9106332362490186, "1,5": 0.6796738189082439, "2,3": 0.0, "2,5": 0.0, "2,6": 1.2309594173407747, "2,7": 1.2309594173407747, "3,4": 0.0, "3,7": 0.0, "3,8": 0.6796738189082439, "3,9": 0.0, "4,5": 0.0, "4,9": 1.2309594173407747, "4,10": 1.2309594173407747, "5,6": 0.0, "5,10": 0.0, "5,11": 0.6796738189082439, "6,7": 1.2309594173407747, "6,11": 1.9106332362490186, "6,12": 0.0, "7,8": 1.9106332362490186, "7,12": 0.0, "8,9": 1.9106332362490186, "8,12": 0.6796738189082439, "9,10": 1.2309594173407747, "9,12": 0.0, "10,11": 1.9106332362490186, "10,12": 0.0, "11,12": 0.6796738189082439}, "1": {"1,2": -0.7282748347685701, "1,3": -1.8389800223348642, "1,4": -0.7282748347685701, "1,5": -1.8389800223348642, "2,3": 2.0335161028194104, "2,5": 2.0335161028194104, "2,6": 0.7292790241132213, "2,7": 0.7292790241132213, "3,4": 2.0335161028194104, "3,7": 0.48601656439530266, "3,8": 0.9921006758295399, "3,9": 0.48601656439530266, "4,5": 2.0335161028194104, "4,9": 0.7292790241132213, "4,10": 0.7292790241132213, "5,6": 0.48601656439530266, "5,10": 0.48601656439530266, "5,11": 0.9921006758295399, "6,7": 1.3515091815120719, "6,11": 1.4917256196524402, "6,12": 0.0, "7,8": 1.4917256196524402, "7,12": 0.0, "8,9": 1.4917256196524402, "8,12": 0.9921006758295399, "9,10": 1.3515091815120719, "9,12": 0.0, "10,11": 1.4917256196524402, "10,12": 0.0, "11,12": 0.9921006758295399}, "2": {"1,2": 0.5876990901114911, "1,3": 2.0530949261935314, "1,4": 0.5876990901114911, "1,5": 2.0530949261935314, "2,3": -1.9375252510978433, "2,5": -1.9375252510978433, "2,6": -0.6890158143792732, "2,7": -0.6890158143792732, "3,4": 0.8490275237015817, "3,7": 1.7704936640412685, "3,8": 1.014397120490556, "3,9": 0.5255675103627364, "4,5": 0.8490275237015817, "4,9": 0.6890158143792732, "4,10": 0.6890158143792732, "5,6": 1.7704936640412685, "5,10": 0.5255675103627364, "5,11": 1.014397120490556, "6,7": 2.6160251432270565, "6,11": 1.4653958360820403, "6,12": 0.0, "7,8": 1.4653958360820403, "7,12": 0.0, "8,9": 1.4653958360820403, "8,12": 1.014397120490556, "9,10": 1.3710989895485248, "9,12": 0.0, "10,11": 1.4653958360820403, "10,12": 0.0, "11,12": 1.014397120490556}, "3": {"1,2": 2.4752932113093062, "1,3": 0.3426554228592011, "1,4": 2.4752932113093062, "1,5": 0.3426554228592011, "2,3": -0.6662994422804869, "2,5": 0.11959132637318434, "2,6": 1.3287362459480652, "2,7": 1.7659859295380886, "3,4": -0.6662994422804869, "3,7": -0.6662994422804869, "3,8": 0.3426554228592011, "3,9": -0.6662994422804869, "4,5": 0.11959132637318434, "4,9": 1.7659859295380886, "4,10": 1.3287362459480652, "5,6": -0.09482476231260273, "5,10": -0.09482476231260273, "5,11": 0.5567762091805415, "6,7": 1.3287362459480652, "6,11": 2.10301197290513, "6,12": -0.09482476231260273, "7,8": 2.4752932113093062, "7,12": 0.11959132637318434, "8,9": 2.4752932113093062, "8,12": 0.3426554228592011, "9,10": 1.3287362459480652, "9,12": 0.11959132637318434, "10,11": 2.10301197290513, "10,12": -0.09482476231260273, "11,12": 0.5567762091805415}, "4": {"1,2": 0.5876990901114911, "1,3": 2.0530949261935314, "1,4": 0.5876990901114911, "1,5": 2.0530949261935314, "2,3": 0.8490275237015817, "2,5": 0.8490275237015817, "2,6": 0.6890158143792732, "2,7": 0.6890158143792732, "3,4": -1.9375252510978433, "3,7": 0.5255675103627364, "3,8": 1.014397120490556, "3,9": 1.7704936640412685, "4,5": -1.9375252510978433, "4,9": -0.6890158143792732, "4,10": -0.6890158143792732, "5,6": 0.5255675103627364, "5,10": 1.7704936640412685, "5,11": 1.014397120490556, "6,7": 1.3710989895485248, "6,11": 1.4653958360820403, "6,12": 0.0, "7,8": 1.4653958360820403, "7,12": 0.0, "8,9": 1.4653958360820403, "8,12": 1.014397120490556, "9,10": 2.6160251432270565, "9,12": 0.0, "10,11": 1.4653958360820403, "10,12": 0.0, "11,12": 1.014397120490556}, "5": {"1,2": 2.4752932113093062, "1,3": 0.3426554228592011, "1,4": 2.4752932113093062, "1,5": 0.3426554228592011, "2,3": 0.11959132637318434, "2,5": -0.6662994422804869, "2,6": 1.7659859295380886, "2,7": 1.3287362459480652, "3,4": 0.11959132637318434, "3,7": -0.09482476231260273, "3,8": 0.5567762091805415, "3,9": -0.09482476231260273, "4,5": -0.6662994422804869, "4,9": 1.3287362459480652, "4,10": 1.7659859295380886, "5,6": -0.6662994422804869, "5,10": -0.6662994422804869, "5,11": 0.3426554228592011, "6,7": 1.3287362459480652, "6,11": 2.4752932113093062, "6,12": 0.11959132637318434, "7,8": 2.10301197290513, "7,12": -0.09482476231260273, "8,9": 2.10301197290513, "8,12": 0.5567762091805415, "9,10": 1.3287362459480652, "9,12": -0.09482476231260273, "10,11": 2.4752932113093062, "10,12": 0.11959132637318434, "11,12": 0.3426554228592011}, "6": {"1,2": 1.4653958360820403, "1,3": 1.014397120490556, "1,4": 1.4653958360820403, "1,5": 1.014397120490556, "2,3": 0.0, "2,5": 1.7704936640412685, "2,6": -0.6890158143792732, "2,7": 2.6160251432270565, "3,4": 0.0, "3,7": 0.0, "3,8": 1.014397120490556, "3,9": 0.0, "4,5": 0.5255675103627364, "4,9": 1.3710989895485248, "4,10": 0.6890158143792732, "5,6": -1.9375252510978433, "5,10": 0.8490275237015817, "5,11": 2.0530949261935314, "6,7": -0.6890158143792732, "6,11": 0.5876990901114911, "6,12": -1.9375252510978433, "7,8": 1.4653958360820403, "7,12": 1.7704936640412685, "8,9": 1.4653958360820403, "8,12": 1.014397120490556, "9,10": 0.6890158143792732, "9,12": 0.5255675103627364, "10,11": 0.5876990901114911, "10,12": 0.8490275237015817, "11,12": 2.0530949261935314}, "7": {"1,2": 1.4653958360820403, "1,3": 1.014397120490556, "1,4": 1.4653958360820403, "1,5": 1.014397120490556, "2,3": 1.7704936640412685, "2,5": 0.0, "2,6": 2.6160251432270565, "2,7": -0.6890158143792732, "3,4": 0.5255675103627364, "3,7": -1.9375252510978433, "3,8": 2.0530949261935314, "3,9": 0.8490275237015817, "4,5": 0.0, "4,9": 0.6890158143792732, "4,10": 1.3710989895485248, "5,6": 0.0, "5,10": 0.0, "5,11": 1.014397120490556, "6,7": -0.6890158143792732, "6,11": 1.4653958360820403, "6,12": 1.7704936640412685, "7,8": 0.5876990901114911, "7,12": -1.9375252510978433, "8,9": 0.5876990901114911, "8,12": 2.0530949261935314, "9,10": 0.6890158143792732, "9,12": 0.8490275237015817, "10,11": 1.4653958360820403, "10,12": 0.5255675103627364, "11,12": 1.014397120490556}, "8": {"1,2": 1.4917256196524402, "1,3": 0.9921006758295399, "1,4": 1.4917256196524402, "1,5": 0.9921006758295399, "2,3": 0.48601656439530266, "2,5": 0.0, "2,6": 1.3515091815120719, "2,7": 0.7292790241132213, "3,4": 0.48601656439530266, "3,7": 2.0335161028194104, "3,8": -1.8389800223348642, "3,9": 2.0335161028194104, "4,5": 0.0, "4,9": 0.7292790241132213, "4,10": 1.3515091815120719, "5,6": 0.0, "5,10": 0.0, "5,11": 0.9921006758295399, "6,7": 0.7292790241132213, "6,11": 1.4917256196524402, "6,12": 0.48601656439530266, "7,8": -0.7282748347685701, "7,12": 2.0335161028194104, "8,9": -0.7282748347685701, "8,12": -1.8389800223348642, "9,10": 0.7292790241132213, "9,12": 2.0335161028194104, "10,11": 1.4917256196524402, "10,12": 0.48601656439530266, "11,12": 0.9921006758295399}, "9": {"1,2": 1.4653958360820403, "1,3": 1.014397120490556, "1,4": 1.4653958360820403, "1,5": 1.014397120490556, "2,3": 0.5255675103627364, "2,5": 0.0, "2,6": 1.3710989895485248, "2,7": 0.6890158143792732, "3,4": 1.7704936640412685, "3,7": 0.8490275237015817, "3,8": 2.0530949261935314, "3,9": -1.9375252510978433, "4,5": 0.0, "4,9": -0.6890158143792732, "4,10": 2.6160251432270565, "5,6": 0.0, "5,10": 0.0, "5,11": 1.014397120490556, "6,7": 0.6890158143792732, "6,11": 1.4653958360820403, "6,12": 0.5255675103627364, "7,8": 0.5876990901114911, "7,12": 0.8490275237015817, "8,9": 0.5876990901114911, "8,12": 2.0530949261935314, "9,10": -0.6890158143792732, "9,12": -1.9375252510978433, "10,11": 1.4653958360820403, "10,12": 1.7704936640412685, "11,12": 1.014397120490556}, "10": {"1,2": 1.4653958360820403, "1,3": 1.014397120490556,