{"netcode": "1,2,3;1,3,4;1,4,5;1,5,2;2,5,6;2,6,3;3,6,7;3,7,4;4,7,8;4,8,9;4,9,5;5,9,10;5,10,6;6,10,11;6,11,7;7,11,12;7,12,8;8,12,9;9,12,10;10,12,11", "V": 12, "atlas": {"": {"1,2": 1.6460331318654653, "1,3": 0.8684241666491402, "1,4": 1.6460331318654653, "1,5": 0.8684241666491402, "2,3": 0.8684241666491402, "2,5": 0.8684241666491402, "2,6": 1.6460331318654653, "3,4": 0.44722085319385463, "3,6": 0.44722085319385463, "3,7": 1.1166120904308203, "4,5": -0.45567692546041755, "4,7": -0.33182132886236393, "4,8": 1.5522482080953928, "4,9": 0.525637901564507, "5,6": -0.45567692546041755, "5,9": 0.8684241666491402, "5,10": 0.8684241666491402, "6,7": -0.33182132886236393, "6,10": 0.525637901564507, "6,11": 1.5522482080953928, "7,8": 0.9422168961514265, "7,11": 0.9422168961514265, "7,12": -0.1387382518326218, "8,9": 0.9422168961514265, "8,12": 1.5522482080953928, "9,10": 0.7353186041560207, "9,12": 0.611844333412977, "10,11": 0.9422168961514265, "10,12": 0.611844333412977, "11,12": 1.5522482080953928}, "12": {"1,2": 1.258382620139185, "1,3": 1.2037995287003165, "1,4": 1.258382620139185, "1,5": 1.2037995287003165, "2,3": 1.2037995287003165, "2,5": 1.2037995287003165, "2,6": 1.258382620139185, "3,4": 0.027430976920049723, "3,6": 0.027430976920049723, "3,7": 1.856047453890806, "4,5": -0.6616817875522214, "4,7": 0.386325686933339, "4,8": 0.3271966175068341, "4,9": 0.947232824963691, "5,6": -0.6616817875522214, "5,9": 1.2037995287003165, "5,10": 1.2037995287003165, "6,7": 0.386325686933339, "6,10": 0.947232824963691, "6,11": 0.3271966175068341, "7,8": 2.5038319025421574, "7,11": 2.5038319025421574, "7,12": -2.582886497606808, "8,9": 2.5038319025421574, "8,12": 0.3271966175068341, "9,10": 2.292951001434137, "9,12": -1.585740176429684, "10,11": 2.5038319025421574, "10,12": -1.585740176429684, "11,12": 0.3271966175068341}}, "stats": {"tried": 24, "noconv": 5, "nonemb": 17, "known": 1, "flares": 0, "closed": true}}