{"netcode": "1,2,3;1,3,4;1,4,5;1,5,2;2,5,6;2,6,3;3,6,7;3,7,8;3,8,4;4,8,9;4,9,5;5,9,10;5,10,6;6,10,11;6,11,7;7,11,12;7,12,8;8,12,13;8,13,9;9,13,10;10,13,12;10,12,11", "V": 13, "atlas": {"": {"1,2": 2.099640304296968, "1,3": 0.5588453619195677, "1,4": 2.099640304296968, "1,5": 0.5588453619195677, "2,3": 0.5588453619195677, "2,5": 0.5588453619195677, "2,6": 2.099640304296968, "3,4": 0.27834687492615573, "3,6": -0.4427941953712794, "3,7": 1.2393771586413582, "3,8": -0.11115774968870089, "4,5": -0.43810760415198974, "4,8": 1.0414055138694913, "4,9": 1.6555324975436905, "5,6": 0.02576712018132745, "5,9": 0.9834415010427613, "5,10": 0.14451026325565605, "6,7": 0.4131246727398638, "6,10": 0.06909994230016415, "6,11": 1.6595459498217362, "7,8": 0.32641444907423567, "7,11": 0.8581202003838077, "7,12": 0.9804188426268549, "8,9": -0.41848070548567445, "8,12": 0.3299070888237139, "8,13": 0.5964336084286807, "9,10": 0.32562203513052085, "9,13": 2.039178884627093, "10,11": 0.8581202003838077, "10,12": -0.4220574789003522, "10,13": 0.5964336084286807, "11,12": 1.6595459498217362, "12,13": 2.039178884627093}, "8": {"1,2": 1.8450050743990571, "1,3": 0.7241222374421512, "1,4": 1.8450050743990571, "1,5": 0.7241222374421512, "2,3": 0.7241222374421512, "2,5": 0.7241222374421512, "2,6": 1.8450050743990571, "3,4": 0.9026031872392741, "3,6": -0.38855884986423456, "3,7": 2.0098883197178066, "3,8": -0.7007321141746756, "4,5": -0.6098983543845576, "4,8": 0.49170385640535597, "4,9": 2.09259872118039, "5,6": 0.13698990953003365, "5,9": 1.3728007255371892, "5,10": 0.10488857919817175, "6,7": 0.3829629566230124, "6,10": -0.06340469465493712, "6,11": 1.5664124644006139, "7,8": -0.4363912199186057, "7,11": 0.9308069283935032, "7,12": 1.6885645835955618, "8,9": -1.3833557841915118, "8,12": -0.5084661335660975, "8,13": 0.2477549174759354, "9,10": 0.6164885691289442, "9,13": 2.6534615069656016, "10,11": 0.9308069283935032, "10,12": -0.21575745873717775, "10,13": 0.2477549174759354, "11,12": 1.5664124644006139, "12,13": 2.6534615069656016}, "12": {"1,2": 1.8620961266011946, "1,3": 0.7124099405359936, "1,4": 1.8620961266011946, "1,5": 0.7124099405359936, "2,3": 0.7124099405359936, "2,5": 0.7124099405359936, "2,6": 1.8620961266011946, "3,4": 0.044319670014282025, "3,6": -0.5837569881783843, "3,7": 1.2535689600073707, "3,8": 0.19454707771972388, "4,5": 0.004590113406988132, "4,8": 1.1863254637577179, "4,9": 1.2274069293999017, "5,6": -0.5747395796887396, "5,9": 0.23682492972799302, "5,10": 1.208748684735202, "6,7": 1.0633434113407954, "6,10": 1.057891653543134, "6,11": 0.31722792235540176, "7,8": 2.3499199028844586, "7,11": 2.5223404621689163, "7,12": -1.7609140296579386, "8,9": 0.5409916160194841, "8,12": -1.826396800854912, "8,13": 1.8779110384336792, "9,10": 1.1340578222460846, "9,13": 0.7016592675906567, "10,11": 2.5223404621689163, "10,12": -2.9433994886767256, "10,13": 1.8779110384336792, "11,12": 0.31722792235540176, "12,13": 0.7016592675906567}}, "stats": {"tried": 39, "noconv": 9, "nonemb": 27, "known": 1, "flares": 0, "closed": true}}