{"netcode": "1,2,3;1,3,4;1,4,5;1,5,2;2,5,6;2,6,3;3,6,7;3,7,4;4,7,8;4,8,9;4,9,5;5,9,6;6,9,10;6,10,7;7,10,11;7,11,8;8,11,9;9,11,10", "V": 11, "atlas": {"": {"1,2": 1.5708466753417818, "1,3": 0.9272549397724861, "1,4": 1.5708466753417818, "1,5": 0.9272549397724861, "2,3": 0.9272549397724861, "2,5": 0.9272549397724861, "2,6": 1.5708466753417818, "3,4": 0.35662406446838973, "3,6": 0.35662406446838973, "3,7": 1.2590125611834468, "4,5": 0.35662406446838973, "4,7": -0.3167361057900002, "4,8": 2.2348960734675103, "4,9": -0.3167361057900002, "5,6": 0.35662406446838973, "5,9": 1.2590125611834468, "6,7": -0.3167361057900002, "6,9": -0.3167361057900002, "6,10": 2.2348960734675103, "7,8": 0.4778840875999662, "7,10": 0.4778840875999662, "7,11": 0.4778840875999662, "8,9": 0.4778840875999662, "8,11": 2.2348960734675103, "9,10": 0.4778840875999662, "9,11": 0.4778840875999662, "10,11": 2.2348960734675103}}, "stats": {"tried": 11, "noconv": 6, "nonemb": 5, "known": 0, "flares": 0, "closed": true}}