{"netcode": "1,2,3;1,3,4;1,4,5;1,5,2;2,5,6;2,6,3;3,6,7;3,7,4;4,7,8;4,8,5;5,8,9;5,9,6;6,9,10;6,10,7;7,10,11;7,11,8;8,11,12;8,12,9;9,12,13;9,13,10;10,13,11;11,13,12", "V": 13, "atlas": {"": {"1,2": 1.7330294620891042, "1,3": 0.8034313446448237, "1,4": 1.7330294620891042, "1,5": 0.8034313446448237, "2,3": 0.8034313446448237, "2,5": 0.8034313446448237, "2,6": 1.7330294620891042, "3,4": 0.5636805350671984, "3,6": 0.5636805350671984, "3,7": 0.9473163984817768, "4,5": -0.2897825404591814, "4,7": 0.6924937264478651, "4,8": 1.6579058850811728, "5,6": -0.5264811921050654, "5,8": 0.6226679291041641, "5,9": 0.9886949292464212, "6,7": -0.41732320642898957, "6,9": 0.6226679291041641, "6,10": 1.6579058850811728, "7,8": -0.41732320642898957, "7,10": 0.6924937264478651, "7,11": 0.9473163984817768, "8,9": -0.5264811921050654, "8,11": 0.5636805350671984, "8,12": 1.7330294620891042, "9,10": -0.2897825404591814, "9,12": 0.8034313446448237, "9,13": 0.8034313446448237, "10,11": 0.5636805350671984, "10,13": 1.7330294620891042, "11,12": 0.8034313446448237, "11,13": 0.8034313446448237, "12,13": 1.7330294620891042}}, "stats": {"tried": 13, "noconv": 5, "nonemb": 8, "known": 0, "flares": 0, "closed": true}}