{"netcode": "1,2,3;1,3,4;1,4,5;1,5,2;2,5,6;2,6,3;3,6,7;3,7,4;4,7,8;4,8,5;5,8,9;5,9,6;6,9,10;6,10,7;7,10,11;7,11,8;8,11,9;9,11,10", "V": 11, "atlas": {"": {"1,2": 1.7546169995874434, "1,3": 0.7877780581182626, "1,4": 1.7546169995874434, "1,5": 0.7877780581182626, "2,3": 0.7877780581182626, "2,5": 0.7877780581182626, "2,6": 1.7546169995874434, "3,4": 0.5952355123366222, "3,6": 0.5952355123366222, "3,7": 0.9039400824300907, "4,5": -0.3316417433586317, "4,7": 0.6733701568863789, "4,8": 1.7088862052175386, "5,6": -0.4794269669781967, "5,8": 0.6733701568863789, "5,9": 0.9039400824300907, "6,7": -0.4794269669781967, "6,9": 0.5952355123366222, "6,10": 1.7546169995874434, "7,8": -0.3316417433586317, "7,10": 0.7877780581182626, "7,11": 0.7877780581182626, "8,9": 0.5952355123366222, "8,11": 1.7546169995874434, "9,10": 0.7877780581182626, "9,11": 0.7877780581182626, "10,11": 1.7546169995874434}}, "stats": {"tried": 11, "noconv": 4, "nonemb": 7, "known": 0, "flares": 0, "closed": true}}