{"netcode": "1,2,3;1,3,4;1,4,5;1,5,2;2,5,6;2,6,3;3,6,7;3,7,4;4,7,8;4,8,9;4,9,5;5,9,10;5,10,6;6,10,11;6,11,7;7,11,8;8,11,12;8,12,9;9,12,13;9,13,10;10,13,11;11,13,12", "V": 13, "atlas": {"": {"1,2": 1.3945998451477388, "1,3": 1.0762508814092695, "1,4": 1.3945998451477388, "1,5": 1.0762508814092695, "2,3": 1.0762508814092695, "2,5": 1.0762508814092695, "2,6": 1.3945998451477388, "3,4": 0.16535586753729803, "3,6": 0.16535586753729803, "3,7": 1.5915868039856063, "4,5": -0.19209616894552436, "4,7": -0.14265780353472018, "4,8": 1.349041721002657, "4,9": 0.2081218421939476, "5,6": -0.888067652411287, "5,9": 0.671245240854893, "5,10": 1.5233517218454795, "6,7": 0.5533136799310424, "6,10": 1.349041721002657, "6,11": 0.2081218421939476, "7,8": 1.5233517218454795, "7,11": 0.671245240854893, "8,9": -0.06728753226866058, "8,11": -0.3149293081386333, "8,12": 2.303455571477463, "9,10": -0.3149293081386333, "9,12": 0.4383015445903326, "9,13": 0.4383015445903326, "10,11": -0.06728753226866058, "10,13": 2.303455571477463, "11,12": 0.4383015445903326, "11,13": 0.4383015445903326, "12,13": 2.303455571477463}}, "stats": {"tried": 13, "noconv": 4, "nonemb": 9, "known": 0, "flares": 0, "closed": true}}