{"netcode": "1,2,3;1,3,4;1,4,5;1,5,2;2,5,6;2,6,3;3,6,7;3,7,8;3,8,4;4,8,9;4,9,5;5,9,10;5,10,6;6,10,11;6,11,7;7,11,8;8,11,12;8,12,9;9,12,13;9,13,10;10,13,11;11,13,12", "V": 13, "atlas": {"": {"1,2": 1.8482432870262857, "1,3": 0.7218955251219759, "1,4": 1.8482432870262857, "1,5": 0.7218955251219759, "2,3": 0.7218955251219759, "2,5": 0.7218955251219759, "2,6": 1.8482432870262857, "3,4": 0.05643304639990555, "3,6": -0.5955714128049968, "3,7": 1.282078390864603, "3,8": 0.1867692509155127, "4,5": 0.006572313474592588, "4,8": 1.1740312381651294, "4,9": 1.2260675104313121, "5,6": -0.5844728888939079, "5,9": 0.23953119562988798, "5,10": 1.2260675104313121, "6,7": 1.180747739754048, "6,10": 1.1740312381651294, "6,11": 0.1867692509155127, "7,8": 1.180747739754048, "7,11": 1.282078390864603, "8,9": -0.5844728888939079, "8,11": -0.5955714128049968, "8,12": 1.8482432870262857, "9,10": 0.006572313474592588, "9,12": 0.7218955251219759, "9,13": 0.7218955251219759, "10,11": 0.05643304639990555, "10,13": 1.8482432870262857, "11,12": 0.7218955251219759, "11,13": 0.7218955251219759, "12,13": 1.8482432870262857}}, "stats": {"tried": 13, "noconv": 4, "nonemb": 9, "known": 0, "flares": 0, "closed": true}}