{"netcode": "1,2,3;1,3,4;1,4,5;1,5,2;2,5,6;2,6,3;3,6,7;3,7,8;3,8,4;4,8,9;4,9,10;4,10,5;5,10,11;5,11,6;6,11,12;6,12,7;7,12,8;8,12,13;8,13,9;9,13,11;11,13,12;9,11,10", "V": 13, "atlas": {"": {"1,2": 1.6536169564584777, "1,3": 0.8626314839786065, "1,4": 1.6536169564584777, "1,5": 0.8626314839786065, "2,3": 0.8626314839786065, "2,5": 0.8626314839786065, "2,6": 1.6536169564584777, "3,4": 0.21726756553091042, "3,6": -0.7762167925264526, "3,7": 1.6719074462715078, "3,8": 0.11199834396389004, "4,5": -0.7762167925264526, "4,8": 0.10389082189798791, "4,9": 0.9602678421201698, "4,10": 0.8487631220376507, "5,6": 0.21726756553091042, "5,10": 1.6719074462715078, "5,11": 0.11199834396389004, "6,7": 0.8487631220376507, "6,11": 0.10389082189798791, "6,12": 0.9602678421201698, "7,8": 0.8487631220376507, "7,12": 1.6719074462715078, "8,9": 0.35182059108876607, "8,12": -0.4288850149336997, "8,13": 0.6036237293508273, "9,10": 1.6719074462715078, "9,11": -0.4288850149336997, "9,13": 2.02778427157167, "10,11": 0.8487631220376507, "11,12": 0.35182059108876607, "11,13": 0.6036237293508273, "12,13": 2.02778427157167}, "8": {"1,2": 1.7239577443976988, "1,3": 0.8100637828701595, "1,4": 1.7239577443976988, "1,5": 0.8100637828701595, "2,3": 0.8100637828701595, "2,5": 0.8100637828701595, "2,6": 1.7239577443976988, "3,4": 0.8957380287275855, "3,6": -0.5055449396965286, "3,7": 2.1714243720750823, "3,8": -0.6745668924197255, "4,5": -0.7097748047845175, "4,8": -0.6129361871693744, "4,9": 1.6723399995899355, "4,10": 0.9336209943426068, "5,6": 0.18956518910705258, "5,10": 1.5629078338836524, "5,11": 0.10293694562121866, "6,7": 0.515371591035133, "6,11": -0.061766467307287874, "6,12": 1.3552223498282023, "7,8": 0.515371591035133, "7,12": 2.1714243720750823, "8,9": -0.4806128015711363, "8,12": -1.548080624175176, "8,13": 0.2564626137776923, "9,10": 1.5629078338836524, "9,11": -0.2270422952695597, "9,13": 2.6368345785763014, "10,11": 0.9336209943426068, "11,12": 0.7758975434698676, "11,13": 0.2564626137776923, "12,13": 2.6368345785763014}, "9": {"1,2": 1.832320390146642, "1,3": 0.7328793562774902, "1,4": 1.832320390146642, "1,5": 0.7328793562774902, "2,3": 0.7328793562774902, "2,5": 0.7328793562774902, "2,6": 1.832320390146642, "3,4": 0.040105958446682646, "3,6": -0.6031977915094087, "3,7": 1.2812866220985215, "3,8": 0.20971315394749176, "4,5": -0.0888753439550673, "4,8": 2.3370371461030413, "4,9": -1.7817941541959352, "4,10": 2.4619420401376595, "5,6": -0.5650958036945575, "5,10": 0.34992543384762514, "5,11": 1.131454618806349, "6,7": 1.1815118678836798, "6,11": 1.1582176131770494, "6,12": 0.18159191571168315, "7,8": 1.1815118678836798, "7,12": 1.2812866220985215, "8,9": -1.8332864022705337, "8,12": 0.5368283525566567, "8,13": 1.8888051629441278, "9,10": 0.34992543384762514, "9,11": -2.9678827051666854, "9,13": 0.6943014471737036, "10,11": 2.4619420401376595, "11,12": 1.1900561046501248, "11,13": 1.8888051629441278, "12,13": 0.6943014471737036}, "11": {"1,2": 1.7239577443976988, "1,3": 0.8100637828701595, "1,4": 1.7239577443976988, "1,5": 0.8100637828701595, "2,3": 0.8100637828701595, "2,5": 0.8100637828701595, "2,6": 1.7239577443976988, "3,4": 0.18956518910705258, "3,6": -0.7097748047845175, "3,7": 1.5629078338836524, "3,8": 0.10293694562121866, "4,5": -0.5055449396965286, "4,8": -0.061766467307287874, "4,9": 1.3552223498282023, "4,10": 0.515371591035133, "5,6": 0.8957380287275855, "5,10": 2.1714243720750823, "5,11": -0.6745668924197255, "6,7": 0.9336209943426068, "6,11": -0.6129361871693744, "6,12": 1.6723399995899355, "7,8": 0.9336209943426068, "7,12": 1.5629078338836524, "8,9": 0.7758975434698676, "8,12": -0.2270422952695597, "8,13": 0.2564626137776923, "9,10": 2.1714243720750823, "9,11": -1.548080624175176, "9,13": 2.6368345785763014, "10,11": 0.515371591035133, "11,12": -0.4806128015711363, "11,13": 0.2564626137776923, "12,13": 2.6368345785763014}, "12": {"1,2": 1.832320390146642, "1,3": 0.7328793562774902, "1,4": 1.832320390146642, "1,5": 0.7328793562774902, "2,3": 0.7328793562774902, "2,5": 0.7328793562774902, "2,6": 1.832320390146642, "3,4": -0.5650958036945575, "3,6": -0.0888753439550673, "3,7": 0.34992543384762514, "3,8": 1.131454618806349, "4,5": -0.6031977915094087, "4,8": 1.1582176131770494, "4,9": 0.18159191571168315, "4,10": 1.1815118678836798, "5,6": 0.040105958446682646, "5,10": 1.2812866220985215, "5,11": 0.20971315394749176, "6,7": 2.4619420401376595, "6,11": 2.3370371461030413, "6,12": -1.7817941541959352, "7,8": 2.4619420401376595, "7,12": 0.34992543384762514, "8,9": 1.1900561046501248, "8,12": -2.9678827051666854, "8,13": 1.8888051629441278, "9,10": 1.2812866220985215, "9,11": 0.5368283525566567, "9,13": 0.6943014471737036, "10,11": 1.1815118678836798, "11,12": -1.8332864022705337, "11,13": 1.8888051629441278, "12,13": 0.6943014471737036}, "13": {"1,2": 1.5502529117197634, "1,3": 0.9438320741737124, "1,4": 1.5502529117197634, "1,5": 0.9438320741737124, "2,3": 0.9438320741737124, "2,5": 0.9438320741737124, "2,6": 1.5502529117197634, "3,4": -0.2583956863066724, "3,6": -0.6932662514913198, "3,7": 1.2541870752457898, "3,8": 0.6496029026761705, "4,5": -0.6932662514913198, "4,8": 0.8981038720017741, "4,9": 0.09916749851609545, "4,10": 1.2079209479139061, "5,6": -0.2583956863066724, "5,10": 1.2541870752457898, "5,11": 0.6496029026761705, "6,7": 1.2079209479139061, "6,11": 0.8981038720017741, "6,12": 0.09916749851609545, "7,8": 1.2079209479139061, "7,12": 1.2541870752457898, "8,9": 2.322048003151948, "8,12": 1.6599379084890262, "8,13": -2.208378073291172, "9,10": 1.2541870752457898, "9,11": 1.6599379084890262, "9,13": -0.4934429517890564, "10,11": 1.2079209479139061, "11,12": 2.322048003151948, "11,13": -2.208378073291172, "12,13": -0.4934429517890564}}, "stats": {"tried": 78, "noconv": 38, "nonemb": 32, "known": 3, "flares": 0, "closed": true}}