{"netcode": "1,2,3;1,3,4;1,4,5;1,5,2;2,5,6;2,6,3;3,6,7;3,7,4;4,7,8;4,8,9;4,9,5;5,9,10;5,10,6;6,10,11;6,11,7;7,11,8;8,11,12;8,12,9;9,12,10;10,12,11", "V": 12, "atlas": {"": {"1,2": 1.3506532889874432, "1,3": 1.1161197850575684, "1,4": 1.3506532889874432, "1,5": 1.1161197850575684, "2,3": 1.1161197850575684, "2,5": 1.1161197850575684, "2,6": 1.3506532889874432, "3,4": 0.12035552180287273, "3,6": 0.12035552180287273, "3,7": 1.675843282180815, "4,5": -0.6050864972246273, "4,7": 0.12035552180287273, "4,8": 0.7213173016314227, "4,9": 0.7213173016314227, "5,6": -0.6050864972246273, "5,9": 1.1161197850575684, "5,10": 1.1161197850575684, "6,7": 0.12035552180287273, "6,10": 0.7213173016314227, "6,11": 0.7213173016314227, "7,8": 1.1161197850575684, "7,11": 1.1161197850575684, "8,9": 0.5236921288840409, "8,11": 0.24543734995168026, "8,12": 1.2309594173407747, "9,10": 0.24543734995168026, "9,12": 1.2309594173407747, "10,11": 0.5236921288840409, "10,12": 1.2309594173407747, "11,12": 1.2309594173407747}, "12": {"1,2": 1.3506532889874432, "1,3": 1.1161197850575684, "1,4": 1.3506532889874432, "1,5": 1.1161197850575684, "2,3": 1.1161197850575684, "2,5": 1.1161197850575684, "2,6": 1.3506532889874432, "3,4": 0.12035552180287273, "3,6": 0.12035552180287273, "3,7": 1.675843282180815, "4,5": -0.6050864972246273, "4,7": 0.12035552180287273, "4,8": 0.7213173016314227, "4,9": 0.7213173016314227, "5,6": -0.6050864972246273, "5,9": 1.1161197850575684, "5,10": 1.1161197850575684, "6,7": 0.12035552180287273, "6,10": 0.7213173016314227, "6,11": 0.7213173016314227, "7,8": 1.1161197850575684, "7,11": 1.1161197850575684, "8,9": 2.434325365133059, "8,11": 2.156070586200699, "8,12": -1.2309594173407747, "9,10": 2.156070586200699, "9,12": -1.2309594173407747, "10,11": 2.434325365133059, "10,12": -1.2309594173407747, "11,12": -1.2309594173407747}}, "stats": {"tried": 24, "noconv": 8, "nonemb": 14, "known": 1, "flares": 0, "closed": true}}