{"netcode": "1,2,3;1,3,4;1,4,5;1,5,2;2,5,6;2,6,3;3,6,7;3,7,8;3,8,4;4,8,9;4,9,5;5,9,10;5,10,6;6,10,11;6,11,7;7,11,8;8,11,10;8,10,9", "V": 11, "atlas": {"": {"1,2": 1.8255410816765736, "1,3": 0.7375824535407244, "1,4": 1.8255410816765736, "1,5": 0.7375824535407244, "2,3": 0.7375824535407244, "2,5": 0.7375824535407244, "2,6": 1.8255410816765736, "3,4": 0.5983915665030226, "3,6": -0.568371599047983, "3,7": 1.8255410816765736, "3,8": -0.3558450402758474, "4,5": -0.4065513015451708, "4,8": 0.6968531532817309, "4,9": 1.767514510155574, "5,6": -0.3558450402758474, "5,9": 0.7785115148121925, "5,10": 0.6968531532817309, "6,7": 0.7375824535407244, "6,10": 0.5983915665030226, "6,11": 0.7375824535407244, "7,8": 0.7375824535407244, "7,11": 1.8255410816765736, "8,9": 0.7785115148121925, "8,10": -0.4065513015451708, "8,11": 0.7375824535407244, "9,10": 1.767514510155574, "10,11": 1.8255410816765736}}, "stats": {"tried": 11, "noconv": 4, "nonemb": 7, "known": 0, "flares": 0, "closed": true}}