{"netcode": "1,2,3;1,3,4;1,4,5;1,5,2;2,5,6;2,6,3;3,6,7;3,7,8;3,8,4;4,8,9;4,9,10;4,10,5;5,10,11;5,11,6;6,11,12;6,12,7;7,12,8;8,12,9;9,12,11;9,11,10", "V": 12, "atlas": {"": {"1,2": 1.5545329734230402, "1,3": 0.9403697944767728, "1,4": 1.5545329734230402, "1,5": 0.9403697944767728, "2,3": 0.9403697944767728, "2,5": 0.9403697944767728, "2,6": 1.5545329734230402, "3,4": -0.1751647801753747, "3,6": -0.7385137307597757, "3,7": 1.348515526202499, "3,8": 0.5586027093672247, "4,5": -0.7385137307597757, "4,8": 0.7157404020073918, "4,9": 0.25936182693211596, "4,10": 1.118089273354369, "5,6": -0.1751647801753747, "5,10": 1.348515526202499, "5,11": 0.5586027093672247, "6,7": 1.118089273354369, "6,11": 0.7157404020073918, "6,12": 0.25936182693211596, "7,8": 1.118089273354369, "7,12": 1.348515526202499, "8,9": 1.0260392471019042, "8,12": 0.3477366648799347, "9,10": 1.348515526202499, "9,11": 0.3477366648799347, "9,12": 0.9064333245317687, "10,11": 1.118089273354369, "11,12": 1.0260392471019042}, "7": {"1,2": 1.638799459498439, "1,3": 0.8739728780389402, "1,4": 1.638799459498439, "1,5": 0.8739728780389402, "2,3": 0.8739728780389402, "2,5": 0.8739728780389402, "2,6": 1.638799459498439, "3,4": -0.30194058429929005, "3,6": 1.171108490943078, "3,7": -1.089138948646123, "3,8": 2.427106083732913, "4,5": -0.6997383057075127, "4,8": 0.8645546751101659, "4,9": 0.21783959467178446, "4,10": 1.1367762086904918, "5,6": -0.10780582040379469, "5,10": 1.3283842763171707, "5,11": 0.4469003592075368, "6,7": -1.3802524032062908, "6,11": 0.8578982723088949, "6,12": 2.2017831379101573, "7,8": -1.3802524032062908, "7,12": -1.089138948646123, "8,9": 1.0978820717128972, "8,12": 2.2525949903086104, "9,10": 1.3283842763171707, "9,11": 0.42131992475624974, "9,12": 0.8199517266478098, "10,11": 1.1367762086904918, "11,12": 0.8952396944514808}, "9": {"1,2": 1.8287235220395313, "1,3": 0.7353726604229155, "1,4": 1.8287235220395313, "1,5": 0.7353726604229155, "2,3": 0.7353726604229155, "2,5": 0.7353726604229155, "2,6": 1.8287235220395313, "3,4": 0.02575602901983414, "3,6": -0.6024446969596859, "3,7": 1.2691155517716144, "3,8": 0.22616521247510477, "4,5": -0.09359290017251376, "4,8": 2.335708746994379, "4,9": -1.7591421755952164, "4,10": 2.4499623800755064, "5,6": -0.5656778814139117, "5,10": 0.35646988901957094, "5,11": 1.129717975578904, "6,7": 1.193311106512791, "6,11": 1.1707953610719926, "6,12": 0.16639918499636755, "7,8": 1.193311106512791, "7,12": 1.2691155517716144, "8,9": -0.6277179369547097, "8,12": 1.7634873686538, "9,10": 0.35646988901957094, "9,11": -1.7466507508374143, "9,12": -0.6490112324631292, "10,11": 2.4499623800755064, "11,12": 2.413038186233089}, "10": {"1,2": 1.638799459498439, "1,3": 0.8739728780389402, "1,4": 1.638799459498439, "1,5": 0.8739728780389402, "2,3": 0.8739728780389402, "2,5": 0.8739728780389402, "2,6": 1.638799459498439, "3,4": -0.10780582040379469, "3,6": -0.6997383057075127, "3,7": 1.3283842763171707, "3,8": 0.4469003592075368, "4,5": 1.171108490943078, "4,8": 0.8578982723088949, "4,9": 2.2017831379101573, "4,10": -1.3802524032062908, "5,6": -0.30194058429929005, "5,10": -1.089138948646123, "5,11": 2.427106083732913, "6,7": 1.1367762086904918, "6,11": 0.8645546751101659, "6,12": 0.21783959467178446, "7,8": 1.1367762086904918, "7,12": 1.3283842763171707, "8,9": 0.8952396944514808, "8,12": 0.42131992475624974, "9,10": -1.089138948646123, "9,11": 2.2525949903086104, "9,12": 0.8199517266478098, "10,11": -1.3802524032062908, "11,12": 1.0978820717128972}, "12": {"1,2": 1.8287235220395313, "1,3": 0.7353726604229155, "1,4": 1.8287235220395313, "1,5": 0.7353726604229155, "2,3": 0.7353726604229155, "2,5": 0.7353726604229155, "2,6": 1.8287235220395313, "3,4": -0.5656778814139117, "3,6": -0.09359290017251376, "3,7": 0.35646988901957094, "3,8": 1.129717975578904, "4,5": -0.6024446969596859, "4,8": 1.1707953610719926, "4,9": 0.16639918499636755, "4,10": 1.193311106512791, "5,6": 0.02575602901983414, "5,10": 1.2691155517716144, "5,11": 0.22616521247510477, "6,7": 2.4499623800755064, "6,11": 2.335708746994379, "6,12": -1.7591421755952164, "7,8": 2.4499623800755064, "7,12": 0.35646988901957094, "8,9": 2.413038186233089, "8,12": -1.7466507508374143, "9,10": 1.2691155517716144, "9,11": 1.7634873686538, "9,12": -0.6490112324631292, "10,11": 1.193311106512791, "11,12": -0.6277179369547097}}, "stats": {"tried": 60, "noconv": 32, "nonemb": 20, "known": 4, "flares": 0, "closed": true}}