{"netcode": "1,2,3;1,3,4;1,4,5;1,5,2;2,5,6;2,6,7;2,7,3;3,7,8;3,8,4;4,8,9;4,9,5;5,9,10;5,10,6;6,10,11;6,11,7;7,11,12;7,12,8;8,12,13;8,13,9;9,13,10;10,13,12;10,12,11", "V": 13, "atlas": {"": {"1,2": 1.6529443843081175, "1,3": 0.8631441960387292, "1,4": 1.6529443843081175, "1,5": 0.8631441960387292, "2,3": 0.6255971347719119, "2,5": -0.24716949316040385, "2,6": 1.656821197606831, "2,7": 0.6189335022728619, "3,4": 0.6255971347719119, "3,7": 0.7734684242426236, "3,8": 0.7734684242426236, "4,5": -0.24716949316040385, "4,8": 0.6189335022728619, "4,9": 1.656821197606831, "5,6": 0.7808284035300282, "5,9": 0.7808284035300282, "5,10": -0.15883064936325905, "6,7": -0.3340601969834856, "6,10": 0.49038597345423124, "6,11": 1.8264811943611632, "7,8": -0.3779833276968941, "7,11": 0.7369292981091569, "7,12": 0.655004913159201, "8,9": -0.3340601969834856, "8,12": 0.655004913159201, "8,13": 0.7369292981091569, "9,10": 0.49038597345423124, "9,13": 1.8264811943611632, "10,11": 0.7369292981091569, "10,12": -0.4438804803436044, "10,13": 0.7369292981091569, "11,12": 1.8264811943611632, "12,13": 1.8264811943611632}, "1": {"1,2": -0.745210015400988, "1,3": -1.814595383753742, "1,4": -0.745210015400988, "1,5": -1.814595383753742, "2,3": 2.4448442780449087, "2,5": 1.8239633078793236, "2,6": 1.261888738909894, "2,7": 0.23128476488673963, "3,4": 2.4448442780449087, "3,7": 1.1833555146429469, "3,8": 1.1833555146429469, "4,5": 1.8239633078793236, "4,8": 0.23128476488673963, "4,9": 1.261888738909894, "5,6": 1.1102483959402993, "5,9": 1.1102483959402993, "5,10": 0.22749269492091545, "6,7": -0.023549702679612584, "6,10": 0.11892355792217463, "6,11": 1.8182676661144435, "7,8": -0.5322148254435118, "7,11": 0.7426462507014983, "7,12": 0.65293451201581, "8,9": -0.023549702679612584, "8,12": 0.65293451201581, "8,13": 0.7426462507014983, "9,10": 0.11892355792217463, "9,13": 1.8182676661144435, "10,11": 0.7426462507014983, "10,12": -0.43385861204837733, "10,13": 0.7426462507014983, "11,12": 1.8182676661144435, "12,13": 1.8182676661144435}, "5": {"1,2": 2.2002063048410267, "1,3": 0.49826697986215807, "1,4": 2.2002063048410267, "1,5": 0.49826697986215807, "2,3": 0.9286010039470294, "2,5": -1.118455626463214, "2,6": 2.2807720660262363, "2,7": 0.8102774174276145, "3,4": 0.9286010039470294, "3,7": 0.6669411741617313, "3,8": 0.6669411741617313, "4,5": -1.118455626463214, "4,8": 0.8102774174276145, "4,9": 2.2807720660262363, "5,6": 0.1406016371656772, "5,9": 0.1406016371656772, "5,10": -0.8149786766659312, "6,7": -0.4920832538145067, "6,10": 1.2105543157721106, "6,11": 1.6640763845945035, "7,8": -0.25962648816456957, "7,11": 0.8546832779663237, "7,12": 0.6235073387418469, "8,9": -0.4920832538145067, "8,12": 0.6235073387418469, "8,13": 0.8546832779663237, "9,10": 1.2105543157721106, "9,13": 1.6640763845945035, "10,11": 0.8546832779663237, "10,12": -0.2571539863441683, "10,13": 0.8546832779663237, "11,12": 1.6640763845945035, "12,13": 1.6640763845945035}, "7": {"1,2": 1.6031172935555371, "1,3": 0.9016859432895588, "1,4": 1.6031172935555371, "1,5": 0.9016859432895588, "2,3": 1.3304368801218311, "2,5": -0.4201617304304577, "2,6": 2.35329941734922, "2,7": -0.008573892063075895, "3,4": 0.32017100963125156, "3,7": -0.046484434571178755, "3,8": 1.6630851240331632, "4,5": 0.013216579542783373, "4,8": 0.9006511451728357, "4,9": 1.2711328154154211, "5,6": 1.2113661975864871, "5,9": 0.8168709582323864, "5,10": -0.316982122937115, "6,7": -1.7047624634519225, "6,10": 1.0503838337596256, "6,11": 2.49447400517857, "7,8": -1.3571152852045811, "7,11": 0.3322536438700758, "7,12": -0.334248171291693, "8,9": 0.04279950356780592, "8,12": 1.5649302790780617, "8,13": 0.9770680306050366, "9,10": 0.40171278361794394, "9,13": 1.5097268894959348, "10,11": 0.3322536438700758, "10,12": -0.233975544250377, "10,13": 0.9770680306050366, "11,12": 2.49447400517857, "12,13": 1.5097268894959348}, "8": {"1,2": 1.6031172935555371, "1,3": 0.9016859432895588, "1,4": 1.6031172935555371, "1,5": 0.9016859432895588, "2,3": 0.32017100963125156, "2,5": 0.013216579542783373, "2,6": 1.2711328154154211, "2,7": 0.9006511451728357, "3,4": 1.3304368801218311, "3,7": 1.6630851240331632, "3,8": -0.046484434571178755, "4,5": -0.4201617304304577, "4,8": -0.008573892063075895, "4,9": 2.35329941734922, "5,6": 0.8168709582323864, "5,9": 1.2113661975864871, "5,10": -0.316982122937115, "6,7": 0.04279950356780592, "6,10": 0.40171278361794394, "6,11": 1.5097268894959348, "7,8": -1.3571152852045811, "7,11": 0.9770680306050366, "7,12": 1.5649302790780617, "8,9": -1.7047624634519225, "8,12": -0.334248171291693, "8,13": 0.3322536438700758, "9,10": 1.0503838337596256, "9,13": 2.49447400517857, "10,11": 0.9770680306050366, "10,12": -0.233975544250377, "10,13": 0.3322536438700758, "11,12": 1.5097268894959348, "12,13": 2.49447400517857}, "10": {"1,2": 1.4818566376752826, "1,3": 1.0004144316584638, "1,4": 1.4818566376752826, "1,5": 1.0004144316584638, "2,3": 0.5260385745274792, "2,5": -0.016739120919690677, "2,6": 1.3880208535848542, "2,7": 0.6886808106281295, "3,4": 0.5260385745274792, "3,7": 0.8231741765967934, "3,8": 0.8231741765967934, "4,5": -0.016739120919690677, "4,8": 0.6886808106281295, "4,9": 1.3880208535848542, "5,6": 1.6363021838660727, "5,9": 1.6363021838660727, "5,10": -0.9666717033705308, "6,7": -0.046948247716825715, "6,10": -0.4647706632346447, "6,11": 2.4377576351559727, "7,8": -0.6270844111678899, "7,11": 0.3631584447634674, "7,12": 1.1654455943268967, "8,9": -0.046948247716825715, "8,12": 1.1654455943268967, "8,13": 0.3631584447634674, "9,10": -0.4647706632346447, "9,13": 2.4377576351559727, "10,11": 0.3631584447634674, "10,12": -1.778010928564993, "10,13": 0.3631584447634674, "11,12": 2.4377576351559727, "12,13": 2.4377576351559727}, "11": {"1,2": 1.5755759100808273, "1,3": 0.923477023562972, "1,4": 1.5755759100808273, "1,5": 0.923477023562972, "2,3": 0.3763927827142764, "2,5": -0.0039826241659673325, "2,6": 1.3083035808550616, "2,7": 0.8421427330721948, "3,4": 0.8873842875801421, "3,7": 1.2070782839745564, "3,8": 0.40170161727983655, "4,5": -0.29408651451783613, "4,8": 0.37533256958195843, "4,9": 1.872266886130389, "5,6": 0.07948189435385586, "5,9": 0.3497549356901548, "5,10": 0.5638363342443573, "6,7": 1.7009522771577552, "6,10": 2.4081889449899574, "6,11": -0.5595600472763897, "7,8": 0.278515658307243, "7,11": -2.098476778773618, "7,12": 2.6559508510479337, "8,9": -0.2740846762178357, "8,12": -0.16754784910731654, "8,13": 0.9444018250655906, "9,10": 0.9083098185726053, "9,13": 1.549549651193762, "10,11": -2.098476778773618, "10,12": 1.711941027336741, "10,13": 0.9444018250655906, "11,12": -0.5595600472763897, "12,13": 1.549549651193762}, "12": {"1,2": 1.4786280602735522, "1,3": 1.003145475851174, "1,4": 1.4786280602735522, "1,5": 1.003145475851174, "2,3": 0.5241310286877723, "2,5": -0.012284662709400158, "2,6": 1.3826179102755944, "2,7": 0.6905504651220858, "3,4": 0.5241310286877723, "3,7": 0.8242062298946268, "3,8": 0.8242062298946268, "4,5": -0.012284662709400158, "4,8": 0.6905504651220858, "4,9": 1.3826179102755944, "5,6": 0.012425913282476428, "5,9": 0.012425913282476428, "5,10": 0.9784353713224625, "6,7": 0.6434106739547116, "6,10": 1.4245508047424364, "6,11": 0.5707715242426182, "7,8": 1.7949275978724621, "7,11": 2.0802947976843136, "7,12": -1.8611411952877082, "8,9": 0.6434106739547116, "8,12": -1.8611411952877082, "8,13": 2.0802947976843136, "9,10": 1.4245508047424364, "9,13": 0.5707715242426182, "10,11": 2.0802947976843136, "10,12": -3.0600759569656093, "10,13": 2.0802947976843136, "11,12": 0.5707715242426182, "12,13": 0.5707715242426182}, "13": {"1,2": 1.5755759100808273, "1,3": 0.923477023562972, "1,4": 1.5755759100808273, "1,5": 0.923477023562972, "2,3": 0.8873842875801421, "2,5": -0.29408651451783613, "2,6": 1.872266886130389, "2,7": 0.37533256958195843, "3,4": 0.3763927827142764, "3,7": 0.40170161727983655, "3,8": 1.2070782839745564, "4,5": -0.0039826241659673325, "4,8": 0.8421427330721948, "4,9": 1.3083035808550616,