{"netcode": "1,2,3;1,3,4;1,4,5;1,5,2;2,5,6;2,6,7;2,7,3;3,7,8;3,8,4;4,8,9;4,9,5;5,9,10;5,10,6;6,10,11;6,11,7;7,11,12;7,12,8;8,12,13;8,13,9;9,13,10;10,13,11;11,13,12", "V": 13, "atlas": {"": {"1,2": 1.6090803111280936, "1,3": 0.8970144527675965, "1,4": 1.6090803111280936, "1,5": 0.8970144527675965, "2,3": 0.6003425227391147, "2,5": -0.18850864442466933, "2,6": 1.5909994679957566, "2,7": 0.6315212949072598, "3,4": 0.6003425227391147, "3,7": 0.7853200483583892, "3,8": 0.7853200483583892, "4,5": -0.18850864442466933, "4,8": 0.6315212949072598, "4,9": 1.5909994679957566, "5,6": 0.257291888930187, "5,9": 0.257291888930187, "5,10": 0.45376941393381903, "6,7": 0.07924264842809298, "6,10": 0.9694125874980226, "6,11": 1.1853981665732525, "7,8": -0.6213277887785494, "7,11": 0.2072102496683683, "7,12": 1.2309594173407747, "8,9": 0.07924264842809298, "8,12": 1.2309594173407747, "8,13": 0.2072102496683683, "9,10": 0.9694125874980226, "9,13": 1.1853981665732525, "10,11": 0.6570877836894046, "10,13": 0.6570877836894046, "11,12": 1.2309594173407747, "11,13": 0.578583169300125, "12,13": 1.2309594173407747}, "1": {"1,2": -0.8445381052659994, "1,3": -1.677517405292569, "1,4": -0.8445381052659994, "1,5": -1.677517405292569, "2,3": 2.416527114022537, "2,5": 1.9023473505089001, "2,6": 1.1898485889189536, "2,7": 0.363061798430749, "3,4": 2.416527114022537, "3,7": 1.116919567040076, "3,8": 1.116919567040076, "4,5": 1.9023473505089001, "4,8": 0.363061798430749, "4,9": 1.1898485889189536, "5,6": 0.5464857737231322, "5,9": 0.5464857737231322, "5,10": 0.7597287187422351, "6,7": 0.2744670347133472, "6,10": 0.7056511143148199, "6,11": 1.097146971253884, "7,8": -0.7735719447762698, "7,11": 0.25645139418297036, "7,12": 1.2309594173407747, "8,9": 0.2744670347133472, "8,12": 1.2309594173407747, "8,13": 0.25645139418297036, "9,10": 0.7056511143148199, "9,13": 1.097146971253884, "10,11": 0.7391308951708802, "10,13": 0.7391308951708802, "11,12": 1.2309594173407747, "11,13": 0.5089271812250642, "12,13": 1.2309594173407747}, "5": {"1,2": 2.083472937887521, "1,3": 0.5688058801796926, "1,4": 2.083472937887521, "1,5": 0.5688058801796926, "2,3": 0.865556999514504, "2,5": -0.8965853502965826, "2,6": 2.185870785352088, "2,7": 0.705623196639468, "3,4": 0.865556999514504, "3,7": 0.6841095032658956, "3,8": 0.6841095032658956, "4,5": -0.8965853502965826, "4,8": 0.705623196639468, "4,9": 2.185870785352088, "5,6": -0.30790241704498517, "5,9": -0.30790241704498517, "5,10": -0.10164415271143493, "6,7": 0.04267250292786338, "6,10": 1.516155695883435, "6,11": 1.2374363548100618, "7,8": -0.5609687401565691, "7,11": 0.18053686530996363, "7,12": 1.2309594173407747, "8,9": 0.04267250292786338, "8,12": 1.2309594173407747, "8,13": 0.18053686530996363, "9,10": 1.516155695883435, "9,13": 1.2374363548100618, "10,11": 0.6096014002741821, "10,13": 0.6096014002741821, "11,12": 1.2309594173407747, "11,13": 0.6207741487720237, "12,13": 1.2309594173407747}, "6": {"1,2": 1.1753012852812557, "1,3": 1.2877344818349679, "1,4": 1.1753012852812557, "1,5": 1.2877344818349679, "2,3": 0.05556713789979639, "2,5": 1.2045838941766145, "2,6": 0.02787990896861791, "2,7": 1.8279168659271559, "3,4": 0.7474218571680193, "3,7": 1.4477238106967567, "3,8": 0.4698240251985749, "4,5": 0.17007307046197365, "4,8": 0.4826894819610505, "4,9": 1.328400815149691, "5,6": -1.353514831897128, "5,9": 0.5701720098248708, "5,10": 2.1353610367907705, "6,7": -1.5597231056841383, "6,10": -0.7877839162004041, "6,11": -0.4293725148423259, "7,8": -0.37167599381929056, "7,11": 1.6792809819097658, "7,12": 1.555209852715308, "8,9": 0.11034765433757258, "8,12": 0.9398230673064603, "8,13": 0.020214760790339008, "9,10": 0.6501054245654118, "9,13": 1.2821890962815086, "10,11": 2.0121317794757063, "10,13": 0.8473952091831167, "11,12": 0.9398230673064603, "11,13": 0.3715233749905737, "12,13": 1.555209852715308}, "7": {"1,2": 1.6076053380892024, "1,3": 0.8981684404644145, "1,4": 1.6076053380892024, "1,5": 0.8981684404644145, "2,3": 1.411880621284655, "2,5": -0.420423095342251, "2,6": 2.4375819440038837, "2,7": -0.09171881759689311, "3,4": 0.33058754366882187, "3,7": -0.12759457638554086, "3,8": 1.737285579766316, "4,5": 0.0002334251312918223, "4,8": 0.8897160035778242, "4,9": 1.2876175062943418, "5,6": 0.6049055338069582, "5,9": 0.22246473852702434, "5,10": 0.288791186843087, "6,7": -1.1120091403913315, "6,10": 1.1389700483109364, "6,11": 2.0769046691623707, "7,8": -1.729978884736492, "7,11": -0.6853848738399426, "7,12": 0.6584986345674956, "8,9": 0.4715801634128077, "8,12": 1.9426340740261951, "8,13": 0.7528603827639914, "9,10": 1.1151395048434978, "9,13": 0.7692040163228742, "10,11": 0.6073469748006759, "10,13": 0.6481950062165989, "11,12": 1.9426340740261951, "11,13": 0.8266624506098328, "12,13": 0.6584986345674956}, "8": {"1,2": 1.6076053380892024, "1,3": 0.8981684404644145, "1,4": 1.6076053380892024, "1,5": 0.8981684404644145, "2,3": 0.33058754366882187, "2,5": 0.0002334251312918223, "2,6": 1.2876175062943418, "2,7": 0.8897160035778242, "3,4": 1.411880621284655, "3,7": 1.737285579766316, "3,8": -0.12759457638554086, "4,5": -0.420423095342251, "4,8": -0.09171881759689311, "4,9": 2.4375819440038837, "5,6": 0.22246473852702434, "5,9": 0.6049055338069582, "5,10": 0.288791186843087, "6,7": 0.4715801634128077, "6,10": 1.1151395048434978, "6,11": 0.7692040163228742, "7,8": -1.729978884736492, "7,11": 0.7528603827639914, "7,12": 1.9426340740261951, "8,9": -1.1120091403913315, "8,12": 0.6584986345674956, "8,13": -0.6853848738399426, "9,10": 1.1389700483109364, "9,13": 2.0769046691623707, "10,11": 0.6481950062165989, "10,13": 0.6073469748006759, "11,12": 0.6584986345674956, "11,13": 0.8266624506098328, "12,13": 1.9426340740261951}, "9": {"1,2": 1.1753012852812557, "1,3": 1.2877344818349679, "1,4": 1.1753012852812557, "1,5": 1.2877344818349679, "2,3": 0.7474218571680193, "2,5": 0.17007307046197365, "2,6": 1.328400815149691, "2,7": 0.4826894819610505, "3,4": 0.05556713789979639, "3,7": 0.4698240251985749, "3,8": 1.4477238106967567, "4,5": 1.2045838941766145, "4,8": 1.8279168659271559, "4,9": 0.02787990896861791, "5,6": 0.5701720098248708, "5,9": -1.353514831897128, "5,10": 2.1353610367907705, "6,7": 0.11034765433757258, "6,10": 0.6501054245654118, "6,11": 1.2821890962815086, "7,8": -0.37167599381929056, "7,11": 0.020214760790339008, "7,12": 0.9398230673064603, "8,9": -1.5597231056841383, "8,12": 1.555209852715308, "8,13": 1.6792809819097658, "9,10": -0.7877839162004041, "9,13": -0.4293725148423259, "10,11": 0.8473952091831167, "10,13": 2.0121317794757063, "11,12": 1.555209852715308, "11,13": 0.3715233749905737, "12,13": 0.9398230673064603}, "10": {"1,2": 1.4697524447094363, "1,3": 1.010682160097903, "1,4": 1.4697524447094363, "1,5": 1.010682160097903, "2,3": 0.5188811122719568, "2,5": 0.0, "2,6": 1.3676949535151792, "2,7": 0.6958038252095329, "3,4": 0.5188811122719568, "3,7": 0.8270625261558019, "3,8": 0.8270625261558019, "4,5": 0.0, "4,8": 0.6958038252095329, "4,9": 1.3676949535151792, "5,6": 1.6718402088803568, "5,9": 1.6718402088803568, "5,10": -1.010682160097903, "6,7": 0.0, "6,10": -0.5188811122719568, "6,11": 2.4457888283802602, "7,8": -0.6487758669246234, "7,11": 0.31324000190115303, "7,12": 1.2309594173407747, "8,9": 0.0, "8,12": 1.2309594173407747, "8,13": 0.31324000190115303, "9,10": -0.5188811122719568, "9,13": 2.4457888283802602, "10,11": -0.8270625261558019, "10,13": -0.8270625261558019, "11,12": 1.2309594173407747, "11,13": 1.8797352842653983, "12,13": 1.2309594173407747}, "1,10": {"1,2": -0.8237282267636279, "1,3": -1.7054078560406878, "1,4": -0.8237282267636279, "1,5": -1.7054078560406878, "2,3": 2.4226869038934313, "2,5": 1.8852517762363044, "2,6": 1.2050382000567303, "2,7": 0.3350683495953017, "3,4": 2.4226869038934313, "3,7": 1.1302860211693908, "3,8": 1.1302860211693908, "4,5": 1.8852517762363044, "4,8": 0.3350683495953017, "4,9": 1.2050382000567303, "5,6": 1.8548885328936848, "5,9": 1.8548885328936848, "5,10": -0.6763663438039635,