{"netcode": "1,2,3;1,3,4;1,4,5;1,5,2;2,5,6;2,6,7;2,7,3;3,7,8;3,8,4;4,8,9;4,9,10;4,10,5;5,10,11;5,11,6;6,11,12;6,12,7;7,12,8;8,12,13;8,13,9;9,13,11;11,13,12;9,11,10", "V": 13, "atlas": {"": {"1,2": 1.358027249611565, "1,3": 1.1093479790486498, "1,4": 1.358027249611565, "1,5": 1.1093479790486498, "2,3": 0.33804736382095324, "2,5": 0.2574896538501865, "2,6": 1.0246553249847108, "2,7": 0.9160500701362031, "3,4": 0.5852064682151683, "3,7": 1.0505797216197243, "3,8": 0.6855732032414801, "4,5": -0.7240362382531557, "4,8": -0.2155569157839594, "4,9": 0.9940292748990678, "4,10": 0.9230044750229025, "5,6": 0.7468301173506054, "5,10": 1.5761683946724379, "5,11": -0.21142328236085728, "6,7": 0.33165709762134055, "6,11": 0.5228204509166028, "6,12": 1.1556057710932017, "7,8": 0.23068954533622105, "7,12": 1.3870078216565105, "8,9": 0.28463116204015626, "8,12": -0.15737148556448724, "8,13": 0.630527555588565, "9,10": 1.5761683946724379, "9,11": -0.3316145762389296, "9,13": 1.985636408538026, "10,11": 0.9230044750229025, "11,12": 0.08723281436701717, "11,13": 0.630527555588565, "12,13": 1.985636408538026}, "1": {"1,2": -1.0850867043532224, "1,3": -1.3847488161751766, "1,4": -1.0850867043532224, "1,5": -1.3847488161751766, "2,3": 2.2493108955959933, "2,5": 2.2014018217640543, "2,6": 0.8915187691430004, "2,7": 0.8204458644893458, "3,4": 2.434023993919591, "3,7": 1.10664074335062, "3,8": 0.8601044026192092, "4,5": 1.175791436968978, "4,8": -0.3175014234452074, "4,9": 0.8889253617526545, "4,10": 0.8668333979137512, "5,6": 0.8721803825000968, "5,10": 1.6481125079993457, "5,11": -0.11793866977038273, "6,7": 0.41889205560503207, "6,11": 0.432195775342544, "6,12": 1.149847428256701, "7,8": 0.20852457783662628, "7,12": 1.3387011751039648, "8,9": 0.3991839266848184, "8,12": -0.1061271640231218, "8,13": 0.6641991160435193, "9,10": 1.6481125079993457, "9,11": -0.37346589950587095, "9,13": 1.9339723942716438, "10,11": 0.8668333979137512, "11,12": 0.08591854371361506, "11,13": 0.6641991160435193, "12,13": 1.9339723942716438}, "2": {"1,2": 0.3449908957352322, "1,3": 2.4709992378161085, "1,4": 0.3449908957352322, "1,5": 2.4709992378161085, "2,3": -1.733380591194261, "2,5": -1.7525466258156586, "2,6": -0.6200765832014153, "2,7": -0.652781433018132, "3,4": 1.0971083547628344, "3,7": 2.387207672429148, "3,8": 1.1910665377025804, "4,5": -0.11751260642567053, "4,8": -0.5195313800573207, "4,9": 0.6721033672432879, "4,10": 0.7562494668355821, "5,6": 2.283991010418762, "5,10": 1.7988608284094334, "5,11": 0.07491230446126301, "6,7": 1.7711350682533962, "6,11": 0.2744254089913419, "6,12": 1.1376813358169244, "7,8": 0.19744211839451706, "7,12": 1.238669750549959, "8,9": 0.6302612969988105, "8,12": -0.0032319021922623302, "8,13": 0.7389505558121382, "9,10": 1.7988608284094334, "9,11": -0.4251088941348769, "9,13": 1.8235733614052225, "10,11": 0.7562494668355821, "11,12": 0.0919823414553381, "11,13": 0.7389505558121382, "12,13": 1.8235733614052225}, "4": {"1,2": 0.6621747454022799, "1,3": 1.9370443967155424, "1,4": 0.6621747454022799, "1,5": 1.9370443967155424, "2,3": 0.7163517691588708, "2,5": 0.864949411357622, "2,6": 0.5884885360018222, "2,7": 0.8322681362328999, "3,4": -0.6056649432527734, "3,7": 0.6712985397585616, "3,8": 1.9642944949561394, "4,5": -2.6361237976053227, "4,8": -1.675510420300122, "4,9": -0.4580442015514219, "4,10": 0.2648973087790699, "5,6": 1.3635017317314992, "5,10": 2.620778906537775, "5,11": 0.6486037755750723, "6,7": 0.6275509919923127, "6,11": 0.06320241496285744, "6,12": 1.3409387025231367, "7,8": 0.7283356245118429, "7,12": 0.7976503681977567, "8,9": 1.6582250097553803, "8,12": 0.41959891058752047, "8,13": 0.9372917232074492, "9,10": 2.620778906537775, "9,11": -0.2337050499893462, "9,13": 1.5583474200809073, "10,11": 0.2648973087790699, "11,12": -0.019372759236800353, "11,13": 0.9372917232074492, "12,13": 1.5583474200809073}, "7": {"1,2": 1.2755050385344426, "1,3": 1.187104368085565, "1,4": 1.2755050385344426, "1,5": 1.187104368085565, "2,3": 1.7428258858201375, "2,5": 0.1428482269074096, "2,6": 2.405234765156296, "2,7": -0.6182235972711653, "3,4": 0.2147329357604138, "3,7": -0.5959095122185353, "3,8": 2.315009877470366, "4,5": -0.6971251240061646, "4,8": 0.1503879871436377, "4,9": 0.5639646863317798, "4,10": 0.9047383951026684, "5,6": 0.9021280875817137, "5,10": 1.5992321947331336, "5,11": -0.28782336078954324, "6,7": -1.3926205065400499, "6,11": 1.0699962148364859, "6,12": 2.278973661819277, "7,8": -1.4055038068494115, "7,12": -0.01644435035233238, "8,9": 0.6626257355950183, "8,12": 1.307741908050626, "8,13": 0.9504439902552118, "9,10": 1.5992321947331336, "9,11": -0.15681034968998758, "9,13": 1.5421100840188764, "10,11": 0.9047383951026684, "11,12": -0.3407911087117373, "11,13": 0.9504439902552118, "12,13": 1.5421100840188764}, "8": {"1,2": 1.491913575882838, "1,3": 0.9919428393735, "1,4": 1.491913575882838, "1,5": 0.9919428393735, "2,3": 0.24633875937712948, "2,5": 0.194526026644222, "2,6": 1.0631892053450973, "2,7": 0.997274420911554, "3,4": 1.0928909451123394, "3,7": 1.5181128495509348, "3,8": 0.16601555894828274, "4,5": -0.579178436317278, "4,8": -0.8103419490894602, "4,9": 1.608877911290206, "4,10": 0.9975522714823974, "5,6": 0.7997300012384916, "5,10": 1.4852472936838381, "5,11": -0.31916766142871655, "6,7": 0.2632394433040078, "6,11": 0.4515819017272771, "6,12": 1.2652675521558538, "7,8": -0.26870332357068083, "7,12": 1.9393326291107946, "8,9": -0.406462318816536, "8,12": -0.953534776389195, "8,13": 0.3240466066209945, "9,10": 1.4852472936838381, "9,11": -0.17638994409011768, "9,13": 2.5096716238971233, "10,11": 0.9975522714823974, "11,12": 0.36980204071152983, "11,13": 0.3240466066209945, "12,13": 2.5096716238971233}, "9": {"1,2": 1.4685190862360322, "1,3": 1.0117328231923157, "1,4": 1.4685190862360322, "1,5": 1.0117328231923157, "2,3": 0.5080272628153113, "2,5": 0.008395155111291587, "2,6": 1.3538394395064446, "2,7": 0.7068751052938941, "3,4": 0.5284193112175022, "3,7": 0.8429274999385098, "3,8": 0.8120304048788227, "4,5": -0.22785012595029702, "4,8": 1.805045256611148, "4,9": -1.6726355978570686, "4,10": 2.647584784994852, "5,6": 0.02816929248580987, "5,10": 0.2508295289108014, "5,11": 0.7641947464781134, "6,7": 0.6678901656425611, "6,11": 1.4237142650516799, "6,12": 0.5468261205267749, "7,8": 0.5813852986008543, "7,12": 0.8664201793098615, "8,9": -1.779890237031712, "8,12": 0.7101862108658437, "8,13": 1.9601430648971356, "9,10": 0.2508295289108014, "9,11": -2.8258035531509256, "9,13": 0.6470443022433304, "10,11": 2.647584784994852, "11,12": 0.9042775121597889, "11,13": 1.9601430648971356, "12,13": 0.6470443022433304}, "11": {"1,2": 1.3182263223560986, "1,3": 1.146302856743262, "1,4": 1.3182263223560986, "1,5": 1.146302856743262, "2,3": 0.31664116265826214, "2,5": 0.3247185303224755, "2,6": 0.9471558956429237, "2,7": 0.9582158408393139, "3,4": 0.5563214417143324, "3,7": 1.0577021001738924, "3,8": 0.7079588627646362, "4,5": -0.406853018211222, "4,8": -0.4138682691650349, "4,9": 1.323632687230001, "4,10": 0.5515041420786198, "5,6": 1.4201485898044557, "5,10": 2.111623151595311, "5,11": -0.9608945865580211, "6,7": 0.2868903051385222, "6,11": -0.15122834216033879, "6,12": 1.797778775347439, "7,8": 0.2104173444440015, "7,12": 1.4425398772567684, "8,9": 0.6471932018106841, "8,12": 0.057272386436730514, "8,13": 0.2699106083107679, "9,10": 2.111623151595311, "9,11": -1.3685729703042604, "9,13": 2.6112597821062202, "10,11": 0.5515041420786198, "11,12": -0.7423585222731884, "11,13": 0.2699106083107679, "12,13": 2.6112597821062202}, "12": {"1,2": 1.2305965310113713, "1,3": 1.231322350234356, "1,4": 1.2305965310113713, "1,5": 1.231322350234356, "2,3": 0.5550848017559313, "2,5": 0.22346041376967438, "2,6": 1.1555567205897692, "2,7": 0.6843067296719371, "3,4": 0.2226728759451593, "3,7": 0.6841312828516668, "3,8": 1.156387635138499, "4,5": -0.7936547032331943, "4,8": 0.41011191268289215, "4,9": 0.22074552763089347, "4,10": 1.2326424881892242,