{"netcode": "1,2,3;1,3,4;1,4,5;1,5,2;2,5,6;2,6,3;3,6,7;3,7,8;3,8,4;4,8,9;4,9,10;4,10,5;5,10,11;5,11,6;6,11,12;6,12,7;7,12,8;8,12,9;9,12,13;9,13,10;10,13,11;11,13,12", "V": 13, "atlas": {"": {"1,2": 1.618182621149522, "1,3": 0.8899149949142767, "1,4": 1.618182621149522, "1,5": 0.8899149949142767, "2,3": 0.8899149949142767, "2,5": 0.8899149949142767, "2,6": 1.618182621149522, "3,4": -0.30291059622055067, "3,6": -0.6062332120053496, "3,7": 1.1137584647219767, "3,8": 0.6738331955815943, "4,5": -0.5244827280268849, "4,8": 0.5408828469858125, "4,9": 0.61627908403515, "4,10": 0.7012044201053126, "5,6": -0.40775082257077666, "5,10": 0.9748450140611505, "5,11": 0.8061545559323731, "6,7": 1.3532204277753106, "6,11": 1.2161853174439656, "6,12": -0.09931428748201661, "7,8": 1.3532204277753106, "7,12": 1.1137584647219767, "8,9": 1.4299479720002886, "8,12": 0.025683315635537593, "9,10": 0.5979113790869997, "9,12": -0.01977187162378346, "9,13": 1.4405529902390832, "10,11": 0.4163983608743068, "10,13": 1.0357798994448384, "11,12": 0.10235104262313882, "11,13": 1.4405529902390832, "12,13": 1.0357798994448384}, "4": {"1,2": 1.013231028382033, "1,3": 1.4667620358329763, "1,4": 1.013231028382033, "1,5": 1.4667620358329763, "2,3": 1.4667620358329763, "2,5": 1.4667620358329763, "2,6": 1.013231028382033, "3,4": -1.2423537828229214, "3,6": -0.44099726353142166, "3,7": 1.2317480247346189, "3,8": 1.7490538681395835, "4,5": -1.6003015016519637, "4,8": -0.6169130543314941, "4,9": -0.31690178656335444, "4,10": -0.30032490544354645, "5,6": -0.06911796350415617, "5,10": 2.0242554114795213, "5,11": 1.080802380012127, "6,7": 1.2301710297610586, "6,11": 0.9016168994058558, "6,12": -0.30438278403001395, "7,8": 1.2301710297610586, "7,12": 1.2317480247346189, "8,9": 2.3633971819894586, "8,12": 0.1852999909961092, "9,10": 1.5306012545188616, "9,12": -0.1239697694143639, "9,13": 1.4039452282492488, "10,11": 0.20449603243036438, "10,13": 1.06792154374295, "11,12": 0.339903951663139, "11,13": 1.4039452282492488, "12,13": 1.06792154374295}, "12": {"1,2": 1.7928366810330925, "1,3": 0.7604997059188253, "1,4": 1.7928366810330925, "1,5": 0.7604997059188253, "2,3": 0.7604997059188253, "2,5": 0.7604997059188253, "2,6": 1.7928366810330925, "3,4": -0.5074629397916853, "3,6": -0.2547500438922119, "3,7": 0.5616461585775, "3,8": 0.9642832594149592, "4,5": -0.3881456683612649, "4,8": 0.6794224570272106, "4,9": 0.7416924141194662, "4,10": 0.5995114740627546, "5,6": -0.40079762465469115, "5,10": 0.7504682822691592, "5,11": 0.7705438189095075, "6,7": 2.095083619299925, "6,11": 2.201124103397352, "6,12": -1.0725064008049805, "7,8": 2.095083619299925, "7,12": 0.5616461585775, "8,9": 2.2817786668608933, "8,12": -0.9931201138375639, "9,10": 0.9462960167724198, "9,12": -1.052734308478146, "9,13": 2.1452896366552627, "10,11": 0.8560307325119708, "10,13": 0.5310613046779694, "11,12": -0.9736876208850793, "11,13": 2.1452896366552627, "12,13": 0.5310613046779694}, "13": {"1,2": 1.5787425242221946, "1,3": 0.9209533660781083, "1,4": 1.5787425242221946, "1,5": 0.9209533660781083, "2,3": 0.9209533660781083, "2,5": 0.9209533660781083, "2,6": 1.5787425242221946, "3,4": -0.24055744918488853, "3,6": -0.6797132105265734, "3,7": 1.2406816613976754, "3,8": 0.6174471381192688, "4,5": -0.6419455925857935, "4,8": 0.6152122260945688, "4,9": 0.43146724299989403, "4,10": 0.9036753139579211, "5,6": -0.298804667346338, "5,10": 1.1686727252274032, "5,11": 0.6832855524916122, "6,7": 1.2212704771300706, "6,11": 0.953602566920385, "6,12": 0.08078725403510899, "7,8": 1.2212704771300706, "7,12": 1.2406816613976754, "8,9": 1.2225668233319815, "8,12": 0.19280861564343416, "9,10": 2.4809216461569887, "9,12": 1.9705437424263648, "9,13": -0.9844298746276893, "10,11": 2.2719666528208067, "10,13": -1.5008859421166958, "11,12": 2.0951849356821013, "11,13": -0.9844298746276893, "12,13": -1.5008859421166958}}, "stats": {"tried": 52, "noconv": 28, "nonemb": 18, "known": 3, "flares": 0, "closed": true}}