{"netcode": "1,2,3;1,3,4;1,4,5;1,5,2;2,5,6;2,6,7;2,7,3;3,7,8;3,8,4;4,8,9;4,9,5;5,9,6;6,9,10;6,10,7;7,10,8;8,10,9", "V": 10, "atlas": {"": {"1,2": 1.2309594173407747, "1,3": 1.2309594173407747, "1,4": 1.2309594173407747, "1,5": 1.2309594173407747, "2,3": 0.37399315247304526, "2,5": 0.37399315247304526, "2,6": 0.9153972166873634, "2,7": 0.9153972166873634, "3,4": 0.37399315247304526, "3,7": 0.9153972166873634, "3,8": 0.9153972166873634, "4,5": 0.37399315247304526, "4,8": 0.9153972166873634, "4,9": 0.9153972166873634, "5,6": 0.9153972166873634, "5,9": 0.9153972166873634, "6,7": 0.37399315247304526, "6,9": 0.37399315247304526, "6,10": 1.2309594173407747, "7,8": 0.37399315247304526, "7,10": 1.2309594173407747, "8,9": 0.37399315247304526, "8,10": 1.2309594173407747, "9,10": 1.2309594173407747}, "1": {"1,2": -1.2309594173407747, "1,3": -1.2309594173407747, "1,4": -1.2309594173407747, "1,5": -1.2309594173407747, "2,3": 2.2846263887220637, "2,5": 2.2846263887220637, "2,6": 0.9153972166873634, "2,7": 0.9153972166873634, "3,4": 2.2846263887220637, "3,7": 0.9153972166873634, "3,8": 0.9153972166873634, "4,5": 2.2846263887220637, "4,8": 0.9153972166873634, "4,9": 0.9153972166873634, "5,6": 0.9153972166873634, "5,9": 0.9153972166873634, "6,7": 0.37399315247304526, "6,9": 0.37399315247304526, "6,10": 1.2309594173407747, "7,8": 0.37399315247304526, "7,10": 1.2309594173407747, "8,9": 0.37399315247304526, "8,10": 1.2309594173407747, "9,10": 1.2309594173407747}, "10": {"1,2": 1.2309594173407747, "1,3": 1.2309594173407747, "1,4": 1.2309594173407747, "1,5": 1.2309594173407747, "2,3": 0.37399315247304526, "2,5": 0.37399315247304526, "2,6": 0.9153972166873634, "2,7": 0.9153972166873634, "3,4": 0.37399315247304526, "3,7": 0.9153972166873634, "3,8": 0.9153972166873634, "4,5": 0.37399315247304526, "4,8": 0.9153972166873634, "4,9": 0.9153972166873634, "5,6": 0.9153972166873634, "5,9": 0.9153972166873634, "6,7": 2.2846263887220637, "6,9": 2.2846263887220637, "6,10": -1.2309594173407747, "7,8": 2.2846263887220637, "7,10": -1.2309594173407747, "8,9": 2.2846263887220637, "8,10": -1.2309594173407747, "9,10": -1.2309594173407747}}, "stats": {"tried": 30, "noconv": 8, "nonemb": 18, "known": 2, "flares": 0, "closed": true}}