{"netcode": "1,2,3;1,3,4;1,4,5;1,5,2;2,5,6;2,6,3;3,6,7;3,7,4;4,7,8;4,8,9;4,9,5;5,9,6;6,9,10;6,10,7;7,10,11;7,11,8;8,11,12;8,12,9;9,12,10;10,12,11", "V": 12, "atlas": {"": {"1,2": 1.3697573040670685, "1,3": 1.098644613062559, "1,4": 1.3697573040670685, "1,5": 1.098644613062559, "2,3": 1.098644613062559, "2,5": 1.098644613062559, "2,6": 1.3697573040670685, "3,4": 0.1398358254395312, "3,6": 0.1398358254395312, "3,7": 1.6391096256076296, "4,5": 0.1398358254395312, "4,7": -0.13012756732595948, "4,8": 1.6391096256076296, "4,9": -0.13012756732595948, "5,6": 0.1398358254395312, "5,9": 1.6391096256076296, "6,7": -0.13012756732595948, "6,9": -0.13012756732595948, "6,10": 1.6391096256076296, "7,8": 0.1398358254395312, "7,10": 0.1398358254395312, "7,11": 1.3697573040670685, "8,9": 0.1398358254395312, "8,11": 1.098644613062559, "8,12": 1.098644613062559, "9,10": 0.1398358254395312, "9,12": 1.3697573040670685, "10,11": 1.098644613062559, "10,12": 1.098644613062559, "11,12": 1.3697573040670685}}, "stats": {"tried": 12, "noconv": 8, "nonemb": 4, "known": 0, "flares": 0, "closed": true}}