{"netcode": "1,2,3;1,3,4;1,4,5;1,5,2;2,5,6;2,6,7;2,7,3;3,7,8;3,8,4;4,8,9;4,9,5;5,9,6;6,9,10;6,10,11;6,11,7;7,11,12;7,12,8;8,12,13;8,13,9;9,13,10;10,13,11;11,13,12", "V": 13, "atlas": {"": {"1,2": 1.2309594173407747, "1,3": 1.2309594173407747, "1,4": 1.2309594173407747, "1,5": 1.2309594173407747, "2,3": 0.37399315247304526, "2,5": 0.37399315247304526, "2,6": 0.9153972166873634, "2,7": 0.9153972166873634, "3,4": 0.37399315247304526, "3,7": 0.9153972166873634, "3,8": 0.9153972166873634, "4,5": 0.37399315247304526, "4,8": 0.9153972166873634, "4,9": 0.9153972166873634, "5,6": 0.9153972166873634, "5,9": 0.9153972166873634, "6,7": -0.24148655619734205, "6,9": -0.6732043987235524, "6,10": 1.2309594173407747, "6,11": 0.6154797086703874, "7,8": -0.6732043987235524, "7,11": 0.6154797086703874, "7,12": 1.2309594173407747, "8,9": -0.24148655619734205, "8,12": 1.2309594173407747, "8,13": 0.6154797086703874, "9,10": 1.2309594173407747, "9,13": 0.6154797086703874, "10,11": 1.2309594173407747, "10,13": 1.2309594173407747, "11,12": 1.2309594173407747, "11,13": 0.18376186614417694, "12,13": 1.2309594173407747}, "1": {"1,2": -1.2309594173407747, "1,3": -1.2309594173407747, "1,4": -1.2309594173407747, "1,5": -1.2309594173407747, "2,3": 2.2846263887220637, "2,5": 2.2846263887220637, "2,6": 0.9153972166873634, "2,7": 0.9153972166873634, "3,4": 2.2846263887220637, "3,7": 0.9153972166873634, "3,8": 0.9153972166873634, "4,5": 2.2846263887220637, "4,8": 0.9153972166873634, "4,9": 0.9153972166873634, "5,6": 0.9153972166873634, "5,9": 0.9153972166873634, "6,7": -0.24148655619734205, "6,9": -0.6732043987235524, "6,10": 1.2309594173407747, "6,11": 0.6154797086703874, "7,8": -0.6732043987235524, "7,11": 0.6154797086703874, "7,12": 1.2309594173407747, "8,9": -0.24148655619734205, "8,12": 1.2309594173407747, "8,13": 0.6154797086703874, "9,10": 1.2309594173407747, "9,13": 0.6154797086703874, "10,11": 1.2309594173407747, "10,13": 1.2309594173407747, "11,12": 1.2309594173407747, "11,13": 0.18376186614417694, "12,13": 1.2309594173407747}}, "stats": {"tried": 26, "noconv": 4, "nonemb": 20, "known": 1, "flares": 0, "closed": true}}