{"netcode": "1,2,3;1,3,4;1,4,5;1,5,6;1,6,2;2,6,7;2,7,8;2,8,3;3,8,9;3,9,4;4,9,10;4,10,5;5,10,11;5,11,6;6,11,7;7,11,12;7,12,8;8,12,9;9,12,10;10,12,11", "V": 12, "atlas": {"": {"1,2": 0.7297276562269663, "1,3": 0.7297276562269663, "1,4": 0.7297276562269663, "1,5": 0.7297276562269663, "1,6": 0.7297276562269663, "2,3": 0.7297276562269663, "2,6": 0.7297276562269663, "2,7": 0.7297276562269663, "2,8": 0.7297276562269663, "3,4": 0.7297276562269663, "3,8": 0.7297276562269663, "3,9": 0.7297276562269663, "4,5": 0.7297276562269663, "4,9": 0.7297276562269663, "4,10": 0.7297276562269663, "5,6": 0.7297276562269663, "5,10": 0.7297276562269663, "5,11": 0.7297276562269663, "6,7": 0.7297276562269663, "6,11": 0.7297276562269663, "7,8": 0.7297276562269663, "7,11": 0.7297276562269663, "7,12": 0.7297276562269663, "8,9": 0.7297276562269663, "8,12": 0.7297276562269663, "9,10": 0.7297276562269663, "9,12": 0.7297276562269663, "10,11": 0.7297276562269663, "10,12": 0.7297276562269663, "11,12": 0.7297276562269663}, "1": {"1,2": -0.7297276562269663, "1,3": -0.7297276562269663, "1,4": -0.7297276562269663, "1,5": -0.7297276562269663, "1,6": -0.7297276562269663, "2,3": 2.0344439357957027, "2,6": 2.0344439357957027, "2,7": 0.7297276562269663, "2,8": 0.7297276562269663, "3,4": 2.0344439357957027, "3,8": 0.7297276562269663, "3,9": 0.7297276562269663, "4,5": 2.0344439357957027, "4,9": 0.7297276562269663, "4,10": 0.7297276562269663, "5,6": 2.0344439357957027, "5,10": 0.7297276562269663, "5,11": 0.7297276562269663, "6,7": 0.7297276562269663, "6,11": 0.7297276562269663, "7,8": 0.7297276562269663, "7,11": 0.7297276562269663, "7,12": 0.7297276562269663, "8,9": 0.7297276562269663, "8,12": 0.7297276562269663, "9,10": 0.7297276562269663, "9,12": 0.7297276562269663, "10,11": 0.7297276562269663, "10,12": 0.7297276562269663, "11,12": 0.7297276562269663}, "2": {"1,2": -0.7297276562269663, "1,3": 2.0344439357957027, "1,4": 0.7297276562269663, "1,5": 0.7297276562269663, "1,6": 2.0344439357957027, "2,3": -0.7297276562269663, "2,6": -0.7297276562269663, "2,7": -0.7297276562269663, "2,8": -0.7297276562269663, "3,4": 0.7297276562269663, "3,8": 2.0344439357957027, "3,9": 0.7297276562269663, "4,5": 0.7297276562269663, "4,9": 0.7297276562269663, "4,10": 0.7297276562269663, "5,6": 0.7297276562269663, "5,10": 0.7297276562269663, "5,11": 0.7297276562269663, "6,7": 2.0344439357957027, "6,11": 0.7297276562269663, "7,8": 2.0344439357957027, "7,11": 0.7297276562269663, "7,12": 0.7297276562269663, "8,9": 0.7297276562269663, "8,12": 0.7297276562269663, "9,10": 0.7297276562269663, "9,12": 0.7297276562269663, "10,11": 0.7297276562269663, "10,12": 0.7297276562269663, "11,12": 0.7297276562269663}, "3": {"1,2": 2.0344439357957027, "1,3": -0.7297276562269663, "1,4": 2.0344439357957027, "1,5": 0.7297276562269663, "1,6": 0.7297276562269663, "2,3": -0.7297276562269663, "2,6": 0.7297276562269663, "2,7": 0.7297276562269663, "2,8": 2.0344439357957027, "3,4": -0.7297276562269663, "3,8": -0.7297276562269663, "3,9": -0.7297276562269663, "4,5": 0.7297276562269663, "4,9": 2.0344439357957027, "4,10": 0.7297276562269663, "5,6": 0.7297276562269663, "5,10": 0.7297276562269663, "5,11": 0.7297276562269663, "6,7": 0.7297276562269663, "6,11": 0.7297276562269663, "7,8": 0.7297276562269663, "7,11": 0.7297276562269663, "7,12": 0.7297276562269663, "8,9": 2.0344439357957027, "8,12": 0.7297276562269663, "9,10": 0.7297276562269663, "9,12": 0.7297276562269663, "10,11": 0.7297276562269663, "10,12": 0.7297276562269663, "11,12": 0.7297276562269663}, "4": {"1,2": 0.7297276562269663, "1,3": 2.0344439357957027, "1,4": -0.7297276562269663, "1,5": 2.0344439357957027, "1,6": 0.7297276562269663, "2,3": 0.7297276562269663, "2,6": 0.7297276562269663, "2,7": 0.7297276562269663, "2,8": 0.7297276562269663, "3,4": -0.7297276562269663, "3,8": 0.7297276562269663, "3,9": 2.0344439357957027, "4,5": -0.7297276562269663, "4,9": -0.7297276562269663, "4,10": -0.7297276562269663, "5,6": 0.7297276562269663, "5,10": 2.0344439357957027, "5,11": 0.7297276562269663, "6,7": 0.7297276562269663, "6,11": 0.7297276562269663, "7,8": 0.7297276562269663, "7,11": 0.7297276562269663, "7,12": 0.7297276562269663, "8,9": 0.7297276562269663, "8,12": 0.7297276562269663, "9,10": 2.0344439357957027, "9,12": 0.7297276562269663, "10,11": 0.7297276562269663, "10,12": 0.7297276562269663, "11,12": 0.7297276562269663}, "5": {"1,2": 0.7297276562269663, "1,3": 0.7297276562269663, "1,4": 2.0344439357957027, "1,5": -0.7297276562269663, "1,6": 2.0344439357957027, "2,3": 0.7297276562269663, "2,6": 0.7297276562269663, "2,7": 0.7297276562269663, "2,8": 0.7297276562269663, "3,4": 0.7297276562269663, "3,8": 0.7297276562269663, "3,9": 0.7297276562269663, "4,5": -0.7297276562269663, "4,9": 0.7297276562269663, "4,10": 2.0344439357957027, "5,6": -0.7297276562269663, "5,10": -0.7297276562269663, "5,11": -0.7297276562269663, "6,7": 0.7297276562269663, "6,11": 2.0344439357957027, "7,8": 0.7297276562269663, "7,11": 0.7297276562269663, "7,12": 0.7297276562269663, "8,9": 0.7297276562269663, "8,12": 0.7297276562269663, "9,10": 0.7297276562269663, "9,12": 0.7297276562269663, "10,11": 2.0344439357957027, "10,12": 0.7297276562269663, "11,12": 0.7297276562269663}, "6": {"1,2": 2.0344439357957027, "1,3": 0.7297276562269663, "1,4": 0.7297276562269663, "1,5": 2.0344439357957027, "1,6": -0.7297276562269663, "2,3": 0.7297276562269663, "2,6": -0.7297276562269663, "2,7": 2.0344439357957027, "2,8": 0.7297276562269663, "3,4": 0.7297276562269663, "3,8": 0.7297276562269663, "3,9": 0.7297276562269663, "4,5": 0.7297276562269663, "4,9": 0.7297276562269663, "4,10": 0.7297276562269663, "5,6": -0.7297276562269663, "5,10": 0.7297276562269663, "5,11": 2.0344439357957027, "6,7": -0.7297276562269663, "6,11": -0.7297276562269663, "7,8": 0.7297276562269663, "7,11": 2.0344439357957027, "7,12": 0.7297276562269663, "8,9": 0.7297276562269663, "8,12": 0.7297276562269663, "9,10": 0.7297276562269663, "9,12": 0.7297276562269663, "10,11": 0.7297276562269663, "10,12": 0.7297276562269663, "11,12": 0.7297276562269663}, "7": {"1,2": 0.7297276562269663, "1,3": 0.7297276562269663, "1,4": 0.7297276562269663, "1,5": 0.7297276562269663, "1,6": 0.7297276562269663, "2,3": 0.7297276562269663, "2,6": 2.0344439357957027, "2,7": -0.7297276562269663, "2,8": 2.0344439357957027, "3,4": 0.7297276562269663, "3,8": 0.7297276562269663, "3,9": 0.7297276562269663, "4,5": 0.7297276562269663, "4,9": 0.7297276562269663, "4,10": 0.7297276562269663, "5,6": 0.7297276562269663, "5,10": 0.7297276562269663, "5,11": 0.7297276562269663, "6,7": -0.7297276562269663, "6,11": 2.0344439357957027, "7,8": -0.7297276562269663, "7,11": -0.7297276562269663, "7,12": -0.7297276562269663, "8,9": 0.7297276562269663, "8,12": 2.0344439357957027, "9,10": 0.7297276562269663, "9,12": 0.7297276562269663, "10,11": 0.7297276562269663, "10,12": 0.7297276562269663, "11,12": 2.0344439357957027}, "8": {"1,2": 0.7297276562269663, "1,3": 0.7297276562269663, "1,4": 0.7297276562269663, "1,5": 0.7297276562269663, "1,6": 0.7297276562269663, "2,3": 2.0344439357957027, "2,6": 0.7297276562269663, "2,7": 2.0344439357957027, "2,8": -0.7297276562269663, "3,4": 0.7297276562269663, "3,8": -0.7297276562269663, "3,9": 2.0344439357957027, "4,5": 0.7297276562269663, "4,9": 0.7297276562269663, "4,10": 0.7297276562269663, "5,6": 0.7297276562269663, "5,10": 0.7297276562269663, "5,11": 0.7297276562269663, "6,7": 0.7297276562269663, "6,11": 0.7297276562269663, "7,8": -0.7297276562269663, "7,11": 0.7297276562269663, "7,12": 2.0344439357957027, "8,9": -0.7297276562269663, "8,12": -0.7297276562269663, "9,10": 0.7297276562269663, "9,12": 2.0344439357957027, "10,11": 0.7297276562269663, "10,12": 0.7297276562269663, "11,12": 0.7297276562269663}, "9": {"1,2": 0.7297276562269663, "1,3": 0.7297276562269663, "1,4": 0.7297276562269663, "1,5": 0.7297276562269663, "1,6": 0.7297276562269663, "2,3": 0.7297276562269663, "2,6": 0.7297276562269663, "2,7": 0.7297276562269663, "2,8": 0.7297276562269663, "3,4": 2.0344439357957027, "3,8": 2.0344439357957027,