{"netcode": "1,2,3;1,3,4;1,4,5;1,5,2;2,5,6;2,6,7;2,7,3;3,7,8;3,8,4;4,8,9;4,9,10;4,10,5;5,10,11;5,11,6;6,11,7;7,11,12;7,12,8;8,12,13;8,13,9;9,13,10;10,13,11;11,13,12", "V": 13, "atlas": {"": {"1,2": 1.5303758054249856, "1,3": 0.9600301534493664, "1,4": 1.5303758054249856, "1,5": 0.9600301534493664, "2,3": 0.7120563636948231, "2,5": -0.17053178873730968, "2,6": 1.643040563323213, "2,7": 0.5174199476516458, "3,4": 0.42710039747712797, "3,7": 0.5914281469487616, "3,8": 1.0312655220144191, "4,5": -0.35019617434103395, "4,8": -0.35019617434103395, "4,9": 1.5303758054249856, "4,10": 0.42710039747712797, "5,6": 0.8707168747221878, "5,10": 1.0312655220144191, "5,11": -0.2478973329448763, "6,7": 0.8707168747221878, "6,11": 1.643040563323213, "7,8": -0.2478973329448763, "7,11": -0.6456305679008503, "7,12": 1.643040563323213, "8,9": 0.9600301534493664, "8,12": 0.8707168747221878, "8,13": -0.17053178873730968, "9,10": 0.9600301534493664, "9,13": 1.5303758054249856, "10,11": 0.5914281469487616, "10,13": 0.7120563636948231, "11,12": 0.8707168747221878, "11,13": 0.5174199476516458, "12,13": 1.643040563323213}, "1": {"1,2": -0.9374694122415225, "1,3": -1.5581269824588018, "1,4": -0.9374694122415225, "1,5": -1.5581269824588018, "2,3": 2.6194746247130998, "2,5": 1.8964663186345763, "2,6": 1.3951872125844653, "2,7": 0.2387801393365976, "3,4": 2.1881005760146497, "3,7": 0.8019711047494196, "3,8": 1.335835082387235, "4,5": 1.544946942603848, "4,8": -0.5299365008812854, "4,9": 1.3579087277868391, "4,10": 0.2115871830163634, "5,6": 1.0757258612603835, "5,10": 1.3252995201853388, "5,11": -0.05101812209096891, "6,7": 1.0757258612603835, "6,11": 1.3951872125844653, "7,8": -0.28353117029879205, "7,11": -0.6718680026827109, "7,12": 1.584785765871088, "8,9": 1.1094565571744788, "8,12": 0.9161503738574296, "8,13": -0.03985753732524856, "9,10": 1.1094565571744788, "9,13": 1.3579087277868391, "10,11": 0.433159834426966, "10,13": 0.8063614449701, "11,12": 0.9161503738574296, "11,13": 0.411763910922219, "12,13": 1.584785765871088}, "2": {"1,2": 0.322938397517675, "1,3": 2.5117280452413415, "1,4": 0.322938397517675, "1,5": 2.5117280452413415, "2,3": -1.5849153469922772, "2,5": -2.5865745611802318, "2,6": 0.3350638099611014, "2,7": -1.590668998971708, "3,4": 0.9378780819876414, "3,7": 2.285742402054337, "3,8": 1.2129742883335386, "4,5": 0.38765108068189097, "4,8": -0.6534114523856405, "4,9": 1.251031177548454, "4,10": 0.020775179863237538, "5,6": 2.489283089789255, "5,10": 1.848626968733208, "5,11": 0.39785877175631185, "6,7": 2.489283089789255, "6,11": 0.3350638099611014, "7,8": -0.021180586770570588, "7,11": -0.2643917758721421, "7,12": 1.8886405303300886, "8,9": 1.2110290867907836, "8,12": 0.6944123520936238, "8,13": -0.01922136467439374, "9,10": 1.2110290867907836, "9,13": 1.251031177548454, "10,11": 0.04163382124162541, "10,13": 1.1892660325400064, "11,12": 0.6944123520936238, "11,13": 0.04160131421277741, "12,13": 1.8886405303300886}, "4": {"1,2": 0.6723375018103286, "1,3": 1.9216662670032192, "1,4": 0.6723375018103286, "1,5": 1.9216662670032192, "2,3": 1.1621562918991897, "2,5": 0.5668641706535651, "2,6": 1.2234136563971094, "2,7": 0.2231830353315807, "3,4": -0.8612880156970646, "3,7": 0.4000536521371638, "3,8": 2.398754899509023, "4,5": -1.9403655210938198, "4,8": -1.9403655210938198, "4,9": 0.6723375018103286, "4,10": -0.8612880156970646, "5,6": 1.2385253628399964, "5,10": 2.398754899509023, "5,11": 0.2373961467345443, "6,7": 1.2385253628399964, "6,11": 1.2234136563971094, "7,8": 0.2373961467345443, "7,11": -0.7962765739181044, "7,12": 1.2234136563971094, "8,9": 1.9216662670032192, "8,12": 1.2385253628399964, "8,13": 0.5668641706535651, "9,10": 1.9216662670032192, "9,13": 0.6723375018103286, "10,11": 0.4000536521371638, "10,13": 1.1621562918991897, "11,12": 1.2385253628399964, "11,13": 0.2231830353315807, "12,13": 1.2234136563971094}, "5": {"1,2": 2.245319726515729, "1,3": 0.47180732771956246, "1,4": 2.245319726515729, "1,5": 0.47180732771956246, "2,3": 1.1227474088387175, "2,5": -1.3966270167215113, "2,6": 2.446792179212587, "2,7": 0.8551227871978678, "3,4": 0.8297679053405984, "3,7": 0.4155448536694953, "3,8": 0.9122737949186648, "4,5": -1.2940992280697816, "4,8": -0.16391971082958057, "4,9": 1.736586447429558, "4,10": 1.0873781894101413, "5,6": 0.3582051824385262, "5,10": 0.23712982633862262, "5,11": -1.2064921238081985, "6,7": 0.3582051824385262, "6,11": 2.446792179212587, "7,8": -0.3375035585142116, "7,11": -0.2650475142595612, "7,12": 1.5334371683027084, "8,9": 0.8008396539281939, "8,12": 0.9575225653779841, "8,13": -0.2123578688980893, "9,10": 0.8008396539281939, "9,13": 1.736586447429558, "10,11": 1.294049750997823, "10,13": 0.44413124800850406, "11,12": 0.9575225653779841, "11,13": 0.7952134951460489, "12,13": 1.5334371683027084}, "7": {"1,2": 1.4931706508154228, "1,3": 0.9908876878973513, "1,4": 1.4931706508154228, "1,5": 0.9908876878973513, "2,3": 1.810543800739161, "2,5": 0.028927534649775752, "2,6": 2.6702689254032497, "2,7": -0.7739539254895693, "3,4": 0.4083471158462451, "3,7": -0.6114724891389882, "3,8": 2.1600396032461404, "4,5": -0.48748727928676844, "4,8": -0.2631327760770202, "4,9": 1.31648036105845, "4,10": 0.5639431180144604, "5,6": 0.23897971562003445, "5,10": 0.6979243272480439, "5,11": 0.31522692609662195, "6,7": 0.23897971562003445, "6,11": 2.6702689254032497, "7,8": -1.1515550636216336, "7,11": -2.0358826341329084, "7,12": 0.9345829809056265, "8,9": 1.147946971587964, "8,12": 1.561711473706948, "8,13": 0.33447485969283847, "9,10": 1.147946971587964, "9,13": 1.31648036105845, "10,11": 1.069698234569658, "10,13": 0.30911937074996365, "11,12": 1.561711473706948, "11,13": 0.969325214078208, "12,13": 0.9345829809056265}, "8": {"1,2": 1.736586447429558, "1,3": 0.8008396539281939, "1,4": 1.736586447429558, "1,5": 0.8008396539281939, "2,3": 0.44413124800850406, "2,5": -0.2123578688980893, "2,6": 1.5334371683027084, "2,7": 0.7952134951460489, "3,4": 1.0873781894101413, "3,7": 1.294049750997823, "3,8": 0.23712982633862262, "4,5": -0.16391971082958057, "4,8": -1.2940992280697816, "4,9": 2.245319726515729, "4,10": 0.8297679053405984, "5,6": 0.9575225653779841, "5,10": 0.9122737949186648, "5,11": -0.3375035585142116, "6,7": 0.9575225653779841, "6,11": 1.5334371683027084, "7,8": -1.2064921238081985, "7,11": -0.2650475142595612, "7,12": 2.446792179212587, "8,9": 0.47180732771956246, "8,12": 0.3582051824385262, "8,13": -1.3966270167215113, "9,10": 0.47180732771956246, "9,13": 2.245319726515729, "10,11": 0.4155448536694953, "10,13": 1.1227474088387175, "11,12": 0.3582051824385262, "11,13": 0.8551227871978678, "12,13": 2.446792179212587}, "9": {"1,2": 1.3579087277868391, "1,3": 1.1094565571744788, "1,4": 1.3579087277868391, "1,5": 1.1094565571744788, "2,3": 0.8063614449701, "2,5": -0.03985753732524856, "2,6": 1.584785765871088, "2,7": 0.411763910922219, "3,4": 0.2115871830163634, "3,7": 0.433159834426966, "3,8": 1.3252995201853388, "4,5": -0.5299365008812854, "4,8": 1.544946942603848, "4,9": -0.9374694122415225, "4,10": 2.1881005760146497, "5,6": 0.9161503738574296, "5,10": 1.335835082387235, "5,11": -0.28353117029879205, "6,7": 0.9161503738574296, "6,11": 1.584785765871088, "7,8": -0.05101812209096891, "7,11": -0.6718680026827109, "7,12": 1.3951872125844653, "8,9": -1.5581269824588018, "8,12": 1.0757258612603835, "8,13": 1.8964663186345763, "9,10": -1.5581269824588018, "9,13": -0.9374694122415225, "10,11": 0.8019711047494196, "10,13": 2.6194746247130998, "11,12": 1.0757258612603835, "11,13": 0.2387801393365976, "12,13": 1.3951872125844653}, "11": {"1,2": 1.31648036105845, "1,3": 1.147946971587964, "1,4": 1.31648036105845, "1,5": 1.147946971587964, "2,3": 0.30911937074996365, "2,5": 0.33447485969283847, "2,6": 0.9345829809056265, "2,7": 0.969325214078208, "3,4": 0.5639431180144604, "3,7": 1.069698234569658, "3,8": 0.6979243272480439, "4,5": -0.2631327760770202, "4,8": -0.48748727928676844, "4,9": 1.4931706508154228, "4,10": 0.4083471158462451,