{"netcode": "1,2,3;1,3,4;1,4,5;1,5,2;2,5,6;2,6,7;2,7,3;3,7,8;3,8,4;4,8,9;4,9,10;4,10,5;5,10,11;5,11,6;6,11,12;6,12,7;7,12,8;8,12,9;9,12,11;9,11,10", "V": 12, "atlas": {"": {"1,2": 1.2309594173407747, "1,3": 1.2309594173407747, "1,4": 1.2309594173407747, "1,5": 1.2309594173407747, "2,3": 0.4853562969443956, "2,5": 0.27472103808989645, "2,6": 1.0665322506539245, "2,7": 0.7680930831423443, "3,4": 0.27472103808989645, "3,7": 0.7680930831423443, "3,8": 1.0665322506539245, "4,5": -0.8114080199092294, "4,8": 0.35094388750982813, "4,9": 0.27472103808989645, "4,10": 1.2309594173407747, "5,6": 0.35094388750982813, "5,10": 1.2309594173407747, "5,11": 0.27472103808989645, "6,7": 0.6374165168269754, "6,11": 1.0665322506539245, "6,12": 0.6374165168269754, "7,8": 0.6374165168269754, "7,12": 0.8475044580249294, "8,9": 1.0665322506539245, "8,12": 0.6374165168269754, "9,10": 1.2309594173407747, "9,11": 0.4853562969443956, "9,12": 0.7680930831423443, "10,11": 1.2309594173407747, "11,12": 0.7680930831423443}, "1": {"1,2": -1.2309594173407747, "1,3": -1.2309594173407747, "1,4": -1.2309594173407747, "1,5": -1.2309594173407747, "2,3": 2.395989533193414, "2,5": 2.185354274338915, "2,6": 1.0665322506539245, "2,7": 0.7680930831423443, "3,4": 2.185354274338915, "3,7": 0.7680930831423443, "3,8": 1.0665322506539245, "4,5": 1.0992252163397889, "4,8": 0.35094388750982813, "4,9": 0.27472103808989645, "4,10": 1.2309594173407747, "5,6": 0.35094388750982813, "5,10": 1.2309594173407747, "5,11": 0.27472103808989645, "6,7": 0.6374165168269754, "6,11": 1.0665322506539245, "6,12": 0.6374165168269754, "7,8": 0.6374165168269754, "7,12": 0.8475044580249294, "8,9": 1.0665322506539245, "8,12": 0.6374165168269754, "9,10": 1.2309594173407747, "9,11": 0.4853562969443956, "9,12": 0.7680930831423443, "10,11": 1.2309594173407747, "11,12": 0.7680930831423443}, "4": {"1,2": 0.5883929367876476, "1,3": 2.0519865101126156, "1,4": 0.5883929367876476, "1,5": 2.0519865101126156, "2,3": 0.8238674067415547, "2,5": 0.8742567388612973, "2,6": 0.6475214096552152, "2,7": 0.7310639373070077, "3,4": -0.8223220312671823, "3,7": 0.6957883728073998, "3,8": 2.1326229125695035, "4,5": -2.2311769113669477, "4,8": -0.8965849375256429, "4,9": -0.8223220312671823, "4,10": 0.5883929367876476, "5,6": 0.8342382183863415, "5,10": 2.0519865101126156, "5,11": 0.8742567388612973, "6,7": 0.7635829062961346, "6,11": 0.6475214096552152, "6,12": 0.7635829062961346, "7,8": 0.7851679889924673, "7,12": 0.6754681516285638, "8,9": 2.1326229125695035, "8,12": 0.7851679889924673, "9,10": 2.0519865101126156, "9,11": 0.8238674067415547, "9,12": 0.6957883728073998, "10,11": 0.5883929367876476, "11,12": 0.7310639373070077}, "5": {"1,2": 2.0519865101126156, "1,3": 0.5883929367876476, "1,4": 2.0519865101126156, "1,5": 0.5883929367876476, "2,3": 0.8238674067415547, "2,5": -0.8223220312671823, "2,6": 2.1326229125695035, "2,7": 0.6957883728073998, "3,4": 0.8742567388612973, "3,7": 0.7310639373070077, "3,8": 0.6475214096552152, "4,5": -2.2311769113669477, "4,8": 0.8342382183863415, "4,9": 0.8742567388612973, "4,10": 2.0519865101126156, "5,6": -0.8965849375256429, "5,10": 0.5883929367876476, "5,11": -0.8223220312671823, "6,7": 0.7851679889924673, "6,11": 2.1326229125695035, "6,12": 0.7851679889924673, "7,8": 0.7635829062961346, "7,12": 0.6754681516285638, "8,9": 0.6475214096552152, "8,12": 0.7635829062961346, "9,10": 0.5883929367876476, "9,11": 0.8238674067415547, "9,12": 0.7310639373070077, "10,11": 2.0519865101126156, "11,12": 0.6957883728073998}, "6": {"1,2": 1.008730095509526, "1,3": 1.4720465143801307, "1,4": 1.008730095509526, "1,5": 1.4720465143801307, "2,3": 0.29231860535043613, "2,5": 1.6272972748688073, "2,6": -0.394346002140451, "2,7": 2.043117002374064, "3,4": 0.17314037177009814, "3,7": 0.9451688342549961, "3,8": 1.0982166629008998, "4,5": -0.6175972027551607, "4,8": 0.31817489652113623, "4,9": 0.17314037177009814, "4,10": 1.008730095509526, "5,6": -1.1985442242235909, "5,10": 1.4720465143801307, "5,11": 1.6272972748688073, "6,7": -0.9018541808235457, "6,11": -0.394346002140451, "6,12": -0.9018541808235457, "7,8": 0.6321043641140675, "7,12": 2.2434540143586656, "8,9": 1.0982166629008998, "8,12": 0.6321043641140675, "9,10": 1.4720465143801307, "9,11": 0.29231860535043613, "9,12": 0.9451688342549961, "10,11": 1.008730095509526, "11,12": 2.043117002374064}, "7": {"1,2": 1.2309594173407747, "1,3": 1.2309594173407747, "1,4": 1.2309594173407747, "1,5": 1.2309594173407747, "2,3": 1.7931593287670313, "2,5": 0.2233533756129285, "2,6": 2.3939390163814998, "2,7": -0.6847028437823244, "3,4": 0.2233533756129285, "3,7": -0.6847028437823244, "3,8": 2.3939390163814998, "4,5": -0.7937635421472784, "4,8": 0.4077958330816592, "4,9": 0.2233533756129285, "4,10": 1.2309594173407747, "5,6": 0.4077958330816592, "5,10": 1.2309594173407747, "5,11": 0.2233533756129285, "6,7": -0.8635268984588441, "6,11": 1.1554494702899523, "6,12": 1.92538278053947, "7,8": -0.8635268984588441, "7,12": -0.5711169182822691, "8,9": 1.1554494702899523, "8,12": 1.92538278053947, "9,10": 1.2309594173407747, "9,11": 0.5546697826754836, "9,12": 0.6847028437823244, "10,11": 1.2309594173407747, "11,12": 0.6847028437823244}, "8": {"1,2": 1.4720465143801307, "1,3": 1.008730095509526, "1,4": 1.4720465143801307, "1,5": 1.008730095509526, "2,3": 0.29231860535043613, "2,5": 0.17314037177009814, "2,6": 1.0982166629008998, "2,7": 0.9451688342549961, "3,4": 1.6272972748688073, "3,7": 2.043117002374064, "3,8": -0.394346002140451, "4,5": -0.6175972027551607, "4,8": -1.1985442242235909, "4,9": 1.6272972748688073, "4,10": 1.4720465143801307, "5,6": 0.31817489652113623, "5,10": 1.008730095509526, "5,11": 0.17314037177009814, "6,7": 0.6321043641140675, "6,11": 1.0982166629008998, "6,12": 0.6321043641140675, "7,8": -0.9018541808235457, "7,12": 2.2434540143586656, "8,9": -0.394346002140451, "8,12": -0.9018541808235457, "9,10": 1.008730095509526, "9,11": 0.29231860535043613, "9,12": 2.043117002374064, "10,11": 1.4720465143801307, "11,12": 0.9451688342549961}, "10": {"1,2": 1.2309594173407747, "1,3": 1.2309594173407747, "1,4": 1.2309594173407747, "1,5": 1.2309594173407747, "2,3": 0.4853562969443956, "2,5": 0.27472103808989645, "2,6": 1.0665322506539245, "2,7": 0.7680930831423443, "3,4": 0.27472103808989645, "3,7": 0.7680930831423443, "3,8": 1.0665322506539245, "4,5": 1.0992252163397889, "4,8": 0.35094388750982813, "4,9": 2.185354274338915, "4,10": -1.2309594173407747, "5,6": 0.35094388750982813, "5,10": -1.2309594173407747, "5,11": 2.185354274338915, "6,7": 0.6374165168269754, "6,11": 1.0665322506539245, "6,12": 0.6374165168269754, "7,8": 0.6374165168269754, "7,12": 0.8475044580249294, "8,9": 1.0665322506539245, "8,12": 0.6374165168269754, "9,10": -1.2309594173407747, "9,11": 2.395989533193414, "9,12": 0.7680930831423443, "10,11": -1.2309594173407747, "11,12": 0.7680930831423443}, "12": {"1,2": 1.2309594173407747, "1,3": 1.2309594173407747, "1,4": 1.2309594173407747, "1,5": 1.2309594173407747, "2,3": 0.5546697826754836, "2,5": 0.2233533756129285, "2,6": 1.1554494702899523, "2,7": 0.6847028437823244, "3,4": 0.2233533756129285, "3,7": 0.6847028437823244, "3,8": 1.1554494702899523, "4,5": -0.7937635421472784, "4,8": 0.4077958330816592, "4,9": 0.2233533756129285, "4,10": 1.2309594173407747, "5,6": 0.4077958330816592, "5,10": 1.2309594173407747, "5,11": 0.2233533756129285, "6,7": 1.92538278053947, "6,11": 2.3939390163814998, "6,12": -0.8635268984588441, "7,8": 1.92538278053947, "7,12": -0.5711169182822691, "8,9": 2.3939390163814998, "8,12": -0.8635268984588441, "9,10": 1.2309594173407747, "9,11": 1.7931593287670313, "9,12": -0.6847028437823244, "10,11": 1.2309594173407747, "11,12": -0.6847028437823244}, "1,10": {"1,2": -1.2309594173407747, "1,3": -1.2309594173407747, "1,4": -1.2309594173407747, "1,5": -1.2309594173407747, "2,3": 2.395989533193414, "2,5": 2.185354274338915, "2,6": 1.0665322506539245, "2,7": 0.7680930831423443, "3,4": 2.185354274338915, "3,7": 0.7680930831423443, "3,8": 1.0665322506539245,