{"netcode": "1,2,3;1,3,4;1,4,5;1,5,2;2,5,6;2,6,3;3,6,7;3,7,4;4,7,8;4,8,5;5,8,9;5,9,6;6,9,10;6,10,7;7,10,11;7,11,8;8,11,12;8,12,9;9,12,10;10,12,11", "V": 12, "atlas": {"": {"1,2": 1.618359056139851, "1,3": 0.8897777547008696, "1,4": 1.618359056139851, "1,5": 0.8897777547008696, "2,3": 0.8897777547008696, "2,5": 0.8897777547008696, "2,6": 1.618359056139851, "3,4": 0.4129921089003359, "3,6": 0.4129921089003359, "3,7": 1.1692775900876928, "4,5": -0.07393114704454509, "4,7": 0.8070926678919367, "4,8": 1.3916549110306016, "5,6": -0.7314115538468419, "5,8": 0.42140588522540695, "5,9": 1.3916549110306016, "6,7": -0.1221813630461271, "6,9": 0.8070926678919367, "6,10": 1.1692775900876928, "7,8": -0.7314115538468419, "7,10": 0.4129921089003359, "7,11": 1.618359056139851, "8,9": -0.07393114704454509, "8,11": 0.8897777547008696, "8,12": 0.8897777547008696, "9,10": 0.4129921089003359, "9,12": 1.618359056139851, "10,11": 0.8897777547008696, "10,12": 0.8897777547008696, "11,12": 1.618359056139851}}, "stats": {"tried": 12, "noconv": 4, "nonemb": 8, "known": 0, "flares": 0, "closed": true}}