{"netcode": "1,2,3;1,3,4;1,4,5;1,5,2;2,5,6;2,6,3;3,6,7;3,7,8;3,8,4;4,8,9;4,9,10;4,10,5;5,10,11;5,11,6;6,11,12;6,12,7;7,12,8;8,12,13;8,13,9;9,13,10;10,13,11;11,13,12", "V": 13, "atlas": {"": {"1,2": 1.762448306668677, "1,3": 0.7821439198856338, "1,4": 1.762448306668677, "1,5": 0.7821439198856338, "2,3": 0.7821439198856338, "2,5": 0.7821439198856338, "2,6": 1.762448306668677, "3,4": 0.19027560237091173, "3,6": -0.6778277983372815, "3,7": 1.5202855140513647, "3,8": 0.08453652504408976, "4,5": -0.4674083504192761, "4,8": -0.0821547375331035, "4,9": 1.441480773524475, "4,10": 0.4718388581742411, "5,6": -0.3393520637544423, "5,10": 0.8830471176232565, "5,11": 0.6825546793366997, "6,7": 0.9683287133444104, "6,11": 0.747621400970425, "6,12": 0.4657472470441421, "7,8": 0.9683287133444104, "7,12": 1.5202855140513647, "8,9": 1.034975187504048, "8,12": -0.014523932334801147, "8,13": 0.01873094999282032, "9,10": 1.034975187504048, "9,13": 1.441480773524475, "10,11": 0.7899722492897615, "10,13": 0.5336592891265369, "11,12": 0.7501222918929794, "11,13": 0.6809903382311981, "12,13": 1.3564667383552063}, "4": {"1,2": 0.9883295811916074, "1,3": 1.496222420665433, "1,4": 0.9883295811916074, "1,5": 1.496222420665433, "2,3": 1.496222420665433, "2,5": 1.496222420665433, "2,6": 0.9883295811916074, "3,4": -1.0847005882600778, "3,6": -0.6511100508094195, "3,7": 1.3709151695961743, "3,8": 1.634859873744255, "4,5": -2.018338554689252, "4,8": -1.8368299679073337, "4,9": 0.5587207560608562, "4,10": -0.987125574286631, "5,6": 0.26744510613912204, "5,10": 2.2689809859441157, "5,11": 1.0884068659324064, "6,7": 1.0975926390121424, "6,11": 0.2929332740326838, "6,12": 0.16280514837627186, "7,8": 1.0975926390121424, "7,12": 1.3709151695961743, "8,9": 2.0998432208731836, "8,12": 0.4326604581700518, "8,13": 0.8101822751288464, "9,10": 2.0998432208731836, "9,13": 0.5587207560608562, "10,11": 0.6901460939503432, "10,13": 0.948548148822401, "11,12": 1.1603063727110785, "11,13": 0.5668944229738845, "12,13": 0.7975876295703407}, "6": {"1,2": 1.0847975070450158, "1,3": 1.385070226129137, "1,4": 1.0847975070450158, "1,5": 1.385070226129137, "2,3": 1.385070226129137, "2,5": 1.385070226129137, "2,6": 1.0847975070450158, "3,4": 0.6636352061822186, "3,6": -2.20046957974933, "3,7": 2.590599879087385, "3,8": 0.8344095984694656, "4,5": -0.1793397506505618, "4,8": -0.5648135566243145, "4,9": 1.3920642073361642, "4,10": 0.3835474840026942, "5,6": -1.350043472982728, "5,10": 0.9960243946616798, "5,11": 1.8834185072638818, "6,7": 0.28082438379294866, "6,11": -0.5430579327719759, "6,12": -0.9796647599224265, "7,8": 0.28082438379294866, "7,12": 2.590599879087385, "8,9": 1.0785197073893928, "8,12": 0.3092392770272613, "8,13": 0.04358621145878717, "9,10": 1.0785197073893928, "9,13": 1.3920642073361642, "10,11": 0.7135803187231037, "10,13": 0.573238301406965, "11,12": 1.926422690176579, "11,13": 0.6418140192536484, "12,13": 1.3524677668476945}, "8": {"1,2": 1.7575869428362927, "1,3": 0.7856386145194694, "1,4": 1.7575869428362927, "1,5": 0.7856386145194694, "2,3": 0.7856386145194694, "2,5": 0.7856386145194694, "2,6": 1.7575869428362927, "3,4": 1.055306319828828, "3,6": -0.3356035462277568, "3,7": 2.2076251212323332, "3,8": -0.8945542969622213, "4,5": -0.35219408258868856, "4,8": -1.0950505509266828, "4,9": 2.1000546259899635, "4,10": 0.862630332014862, "5,6": -0.46038537038775446, "5,10": 0.7016392617218885, "5,11": 0.8705800068769934, "6,7": 0.4938868534689171, "6,11": 0.5811797476444484, "6,12": 0.8462538899603944, "7,8": 0.4938868534689171, "7,12": 2.2076251212323332, "8,9": 0.5585909482990333, "8,12": -1.0516539788591148, "8,13": -0.9365728401857115, "9,10": 0.5585909482990333, "9,13": 2.1000546259899635, "10,11": 0.661423495896296, "10,13": 0.8867838668963964, "11,12": 0.8393411618873622, "11,13": 0.7132660148302529, "12,13": 2.2122395492538485}, "11": {"1,2": 1.7506244445935417, "1,3": 0.7906594845551342, "1,4": 1.7506244445935417, "1,5": 0.7906594845551342, "2,3": 0.7906594845551342, "2,5": 0.7906594845551342, "2,6": 1.7506244445935417, "3,4": 0.17921288158395932, "3,6": -0.6864405095820575, "3,7": 1.5220123929653815, "3,8": 0.1009034681966515, "4,5": -0.4112770264975405, "4,8": -0.09517085223295801, "4,9": 1.4826425192002024, "4,10": 0.4159316232915736, "5,6": 0.979709411120726, "5,10": 2.1816991729880066, "5,11": -0.7908455924364979, "6,7": 0.9669048117250535, "6,11": -0.7242911042641837, "6,12": 1.7692098203256994, "7,8": 0.9669048117250535, "7,12": 1.5220123929653815, "8,9": 0.9997504990584944, "8,12": -0.06152295882590304, "8,13": 0.06869364285334187, "9,10": 0.9997504990584944, "9,13": 1.4826425192002024, "10,11": -0.6408770045583635, "10,13": 1.8297621474846177, "11,12": -0.682734847753682, "11,13": -0.8161237446832613, "12,13": 2.6715046116839276}, "12": {"1,2": 2.006723599825165, "1,3": 0.6170056691065017, "1,4": 2.006723599825165, "1,5": 0.6170056691065017, "2,3": 0.6170056691065017, "2,5": 0.6170056691065017, "2,6": 2.006723599825165, "3,4": -0.4323160044297119, "3,6": -0.1512326020305487, "3,7": 0.37571504843039333, "3,8": 0.8633646925376574, "4,5": -0.3783273009811955, "4,8": 0.5246952435389753, "4,9": 1.1162828242993483, "4,10": 0.49048889893241016, "5,6": -0.2424791550923554, "5,10": 0.7348698443056261, "5,11": 0.5003893608563226, "6,7": 2.414952519255194, "6,11": 2.4852676419422486, "6,12": -1.5981596757295882, "7,8": 2.414952519255194, "7,12": 0.37571504843039333, "8,9": 1.3504762025639574, "8,12": -2.0732096439928998, "8,13": 1.4647236880117716, "9,10": 1.3504762025639574, "9,13": 1.1162828242993483, "10,11": 1.2092653385528653, "10,13": 0.14110268410978594, "11,12": -1.0602717855151982, "11,13": 2.0164724344030147, "12,13": -0.23641394678992889}, "13": {"1,2": 1.5699488437086548, "1,3": 0.9279733769036709, "1,4": 1.5699488437086548, "1,5": 0.9279733769036709, "2,3": 0.9279733769036709, "2,5": 0.9279733769036709, "2,6": 1.5699488437086548, "3,4": -0.2683831773273987, "3,6": -0.6697278130191063, "3,7": 1.2174631833873888, "3,8": 0.652172017691823, "4,5": -0.6447397595530766, "4,8": 0.6964129744214109, "4,9": 0.34140563812236024, "4,10": 0.9657988312665634, "5,6": -0.3056479389699079, "5,10": 1.1712430394263091, "5,11": 0.694560004623954, "6,7": 1.2445203582253777, "6,11": 0.9876212296770128, "6,12": 0.043639555265349704, "7,8": 1.2445203582253777, "7,12": 1.2174631833873888, "8,9": 2.477592962927609, "8,12": 1.4592370642451618, "8,13": -2.0339530676394992, "9,10": 2.477592962927609, "9,13": 0.34140563812236024, "10,11": 2.3098172665054726, "10,13": -1.572339370518666, "11,12": 2.115058371844525, "11,13": -1.0431909235889432, "12,13": -0.24090618471230532}}, "stats": {"tried": 91, "noconv": 44, "nonemb": 35, "known": 6, "flares": 0, "closed": true}}