nid	v	hero_min_turn	morph_min_turn
v100CCACCCACCACACCACCACACCACACACCACACCACACACCACACACACCACACACCACACACACCACACACACACCACACACACCACACACACACCACACACACACACCACACACACACCACACACACACACCACACACACACACABCACACACACADEACACACACADEACACACADEACACADEACADEADEE	100	-5.28326995829927e-15	0.5448956946608214
v100CCACCCACCACACCACCACACCACACACCACACCACACACCACACACACCACACACCACACACACCACACACACACCACACACACCACACACACACCACACACACACACCACACACACACCACACACACACACCACACACACACACACCACABABACACACCACACABABABACACCACACABABABACADEADEE	100	0.5287541364619744	0.5480800875623577
v102h248728676c88abd7	102	None	1.2728581616167294
v102h63135343ab206f3b	102	-5.988395542050329e-15	-0.016701697888552823
v102ha0145080ab94fac9	102	None	1.2723218369991356
v102hae056372ee7b85b8	102	None	1.2728765048833812
v102he0fc26d1f37f5c66	102	None	1.2728829072638659
v102he593564ce5c632e4	102	None	1.2570965621978236
v106hb125deb358f972a7	106	0.0551368547240816	0.5167743976036389
v107h025ed392ab598a98	107	0.08661693408331395	0.8126564903583653
v10CCACACACACACACAE	10	4.078042913449462	3.1172796891760193
v10CCACCACAACCACAAE	10	3.564490031546611	3.1470606847435754
v10CCACCCACCACAADEE	10	3.32535451973397	3.3904858584700905
v10CCACCCACCACABDEE	10	3.8212664724980367	3.8621994836737104
v10CCCACACACACACAAE	10	2.98825327988689	3.0911050297772014
v10CCCACACACCAACAAE	10	2.4619188346815495	2.657357058166259
v10CCCACACACCACADEE	10	2.4619188346815495	2.653588226166153
v10CCCACACCAACACAAE	10	3.0235593047159854	3.1204633554029364
v10CCCACACCACACAAAE	10	1.6488585635899797	1.97585212367315
v10CCCACCACACAACAAE	10	3.80974015566159	3.674128762229344
v10CCCACCACACACAAAE	10	1.8987192801045112	2.1636217495208165
v110h4b2c5a85b94cfcfa	110	0.6932146124671545	0.8412570108496014
v114hbbc5b9238e0f042a	114	1.7231548751589775e-06	0.6962352267859274
v116h36e5646efec1b226	116	0.06387633365932027	0.7284095826483148
v116hbed78f7f3f7b7d2e	116	3.0709661315232495e-05	-6.0138521226696025
v116he2a8f2ee792f4030	116	5.551115123125812e-17	0.7320785793268834
v11CCACCACAACCACAACAE	11	3.56449003154661	2.5305936337844903
v11CCACCCACCACAACDEBE	11	3.3253545197339696	3.376521687932107
v11CCCACACACACACACAAE	11	2.341797645216166	2.542342965096588
v11CCCACACACCAACACAAE	11	2.0591926124033444	2.35352260813747
v11CCCACACACCACACAAAE	11	2.575979960093468	2.7303064003296837
v11CCCACACCACACAACAAE	11	1.244592896897721	1.6991978607681817
v11CCCACACCACACACAAAE	11	2.356837762214508	2.5424810006992944
v11CCCACACCACACACAABE	11	2.1881332333543533	2.3750955418888955
v11CCCACACCACCACADAEE	11	2.591089245264012	2.751032056948984
v11CCCACCACACACAACAAE	11	1.549392974597485	1.881891593940169
v11CCCACCACACACACAAAE	11	2.021364320195806	2.2548996972783466
v11CCCACCACACCACAADEE	11	1.3593476378164877	1.7369468992072945
v122h8fe939a1353d3843	122	0.6080972803511395	1.0692122313057115
v127h4fa99ecb0de114a9	127	-1.763404237446291e-14	0.715485681980979
v128h0a8234b313980563	128	0.06024562209507585	0.6769506595178238
v128h4f77b7f274aa28f7	128	0.009182996364823323	-6.093216887630054
v128h918f570260220c9b	128	-1.517304800321047e-15	0.6800654895051543
v12CCCACAACCACAACCACAAE	12	3.5644900315466104	3.0738589964606677
v12CCCACACACACACACACAAE	12	2.787273604766361	2.890358062083382
v12CCCACACACCAACACACAAE	12	3.0282834459018413	2.8955636398986013
v12CCCACACACCACACAACAAE	12	2.4289124386314076	2.607419827033465
v12CCCACACACCACACACAAAE	12	2.1986649731763244	2.426838041294533
v12CCCACACACCACACACAABE	12	1.740159464022297	2.0427001135214207
v12CCCACACCAACACACCAABE	12	-6.283185307179586	1.3833786362055873
v12CCCACACCACACAACACAAE	12	1.903805071674716	2.125047788148562
v12CCCACACCACACACAACAAE	12	1.8464262937175522	2.0959677123649127
v12CCCACACCACACACACAAAE	12	1.6913688964035871	2.0269089441062853
v12CCCACACCACCACACAAAAE	12	1.991130237269246	2.221774514385204
v12CCCACACCACCACACAAABE	12	2.7340459647817656	2.8443292574137056
v12CCCACACCACCACACAABAE	12	2.940213135239432	3.0260867132327083
v12CCCACCACACACACAACAAE	12	1.5318221955870488	1.8682225665199248
v12CCCACCACACACACACAABE	12	1.0466749958308046	1.5325981632306522
v12CCCACCACACCACAACAABE	12	2.2765931891829303	2.4472591203198775
v12CCCACCACACCACACAAAAE	12	1.5114368403930796	1.8405815750708872
v12CCCACCACACCACACAAABE	12	2.550896778461941	2.6724140826739964
v12CCCACCACACCACACDEAAE	12	2.829442566969903	2.9269498371900213
v12CCCACCACACCACACDEABE	12	2.8294425669699033	2.9269498371900213
v12CCCACCACCACACAACADEE	12	2.0826897244269444	2.2618053500684385
v12CCCACCACCACACACAAAAE	12	1.3593476378164877	1.7734523284315231
v12CCCCACCACACACAACAAAE	12	3.648638281134831	3.648638260275571
v130h4da8aa291a5b8b58	130	-3.182639337258782e-15	-6.063736678080097
v130hb37a8a4bf1c4c5b2	130	0.00040870646190099846	-6.079301780741894
v132h1603e125d77882ba	132	0.6842097409293451	1.0189830735633576
v135h092af6d7c2f7fe27	135	0.0796247165681971	-6.143600776503826
v137hb0c7acff201fd2bd	137	0.3307270877507602	0.6766916255644059
v13CCACCACAACCACAACCACAAE	13	3.56449003154661	1.8129227305628457
v13CCACCCACCACACACAACAAAE	13	3.097352682702301	3.15250151548297
v13CCCACACACACACACACACAAE	13	2.4019618150759854	2.556038271683692
v13CCCACACACCAACACACCAABE	13	1.203384708017837	1.8220541093100058
v13CCCACACACCACACAACACAAE	13	1.3737533318222104	1.7702192126696867
v13CCCACACACCACACACAACAAE	13	1.544991852135224	1.8831949522673124
v13CCCACACACCACACACACAAAE	13	2.5042246894490083	2.6572728342756498
v13CCCACACACCACACACACADEE	13	2.7298808273553403	2.8453512616877203
v13CCCACACCACACACAACACAAE	13	2.331489180885836	2.5071628159297346
v13CCCACACCACACACACAACAAE	13	1.9694640734692994	2.20488848121444
v13CCCACACCACACACACACAABE	13	1.5717285705984774	1.8883599133362794
v13CCCACACCACACACACCAAABE	13	1.1527288374235702	1.6280441752715749
v13CCCACACCACCACACAAACAAE	13	2.1584865633196926	2.348357704069474
v13CCCACACCACCACACAACAAAE	13	2.009892706017463	2.235712284721706
v13CCCACACCACCACACAACAABE	13	2.3505778203405843	2.528320503274047
v13CCCACACCACCACACAACADEE	13	1.5912115934054212	1.9037973629634426
v13CCCACACCACCACACACAAAAE	13	1.9818750715393916	2.177822890712188
v13CCCACCACACAACCACACAAAE	13	2.762542604464994	2.7151265181832174
v13CCCACCACACACACACAACAAE	13	0.8721334072702296	1.4350844427021445
v13CCCACCACACACACACACAAAE	13	1.4883503557124513	1.8289689163313771
v13CCCACCACACACACACACAABE	13	1.7716313674147195	2.0139122158646985
v13CCCACCACACACACCAACADEE	13	1.5821646984042756	1.909630881519962
v13CCCACCACACCACAACACAAAE	13	2.093387254162754	2.3143037662134867
v13CCCACCACACCACACAACAAAE	13	1.7844817976402223	2.0704343836629917
v13CCCACCACACCACACAACADEE	13	1.4584930648579748	1.8176636435691373
v13CCCACCACACCACACACAAAAE	13	1.9000283659665504	2.1371939183893542
v13CCCACCACACCACACACAAABE	13	-3.2734183739986187e-16	1.179107372476559
v13CCCACCACACCACACACAABBE	13	1.2170227376488278	1.6426387842065693
v13CCCACCACACCACACCAABAAE	13	2.3580706160724247	2.5133089754514573
v13CCCACCACACCACACCAABABE	13	1.0789876198148343	1.576629679498211
v13CCCACCACCACACAACAACAAE	13	1.8575239768398581	2.096473078245375
v13CCCACCACCACACACAACAAAE	13	0.8753527260969802	1.4566389711198648
v13CCCACCACCACCACAACADEBE	13	2.1771428256195127	2.3747502080392833
v13CCCACCACCACCACACAADEBE	13	1.6819234654856892	2.0042052711722067
v146he2cde65e82df9e58	146	0.0005625438897173347	-6.172604875039663
v149h5d70922ce66c392b	149	0.027362303054703194	0.574005577555579
v14CCACACACACACACACACACACAE	14	4.078042913449462	1.3841116405414617
v14CCACCACAACCACAACCACAACAE	14	3.56449003154661	1.4033587700991186
v14CCCACACACACACACACACACAAE	14	2.68165879481408	2.209137778556455
v14CCCACACACCAACACACCAACAAE	14	2.4619188346815495	2.2089858498671706
v14CCCACACACCACACAACACACAAE	14	2.487704289063906	2.639505063754638
v14CCCACACACCACACAACCAACAAE	14	2.4877042890639056	2.636924570742187
v14CCCACACACCACACACAACACAAE	14	2.160097691639242	2.3688498997697285
v14CCCACACACCACACACACAACAAE	14	1.5928272849524443	1.924563112445838
v14CCCACACACCACACACACACAABE	14	1.1616386419577793	1.6055170013012114
v14CCCACACACCACACACACCAAABE	14	1.3106770307609077	1.7736858107391005
v14CCCACACCAACACACCAACACAAE	14	2.278060036642932	1.9089491804301548
v14CCCACACCACACAACCACACAAAE	14	1.244592896897721	1.6933369454167342
v14CCCACACCACACAACCACACAABE	14	1.244592896897721	1.6933369454167344
v14CCCACACCACACACACAACACAAE	14	1.5643160604257274	1.9730946653778263
v14CCCACACCACACACACACAACAAE	14	1.4893072573964985	1.848833491302344
v14CCCACACCACACACACACACAAAE	14	2.0059627427591336	2.2525306699865455
v14CCCACACCACACACACACACAABE	14	1.5138456783455854	1.8319967490857767
v14CCCACACCACACACACACACADEE	14	1.5740744021406963	1.9344433302482975
v14CCCACACCACACACACCAACADEE	14	0.9754889115666363	1.4808229984030017
v14CCCACACCACCACACAACAACAAE	14	1.5119030062634937	1.8461491231629672
v14CCCACACCACCACACAACACAAAE	14	2.5030727308866063	2.631686938453389
v14CCCACACCACCACACAACACAABE	14	1.4775406190526565	1.8213313549130794
v14CCCACACCACCACACAACACDEAE	14	2.729328499804617	2.832721465850292
v14CCCACACCACCACACACAAACAAE	14	2.2225957239725416	2.4061173099413087
v14CCCACACCACCACACACAABCAAE	14	2.6172151131245998	2.7076123614015426
v14CCCACACCACCACACACAACAAAE	14	2.4535134475499243	2.589360868050692
v14CCCACACCACCACACACACAAABE	14	1.547162069770478	1.8694487801506414
v14CCCACACCACCACACACACAABAE	14	1.6357561518379629	1.9965655983122361
v14CCCACCACACAACCACACAACAAE	14	2.695642641960085	2.3900983278747545
v14CCCACCACACACACACACAACAAE	14	1.5808120232542977	1.868195948524021
v14CCCACCACACACACACACACAAAE	14	1.3709616629216526	1.7607566966175698
v14CCCACCACACACACACACACAABE	14	1.752605760219619	2.008012845267255
v14CCCACCACACACACCAACACAAAE	14	2.1979182853375745	2.386974445458173
v14CCCACCACACACACCAACACAABE	14	1.6177948546022938	1.929910796365351
v14CCCACCACACACACCACACADEAE	14	1.6814692013062873	1.9978311794937138
v14CCCACCACACACACCACACADEBE	14	2.41531088716044	2.5510368687203657
v14CCCACCACACCACAACACAACAAE	14	1.5339984555173871	1.886763713668739
v14CCCACCACACCACACAACAACAAE	14	1.5836901442178266	1.8822022646216978
v14CCCACCACACCACACAACACAAAE	14	2.099259143477758	2.286932466988695
v14CCCACCACACCACACACAAACAAE	14	0.8687140270412541	1.4437956715295488
v14CCCACCACACCACACACAABCAAE	14	1.499027603698081	1.8285262773523894
v14CCCACCACACCACACACAACAAAE	14	0.41873892556538145	1.2389384459593344
v14CCCACCACACCACACACAACDEAE	14	0.9401088255697679	1.4621519581766564
v14CCCACCACACCACACACACAAAAE	14	1.6352861793927413	1.9420697054724168
v14CCCACCACACCACACACACAAABE	14	1.7135788599702126	1.961619053671684
v14CCCACCACACCACACACACAADEE	14	2.163393568853623	2.348352960950909
v14CCCACCACACCACACCAACAAAAE	14	1.8142508965914272	2.06430823876533
v14CCCACCACACCACACCAACAADEE	14	1.581910748614509	1.9192111898403037
v14CCCACCACCACACAACACCAABAE	14	1.6208875951855406	1.911920235718323
v14CCCACCACCACACACAACAACAAE	14	1.2123394823322038	1.6142800687907162
v14CCCACCACCACACACAACACAABE	14	1.5114609785122481	1.8127477213187113
v14CCCACCACCACACACAACCAAABE	14	1.2758957021123256	1.6450044055982795
v14CCCACCACCACACACACAACAAAE	14	1.4516900819025107	1.7707133063359168
v14CCCACCACCACACACACAACAABE	14	1.5412437179087237	1.8390498044735681
v14CCCACCACCACACACACAACADEE	14	1.9570547326745047	2.1849766282884
v14CCCACCACCACCACAACACDEAAE	14	1.8707785073954806	2.114777750856908
v14CCCACCACCACCACACAACAADEE	14	1.5696349016664706	1.8730401150040104
v14CCCACCACCACCACACAACDEDEE	14	2.1688606422827448	2.3391888811523787
v14CCCACCACCACCACACACAAADEE	14	2.2827571202336774	2.425883252536767
v14CCCACCCACCACCACAACDEDEBE	14	2.6733675236599574	2.749759583691311
v14CCCCACCACACACACACAACAAAE	14	1.850371707708594e-16	1.1747866491178198
v152h166d825fa3770887	152	0.17131493907562917	-6.142547615492898
v152hcdb06f26767a9fee	152	-6.283185307179586	-6.063041637350965
v152he09dd528bd007438	152	-2.5211314517529588e-14	-6.258057585179608
v15CCCACAACCACAACCACAACCACAAE	15	3.5644900315466104	2.05800501933783
v15CCCACACACACACACACACACACAAE	15	2.444727994974441	1.9149421398659503
v15CCCACACACCAACACACCAACACAAE	15	1.603502486945631	1.620764879521214
v15CCCACACCACCACACACCACAABABE	15	-1.224646799147353e-16	1.3511899564977776
v15CCCACCACACCACACCAACACDEABE	15	1.230959417340775	1.6635329316065348
v15CCCCACCACACACACACACAACAAAE	15	0.36752373228835344	1.2203843582270208
v162h9b09eec5168e9243	162	-9.566421728853431e-15	-6.0691335293568764
v164h1268c85b083401b2	164	-8.303772404737933e-15	-6.791395775043275
v164h269ae2cb791779bd	164	-1.3332541292259283e-14	0.8574454470046697
v164h64e816f04127fc46	164	0.004764967691777077	0.2559786981613268
v164he26c84ccf7059402	164	0.08428900559936245	0.10006240667536948
v164he3e705f0721b3784	164	-1.4905299316637512e-14	-6.225906733117586
v16CCACCCACCACACCABCACABCACABAE	16	3.0973526827023004	3.0417970787061064
v16CCCACACACACACACACACACACACAAE	16	2.6223610554389163	1.6575166778798354
v16CCCACACACCAACACACCAACACACAAE	16	2.8642045978181327	1.6157894732770748
v16CCCACACCAACACACCAACACACCAABE	16	-4.898587196589414e-16	1.3600049890899746
v16CCCACCACACCACACACAACACAACAAE	16	-9.621932880084691e-16	1.1787484129353902
v16CCCACCACCACCACACCACAACAADEBE	16	2.289646050189162	2.4242288700577004
v16CCCCACCACACACACACACACAACAAAE	16	1.4608607062373744	1.751920683575431
v16CCCCACCACACCACACACACAACAAAAE	16	-5.127900497022837e-16	1.1593886555845292
v177h9a146be2ce10951e	177	3.0146194847831837e-07	-11.166127150465586
v17CCACCACAACCACAACCACAACCACAACAE	17	3.56449003154661	0.7415715605315798
v17CCCACACACACACACACACACACACACAAE	17	2.474138217226054	1.4194028778430416
v17CCCACACACCAACACACCAACACACCAABE	17	0.9807429222633369	1.1455924761024399
v17CCCACCACACACACCACACACACACADEAE	17	2.0213643201958065	2.2361760678568428
v17CCCACCACACCACACAACACCACACAAABE	17	2.167411166885399	2.343765151988311
v17CCCACCACCACCACACACACAACAAACAAE	17	1.701135245259011	1.9395383532642128
v17CCCACCCACCACCACAACCAACAACAAAAE	17	2.067722532889304	2.216920062972627
v17CCCACCCACCACCACAACCAACDECAAAAE	17	2.4638934538674513	2.543397249558494
v17CCCCACCACACACAACCACACACAACAAAE	17	2.1640685017736168	2.3047806419612757
v17CCCCACCACACACACACACACACAACAAAE	17	1.236969586667298	1.5645767866653804
v17CCCCACCACACACCACACACACAACAAAAE	17	0.7208100590313218	1.3001157027678583
v182h4d83f7c1fdef10d3	182	-1.2508512744110099e-14	-11.805927920230301
v18CCCACACACACACACACACACACACACACAAE	18	2.5876325064609875	1.2085270220876028
v18CCCACACACCAACACACCAACACACCAACAAE	18	2.4619188346815486	1.1541470077217932
v18CCCACACACCACACAACCACACAACACACAAE	18	2.4289124386314063	1.8283386863691753
v18CCCACACACCACACAACCACACAACCAACAAE	18	2.428912438631407	1.788199226921671
v18CCCACACACCACACACACACACAACACACAAE	18	1.896718764682218	1.8772223695303105
v18CCCACACCACCACACACCACAACADECACAAE	18	-6.283185307179586	1.310446420591635
v18CCCACCACACCACACAACACCACACAACAAAE	18	1.846711685874671	2.1292823137692407
v18CCCACCACACCACACCAACACCAACACDEABE	18	1.2309594173407739	1.6337936963085253
v18CCCACCACACCACACCACACACAACACADEAE	18	2.214297435588181	2.3538550670073977
v18CCCACCACCACCACACACACAACCAAACAAAE	18	1.758991833712842	1.974444027311412
v18CCCACCCACCACCACAACCAACACACAAABBE	18	0.747986304946088	1.3560656481109499
v18CCCACCCACCACCACAACCACAACAACAABBE	18	2.461918834681547	2.5400986445676477
v18CCCACCCACCACCACACACAACAACAAACAAE	18	2.0530598424182163	2.1911652183262413
v18CCCACCCACCACCACACCAACAACAADECAAE	18	2.4619188346815477	2.540098644567662
v18CCCCACCACACACACACACACACACAACAAAE	18	1.2329707478335574	1.5885197452580397
v18CCCCACCACACACACACCAACACACAACAAAE	18	1.8405379160673263	2.040834254162005
v18CCCCACCACACACACACCACAACACAACAAAE	18	1.9619148926932475	2.128231098888953
v18CCCCACCACACACCACACACACAACAACAAAE	18	1.189054704468395	1.5658732931618133
v18CCCCACCACACACCACACACACAACACAAABE	18	1.230959417340773	1.595865316074327
v18CCCCACCACACCACACACACAACACAACAAAE	18	1.2771163400577445	1.5855930282621578
v191h0993a492513773bc	191	0.020080294127545056	-6.189166806773222
v192ha3f3647a75529d93	192	0.5877476242543211	-5.650910437012299
v19CCCACACACACACACACACACACACACACACAAE	19	2.4939886546545784	1.0302392712999784
v19CCCACACACCAACACACCAACACACCAACACAAE	19	1.338552816811499	0.801615375937615
v19CCCACACACCACACAACCACACAACCACACAAAE	19	2.4289124386314076	1.6607495288355307
v19CCCACACACCACACACACACACACAACACACAAE	19	1.8305647320954028	1.6757656568379127
v19CCCACACACCACACACACACACACACAACACAAE	19	1.8447398706334561	1.5794217186792157
v19CCCACACACCACACACACACACACACACACAAAE	19	1.5420869921914133	1.8035947977634472
v19CCCACACCACACACACACACACACACAACACAAE	19	1.6236293022358534	1.6032963536277984
v19CCCACACCACACACACCAACACACACAACACAAE	19	1.4214826338062791	1.5032077082512725
v19CCCACACCACACACACCAACACACACCAACADEE	19	0.9334286249816623	1.5401637647268287
v19CCCACACCACCACACACACACCACAACAACAABE	19	0.247621399093367	1.169964920857902
v19CCCACCACACCACACAACACCACACAACACAAAE	19	2.0441499257434197	1.9488368993569765
v19CCCACCACACCACACACACACCACAACACAAABE	19	-1.5199618145491084e-15	1.1746668708722074
v19CCCACCACCACACACCACACCACACACAADEDEE	19	1.3593476378164877	1.7367228962129775
v19CCCACCACCACCACACACACACACCAAACAADEE	19	1.7551025688678616	1.960987667167506
v19CCCACCCACCACCACACACACAACAACAACAAAE	19	-2.4424906541753444e-15	1.1405521179595843
v19CCCCACCACACACACACACACACACACAACAAAE	19	0.6461064270141224	1.2915370994780206
v19CCCCACCACACACACACCACACACACAACAAAAE	19	0.19162283797065438	1.1500019836961592
v19CCCCACCACACACCACACACACAACACAACAAAE	19	0.894953088425814	1.385720340481396
v19CCCCACCACACACCACACACACACACAAACAAAE	19	1.3183051316658667	1.649595908825392
v19CCCCACCACACCACACACACACACAACAACAAAE	19	1.1877599055796904	1.5670669691308472
v19CCCCACCACACCACACACACACACAACACAAABE	19	1.2260502100707298	1.5601206549276363
v200h135a0caf146869c8	200	0.011878747452273544	-6.036685414210721
v202hb84cee6a728cdd59	202	-1.0940093355431449e-14	-6.8039774156222155
v202hd5d3d1cdcaa902c7	202	0.00010583085147275955	-12.291805467446228
v20CCACCCACCACACCACCACACCACACABCADEADEE	20	-3.273418373998618e-16	1.1593886555845272
v20CCCACACACACACACACACACACACACACACACAAE	20	2.566711210037364	0.8764775472067345
v20CCCACACACCAACACACCAACACACCAACACACAAE	20	2.773812184416001	0.8121611918508744
v20CCCACACACCACACACACACACACACACACACAAAE	20	1.8886010672443154	1.6342535018194866
v20CCCACACACCACACACACACACACACACACACADEE	20	1.6951403062389043	1.5959727837574431
v20CCCACACACCACACACACCACACACAACAACACAAE	20	1.5807794081187156	1.7169769044658332
v20CCCACACACCACACACACCACACACAACACACAAAE	20	0.9739643479715033	1.4332764273763727
v20CCCACACCAACACACCAACACACCAACACACCAABE	20	-6.283185307179586	0.6662240488504052
v20CCCACACCACACACACACACACACACACACACAAAE	20	1.8258378685275778	1.5414893766022364
v20CCCACACCACACACACCAACACACACCAACACAAAE	20	1.3057780953163913	1.380265532913746
v20CCCACCACACCACAACACACCACAACACACACAABE	20	1.028891236867657	1.5605154807055825
v20CCCACCACACCACACAACACCACACAACACAACAAE	20	1.8625742544133144	1.7728154970899932
v20CCCACCACACCACACDEACCACACAACCACACAAAE	20	2.6956426419600827	1.602154994651621
v20CCCACCACCACACACCACACCACACACAACAAAABE	20	1.3593476378164866	1.7318246717487635
v20CCCACCACCACCACACACACCACACCAAACAADBEE	20	1.6984964945304808	1.9039373989368271
v20CCCACCCACCACCACAACCAACCAACCAAACAAAAE	20	2.1199857306351606	2.240051777019698
v20CCCACCCACCACCACAACCACACAACACAACAADEE	20	1.4594553124539305	1.7758908438009038
v20CCCACCCACCACCACAACCACACDECACAAACADEE	20	-1.7404388023934903e-15	1.1691883200018447
v20CCCACCCACCACCACACACACACAACACAAACADEE	20	1.4594553124539316	1.77653506097856
v20CCCCACCACACACACACACACACACACACAACAAAE	20	0.23177554000593947	1.182028147339893
v20CCCCACCACACACACACCAACACACACACAACAAAE	20	0.3999122738039278	1.2828457558707256
v20CCCCACCACACACACACCACACACACAACAACAAAE	20	0.4009803565549598	1.2177180734661877
v20CCCCACCACACACACACCACACACACAACACAAABE	20	0.7329141807677689	1.3414768051135197
v20CCCCACCACACACCACACACACAACACACAACAAAE	20	0.5897556604532163	1.321817464760445
v20CCCCACCACACACCACACACACAACCAACACAAABE	20	1.7191022410579446	1.910341260073377
v20CCCCACCACACACCACACACACACACAACAACAAAE	20	0.9545949832811027	1.4218928491646141
v20CCCCACCACACACCACACACACACACAACACAAABE	20	1.0555910798439343	1.4851066334177174
v20CCCCACCACACACCACACCACACACACAAABCAAAE	20	1.9177506835062732	2.0654965271516037
v20CCCCACCACACACCACACCACACACACAAACAAAAE	20	1.263430491563187	1.5615137604061253
v20CCCCACCACACCACACACACACACAACACAACAAAE	20	1.0286520199525733	1.455156481513626
v20CCCCACCACACCACACACACACACACAACACAAABE	20	1.0159153185853222	1.4534529540841268
v20CCCCACCACACCACACACCACACACAACAACAAAAE	20	1.1424949643107136	1.5220667223294675
v20CCCCACCACCACACCACACACACAACACAAACAAAE	20	1.1989556298857154	1.5616728027649518
v20CCCCACCACCACACCACACCAACAACACAAACAAAE	20	-1.794765173957993e-15	1.1330952110678167
v212h09ca41a41819f9c3	212	0.029597057992037865	-6.177989821273041
v218h402a30a79d0fc4aa	218	0.03235188261793913	-6.2650949348934
v218h97ef229a70240d1e	218	-3.099372610411896e-14	-6.320524205761426
v21CCCACACACACACACACACACACACACACACACACAAE	21	2.507211615883328	0.7429341268128079
v21CCCACACACCAACACACCAACACACCAACACACCAABE	21	0.8391655747018563	0.5583273117923299
v21CCCACACACCACACAACCACACAACCACACAACACAAE	21	1.2445928968977225	1.0769354427697098
v21CCCACACACCACACACACCACACACAACACACACAAAE	21	1.069289123837533	1.5725860286852842
v21CCCACACACCACACACACCACACACACAACACACAAAE	21	1.8274375114022845	1.6485172106252663
v21CCCACACACCACACACACCACACACACAACACACADEE	21	1.035460829512575	1.5333262367361464
v21CCCACACCACCACACAACACCACACAACACACACAAAE	21	2.066870052536778	1.5630096462378658
v21CCCACACCACCACACACCACAACACACACCACAABABE	21	-6.283185307179586	1.324043685757422
v21CCCACCACACCACAACACACCACAACACACCACAADEE	21	1.1869476029396957	1.3883842324181557
v21CCCACCACACCACACAACACCACACAACACACACAAAE	21	1.9385594805334203	1.6000824024448654
v21CCCACCACACCACACACAACCACACACAACACACAAAE	21	0.19266098188932904	1.1871026302285361
v21CCCACCACACCACACCAACACCAACACCAACACDEABE	21	1.2309594173407739	1.5588249925569035
v21CCCACCACCACACACCACACCACACACACACAAAABAE	21	1.3593476378164868	1.8109174543090638
v21CCCACCACCACCACACACACCACACCAAACACAAAABE	21	1.764314666838311	1.9447244189147939
v21CCCACCCACCACCACACACCACAACAACACAACAAAAE	21	-1.7023419710919066e-15	1.1497115725115588
v21CCCACCCACCACCACACCAACAACACACAACCAAABAE	21	-4.810966440042344e-16	1.149711572511559
v21CCCCACCACACACACACACACACACACACACAACAAAE	21	0.48944624306847695	1.245923988537378
v21CCCCACCACACACACACCACAACACACACACAACAAAE	21	0.36752373228835267	1.3797668905202785
v21CCCCACCACACACACACCACACACACAACACAACAAAE	21	0.18520458793546676	1.1651174002446198
v21CCCCACCACACACACACCACACACACACACAAACAAAE	21	0.12099035488088522	1.2250307812166965
v21CCCCACCACACACCACACACACACACAACACAACAAAE	21	0.6114205504933746	1.2724989172319634
v21CCCCACCACACACCACACACACACACACAACAACAAAE	21	0.7536168217922805	1.3452001732315524
v21CCCCACCACACACCACACACACACACACAACACAAABE	21	0.2841825488832549	1.2412772320508914
v21CCCCACCACACACCACACCACACACACAAACACAAABE	21	0.9309056990507053	1.4064446365419276
v21CCCCACCACACACCACACCACACACACAACACAAABAE	21	1.6901737248407878	1.9200942455559946
v21CCCCACCACACCACACACACACACACAACACAACAAAE	21	0.6408588460224194	1.288672830941612
v21CCCCACCACACCACACACACACACACACACAACAAAAE	21	0.6786834897691113	1.2890356652413038
v21CCCCACCACACCACACACACACACCAACACAACAADEE	21	1.1231864267404963	1.5043163693029211
v21CCCCACCACACCACACACCACACACAACAACCAAABAE	21	0.9014450045343121	1.4028756894431955
v21CCCCACCACACCACACACCACACACACAACACAAAABE	21	0.9540057473220609	1.4131758729876918
v21CCCCACCACACCACACACCACACACCAAACACAAAABE	21	0.178798643032192	1.1305636950437257
v21CCCCACCACACCACCACACCACACACAACAAACAAAAE	21	1.214331513265395	1.5431824664346352
v21CCCCACCACCACACCACACACACAACACAACAACAAAE	21	1.0707797102517569	1.470670489970562
v226he5c99f0254e9d767	226	0.03164543231516565	-12.342124644677572
v227hcf33e781a0512bdd	227	0.00021516234698577193	-6.302097798427918
v22CCCACACACACACACACACACACACACACACACACACAAE	22	2.5538631079725507	0.629191989043302
v22CCCACACACCAACACACCAACACACCAACACACCAACAAE	22	2.4619188346815473	0.5673069014048703
v22CCCACACACCACACACACACACACACACACACAACACAAE	22	1.8878894148673437	1.1434554516600557
v22CCCACACACCACACACACACACACACACACACACACADEE	22	1.8624536246546648	1.2903927788131933
v22CCCACACACCACACACACCACACACACACACACACAABAE	22	1.464211781574039	1.555237976551859
v22CCCACACCACACAACCACACAACCACACAACCACACAABE	22	1.244592896897721	0.9781619522388935
v22CCCACCACACCACACAACACCACACAACACCACACAAABE	22	2.0209037670057173	1.436918855242558
v22CCCACCACACCACACACAACCACACACAACACACACAABE	22	0.28880504222861214	1.2018349410797458
v22CCCACCACACCACACACAACCACACACAACCACACADEAE	22	0.4443134963061875	1.2246405083622203
v22CCCACCACACCACACACACACCACAACACAACACAACAAE	22	-1.593976682857452e-15	1.2994101150145598
v22CCCACCACACCACACACACACCACACAACAACACACAAAE	22	0.9461590075738715	1.4323268865633891
v22CCCACCACACCACACACACACCACACACADECACACAAAE	22	0.13991890460228923	1.1966853125008183
v22CCCACCACACCACACCACACACCACACACACACAAABABE	22	-1.1498874730073895e-15	1.1707561876499473
v22CCCACCACCACCACACACACCACACCAAACACACAAADEE	22	1.7349653105783454	1.8930438280194144
v22CCCACCACCACCACACCACACCACACACACAADECAAAAE	22	-2.5535129566378604e-15	1.1412090304378295
v22CCCACCCACCACCACACCAACACACAACAACCAABACAAE	22	1.4594553124539316	1.7895641327879757
v22CCCCACCACACACAACCACACACAACCACACACAACAAAE	22	2.1640685017736154	1.6544444816247397
v22CCCCACCACACACACACACACACACACACACACAACAAAE	22	0.5847386529045938	1.257656913768746
v22CCCCACCACACACACACCAACACACACACCAACACAAABE	22	1.278127070586649	1.6466856415482751
v22CCCCACCACACACACACCACACACACAACACACAACAAAE	22	0.9171711021720449	1.4217893685387244
v22CCCCACCACACACACACCACACACACAACCAACACAAABE	22	1.1452189685761627	1.581785287542239
v22CCCCACCACACACACACCACACACACACACAACAACAAAE	22	0.0811528262720326	1.2717160464808712
v22CCCCACCACACACACACCACACACACACACAACACAAABE	22	0.22728801736418586	1.2042455511287757
v22CCCCACCACACACACACCACACACACACACACAAACAAAE	22	0.24842412257273214	1.3272129907691466
v22CCCCACCACACACCACACACACACACAACACACAACAAAE	22	0.6121502453473161	1.326320650740851
v22CCCCACCACACACCACACACACACACACAACACAACAAAE	22	0.4212953499556088	1.2249746552207434
v22CCCCACCACACACCACACACACACACACACAACACAAABE	22	0.7587001686256144	1.3618688215665529
v22CCCCACCACACACCACACACACACACACACACAACAAAAE	22	0.48066402804624864	1.2682828284072083
v22CCCCACCACACACCACACACACACACCAACACAACAADEE	22	0.7734107241865877	1.3475479463606919
v22CCCCACCACACACCACACCACACACACAAACCAACAADEE	22	0.1435592206397528	1.1530268014760723
v22CCCCACCACACACCACACCACACACACAACACAAACAAAE	22	1.3931192890332142	1.6456075860970039
v22CCCCACCACACACCACACCACACACACAACACAACAAAAE	22	1.4232251627880617	1.7282849888962435
v22CCCCACCACACACCACACCACACACACAACACAACAADEE	22	0.4076774792139484	1.2015346158687952
v22CCCCACCACACACCACACCACACACACAACACCAAABABE	22	0.5788462608573085	1.2738702823056691
v22CCCCACCACACACCACACCACACACACACAACAACAAAAE	22	1.4906775950837559	1.762097831127496
v22CCCCACCACACCACACACACAACCACACACACAACAAAAE	22	-5.127900497022838e-15	1.1113144658247178
v22CCCCACCACACCACACACACACACACACAACACAACAAAE	22	0.11591014906232393	1.2316282320596894
v22CCCCACCACACCACACACACACACACACACAACAACAAAE	22	0.5091374902700387	1.226666941106444
v22CCCCACCACACCACACACACACACACACACAACACAAABE	22	0.9978944892666951	1.4215883984753825
v22CCCCACCACACCACACACACACACACACACACAACAAAAE	22	0.19892077578765774	1.1630273238467237
v22CCCCACCACACCACACACCACACACAACACACAAACAAAE	22	0.37284746026134136	1.2332709809619071
v22CCCCACCACACCACACACCACACACACAACACAAACAAAE	22	0.5226942209957086	1.2413503073334526
v22CCCCACCACACCACACACCACACACACAACACAACAADEE	22	0.7243635132448094	1.3104013641556533
v22CCCCACCACACCACACACCACACACACAACACCAAABABE	22	1.0089349028671308	1.439957470198336
v22CCCCACCACACCACACACCACACACACACAACAAACAAAE	22	1.4023771022153415	1.6932267889806902
v22CCCCACCACACCACACACCACACACACACAACAACAAAAE	22	1.4864623431039496	1.7522686536964893
v22CCCCACCACACCACACACCACACACACACAACCAAABAAE	22	1.4510637100229726	1.7227644410442795
v22CCCCACCACACCACACACCACACACCAAACACAACAADEE	22	0.47901717203201655	1.2333270828510632
v22CCCCACCACACCACACACCACACACCAAACACCAAABABE	22	0.7479863049460891	1.3295165235379398
v22CCCCACCACACCACACACCACACACCAACACACAAAABBE	22	0.44726017462631407	1.2472701976958387
v22CCCCACCACACCACCACACCACACACAACCAAABCAAABE	22	1.586928384465689	1.831636874989836
v22CCCCACCACCACACCACACACACAACACACAACACAAABE	22	1.3783698055296012	1.6337503923468752
v22CCCCACCACCACACCACACACACACAACACAACAACAAAE	22	0.8419669117793163	1.3595624365297607
v22CCCCACCACCACACCACACACACACAACACACAACAAAAE	22	0.8069972364025639	1.3720441774452496
v22CCCCACCACCACACCACACACACACAACCAACAACAAABE	22	1.5031763273882581	1.7350538463234941
v22CCCCACCACCACACCACACACACACAACCAACAACADEAE	22	1.434410073424109	1.6826387666818454
v236hc60ae96a0a268dcd	236	9.48227885772226e-06	-12.35652914990415
v23CCCACACACACACACACACACACACACACACACACACACAAE	23	2.5159320860462158	0.5329870451228684
v23CCCACACACCAACACACCAACACACCAACACACCAACACAAE	23	1.161889175142644	0.38793954040702516
v23CCCACACACCACACAACCACACAACCACACAACCACACAABE	23	2.4289124386314076	0.998416245389786
v23CCCACACACCACACACACCACACACAACACACACAACACAAE	23	0.6851656096109927	1.1381097918673762
v23CCCACACCACACAACCACACAACCACACAACCACACAACAAE	23	1.244592896897721	0.703246494796518
v23CCCACACCACACACACACACACACACACACACACACACAAAE	23	1.886983872716002	1.1172328623624612
v23CCCACACCACCACACAACACCACACAACACCACACAACAAAE	23	1.9604118080944335	1.263463068294749
v23CCCACCACACCACACAACACCACACAACACCACACAACAAAE	23	1.9038313598273886	1.2916657941731668
v23CCCACCACACCACACACAACCACACACAACCACACACAAABE	23	0.3493763214158641	1.2132378692123535
v23CCCACCACACCACACACACACCACACAACAACCACACAAAAE	23	0.8189424058561141	1.392182369751844
v23CCCACCACACCACACACACACCACACACAAACCACACADEAE	23	1.3493452289497023	1.7404824938693961
v23CCCACCACACCACACACACACCACACACAACACACACADEAE	23	1.6772742954209383	1.7764220340159609
v23CCCACCACACCACACACACACCACACACADECACACACAABE	23	0.40030172261022823	1.2668469295722566
v23CCCACCACACCACACCAACACCACACACAAACCACACADEAE	23	1.521553331760616	1.7591366352163167
v23CCCACCACACCACACCAACACCACACACDEACCACACADEAE	23	1.138602419731688	1.5918594814647489
v23CCCACCACACCACACCACACACCACACAACADECACACAAAE	23	0.019408710456896024	1.2064590927852352
v23CCCACCACCACCACACACACCACACCAAACACACAAACDEAE	23	1.7403386884681378	1.8793377737895491
v23CCCACCACCACCACACCACACCACACACACAACAAACAAAAE	23	-1.9984014443252814e-15	1.1509104438206568
v23CCCACCCACCACCACAACCAACCAACCACAACAACAAACAAE	23	0.728550439423997	1.3716602102825142
v23CCCACCCACCACCACAACCACACAACCACAACAACAAACAAE	23	0.7548421231342477	1.3572130796842494
v23CCCACCCACCACCACAACCACACACACACAACCAACAAADEE	23	0.06184385917551543	1.1386375580965424
v23CCCACCCACCACCACAACCACACCAACCACAAACACADEABE	23	-1.4316803853929207e-15	1.1735490890767988
v23CCCCACCACACACACACACACACACACACACACACAACAAAE	23	0.30577613884330057	1.1779069476813582
v23CCCCACCACACACACACCACACACACACACAACACAACAAAE	23	0.4231988025380865	1.2694800484993087
v23CCCCACCACACACACACCACACACACACACACAACAACAAAE	23	0.6216466324681243	1.354020087932682
v23CCCCACCACACACACACCACACACACACACACAACACAAABE	23	0.4002434076233342	1.334510475943991
v23CCCCACCACACACACACCACACACACACACACACAAACAAAE	23	0.7837434775354633	1.4173860983853679
v23CCCCACCACACACCACACACACAACCACACACACAACAAAAE	23	0.26521721494986183	1.1171406055532114
v23CCCCACCACACACCACACACACACACACAACACACAACAAAE	23	0.9133214625481738	1.4096941629433426
v23CCCCACCACACACCACACACACACACACACAACACAACAAAE	23	0.5494651364003932	1.2844100488517227
v23CCCCACCACACACCACACACACACACACACACAACAACAAAE	23	0.6618639354743516	1.3180868916897106
v23CCCCACCACACACCACACACACACACACACACAACACAAABE	23	0.4921887374304133	1.3088354240148823
v23CCCCACCACACACCACACACACACACACACACACAAACAAAE	23	0.7183050588626406	1.3400936433411297
v23CCCCACCACACACCACACACACACACACACACACAACAAAAE	23	0.6191469996638924	1.3008440269942838
v23CCCCACCACACACCACACACACACACCAACACAACAACAAAE	23	1.537137066700504	1.8002156052314766
v23CCCCACCACACACCACACCACACACACAACACAACAACAAAE	23	1.320067369190749	1.5802466778414102
v23CCCCACCACACACCACACCACACACACAACACAACACAAABE	23	0.787557301906819	1.3762537570385676
v23CCCCACCACACACCACACCACACACACAACACACAAACAAAE	23	1.5366568685319484	1.8061595242629278
v23CCCCACCACACACCACACCACACACACAACACACAACAAAAE	23	0.5920525562239253	1.2638413045819838
v23CCCCACCACACACCACACCACACACACAACACACAACADEAE	23	0.38473419787775787	1.1961326265452914
v23CCCCACCACACACCACACCACACACACACAACAACAACAAAE	23	0.5369710919883047	1.2327709882799196
v23CCCCACCACACACCACACCACACACACACAACACAACAAAAE	23	0.5696575644294901	1.2523587261874833
v23CCCCACCACACACCACACCACACACACACAACCAACAADAEE	23	0.3592643185499172	1.1828883736776565
v23CCCCACCACACCACACACACAACCACACACACAACAACAAAE	23	0.24217074403423294	1.1683352673047944
v23CCCCACCACACCACACACACACACACACACAACACAACAAAE	23	0.6221088745986364	1.2603989755558227
v23CCCCACCACACCACACACACACACACACACACAACAACAAAE	23	0.3031439231861122	1.1775985581637407
v23CCCCACCACACCACACACACACACACACACACACAACAAAAE	23	0.2849985871826724	1.1648991748718132
v23CCCCACCACACCACACACACACACCAACACACACAACAAAAE	23	0.3530886607099889	1.2607630710513111
v23CCCCACCACACCACACACACACACCACAACACACAACAAAAE	23	0.23148252622748233	1.2670961850706253
v23CCCCACCACACCACACACCACACACAACACACAACACAAABE	23	0.5813992867395463	1.2738619498004469
v23CCCCACCACACCACACACCACACACACAACACAACAACAAAE	23	0.5014788152399386	1.223721839748202
v23CCCCACCACACCACACACCACACACACAACACAACACAAABE	23	0.4773497135410709	1.2239461777932226
v23CCCCACCACACCACACACCACACACACAACACACAACAAAAE	23	0.5543995663757938	1.24830844527016
v23CCCCACCACACCACACACCACACACACACAACAACAACAAAE	23	0.8190870436292408	1.3448531718292123
v23CCCCACCACACCACACACCACACACACACAACACAACAAAAE	23	0.6726175594008157	1.283599449801981
v23CCCCACCACACCACACACCACACACACACAACACAACAADEE	23	0.6179202069445404	1.2639022708677248
v23CCCCACCACACCACACACCACACACACACAACCAAACAADEE	23	1.0349079635799336	1.4455816418739251
v23CCCCACCACACCACACACCACACACACACACACAAACAAAAE	23	0.20518681505426883	1.195055541351035
v23CCCCACCACACCACACACCACACACCAACACACAAACADEAE	23	0.8074280141344147	1.3526368306710457
v23CCCCACCACACCACACACCACACACCAACACACCAAABABBE	23	0.44272176854977924	1.2526684156128485
v23CCCCACCACACCACCACACCACACACAACAACACAAACAAAE	23	0.9090244732489388	1.3882510086255109
v23CCCCACCACACCACCACACCACACACAACACAACCAAABAAE	23	0.9139256651581981	1.3788741531241029
v23CCCCACCACCACACCACACACACAACACCAACACACAAABBE	23	1.3480586371403736	1.6019158087590213
v23CCCCACCACCACACCACACACACACAACACACAACACAAABE	23	0.7842197687526031	1.397888204438253
v23CCCCACCACCACACCACACACACACAACACACACAACAAAAE	23	0.6065450711283102	1.2867704975975576
v23CCCCACCACCACACCACACACACACAACCAACACAACAADEE	23	1.0299148289555091	1.4460517146570535
v23CCCCACCACCACACCACACACACACACACAACACAACAAAAE	23	1.5078271271942076	1.7502910275399506
v244hdbc3e108e5770529	244	-4.8342337062260766e-14	-12.141120874868093
v24CCCACACACACACACACACACACACACACACACACACACACAAE	24	2.545867939514968	0.4510532330025471
v24CCCACACACCAACACACCAACACACCAACACACCAACACACAAE	24	2.7165753598096094	0.39473679990198596
v24CCCACACCAACACACCAACACACCAACACACCAACACACCAABE	24	-4.898587196589414e-16	0.3216850167990897
v24CCCACACCACACAACCACACAACCACACAACCACACAACCAABE	24	1.2445928968977202	0.7184183838797988
v24CCCACACCACACACACCACACACAACCACACACAACAACACAAE	24	0.6789275063347725	1.1314295977132895
v24CCCACACCACACACACCACACACAACCACACACAACCAACADEE	24	0.4715163240078962	1.1491072794229171
v24CCCACACCACCACACACCACAACACACACCACAACADECACAAE	24	-6.283185307179586	1.380780697479358
v24CCCACACCACCACACACCACACCACACACACCACACAABABABE	24	-3.6739403974420623e-16	1.3383208042922363
v24CCCACCACACCACACAACACCACACAACACCACACAACAACAAE	24	1.5346421328768909	1.1535869795490297
v24CCCACCACACCACACAACACCACACAACACCACACAACACAAAE	24	2.003583800819574	1.1630716184917906
v24CCCACCACACCACACACAACCACACACAACCACACACAACADEE	24	0.3496948864262788	1.2132586497933389
v24CCCACCACACCACACACACACCACACAACACACCACACAADEAE	24	0.8254956574399377	1.4091498850020139
v24CCCACCACACCACACACACACCACACACAACACACACACAABAE	24	1.5817343781548847	1.6838985330271512
v24CCCACCACACCACACACACACCACACACAACACCACACADAEAE	24	1.36149354820882	1.6880679282425963
v24CCCACCACACCACACACACACCACACACACAACCACACAADEAE	24	0.6343878630246835	1.3769990100838503
v24CCCACCACACCACACACACACCACACACACAACCACACADAEAE	24	0.5823449529426984	1.3610541015950561
v24CCCACCACACCACACCAACACCAACACCAACACCAACACDEABE	24	1.2309594173407736	1.4208537224011546
v24CCCACCACACCACACCAACACCACACACAACACACACACAAABE	24	1.2574631343724085	1.6881102971420359
v24CCCACCACACCACACCAACACCACACACAACACACACACAABAE	24	1.239044751921762	1.6605050066079365
v24CCCACCACACCACACCAACACCACACACAACACCACACADAEAE	24	1.4946056924170368	1.6898259610644226
v24CCCACCACACCACACCAACACCACACACCAABACCACACADEAE	24	0.7708863583434242	1.5144838073125448
v24CCCACCACACCACACCAACACCACACACDEACCACACACAAABE	24	1.128264925019073	1.5914750827164104
v24CCCACCACCACACACCACACCACACACACACAACCAACAADAEE	24	0.03590293489059066	1.14028024488655
v24CCCACCACCACCACAACACCACACCAAACACCACACACDEAABE	24	1.737905369331659	1.5380310305957015
v24CCCACCACCACCACACAACACACCACACAACACACACACAAAAE	24	1.0723000671830358	1.552355477269699
v24CCCACCACCACCACACACACCACACCAAACACACAACACDEAAE	24	1.7721208825448183	1.8853075527577188
v24CCCACCACCACCACACCACACCACACACACACACAAACAAADEE	24	1.850371707708594e-16	1.1578970730605331
v24CCCACCCACCACCACACCAACAACACCACACACCAAACAADEAE	24	2.13429575409055	2.2473051373440827
v24CCCACCCACCACCACACCACACACACACACAACAACACAAABAE	24	-7.109981603383457e-16	1.1242389338190533
v24CCCCACCACACACACACACACACACACACACACACACAACAAAE	24	0.7037558780668023	1.2954759695162148
v24CCCCACCACACACACACCAACACACACACCAACACACAACAAAE	24	1.297182443912857	1.6838285666135706
v24CCCCACCACACACACACCACAACACACACCACAACACAACAAAE	24	1.5387565513941774	1.6851823848986713
v24CCCCACCACACACACACCACACACACAACACACACACAACAAAE	24	1.6396532588327306	1.8280086255747703
v24CCCCACCACACACACACCACACACACAACCAACACACAACAAAE	24	1.7147081144402965	1.8221760221775556
v24CCCCACCACACACACACCACACACACAACCACAACACAACAAAE	24	1.6861393319828069	1.817345684275664
v24CCCCACCACACACACACCACACACACACACAACACACAACAAAE	24	0.3474487092341637	1.237152251006229
v24CCCCACCACACACACACCACACACACACACACAACACAACAAAE	24	0.45896729447547907	1.282462193993587
v24CCCCACCACACACACACCACACACACACACACACAACACAAABE	24	0.5906896250963226	1.2554296954700015
v24CCCCACCACACACACACCACACACACACACACACACAACAAAAE	24	0.517501891571011	1.2975866306718982
v24CCCCACCACACACACACCACACACACACACCAACACAACAADEE	24	0.6414924873295453	1.3418233077012496
v24CCCCACCACACACCACACACACAACCACACACACAACAACAAAE	24	0.9170169624303421	1.3727463954747496
v24CCCCACCACACACCACACACACAACCACACACACAACCAAABAE	24	0.2144603731766903	1.1629442391836569
v24CCCCACCACACACCACACACACACACACACAACACACAACAAAE	24	0.8989171163294375	1.4085296149675335
v24CCCCACCACACACCACACACACACACACACACAACACAACAAAE	24	0.3969459865277708	1.2532796708546727
v24CCCCACCACACACCACACACACACACACACACACAACAACAAAE	24	0.4342272068406913	1.2524655970663854
v24CCCCACCACACACCACACACACACACACACACACACAAACAAAE	24	0.4171096783649344	1.2222357124185206
v24CCCCACCACACACCACACACACACACACACACACACAACAAAAE	24	0.5398352720908258	1.2691234588603189
v24CCCCACCACACACCACACACACACACCAACACACACAACAAAAE	24	1.1012546077213035	1.4924751425458078
v24CCCCACCACACACCACACACACACACCAACACACACAACDEAAE	24	1.237543466389791	1.5950149956267872
v24CCCCACCACACACCACACACACACACCACAACACACAACAAAAE	24	0.4171151298776692	1.2518077768340365
v24CCCCACCACACACCACACCACACACACAACACACAACACAAABE	24	0.8505306391742344	1.3684563544813635
v24CCCCACCACACACCACACCACACACACAACACACACAACAAAAE	24	0.8596661591658884	1.4028996727319742
v24CCCCACCACACACCACACCACACACACAACACCAAACACAAABE	24	1.5405789509382848	1.8153495636151182
v24CCCCACCACACACCACACCACACACACAACACCAACAACAAABE	24	0.9126667670309038	1.3785718641466518
v24CCCCACCACACACCACACCACACACACAACACCAACACAAAABE	24	0.6192769586784668	1.2498542809170836
v24CCCCACCACACACCACACCACACACACACAACAACACAACAAAE	24	0.539340662281585	1.2948839979324263
v24CCCCACCACACACCACACCACACACACACAACACAACAACAAAE	24	1.1380537997905293	1.492018086071437
v24CCCCACCACACACCACACCACACACACACAACACAACACAAABE	24	0.9211724601906031	1.380925568579826
v24CCCCACCACACACCACACCACACACACACAACACACAACAAAAE	24	0.8963724099841204	1.4326356617301728
v24CCCCACCACACACCACACCACACACACACAACACACAACADEAE	24	0.6369680125461248	1.2955947097542215
v24CCCCACCACACACCACACCACACACACACAACCAACAACAAABE	24	1.1116891824362236	1.511349634169411
v24CCCCACCACACACCACACCACACACACACAACCACAACADAEAE	24	0.03933959367719483	1.133690632539803
v24CCCCACCACACACCACACCACACACACACACACAACACAAAABE	24	0.33962434141832865	1.199192284271016
v24CCCCACCACACACCACACCACACACACACACACAACACAAABAE	24	0.23191511555380884	1.238222860532843
v24CCCCACCACACACCACACCACACACACCAACACACAACAADBEE	24	0.4780793492108372	1.2192538614803663
v24CCCCACCACACCACACACACAACCACACACACAACACAACAAAE	24	-1.2052968944025127e-15	1.1453877989795953
v24CCCCACCACACCACACACACAACCACACACACAACCAACAADEE	24	-4.3424573848942103e-16	1.145387798979599
v24CCCCACCACACCACACACACACACACACACACAACACAACAAAE	24	0.34924609712600857	1.1805050198899596
v24CCCCACCACACCACACACACACACACACACACACAACAACAAAE	24	0.4713770569690412	1.2067326302411545
v24CCCCACCACACCACACACACACACACACACACACAACACAAABE	24	0.16011252184850006	1.1775531177214549
v24CCCCACCACACCACACACACACACACACACACACACAACAAAAE	24	0.5349098977563812	1.2237691443125072
v24CCCCACCACACCACACACACACACCAACACACACAACAACAAAE	24	0.3844327970305414	1.241193022419627
v24CCCCACCACACCACACACACACACCAACACACACAACCAAABAE	24	0.6270286360887742	1.2450786523270982
v24CCCCACCACACCACACACACACACCACAACACACAACCAAABAE	24	0.37714146054849884	1.2463972860584045
v24CCCCACCACACCACACACCACACACAACACACAACACAACAAAE	24	1.0660257763199805	1.4712684718606577
v24CCCCACCACACCACACACCACACACACAACACACAACACAAABE	24	0.7754997101435495	1.3200636095953948
v24CCCCACCACACCACACACCACACACACAACACACACAACAAAAE	24	0.41315854370494187	1.2014633513002348
v24CCCCACCACACCACACACCACACACACAACACCAACAACAAABE	24	0.7068353161112573	1.2949553898285349
v24CCCCACCACACCACACACCACACACACACAACAACACAACAAAE	24	0.441347968849061	1.2333120376665583
v24CCCCACCACACCACACACCACACACACACAACACAACAACAAAE	24	0.868307860590997	1.3734879480745448
v24CCCCACCACACCACACACCACACACACACAACACAACACAAABE	24	1.233824618185694	1.5978831107725513
v24CCCCACCACACCACACACCACACACACACAACACACAAACAAAE	24	0.45339048827953465	1.2520869427899215
v24CCCCACCACACCACACACCACACACACACAACACACAACAAAAE	24	0.7948648264470332	1.4283209506771857
v24CCCCACCACACCACACACCACACACACACAACCAAACACAAABE	24	1.2728786226115043	1.613396566565597
v24CCCCACCACACCACACACCACACACACACAACCAACACAAAABE	24	0.4219524974907764	1.2241734785374143
v24CCCCACCACACCACACACCACACACACACAACCAACACAADEBE	24	0.8185984116882551	1.3433361691412153
v24CCCCACCACACCACACACCACACACACACACACAACAAACAAAE	24	0.053979499355485835	1.2303889711676603
v24CCCCACCACACCACACACCACACACACACACACAACAACAAAAE	24	0.10563917940411593	1.1957895463933772
v24CCCCACCACACCACACACCACACACACACACACAACAACAAABE	24	0.2770161239689569	1.1947389911176804
v24CCCCACCACACCACACACCACACACACACACACAACACAAAABE	24	0.2514214630645891	1.1847876234766017
v24CCCCACCACACCACACACCACACACACACACACACAAACAAAAE	24	0.1976430206232408	1.2429223350250953
v24CCCCACCACACCACACACCACACACCAACACACAACAACAAAAE	24	0.33821919605492545	1.2266821616988806
v24CCCCACCACACCACACACCACACACCAACACACAACAACAAABE	24	0.4591620131144837	1.2371854796918094
v24CCCCACCACACCACACACCACACACCAACACACAACAACDEAAE	24	0.8474197750244432	1.377370677710083
v24CCCCACCACACCACACACCACACACCAACACACAACACADEABE	24	0.9400175267122062	1.381620366979551
v24CCCCACCACACCACCACACCACACACAACACAACACAACAAAAE	24	0.5726116164178002	1.237930877818282
v24CCCCACCACACCACCACACCACACACAACACAACACAACAADEE	24	1.4655618187893975	1.697522488686526
v24CCCCACCACACCACCACACCACACACAACACAACCAAACAADEE	24	1.4210899171159725	1.6758129608653594
v24CCCCACCACACCACCACACCACACACAACACAACCAACAAADEE	24	0.21961147804288994	1.1536213062703502
v24CCCCACCACACCACCACACCACACACAACACACACAAACAAAAE	24	0.5636422195448155	1.3134140846902314
v24CCCCACCACACCACCACACCACACACAACCAAACCAAACAADEE	24	1.6530118387586747	1.8395352501371165
v24CCCCACCACACCACCACACCACACACACACAACACAACAAADEE	24	1.7902521155522164	1.936896830570539
v24CCCCACCACCACACCACACACACAACACACACACACAACAAAAE	24	0.750597772528867	1.3237411543140412
v24CCCCACCACCACACCACACACACACACACAACACAACAACAAAE	24	1.4893053031801897	1.716214727804017
v24CCCCACCACCACACCACACACACACACACAACACAACACAAABE	24	1.0247862273278876	1.4324960582276176
v24CCCCACCACCACACCACACACACACACACAACACACAACAAAAE	24	0.8687635152316691	1.3618254189701728
v24CCCCACCACCACACCACACACACACACACACAACAACAACAAAE	24	0.7609954860142027	1.3081640386154465
v24CCCCACCACCACACCACACACACACACACACAACACAACAADEE	24	0.7882495399232761	1.335618845183084
v24CCCCACCACCACACCACACACACACACACCAACACACAAAABBE	24	1.627665781131288	1.8183651962388567
v24CCCCACCACCACACCACACACACACACACCACAACACAAAABAE	24	0.7003056498302501	1.3429967871233779
v24CCCCACCACCACACCACACACACCAACACACAACAACAACAAAE	24	0.9053232559410885	1.371040670071377
v24CCCCACCACCACACCACACACACCAACACACAACAACCAAABAE	24	1.0634833179965648	1.4521818126515764
v24CCCCACCACCACACCACACACACCAACACACACAAACCAAABAE	24	0.9358340862221792	1.3984269746975968
v24CCCCACCACCACACCACACACACCAACACCACAACACADBEABE	24	-6.176762406455518e-16	1.2527348448101747
v24CCCCACCACCACACCACACACACCAACACCACAACACADEABAE	24	1.1828009682733627	1.5440127110357325
v24CCCCACCACCACACCACACCAACACACACACAACAACAACAAAE	24	0.7492409570233802	1.2969064248187299
v24CCCCACCACCACACCACACCAACACACACACAACCAACAAADEE	24	0.4174315847304454	1.1924655464244567
v24CCCCACCACCACACCACACCACACACACACAAACCAAACAADEE	24	1.5242227698210447	1.7385311611804586
v252h7423d855cfebeb35	252	-2.3417294223920857e-14	-6.661063296668577
v25CCCACACACACACACACACACACACACACACACACACACACACAAE	25	2.521639045817836	0.3813652508688995
v25CCCACACACCAACACACCAACACACCAACACACCAACACACCAABE	25	0.7397652329124221	0.2692454038849434
v25CCCACACACCACACAACCACACAACCACACAACCACACAACCAABE	25	1.244592896897722	0.6228053612024946
v25CCCACACACCACACACACCACACACAACCACACACAACCAACADEE	25	0.4191000258727633	1.1489009468901834
v25CCCACACACCACACACACCACACACACACACACACACAACACAABE	25	0.5161923888447906	1.220312242270031
v25CCCACACCACACACACACACACACACACACACACACACAACACAAE	25	1.8889551387471015	0.8483369420395677
v25CCCACACCACACACACACACACACACACACACACACACACACADEE	25	1.8895359314346938	0.8780778513594907
v25CCCACACCACACACACCACACACAACCACACACAACACACACAAAE	25	0.6815136225794894	1.0519042955335622
v25CCCACACCACACACACCACACACAACCACACACAACCAACACAAAE	25	0.707238268759049	1.043405414031159
v25CCCACACCACACACACCACACACACACACACACAACACACACAAAE	25	1.5453305575363077	1.1014179299398053
v25CCCACACCACACACACCACACACACACACACACACAACACACAAAE	25	1.2743335231254678	1.1334020337972563
v25CCCACACCACACACACCACACACACACACACACACAACACACADEE	25	0.6435283017663855	1.1144115474014522
v25CCCACACCACACACACCACACACACACCACACACADECAACACAAE	25	0.7329123132596668	1.1270268844990545
v25CCCACACCACCACACAACACCACACAACACCACACAACAACACAAE	25	1.9838723729038907	1.0540023890620396
v25CCCACACCACCACACACACACCACAACACACACCACAACAACAABE	25	0.24762139909336664	1.229021119950727
v25CCCACCACACACACACACACACACACACACACACACACACACAAAE	25	1.4874238540426516	0.9154979066758058
v25CCCACCACACCACACACAACCACACACAACCACACACAACACAABE	25	0.3567186393212478	1.2097728364355675
v25CCCACCACACCACACACACACCACAACACACACCACAACACAAABE	25	-1.593976682857452e-15	1.2991219373697849
v25CCCACCACACCACACACACACCACACAACACACCACACAACAAABE	25	0.9084590685393608	1.413008596675809
v25CCCACCACACCACACACACACCACACACAACACACACACAACADEE	25	1.5364509603219634	1.5518650944992571
v25CCCACCACACCACACACACACCACACACAACACCACACACAAAABE	25	1.1488829699369059	1.5702379564402276
v25CCCACCACACCACACACACACCACACACAACACCACACACAAABAE	25	0.9860796483251397	1.4770495989761456
v25CCCACCACACCACACACACACCACACACACAACCACACAACAAABE	25	0.3527857793099279	1.2961847198807626
v25CCCACCACACCACACACACACCACACACACAACCACACACAAAABE	25	0.6142865475387119	1.3652679633954523
v25CCCACCACACCACACACACACCACACACACAACCACACACAAABAE	25	0.5921311075445027	1.2501970876975061
v25CCCACCACACCACACACACACCACACACACAACCACACACADEABE	25	0.8046339589287927	1.4289047268176154
v25CCCACCACACCACACACACACCACACACACAACCACACACADEBAE	25	0.5633618448266048	1.368868244779513
v25CCCACCACACCACACACACACCACACACACACACACACACAAABAE	25	0.12060827035284374	1.1584345991695124
v25CCCACCACACCACACACACACCACACACACACACCACACAADAEAE	25	1.1050556092001211	1.5802644132704298
v25CCCACCACACCACACACACACCACACACACACACCACACADABEAE	25	1.1350606223974145	1.591632661674856
v25CCCACCACACCACACCAACACCACACACAACACACACACAACADEE	25	1.2411787018833906	1.5343050335570545
v25CCCACCACACCACACCAACACCACACACAACACCACACACAAAABE	25	1.2693209413076558	1.572048983355389
v25CCCACCACACCACACCAACACCACACACAACACCACACACAAABAE	25	1.0002209339356587	1.503054811686677
v25CCCACCACACCACACCAACACCACACACCAACACACACAACDEABE	25	1.077818788325148	1.5752760827198
v25CCCACCACACCACACCAACACCACACACCAACACACACACAAAABE	25	1.3125694431759856	1.6325992027441638
v25CCCACCACACCACACCAACACCACACACCAACACACACACAAABAE	25	1.1241548363016103	1.5809014227177662
v25CCCACCACACCACACCAACACCACACACCAACACACACACADEABE	25	1.1907774630662566	1.586007249167648
v25CCCACCACACCACACCAACACCACACACCAACACCACACADABEAE	25	0.8108865249050238	1.4618697469130486
v25CCCACCACACCACACCAACACCACACACDEACCACACACAACADEE	25	1.1507122910258465	1.2084288218838413
v25CCCACCACACCACACCACACACCACACAACACAACCACACAADEAE	25	0.6784256376231389	1.4032631554679744
v25CCCACCACACCACACCACACACCACACACAAACACCACACADEAAE	25	1.6299850472152748	1.5983216322287555
v25CCCACCACACCACACCACACACCACACACAACAACCACACADAEAE	25	1.3797177763473585	1.7103879087588425
v25CCCACCACACCACACCACACACCACACACAACACACACACADEAAE	25	0.2537886171543037	1.1933552076419176
v25CCCACCACACCACACCACACACCACACACCADEACCACACAADBEE	25	1.3105947280017156	1.7069671308824685
v25CCCACCACACCACACCACACACCACACACCADEACCACACAADEAE	25	1.3968854689088301	1.7167265152509625
v25CCCACCACACCACACCACACACCACACACCADEACCACACADAEAE	25	1.6464088684954363	1.7136514957452
v25CCCACCACACCACACCACACACDEACCACACACAACCAACACAAAE	25	1.928346470398094	1.2069822850482976
v25CCCACCACCACCACACACAACACCACACACAACACACACACAABAE	25	1.5974072334424487	1.7563436286292333
v25CCCACCACCACCACACACACCACACCADEACACCACACACDEAABE	25	1.6936459797252041	1.634945555523785
v25CCCACCACCACCACACACACCACACCADEACACCACACACDEABAE	25	1.6544388591577546	1.6347581322204372
v25CCCACCACCACCACACCACACCAACCACACACACAADECACAAABE	25	0.4011806711663235	1.2240094866298141
v25CCCACCCACCACCACACACACACAACCACACACACACAAACADEAE	25	-1.480297366166875e-16	1.1527729591051257
v25CCCACCCACCACCACACCAACAACACCACACACCAAACACAAAABE	25	-3.076740298213703e-15	1.0840307665295317
v25CCCACCCACCACCACACCACACACCACACACACACAAAABCAAAAE	25	-1.2582527612418438e-15	1.1376266114425937
v25CCCACCCACCACCCACCAACCACACDECCAACAACAACADEBCAAE	25	None	2.076996229310271
v25CCCCACCACACACACACACACACACACACACACACACACAACAAAE	25	0.5183120391766876	1.2334461285308067
v25CCCCACCACACACACACCACACACACAACCACACACACAACAAAAE	25	0.0879510573995146	1.0824345367243255
v25CCCCACCACACACACACCACACACACACACACAACACACAACAAAE	25	0.8885391975281214	1.4532023027699446
v25CCCCACCACACACACACCACACACACACACACACAACACAACAAAE	25	1.0157821241087295	1.4773699996098206
v25CCCCACCACACACACACCACACACACACACACACACAACAACAAAE	25	0.6603263376708994	1.3647317689467102
v25CCCCACCACACACACACCACACACACACACACACACAACACAAABE	25	0.39976782604739564	1.2321213959690194
v25CCCCACCACACACACACCACACACACACACACACACACAAACAAAE	25	0.10121802129229691	1.269061317604106
v25CCCCACCACACACACACCACACACACACACACACACACAACAAAAE	25	0.4008522973674836	1.2619321527298801
v25CCCCACCACACACACACCACACACACACACCAACAACACAACAAAE	25	0.39507716579770435	1.1985027808026552
v25CCCCACCACACACACACCACACACACACACCAACACAACAACAAAE	25	0.8594614786235819	1.4360476330787437
v25CCCCACCACACACCACACACACAACCACACACACAACACAACAAAE	25	0.408954322590269	1.168521206444273
v25CCCCACCACACACCACACACACACACACACACAACACACAACAAAE	25	0.7487933117603959	1.355350884122305
v25CCCCACCACACACCACACACACACACACACACACAACACAACAAAE	25	0.06857165334514972	1.1358001445868207
v25CCCCACCACACACCACACACACACACACACACACACAACAACAAAE	25	0.24461765091649174	1.1636843929125142
v25CCCCACCACACACCACACACACACACACACACACACAACACAAABE	25	0.5198596247075334	1.2361628965733482
v25CCCCACCACACACCACACACACACACACACACACACACAAACAAAE	25	0.38748667075254617	1.2584690005675172
v25CCCCACCACACACCACACACACACACACACACACACACAACAAAAE	25	0.3941341803317846	1.2426960792987587
v25CCCCACCACACACCACACACACACACCAACACACACAACAACAAAE	25	0.6238152160943442	1.2918706108928115
v25CCCCACCACACACCACACACACACACCAACACACACAACCAAABAE	25	0.9140486847011313	1.345569746551944
v25CCCCACCACACACCACACACACACACCACAACACACAACACAAABE	25	0.9322332191633205	1.416800551924227
v25CCCCACCACACACCACACACACACACCACAACACACAACCAAABAE	25	0.7839276396812651	1.4084943038859512
v25CCCCACCACACACCACACCACACACACAACACAACACACAACAAAE	25	1.299905787830731	1.613367816040626
v25CCCCACCACACACCACACCACACACACAACACACAACACAACAAAE	25	0.6597661574655769	1.259891132608281
v25CCCCACCACACACCACACCACACACACAACACACACAACAACAAAE	25	0.4608406254777255	1.1894184375871395
v25CCCCACCACACACCACACCACACACACAACACCAACACACAAABBE	25	1.2513430556259106	1.5641056336547876
v25CCCCACCACACACCACACCACACACACAACACCACAACACAAABAE	25	0.6143646376658798	1.277831080531823
v25CCCCACCACACACCACACCACACACACACAACACACAACACAAABE	25	0.39146389813385585	1.2503428817475104
v25CCCCACCACACACCACACCACACACACACAACACACACAACAAAAE	25	0.5141605045948855	1.27439694731742
v25CCCCACCACACACCACACCACACACACACAACCAACACACAAABBE	25	0.9958402833617185	1.4538414194609648
v25CCCCACCACACACCACACCACACACACACAACCACAACACAAABAE	25	0.5919269724511917	1.264715330895759
v25CCCCACCACACACCACACCACACACACACACACAACACAAACAAAE	25	0.17697934151823908	1.1783786013645074
v25CCCCACCACACACCACACCACACACACACACACAACACAACAAAAE	25	0.4849627427482037	1.260586566589994
v25CCCCACCACACACCACACCACACACACACACACACAACAAACAAAE	25	0.21721119208999268	1.1632884772092484
v25CCCCACCACACACCACACCACACACACACACACACAACAACAAAAE	25	0.3985515391940961	1.26529799069188
v25CCCCACCACACACCACACCACACACACACACACACAACAACAAABE	25	0.713164225613638	1.3586892218719195
v25CCCCACCACACACCACACCACACACACACACACACAACACAAAABE	25	0.46194660313555	1.2191401471101757
v25CCCCACCACACACCACACCACACACACACACACACAACACAAABAE	25	0.35128324347559725	1.176799911111396
v25CCCCACCACACACCACACCACACACACACACACACACAAACAAAAE	25	0.08122357701995496	1.123586838833028
v25CCCCACCACACACCACACCACACACACCAACACACAACAACAAAAE	25	1.1144207132832684	1.5481501443084908
v25CCCCACCACACACCACACCACACACACCAACACACAACAACAAABE	25	1.1780330649187505	1.5415392244592168
v25CCCCACCACACACCACACCACACACACCAACACACAACACADEABE	25	1.1144485413055305	1.4910974766237621
v25CCCCACCACACACCACACCACACACACCAACACCACAACADABEAE	25	0.6685260911535076	1.2822960760938644
v25CCCCACCACACCACACACACACACACACACACACAACACAACAAAE	25	0.14596872720872087	1.1437100243715814
v25CCCCACCACACCACACACACACACACACACACACACAACAACAAAE	25	0.36302034203563593	1.1737282880845021
v25CCCCACCACACCACACACACACACACACACACACACAACACAAABE	25	0.7800371290004079	1.3423603233134098
v25CCCCACCACACCACACACACACACACACACACACACACAACAAAAE	25	0.5444239892979553	1.2145970476750505
v25CCCCACCACACCACACACACACACCAACACACACAACCAACAADEE	25	0.5852052380140225	1.3153226597436536
v25CCCCACCACACCACACACACACACCAACACACACACACAACAAAAE	25	0.9656414365578525	1.4251983146528957
v25CCCCACCACACCACACACACACACCACAACACACAACACAACAAAE	25	0.613600968041222	1.3198115221638385
v25CCCCACCACACCACACACACACACCACACACACACAACAAACAAAE	25	0.3676640438420628	1.2112997531022367
v25CCCCACCACACCACACACACACACCACACACACACAACAACAAAAE	25	0.36700288734169184	1.1861944014926795
v25CCCCACCACACCACACACACACACCACACACACACAACAACAAABE	25	0.15109607880084608	1.156053669644469
v25CCCCACCACACCACACACCACACACAACACACACACACAACAAAAE	25	1.088438153373668	1.4945975738357282
v25CCCCACCACACCACACACCACACACACAACACACAACACAACAAAE	25	0.6211867810672422	1.254377072627314
v25CCCCACCACACCACACACCACACACACAACACCAACACACAAABBE	25	0.7436761007693948	1.3007680187063466
v25CCCCACCACACCACACACCACACACACAACACCACAACACAAABAE	25	0.8113651558735833	1.3716925737956647
v25CCCCACCACACCACACACCACACACACACAACACACAACACAAABE	25	0.12523401169713974	1.2367411210279604
v25CCCCACCACACCACACACCACACACACACAACACACACAACAAAAE	25	0.6404243237618883	1.2918129301776464
v25CCCCACCACACCACACACCACACACACACAACCAACACAACAADEE	25	0.6303694407119217	1.2953217787123354
v25CCCCACCACACCACACACCACACACACACAACCAACACACAAABBE	25	0.929048535468937	1.3970487506307574
v25CCCCACCACACCACACACCACACACACACACACAACAACAACAAAE	25	0.2925494567344157	1.2131739790160416
v25CCCCACCACACCACACACCACACACACACACACAACACAAACAAAE	25	0.3435465063159691	1.2245529940024864
v25CCCCACCACACCACACACCACACACACACACACAACACAACAAAAE	25	0.11992905331743352	1.2119992150090666
v25CCCCACCACACCACACACCACACACACACACACAACACAACAADEE	25	0.3069743614969406	1.2137900231322372
v25CCCCACCACACCACACACCACACACACACACACACAACAACAAAAE	25	0.007352044243856752	1.256817009325889
v25CCCCACCACACCACACACCACACACACACACACACAACAACAAABE	25	0.3388815001971193	1.2854149978605187
v25CCCCACCACACCACACACCACACACACACACACACAACACAAAABE	25	0.3664438941739132	1.2494069248837079
v25CCCCACCACACCACACACCACACACACACACACACAACACAAABAE	25	0.42442880631935576	1.2115075939587456
v25CCCCACCACACCACACACCACACACACACACACCAAACACAAAABE	25	0.6328655055809149	1.3091833907784476
v25CCCCACCACACCACACACCACACACACACACACCAACAACAAAABE	25	0.4772620894311674	1.2576443650022793
v25CCCCACCACACCACACACCACACACCAACACACAACAACAACAAAE	25	0.9209606436837185	1.3790579559240896
v25CCCCACCACACCACACACCACACACCAACACACAACAACCAAABAE	25	0.33331043552382256	1.2092437952432233
v25CCCCACCACACCACACACCACACACCAACACACACAAACCAAABAE	25	0.4082525192855816	1.240409796659631
v25CCCCACCACACCACACACCACACACCAACACACACAACACAAAABE	25	0.12810943234418756	1.2241324486186709
v25CCCCACCACACCACACACCACACACCAACACACACAACACAAABAE	25	0.3436515342785046	1.1760368036058202
v25CCCCACCACACCACACACCACACACCAACACACACAACACDEAABE	25	0.6399395445770298	1.2820034959981357
v25CCCCACCACACCACACACCACACACCAACACACACACAACDEAAAE	25	0.9310594552941468	1.36730941754791
v25CCCCACCACACCACACACCACACACCAACACACCAAACACAAAABE	25	0.48731423824039316	1.2372791902578961
v25CCCCACCACACCACACACCACACACCAACACACCAACAACAAAABE	25	0.39164344646655647	1.2415971492741742
v25CCCCACCACACCACACACCACACACCAACACACCAACAADCAAAEE	25	0.29517048364391907	1.163164518223689
v25CCCCACCACACCACACACCACACACCACACACACAAACACAAAABE	25	0.35694381017410215	1.1953399838913232
v25CCCCACCACACCACACACCACACACCACACACACAACAACAAAABE	25	0.28988196112369746	1.1786774827263928
v25CCCCACCACACCACACACCACACACCACACACACCAAABACAAAAE	25	0.5140085936462064	1.200806705398454
v25CCCCACCACACCACCACACCACACACAACACAACAACACAACAAAE	25	1.4146888097964205	1.723562689894601
v25CCCCACCACACCACCACACCACACACAACACAACACAACAACAAAE	25	0.9345565463382763	1.3869940574533626
v25CCCCACCACACCACCACACCACACACAACACAACCAACACAADEBE	25	0.5932672829438284	1.2702475682128869
v25CCCCACCACACCACCACACCACACACAACACAACCACAACAADEAE	25	0.3128565500705104	1.1981066867721537
v25CCCCACCACACCACCACACCACACACAACCAAACCAACACAADEBE	25	0.7749319771200609	1.3259012690501473
v25CCCCACCACACCACCACACCACACACAACCAACACAACADECAAAE	25	1.0615975044808192	1.507008855503381
v25CCCCACCACACCACCACACCACACACAACCAACACACAACAADBEE	25	0.5883557909426886	1.242949654736421
v25CCCCACCACACCACCACACCACACACAACCACAACAACADECAAAE	25	1.3086833089309766	1.6436533542960237
v25CCCCACCACACCACCACACCACACACAACCACAACCAACADEDAEE	25	0.37781554362119024	1.2048732607932802
v25CCCCACCACACCACCACACCACACACACACAACACAACAAACAAAE	25	0.5951901181738886	1.2441971932110474
v25CCCCACCACACCACCACACCACACACACACAACACAACAACAAAAE	25	1.5101980203505134	1.729646748171997
v25CCCCACCACACCACCACACCACACACACACAACACACAAACAAAAE	25	1.3894593212792108	1.6703575796916306
v25CCCCACCACACCACCACACCACACACACACAACACACAAACADEAE	25	1.3978291474169886	1.6813068761196241
v25CCCCACCACCACACCACACACACAACACCACACACACAAACAAAAE	25	1.2246771070273468	1.5383595562179713
v25CCCCACCACCACACCACACACACACAACACACACACACAACAAAAE	25	0.6545485701020763	1.2577154997576263
v25CCCCACCACCACACCACACACACACAACCAACACACACAACAAAAE	25	0.9903375719981558	1.3901081134853992
v25CCCCACCACCACACCACACACACACAACCACACAACACAACAAAAE	25	0.6548340181097109	1.2499596987165216
v25CCCCACCACCACACCACACACACACAACCACACACAACAACAAAAE	25	0.8547001932017847	1.3327038215933893
v25CCCCACCACCACACCACACACACACACACAACACACAACACAAABE	25	0.8667562515201186	1.3458572408046605
v25CCCCACCACCACACCACACACACACACACAACACACACAACAAAAE	25	0.9408960683713916	1.3754044976197777
v25CCCCACCACCACACCACACACACACACACACAACACAACAACAAAE	25	0.8575438210445797	1.353255113551106
v25CCCCACCACCACACCACACACACACACACACAACACAACACAAABE	25	0.8039693262662978	1.3291292525939267
v25CCCCACCACCACACCACACACACACACACACACAACAACAACAAAE	25	0.6154235070945123	1.2857828549245462
v25CCCCACCACCACACCACACACACACACACACACAACACAAACAAAE	25	0.7234097508953843	1.3196739119706538
v25CCCCACCACCACACCACACACACACACACACACAACACAACAAAAE	25	0.21356208203292562	1.196029025668983
v25CCCCACCACCACACCACACACACACACACACACACAACAACAAAAE	25	0.5095909138495536	1.252518132580537
v25CCCCACCACCACACCACACACACACACACACACACACAAACAAAAE	25	0.6148595702996971	1.2741535092128367
v25CCCCACCACCACACCACACACACACACACCAACACACAAACADEAE	25	0.7695353925739699	1.319555244530779
v25CCCCACCACCACACCACACACACACACACCAACACACAACAADEAE	25	0.725144812789779	1.299333964052116
v25CCCCACCACCACACCACACACACCAACACACACAACACCAAABABE	25	0.9469973020235587	1.445812689055622
v25CCCCACCACCACACCACACCAACCACACACAACACAACAAACAAAE	25	0.5588479797121076	1.2226159054435477
v25CCCCACCACCACACCACACCAACCACACACACAACCAACAAADAEE	25	0.4792286301085868	1.1988090945629444
v25CCCCACCACCACACCACACCACACACACACAACACAACAACAAAAE	25	1.3861255729790383	1.660735157812938
v26CCACCCACCACACCACCACACCACACACCABACCACABABCACABABE	26	1.5869283844656892	1.8316368749898362
v26CCCACACACCAACACACCAACACACCAACACACCAACACACCAACAAE	26	2.461918834681547	0.27415258904831047
v26CCCACACACCACACACACCACACACAACCACACACAACACACACAAAE	26	1.1401830820103556	1.0537025522479426
v26CCCACACACCACACACACCACACACACACACACACAACACACACAAAE	26	1.3718367095966424	1.0993676356961053
v26CCCACACACCACACACACCACACACACACACACACACAACACACAAAE	26	1.2989879346853428	1.1191839827101333
v26CCCACACACCACACACACCACACACACACCACACACACAAACACAABE	26	0.8288678462098611	1.167388371634038
v26CCCACACCACACAACCACACAACCACACAACCACACAACCACACAAAE	26	1.244592896897721	0.5631871778304579
v26CCCACACCACACACACACACACACACACACACACACACACACACAABE	26	1.53366247790116	0.7987524844659181
v26CCCACACCACACACACCACACACAACCACACACAACACACACAACAAE	26	0.6839936992041482	0.8914300438079498
v26CCCACACCACACACACCACACACAACCACACACAACCACACACAAAAE	26	0.6616810895492643	0.9687719318567117
v26CCCACACCACACACACCACACACACACACACACAACACACACAACAAE	26	0.9720054797081394	0.9652594612745229
v26CCCACACCACACACACCACACACACACACACACACAACACACACAABE	26	0.6441990359574739	1.029872397019475
v26CCCACACCACACACACCACACACACACACACACACACACACACAAAAE	26	1.3083732624269633	1.0766741982966617
v26CCCACACCACACACACCACACACACACACACACACACACACACAADEE	26	1.2718104109320487	1.070496109309831
v26CCCACACCACACACACCACACACACACACACACACACACACACADEAE	26	1.5295857186783248	1.0650942017523524
v26CCCACACCACACACACCACACACACACCAACACACACACCAABACAAE	26	0.7837339932460383	1.0064973689806245
v26CCCACACCACACACACCACACACACACCACACACACAAACACACADEE	26	0.7486970001519986	1.0735216246195256
v26CCCACACCACACACACCACACACACACCACACACACAACAACACAAAE	26	0.8551829011800902	1.108670687720154
v26CCCACACCACACACACCACACACACACCACACACADECACACACAAAE	26	0.3626102400099298	1.0549954565793225
v26CCCACACCACCACACAACACCACACAACACCACACAACACACACAABE	26	1.5321406222527396	0.940569640905337
v26CCCACCACACCACACACAACCACACACAACCACACACAACACAACAAE	26	0.34771829172442054	1.1947127515461011
v26CCCACCACACCACACACACACCACACACAACACACACACAACACAABE	26	1.2425487873875944	1.3001476948110156
v26CCCACCACACCACACACACACCACACACAACACCACACACAAACADEE	26	0.8282513873868507	1.4034463894539833
v26CCCACCACACCACACACACACCACACACAACACCACACACAACAADEE	26	1.4453761949030182	1.4599416117891417
v26CCCACCACACCACACACACACCACACACACAACCACACAACAAACAAE	26	0.32900735275409265	1.2767348525353905
v26CCCACCACACCACACACACACCACACACACAACCACACACAAACADEE	26	0.7091056081743562	1.3657704976868976
v26CCCACCACACCACACACACACCACACACACAACCACACACACAAADEE	26	0.17463938128538953	1.251041421171662
v26CCCACCACACCACACACACACCACACACACAACCACACACACAABABE	26	0.5950768305420555	1.3627847398662183
v26CCCACCACACCACACACACACCACACACACAACCACACACACAABBAE	26	0.5111618206212917	1.335842052716915
v26CCCACCACACCACACACACACCACACACACAACCACACACADECADEE	26	0.656151865967977	1.3992521761203534
v26CCCACCACACCACACACACACCACACACACACACACACACAAACADEE	26	0.5437946156359067	1.277385909064791
v26CCCACCACACCACACACACACCACACACACACACCACACAACAAAABE	26	1.0201117456137139	1.4972199817253522
v26CCCACCACACCACACACACACCACACACACACACCACACAACADEABE	26	0.2659453580520626	1.3008239810737097
v26CCCACCACACCACACACACACCACACACACACACCACACACAAAABAE	26	0.7592247418269462	1.344763481596917
v26CCCACCACACCACACACACACCACACACACACACCACACACAADEABE	26	0.6031851041180015	1.3724266538551748
v26CCCACCACACCACACACACACCACACACACACACCACACACAADEBAE	26	0.41479357818651746	1.193072972437702
v26CCCACCACACCACACACACACCACACACACACACCACACACADAEABE	26	1.2103634241266976	1.5580626917303118
v26CCCACCACACCACACACACACCACACACACACACCACACACADEAABE	26	1.13261691629222	1.5413620441593778
v26CCCACCACACCACACACACACCACACACACACACCACACACADEABAE	26	1.0266196401437329	1.4629190580569933
v26CCCACCACACCACACCAACACCACACACAACACACACACAACACAABE	26	1.2363974420658024	1.2694346259422276
v26CCCACCACACCACACCAACACCACACACAACACCACACACAAACADEE	26	0.9713451646774767	1.4179338061666125
v26CCCACCACACCACACCAACACCACACACAACACCACACACAACAADEE	26	1.277867442935802	1.4617489437214002
v26CCCACCACACCACACCAACACCACACACCAACACACACAACCAABABE	26	1.0626232398629565	1.5071672655312418
v26CCCACCACACCACACCAACACCACACACCAACACACACAACDEACAAE	26	1.1517715111966629	1.3319828495930919
v26CCCACCACACCACACCAACACCACACACCAACACACACACAAACADEE	26	1.2269653793240636	1.5148639173944474
v26CCCACCACACCACACCAACACCACACACCAACACACACACACAAADEE	26	1.3759630108800616	1.5228985452866275
v26CCCACCACACCACACCAACACCACACACCAACACACACACACAABABE	26	0.9229003609992381	1.5092013525981742
v26CCCACCACACCACACCAACACCACACACCAACACACACACACDEADEE	26	0.9987397645244024	1.507045879164545
v26CCCACCACACCACACCAACACCACACACCAACACCACACACAAAABAE	26	1.0337055182514965	1.5105188931015723
v26CCCACCACACCACACCAACACCACACACCAACACCACACACADBEABE	26	0.45491976839860415	1.3008657876312413
v26CCCACCACACCACACCAACACCACACACCAACACCACACACADBEBAE	26	0.6137692667762993	1.3832133978190457
v26CCCACCACACCACACCAACACCACACACDEACCACACACAACACAABE	26	0.8400295228436538	1.1440445518835833
v26CCCACCACACCACACCACACAACACACCACACAACACACCAACAADEE	26	0.7497408686258691	1.316661859696278
v26CCCACCACACCACACCACACAACACACCACACAACACACCACAAADEE	26	1.586418109760301	1.2796103183772165
v26CCCACCACACCACACCACACACCACACAACACAACCACACAACAAABE	26	0.43506069348802384	1.2996580011161736
v26CCCACCACACCACACCACACACCACACAACACACACCACACAADAEAE	26	1.1163805843628516	1.5912985030927553
v26CCCACCACACCACACCACACACCACACACAACAACCACACACAAAABE	26	1.3170781470252597	1.612109969113197
v26CCCACCACACCACACCACACACCACACACAACAACCACACACAAABAE	26	0.9369595468594617	1.419882721567455
v26CCCACCACACCACACCACACACCACACACAACACACACACACAAAABE	26	0.8861183331379778	1.461607996542062
v26CCCACCACACCACACCACACACCACACACAACACACACACACAAABAE	26	1.4081599915192793	1.702419183322818
v26CCCACCACACCACACCACACACCACACACACAACACACACACAAAABE	26	0.9780957714927191	1.4409190993783434
v26CCCACCACACCACACCACACACCACACACACAACACACACACAAABAE	26	1.03482180308457	1.426241231029939
v26CCCACCACACCACACCACACACCACACACACAACACACACACADEABE	26	0.6839857454541736	1.2944761233222633
v26CCCACCACACCACACCACACACCACACACACAACACCACACADABEAE	26	0.7964228440656338	1.331298178623361
v26CCCACCACACCACACCACACACCACACACACACAACCACACADABEAE	26	1.3810227105151545	1.7162331597065246
v26CCCACCACACCACACCACACACCACACACCAAACACACACAACDEABE	26	1.7376382463565399	1.6529627722745355
v26CCCACCACACCACACCACACACCACACACCAAACACACACACADEABE	26	0.8828807699411853	1.3563625277770146
v26CCCACCACACCACACCACACACCACACACCAAACACCACACADABEAE	26	1.5707181665007206	1.6866324814737057
v26CCCACCACACCACACCACACACCACACACCADEACCACACAACDEABE	26	1.260240900704925	1.4973992782997119
v26CCCACCACACCACACCACACACCACACACCADEACCACACACADEABE	26	0.9714253156217298	1.4797638307707692
v26CCCACCACACCACACCACACACCACACACCADEACCACACACADEBAE	26	1.226322572836856	1.5999562357811516
v26CCCACCACACCACACCACACACDEACCACACACAACCACACACAAAAE	26	1.667024556536738	1.1241692635209368
v26CCCACCACCACACACAACCACACACAACCACACACAACCAACACAAAE	26	0.8379510811067565	1.1360929494938876
v26CCCACCACCACCACAACACCACACCACAACACCACAACCAAACAAAAE	26	1.3873068133699529	1.4956143749739965
v26CCCACCACCACCACAACACCACACCACAACACCACAACCAAACAADEE	26	0.449496588230408	1.22525050744846
v26CCCACCACCACCACAACACCACACCACAACACCACACACAAACAADEE	26	1.6439210089285974	1.5139366489639663
v26CCCACCACCACCACACACAACACCACACACAACACACACACAACADEE	26	1.5491269770967637	1.515853318975194
v26CCCACCACCACCACACACAACACCACACACAACACCACACACAAAABE	26	1.153413747042682	1.5997496420111426
v26CCCACCACCACCACACACAACACCACACACAACACCACACACAAABAE	26	1.0290955180065557	1.4936052309350698
v26CCCACCACCACCACACACACCACACCAAACACACCACACACDEAAABE	26	1.1671733194910017	1.6151021947532345
v26CCCACCCACCACCACACACCAACCAACCACACACACAACAAACADEAE	26	0.0	1.1476027091554808
v26CCCACCCACCACCACACACCACACACACACACACACDEACACADEAAE	26	0.914806832754828	1.394875502594725
v26CCCACCCACCACCACACACCACACCAACCACACAACACACADEABABE	26	-8.765688730803423e-16	1.166828046840141
v26CCCACCCACCACCACACCAACACACACACAACCAACACACACAABDEE	26	0.4733140142970761	1.2249520223698769
v26CCCACCCACCACCACACCAACACACACCACAACCAACAACAADECAAE	26	-6.29126380620922e-16	1.139979370500566
v26CCCACCCACCACCACACCAACACCACAACACACCAABACCACAABABE	26	-6.283185307179586	1.1779488948504973
v26CCCACCCACCACCACACCACACACCACACACACACAAACAACAAAABE	26	-5.181040781584064e-15	1.1510723511045449
v26CCCACCCACCACCCACCACCAACCAACAACCDECDECACAACAABDEE	26	None	2.032476349046292
v26CCCACCCACCACCCACCACCACCDECCACAACCDECDEDECDEDBEBE	26	None	2.032476373728335
v26CCCCACCACACACCACACACACAACCACACACACAACACACAACAAAE	26	-9.020860900237567e-16	1.1889323650476222
v26CCCCACCACCACACCACACACACCACAACCACACAACACCADEABABE	26	-5.921189464667503e-16	1.1678550980157232
v26CCCCACCACCACACCACACCAACAACACCACACACCAAACACAAAABE	26	0.0	1.0740276092529526
v272h8fe0695beee1f230	272	0.412603401677081	-9.421341153809719
v27CCCACACACACACACACACACACACACACACACACACACACACACACAAE	27	2.5253520732199117	0.27259423731844196
v27CCCACACACCACACACACACACACACACACACACACACACACACACAAAE	27	1.6923802161926098	0.7662974484188636
v27CCCACACACCACACACACCACACACAACCACACACAACCACACACAAAAE	27	1.4661652532913518	0.9715716805971877
v27CCCACACACCACACACACCACACACACACACACACACACACACACADEAE	27	1.3819462990419376	1.0539340582213226
v27CCCACACACCACACACACCACACACACACCACACACACAACACACAABAE	27	0.7501633401717797	1.08443716147642
v27CCCACACACCACACACACCACACACACACCACACACACACAACACAABAE	27	0.40326088913325975	1.100019293330444
v27CCCACACACCACACACACCACACACACACCACACACADECACACACAAAE	27	0.8692123484771616	1.051951792895706
v27CCCACACCACACAACCACACAACCACACAACCACACAACCACACAACAAE	27	1.244592896897721	0.4018593381858333
v27CCCACACCACACACACACACACACACACACACACACACACACACAACAAE	27	1.4890930002047607	0.6952450359769837
v27CCCACACCACACACACCACACACAACCACACACAACACACACAACACAAE	27	0.6825935197796525	0.8083886758466486
v27CCCACACCACACACACCACACACAACCACACACAACCACACACAAACAAE	27	0.6651449643390258	0.8739367141577666
v27CCCACACCACACACACCACACACAACCACACACAACCACACACAACAAAE	27	0.70419565444606	0.8941041967479079
v27CCCACACCACACACACCACACACAACCACACACAACCACACACAACAABE	27	0.6891117809558843	0.8713534534813692
v27CCCACACCACACACACCACACACACACACACACAACACACACAACACAAE	27	1.57185440255016	0.8497731795370478
v27CCCACACCACACACACCACACACACACACACACACACACACACAACAAAE	27	0.5231750298740943	0.9960491936187396
v27CCCACACCACACACACCACACACACACACACACACACACACACAACAABE	27	1.2236800313924268	0.98121102452694
v27CCCACACCACACACACCACACACACACACACACACACACACACACAAABE	27	0.9953143987111409	0.9990022716077905
v27CCCACACCACACACACCACACACACACACACACACACACACACACAABAE	27	1.2692211940730822	0.9903898475972571
v27CCCACACCACACACACCACACACACACCACACACACAACACACACAAAAE	27	0.8498688651500567	1.032907986585589
v27CCCACACCACACACACCACACACACACCACACACACAACACACACADEAE	27	0.5617137781463187	1.0294067738701038
v27CCCACACCACACACACCACACACACACCACACACACAACCAACACAAAAE	27	0.9253824099165998	1.0238138169441469
v27CCCACACCACACACACCACACACACACCACACACACAACCAACACAAABE	27	1.2997103414793634	1.034018505804362
v27CCCACACCACACACACCACACACACACCACACACACACAACACACAAAAE	27	1.21520296233088	1.0436242265901152
v27CCCACACCACACACACCACACACACACCACACACACACAACACACAADEE	27	1.1504031677687456	1.0385263536968299
v27CCCACACCACACACACCACACACACACCACACACADECACACACAACAAE	27	0.5035673410924217	0.9281347590908711
v27CCCACACCACCACACAACACCACACAACACCACACAACACACACAACAAE	27	1.4924695449182486	0.7165508634700632
v27CCCACACCACCACACACAACCACACACAACCACACACAACACACACAAAE	27	1.160137555025314	1.1152506577054353
v27CCCACACCACCACACACCACAACACACACCACAACACACACCACAABABE	27	-6.283185307179586	1.0702975190356145
v27CCCACCACACACACCACACACAACCACACACAACCACACACAACAACAAE	27	0.8387810370316625	0.8840702111186893
v27CCCACCACACCACACACAACCACACACAACCACACACAACCAACACAABE	27	0.28149039978038737	1.0913083374066765
v27CCCACCACACCACACACAACCACACACAACCACACACAACCACAACAAAE	27	0.34661558208754584	1.0864101697322521
v27CCCACCACACCACACACAACCACACACAACCACACACAACCACAACAABE	27	0.3141654560075597	1.0843348675033995
v27CCCACCACACCACACACACACCACACAACACACCACACAACAACACAAAE	27	0.9642554790636757	1.0909774439183901
v27CCCACCACACCACACACACACCACACACAACACACACACAACACAACAAE	27	1.670639595506562	1.3080558361185233
v27CCCACCACACCACACACACACCACACACAACACCAACACAACACAACAAE	27	1.2740789836933644	1.2632930007688747
v27CCCACCACACCACACACACACCACACACAACACCACACACAAACACAABE	27	0.8506292448088956	1.2670700831471735
v27CCCACCACACCACACACACACCACACACAACACCACACACAACAACAABE	27	1.4125887040341996	1.3514658198790002
v27CCCACCACACCACACACACACCACACACAACACCACACACAACACADEAE	27	1.024835047833288	1.3347209082166511
v27CCCACCACACCACACACACACCACACACACAACCACACAACAACACAAAE	27	0.3361631729066585	1.253993651836597
v27CCCACCACACCACACACACACCACACACACAACCACACACAAACACAABE	27	0.5830713305719911	1.3034286506637431
v27CCCACCACACCACACACACACCACACACACAACCACACACACAABCADEE	27	0.592408372249403	1.3556050347142623
v27CCCACCACACCACACACACACCACACACACAACCACACACACAACADEAE	27	0.3800405269921348	1.2966874953289065
v27CCCACCACACCACACACACACCACACACACAACCACACACADECACAABE	27	0.679982812219774	1.3069539593900799
v27CCCACCACACCACACACACACCACACACACACACACACACAAACACAABE	27	0.569816482995413	1.342317836035076
v27CCCACCACACCACACACACACCACACACACACACACACACAACACADEAE	27	0.3375752398105417	1.1970827867109493
v27CCCACCACACCACACACACACCACACACACACACACACACACAACADEAE	27	1.0433864980193843	1.4430665802055624
v27CCCACCACACCACACACACACCACACACACACACCACACAACACAABABE	27	0.6773551723199774	1.4101645348983063
v27CCCACCACACCACACACACACCACACACACACACCACACAACADEACAAE	27	0.26243904310639027	1.2776958118296629
v27CCCACCACACCACACACACACCACACACACACACCACACACAAACAADEE	27	0.5518789770386662	1.2737467542541472
v27CCCACCACACCACACACACACCACACACACACACCACACACAACAAADEE	27	0.48070558686416504	1.2122852775193684
v27CCCACCACACCACACACACACCACACACACACACCACACACAACAABBAE	27	0.17301852323854724	1.1555393156634797
v27CCCACCACACCACACACACACCACACACACACACCACACACAADECADEE	27	0.743427419431961	1.342707677823431
v27CCCACCACACCACACACACACCACACACACACACCACACACACAAABABE	27	0.6361705397861036	1.3424457578633862
v27CCCACCACACCACACACACACCACACACACACACCACACACACAAABBAE	27	1.1826698864795164	1.4805650255295393
v27CCCACCACACCACACACACACCACACACACACACCACACACACAABABAE	27	0.47947426520784847	1.2218117208164345
v27CCCACCACACCACACACACACCACACACACACACCACACACACADEADEE	27	0.14620799849644447	1.2671044416678594
v27CCCACCACACCACACACACACCACACACACACACCACACACACADEBABE	27	0.8530811745745551	1.4641925880132112
v27CCCACCACACCACACACACACCACACACACACACCACACACADEACADEE	27	0.8440109584380151	1.4331703028587235
v27CCCACCACACCACACCAACACCAACACCAACACCAACACCAACACDEABE	27	1.2309594173407736	1.091264245951804
v27CCCACCACACCACACCAACACCACACACAACACCACACACAAACACAABE	27	0.9960111108304843	1.2349971782937228
v27CCCACCACACCACACCAACACCACACACAACACCACACACAACAACAABE	27	1.2400131432598296	1.3452484706381194
v27CCCACCACACCACACCAACACCACACACAACACCACACACAACACADEAE	27	1.3847890547917274	1.3366643036298873
v27CCCACCACACCACACCAACACCACACACCAACACACACAACCAABACAAE	27	1.1259695258869482	1.4109865977596174
v27CCCACCACACCACACCAACACCACACACCAACACACACACAAACACAABE	27	1.252942862736883	1.3178283934682473
v27CCCACCACACCACACCAACACCACACACCAACACACACACACAACADEAE	27	0.5869872203105649	1.3391929575321813
v27CCCACCACACCACACCAACACCACACACCAACACACACACACCAABADEE	27	0.9599248857136865	1.4277739840648618
v27CCCACCACACCACACCAACACCACACACCAACACACACACACDEACAABE	27	1.016392764649825	1.404995293424983
v27CCCACCACACCACACCAACACCACACACCAACACCACACACAAACAADEE	27	1.2777852857139287	1.4359319338844165
v27CCCACCACACCACACCAACACCACACACCAACACCACACACACAAABABE	27	0.5917070553404605	1.309851111596691
v27CCCACCACACCACACCAACACCACACACCAACACCACACACACAABABAE	27	1.0064642227347629	1.452869411680252
v27CCCACCACACCACACCAACACCACACACCAACACCACACACACDEAADEE	27	0.731326388304746	1.424779539619076
v27CCCACCACACCACACCAACACCACACACCAACACCACACACACDEABABE	27	0.6741590482325933	1.3999087031157262
v27CCCACCACACCACACCAACACCACACACCAACACCACACACADBECADEE	27	0.4979679870572036	1.350275365978575
v27CCCACCACACCACACCACACAACACACCACACAACACACCACACAADEAE	27	1.5017494484314067	1.2139339911989147
v27CCCACCACACCACACCACACAACACACCACACAACACACCACACAADEBE	27	1.2293268499758947	1.216640643320502
v27CCCACCACACCACACCACACACACACACCAACACACACACACAACADEAE	27	0.17138636465158388	1.2274022843758798
v27CCCACCACACCACACCACACACCACACAACACAACCACACAACAAACAAE	27	0.2815961127196332	1.3013248032124674
v27CCCACCACACCACACCACACACCACACAACACACACCACACAACAAAABE	27	0.992981442695476	1.4867620349252415
v27CCCACCACACCACACCACACACCACACAACACACACCACACAACADEABE	27	0.30419340715583687	1.3070786470287539
v27CCCACCACACCACACCACACACCACACACAACAACCACACACAAACADEE	27	1.155497798337978	1.5252949271489016
v27CCCACCACACCACACCACACACCACACACAACACACACACACAAACADEE	27	1.0618393376938922	1.539201386095149
v27CCCACCACACCACACCACACACCACACACAACACACCACACACAAAABAE	27	1.0346201808021014	1.4092231172562382
v27CCCACCACACCACACCACACACCACACACAACACACCACACACAADEABE	27	1.2096678214141692	1.6047173271388206
v27CCCACCACACCACACCACACACCACACACAACACACCACACACAADEBAE	27	0.9684894551403195	1.4609398863580896
v27CCCACCACACCACACCACACACCACACACACAACACACACACAAACADEE	27	1.2753007508049408	1.571772610961389
v27CCCACCACACCACACCACACACCACACACACAACACACACACACAABABE	27	0.4188046289937043	1.2021671501262587
v27CCCACCACACCACACCACACACCACACACACAACACCACACACAAAABAE	27	0.7838239217297264	1.3388867671123943
v27CCCACCACACCACACCACACACCACACACACAACACCACACACADAEABE	27	0.7982339917845993	1.3321792889703103
v27CCCACCACACCACACCACACACCACACACACAACACCACACACADEAABE	27	0.8082141355291562	1.3530110796656218
v27CCCACCACACCACACCACACACCACACACACAACACCACACACADEABAE	27	0.63048663065197	1.2641214949200381
v27CCCACCACACCACACCACACACCACACACACACAACACACAACACAAABE	27	-1.716449125295338e-15	1.2401943360088978
v27CCCACCACACCACACCACACACCACACACACACAACCACACACAAAABAE	27	0.9455996004643696	1.4179836866663404
v27CCCACCACACCACACCACACACCACACACACACAACCACACACAADEABE	27	0.48605171214349907	1.2611896446194968
v27CCCACCACACCACACCACACACCACACACACACACACACACACAAAABAE	27	1.1727565728033338	1.5191253969850051
v27CCCACCACACCACACCACACACCACACACACACACACACACACADEAABE	27	0.9012813855646039	1.4600223224854327
v27CCCACCACACCACACCACACACCACACACACACACACACACACADEABAE	27	1.2413846143308136	1.5585882650808451
v27CCCACCACACCACACCACACACCACACACACACACACCACACADABAEAE	27	1.3468714910030815	1.6643789548968384
v27CCCACCACACCACACCACACACCACACACCAAACACACACAACDEACAAE	27	1.6048201492534617	1.3400919248042444
v27CCCACCACACCACACCACACACCACACACCAAACACACACACACDEADEE	27	1.429764325252449	1.5582072289334907
v27CCCACCACACCACACCACACACCACACACCAAACACCACACACADBEABE	27	0.3052606361256811	1.183365504303628
v27CCCACCACACCACACCACACACCACACACCAAACACCACACACADBEBAE	27	1.4361805442656022	1.5834723794903351
v27CCCACCACACCACACCACACACCACACACCAACACACACACACAAAABAE	27	1.0405981967152542	1.4640818202728105
v27CCCACCACACCACACCACACACCACACACCAACACACACACACADBEABE	27	0.5802331336751149	1.3081667420487184
v27CCCACCACACCACACCACACACCACACACCAACACACACACACADEAABE	27	0.5706532021518554	1.2374788072673997
v27CCCACCACACCACACCACACACCACACACCAACACACACACACADEABAE	27	0.7881534414692565	1.3310390729930603
v27CCCACCACACCACACCACACACCACACACCAACACACCACACAADBAEAE	27	0.9508122546099418	1.4155204203103129
v27CCCACCACACCACACCACACACCACACACCAACACACCACACAADDEEAE	27	0.30616690789789996	1.1664600490677912
v27CCCACCACACCACACCACACACCACACACCAACACACCACACADABAEAE	27	1.1976847853658588	1.5588055125559146
v27CCCACCACACCACACCACACACCACACACCAACACACCACACADABBEAE	27	0.9384275400572193	1.4437589683906702
v27CCCACCACACCACACCACACACCACACACCADEACCACACAACDEACAAE	27	1.2774900973669154	1.2281685560140625
v27CCCACCACACCACACCACACACCACACACCADEACCACACACACDEADEE	27	1.3401941361387575	1.4933096502827226
v27CCCACCACACCACACCACACACCACACACCADEACCACACACADECADEE	27	0.9102573096164986	1.3837104589089764
v27CCCACCACACCACACCACACACDEACCACACACAACCACACACAAACAAE	27	1.8819259133704977	1.0134193819015227
v27CCCACCACCACACAACACCACACAACACCACACAACACCACACAACADEE	27	1.5318871837367634	0.8563781941925139
v27CCCACCACCACACACAACCACACACAACCACACACAACCACACACAAAAE	27	0.836573568491369	1.0561555527664443
v27CCCACCACCACACACACACACACACACACACACACACACACACACAADEE	27	1.2466326281215785	1.2375407594283057
v27CCCACCACCACCACAACACCACACCACAACACCACAACCAAACAACAABE	27	0.7027927897878183	1.3458306484967142
v27CCCACCACCACCACAACACCACACCACAACACCACAACCACAACAADEBE	27	0.2878735148336184	1.1828056429706897
v27CCCACCACCACCACAACACCACACCACAACACCACACACAAACAACAABE	27	1.0925940405967618	1.3953930755804675
v27CCCACCACCACCACAACACCACACCACAACACCACACACCAAACAADAEE	27	1.375583719016075	1.4182505940289936
v27CCCACCACCACCACAACACCACACCACAACACCACACACCAAACAADEAE	27	1.6370736135207644	1.4160137086547364
v27CCCACCACCACCACACAACCACACCACACAACCAAACCACACAACDEABE	27	0.8153012235304149	1.434509794268788
v27CCCACCACCACCACACACAACACCACACACAACACCACACACAAACADEE	27	0.8604245133997984	1.3993831379583737
v27CCCACCACCACCACACACAACACCACACACAACACCACACACAACAADEE	27	1.5345092860989782	1.5121141681652106
v27CCCACCACCACCACACACACACACCACACACAACAACCACACACAAAABE	27	1.3491667236702527	1.658877218862707
v27CCCACCACCACCACACACACACACCACACACAACAACCACACACAAABAE	27	0.8770173004398243	1.4193194925079078
v27CCCACCACCACCACACACACACACCACACACAACACACACACACAAABAE	27	0.6684395505327284	1.3208759776488266
v27CCCACCACCACCACACACACACACCACACACACAAACCACACACADEABE	27	0.44249363795055296	1.2570046043364216
v27CCCACCACCACCACACACACACACCACACACACAAACCACACACADEBAE	27	1.0892320810748126	1.4466002940064624
v27CCCACCACCACCACACACACACACCACACACACAACACACACACAAABAE	27	0.153636678389741	1.1499119576241625
v27CCCACCACCACCACACACACCACACCAAACACACCACACACDEAACADEE	27	0.8727666977119468	1.4063430102813523
v27CCCACCACCACCACACACACCACACCAACAACACCACACACCAAAABABE	27	0.38292974144339914	1.191267767819939
v27CCCACCACCACCACACACACCACACCAACAACACCACACACCAAAABBAE	27	0.9027644026217028	1.370031067242644
v27CCCACCACCACCACACACACCACACCAACAACACCACACACCAAABAABE	27	0.8596377604333092	1.3468960905269474
v27CCCACCACCACCACACACACCACACCAACACAACCACACACCAAAABBAE	27	0.777023533124215	1.3644359361728493
v27CCCACCACCACCACACACACCACACCACAAACACCACACACADEACADEE	27	1.024927617233338	1.4150454426424466
v27CCCACCACCACCACACACACCACACCACAAACACCACACACCADEABABE	27	0.8856561833035221	1.4467321853121249
v27CCCACCACCACCACACACACCACACCACAAACACCACACACCADEABBAE	27	0.9717767938616314	1.4773392531699754
v27CCCACCACCACCACACACACCACACCACAACAACCACACACCAAAABABE	27	1.4009277443456658	1.7012933294443235
v27CCCACCACCACCACACACACCACACCACAACAACCACACACCAAAABBAE	27	0.8948072776589175	1.4181377879474273
v27CCCACCACCACCACACACACCACACCACACAAACCACACACCAADEBABE	27	1.489889459629631	1.6774735976220585
v27CCCACCACCACCACACCACAACACCACACACACAAACCACACACADEBAE	27	1.2469707993879136	1.6066464241544103
v27CCCACCACCACCACACCACAACACCACACACACAACACACACACAAAABE	27	1.0934261456741434	1.5463627177489654
v27CCCACCACCACCACACCACAACACCACACACCAAACACACACAACDEABE	27	1.479807723053499	1.747681723227072
v27CCCACCACCACCACACCACAACACCACACACCADEACCACACAACDEABE	27	1.1544524014575648	1.4089484696088932
v27CCCACCACCACCACACCACAACACCACACACCADEACCACACACADEBAE	27	1.2249997950384277	1.5251936905933405
v27CCCACCACCACCACACCACACCAACDEACCACACACCAAACCAACAABBE	27	1.5487354597347687	1.4048434103092147
v27CCCACCCACCACCACACCAACAACACCACACACCAAACACACAACADEAE	27	-1.0450012820641216e-15	1.142620368658843
v27CCCACCCACCACCACACCACACACCACACACACACCAAACAACAAADEBE	27	-2.470704962582207e-15	1.1582407623276119
v27CCCCACCACACACAACCACACACAACCACACACAACCACACACAACAAAE	27	2.1640685017736154	1.045490671002284
v27CCCCACCACACACACACCACAACACACACCACAACACACACACAACAAAE	27	0.36752373228835267	1.3192675501914626
v27CCCCACCACACCACACACCACACACCACACACACACACAACAACAAAABE	27	-8.76728279724755e-16	1.2385809476118355
v27CCCCACCACCACCACCACACCACACAACCAACCAAACCAACAACAADEAE	27	1.6063957692150184	1.7676813544624443
v28CCACCCACCACACCACCACACCACACACCACABCACACABCACACABABDEE	28	1.790252115552222	1.8780206833514161
v28CCCACACACCACACACACACACACACACACACACACACACACAACACACAAE	28	1.755175185392752	0.6348526161029544
v28CCCACACACCACACACACCACACACAACCACACACAACACACACAACACAAE	28	0.6813855540380661	0.7062563425154712
v28CCCACACACCACACACACCACACACAACCACACACAACCACACACAACAABE	28	1.4833524257519013	0.8070616979675701
v28CCCACACACCACACACACCACACACACACACACACAACACACACAACACAAE	28	1.3584895720132244	0.7413617679273796
v28CCCACACACCACACACACCACACACACACACACACACACACACACAACAABE	28	1.1864944182603978	0.9719600462234179
v28CCCACACACCACACACACCACACACACACACACACACACACACACACAABAE	28	1.2731227017040823	0.9783651335827945
v28CCCACACACCACACACACCACACACACACCACACACACAACACACACADEAE	28	1.0312795698633024	1.0256696999296548
v28CCCACACACCACACACACCACACACACACCACACACACACAACACACAADEE	28	1.0638516229063912	1.0327073775944413
v28CCCACACACCACACACACCACACACACACCACACACACACACACACAABABE	28	0.34725423738261696	1.010438153992606
v28CCCACACCAACACACCAACACACCAACACACCAACACACCAACACACCAABE	28	-6.283185307179586	0.154785282170361
v28CCCACACCACACAACCACACAACCACACAACCACACAACCACACAACACAAE	28	1.2445928968977156	0.4114344386284169
v28CCCACACCACACACACCACACACAACCACACACAACCACACACAACAACAAE	28	0.6877639406684259	0.7966180702175317
v28CCCACACCACACACACCACACACAACCACACACAACCACACACAACACAAAE	28	0.6613462084948952	0.7947955295321986
v28CCCACACCACACACACCACACACACACACACACACACACACACAACAACAAE	28	1.2441794380498756	0.8938772231337415
v28CCCACACCACACACACCACACACACACACACACACACACACACACAACADEE	28	0.9667666583154342	0.9077354681171801
v28CCCACACCACACACACCACACACACACACACACACACACACACACACAADEE	28	1.3015357954081987	0.9168854623168022
v28CCCACACCACACACACCACACACACACCACACACACAACACACACACAAABE	28	0.21264435087313688	0.9670849936331744
v28CCCACACCACACACACCACACACACACCACACACACAACACACACACAABAE	28	0.3022512749397772	0.9632517062279388
v28CCCACACCACACACACCACACACACACCACACACACAACCAACACAAACAAE	28	1.0058544300768582	0.9325465376713644
v28CCCACACCACACACACCACACACACACCACACACACAACCAACACACAABAE	28	0.7844684713591172	0.9538672927657097
v28CCCACACCACACACACCACACACACACCACACACACACAACACACAACAAAE	28	0.4847821618944173	0.9750373790938959
v28CCCACACCACACACACCACACACACACCACACACACACAACACACAACAABE	28	1.193060924527968	0.9633829296727496
v28CCCACACCACACACACCACACACACACCACACACACACAACACACACAAABE	28	1.0404786483330697	0.9772834503120188
v28CCCACACCACACACACCACACACACACCACACACACACACAACACACAABAE	28	1.2720633521140796	0.9724483209823288
v28CCCACACCACACACACCACACACACACCACACACACACACACACACAADEAE	28	0.7929780317111703	0.9747873677915018
v28CCCACACCACACACACCACACACACACCACACACACACACCAACACAADEAE	28	0.8922407036113837	0.9690300063734669
v28CCCACACCACACACACCACACACACACCACACACADECACACACAACACAAE	28	0.31860012397095244	0.8228410742790918
v28CCCACACCACCACACACACACCACACACACAACCACACACACAABCACAABE	28	0.8409940423331377	1.288924637096169
v28CCCACCACACACACACACACACACACACACACACACACACACACACACAABE	28	1.4929121608111096	0.6513609813619328
v28CCCACCACACACACCACACACAACCACACACAACCACACACAACCACAADEE	28	0.32852928036214135	0.7969592756720749
v28CCCACCACACCACACACAACCACACACAACCACACACAACCACACACAABAE	28	0.30159146804509257	1.0153755446052108
v28CCCACCACACCACACACAACCACACACAACCACACACAACCACACACAABBE	28	0.28774470919060974	1.0154791538728742
v28CCCACCACACCACACACACACACACACACACACACACACAACACACACAAAE	28	0.808502225462345	1.121671453655136
v28CCCACCACACCACACACACACACACACACACACACACACACAACACACAAAE	28	0.6768962610794269	1.1362408636804289
v28CCCACCACACCACACACACACCACAACACACACCACAACACAACACAACAAE	28	-1.593976682857452e-15	1.0749486813514417
v28CCCACCACACCACACACACACCACACAACACACCACACAACACACACAAABE	28	1.026739586823715	1.1114456094618832
v28CCCACCACACCACACACACACCACACACAACACCACACACAACAACAACAAE	28	1.5180116122073997	1.26156032377848
v28CCCACCACACCACACACACACCACACACAACACCACACACAACACACAABAE	28	1.0186505426755699	1.2582821138919211
v28CCCACCACACCACACACACACCACACACAACACCACACACAACACACAADEE	28	1.269138671696762	1.110309613175512
v28CCCACCACACCACACACACACCACACACAACACCACACACAACACDEACAAE	28	1.4051016757846797	1.2439483777616065
v28CCCACCACACCACACACACACCACACACACAACCAACACACAACCAACADEE	28	0.5130088262300643	1.2194386732065277
v28CCCACCACACCACACACACACCACACACACAACCACACACACAABCACAABE	28	0.6238912898473761	1.3164611996041469
v28CCCACCACACCACACACACACCACACACACAACCACACACACAACACAABAE	28	0.34958271491501625	1.281024616633355
v28CCCACCACACCACACACACACCACACACACAACCACACACACAACCADEABE	28	0.6219056227851304	1.291224832606716
v28CCCACCACACCACACACACACCACACACACAACCACACACADECACAACAAE	28	0.7591359629397	1.264348214360867
v28CCCACCACACCACACACACACCACACACACACACACACACAACACACAABAE	28	0.4455290601612499	1.261602323435985
v28CCCACCACACCACACACACACCACACACACACACACACACACAACACAABAE	28	0.931147034941599	1.3745312232606106
v28CCCACCACACCACACACACACCACACACACACACACACACACACACADEABE	28	0.33686638098309984	1.20539951808021
v28CCCACCACACCACACACACACCACACACACACACCACACAACADECACAAAE	28	0.22215725940692066	1.2744089510198708
v28CCCACCACACCACACACACACCACACACACACACCACACACAAACAACAABE	28	0.9520245592207597	1.3557434285914924
v28CCCACCACACCACACACACACCACACACACACACCACACACAACAACADEAE	28	0.3493368934359848	1.2090190704383281
v28CCCACCACACCACACACACACCACACACACACACCACACACAACACAADEAE	28	0.061572910353498676	1.1489090426491155
v28CCCACCACACCACACACACACCACACACACACACCACACACAADECACAABE	28	0.5706274523185709	1.3474606573741468
v28CCCACCACACCACACACACACCACACACACACACCACACACACAAABCADEE	28	0.8574193032422752	1.3825673870236779
v28CCCACCACACCACACACACACCACACACACACACCACACACACAAACADEAE	28	0.5831930011965432	1.3276477194594074
v28CCCACCACACCACACACACACCACACACACACACCACACACACAACAADEAE	28	1.2396247471112438	1.390476279552498
v28CCCACCACACCACACACACACCACACACACACACCACACACACAACADBAEE	28	0.34748763113928877	1.232792127097597
v28CCCACCACACCACACACACACCACACACACACACCACACACACACAABBABE	28	0.8897294417228085	1.3659641441546584
v28CCCACCACACCACACACACACCACACACACACACCACACACACACAADBAEE	28	0.17290478962186331	1.1589046809849934
v28CCCACCACACCACACACACACCACACACACACACCACACACACADECADEAE	28	0.6247317292846271	1.390998694607597
v28CCCACCACACCACACACACACCACACACACACACCACACACADEACACAABE	28	0.8680171320896383	1.2745296383198683
v28CCCACCACACCACACCAACACCACACACAACACCACACACAACAACAACAAE	28	1.2700154918892563	1.2634934520961532
v28CCCACCACACCACACCAACACCACACACAACACCACACACAACACACAABAE	28	1.253908146823897	1.2643618872078914
v28CCCACCACACCACACCAACACCACACACAACACCACACACAACACACAADEE	28	1.2217678897248436	1.0966293360823063
v28CCCACCACACCACACCAACACCACACACCAACACACACACACAACACAABAE	28	0.5277095910730818	1.313648956939454
v28CCCACCACACCACACCAACACCACACACCAACACACACACACCAACADEAAE	28	0.9596854886781265	1.317504518717389
v28CCCACCACACCACACCAACACCACACACCAACACACACACACDEACAACAAE	28	1.0369129644504633	1.1623084620235309
v28CCCACCACACCACACCAACACCACACACCAACACCACACACAAACAACAABE	28	1.2676825383687351	1.3479250764266455
v28CCCACCACACCACACCAACACCACACACCAACACCACACACACAAABCADEE	28	0.7010161569222128	1.3426097646141142
v28CCCACCACACCACACCAACACCACACACCAACACCACACACACAAACADEAE	28	0.7325090703971336	1.2676764245458065
v28CCCACCACACCACACCAACACCACACACCAACACCACACACACAACAADEAE	28	0.6015846664799209	1.3200790349135363
v28CCCACCACACCACACCAACACCACACACCAACACCACACACACAACADBAEE	28	0.869362791908158	1.3529753138550622
v28CCCACCACACCACACCAACACCACACACCAACACCACACACACCAABABABE	28	0.4857041970101211	1.363210814098692
v28CCCACCACACCACACCAACACCACACACCAACACCACACACACDEABCADEE	28	0.5537154251968492	1.27710291147389
v28CCCACCACACCACACCAACACCACACACCAACACCACACACACDEACADEAE	28	0.7484931868320047	1.3510520457147073
v28CCCACCACACCACACCAACACCACACACCAACACCACACACADBECACAABE	28	0.4943275335606431	1.2139859928065961
v28CCCACCACACCACACCAACACCACACACDEACCACACACAACCAACACAAAE	28	1.1626334875337105	1.0602343489810089
v28CCCACCACACCACACCAACACCACACACDEACCACACACAACCACAACAAAE	28	1.1511394855801544	1.0974890164543258
v28CCCACCACACCACACCACACAACACACCACACAACACACCACACAACAAAAE	28	1.2607923972663921	1.0781219033155727
v28CCCACCACACCACACCACACAACACACCACACAACACACCACACAADECAAE	28	1.6140338345588758	1.103663637832717
v28CCCACCACACCACACCACACACACACACCACACACACACACACDEACADEAE	28	0.38723039431395323	1.2367780319557982
v28CCCACCACACCACACCACACACCACACAACACAACCACACAACAACACAAAE	28	0.2863845400011443	1.2442505636748822
v28CCCACCACACCACACCACACACCACACAACACACACCACACAACACAABABE	28	0.7322006462876445	1.4527561903890265
v28CCCACCACACCACACCACACACCACACAACACACACCACACAACADEACAAE	28	0.18502947053008875	1.3025084344333637
v28CCCACCACACCACACCACACACCACACACAACAACCACACACAAACACAABE	28	1.1545087584602882	1.2825631979453451
v28CCCACCACACCACACCACACACCACACACAACACACACACACAAACACAABE	28	1.0949886940771605	1.3388128494917062
v28CCCACCACACCACACCACACACCACACACAACACACACACACAACAACAABE	28	0.6477572703866912	1.3261620389110271
v28CCCACCACACCACACCACACACCACACACAACACACACACACAACACADEAE	28	0.9637627308176058	1.493080752562971
v28CCCACCACACCACACCACACACCACACACAACACACCACACACAAACAADEE	28	0.919765658208509	1.4626273147333608
v28CCCACCACACCACACCACACACCACACACAACACACCACACACAACAAADEE	28	0.9171394076242158	1.4323237951347731
v28CCCACCACACCACACCACACACCACACACAACACACCACACACAACAABBAE	28	1.3695795130494646	1.5106579740867565
v28CCCACCACACCACACCACACACCACACACAACACACCACACACAADECADEE	28	1.1773383542601465	1.5049500046636939
v28CCCACCACACCACACCACACACCACACACACAACACACACACAAACACAABE	28	1.2902071188281348	1.3531720637023679
v28CCCACCACACCACACCACACACCACACACACAACACACACACACAACADEAE	28	0.5277420869069187	1.2437077643713264
v28CCCACCACACCACACCACACACCACACACACAACACCACACACAAACAADEE	28	1.0575206514772113	1.4576855801606066
v28CCCACCACACCACACCACACACCACACACACAACACCACACACACAAABABE	28	0.3201324435674562	1.1991958116873151
v28CCCACCACACCACACCACACACCACACACACAACACCACACACACAAABBAE	28	0.4769546087090013	1.2161123707354298
v28CCCACCACACCACACCACACACCACACACACAACACCACACACACAABABAE	28	0.30454707926268054	1.1645756357462476
v28CCCACCACACCACACCACACACCACACACACAACACCACACACADEACADEE	28	0.7317601254906603	1.3274344638729776
v28CCCACCACACCACACCACACACCACACACACACAACCACACACAACAAADEE	28	0.10853392616935124	1.1858648312885305
v28CCCACCACACCACACCACACACCACACACACACAACCACACACAACAABBAE	28	0.7512890296070842	1.3188071346737666
v28CCCACCACACCACACCACACACCACACACACACAACCACACACAADECAAAE	28	0.5252255126216056	1.2972369110043092
v28CCCACCACACCACACCACACACCACACACACACAACCACACACAADECADEE	28	0.7430200750131581	1.3465278016627278
v28CCCACCACACCACACCACACACCACACACACACAACCACACACACAAABABE	28	1.3313891162404818	1.5680843025242874
v28CCCACCACACCACACCACACACCACACACACACACACACACACACAABABAE	28	1.135614382606954	1.4933164807629042
v28CCCACCACACCACACCACACACCACACACACACACACACACACADEACADEE	28	1.043064782548507	1.514408820043531
v28CCCACCACACCACACCACACACCACACACACACACACCACACACAAADEBAE	28	1.156830940856271	1.5013945566767908
v28CCCACCACACCACACCACACACCACACACACACACACCACACACAADAEABE	28	0.3523821491747742	1.2114905945620764
v28CCCACCACACCACACCACACACCACACACACACACACCACACACAADEABAE	28	0.3938017290550069	1.1892552970995818
v28CCCACCACACCACACCACACACCACACACACACACACCACACACADABEABE	28	0.7099118293487688	1.2889523600819501
v28CCCACCACACCACACCACACACCACACACACACACACCACACACADEAABAE	28	1.1863091623523612	1.5126458572413972
v28CCCACCACACCACACCACACACCACACACCAAACACACACACACDEACAABE	28	0.7240646763072076	1.3287985228177908
v28CCCACCACACCACACCACACACCACACACCAAACACCACACACACDEAADEE	28	1.6889796864137754	1.4866194887040178
v28CCCACCACACCACACCACACACCACACACCAAACACCACACACACDEABABE	28	1.0674494098340497	1.4828511277798242
v28CCCACCACACCACACCACACACCACACACCAAACACCACACACADBECADEE	28	0.6908592768953785	1.3254678126629387
v28CCCACCACACCACACCACACACCACACACCAACACACACACACACAAABABE	28	1.2928611973244772	1.5813368884501058
v28CCCACCACACCACACCACACACCACACACCAACACACACACACACAABABAE	28	0.4215010218344808	1.2021809691270686
v28CCCACCACACCACACCACACACCACACACCAACACACACACACACDEAADEE	28	0.5204688933861336	1.212214222928088
v28CCCACCACACCACACCACACACCACACACCAACACACACACACACDEABABE	28	0.5399887931057483	1.240948373749829
v28CCCACCACACCACACCACACACCACACACCAACACACACACACADEACADEE	28	0.7247141347312718	1.3008666353796285
v28CCCACCACACCACACCACACACCACACACCAACACACCACACAACDEAAABE	28	0.30822704593810546	1.1671814020699507
v28CCCACCACACCACACCACACACCACACACCAACACACCACACAADCAAAEAE	28	1.1943991708566952	1.5781097241809459
v28CCCACCACACCACACCACACACCACACACCAACACACCACACACAAADEBAE	28	0.5916269337467428	1.258130033855619
v28CCCACCACACCACACCACACACCACACACCAACACACCACACACADBAEABE	28	0.37048898764309124	1.2158478339436616
v28CCCACCACACCACACCACACACCACACACCAACACACCACACACADBAEBAE	28	1.212039568314843	1.560829837885306
v28CCCACCACACCACACCACACACCACACACCAACACACCACACACADBEAABE	28	0.8790823901111429	1.4056133844734655
v28CCCACCACACCACACCACACACCACACACCAACACACCACACACADBEABAE	28	0.12248160485972193	1.1924047465197418
v28CCCACCACACCACACCACACACCACACACCAACACACCACACACADDEEABE	28	0.349659704035718	1.1636281578769807
v28CCCACCACACCACACCACACACCACACACCAACACACCACACACADEAABAE	28	0.5334041151104181	1.2179016070497453
v28CCCACCACACCACACCACACACCACACACCAACACACCACACADABCAAEAE	28	0.6436887168586449	1.2941722034398657
v28CCCACCACACCACACCACACACCACACACCACACACACACACACAADEABAE	28	1.294848127728198	1.612870428508839
v28CCCACCACACCACACCACACACCACACACCACACACACACACACADBAEABE	28	1.0623633936877444	1.5466126502466457
v28CCCACCACACCACACCACACACCACACACCACACACACACACACADBEAABE	28	0.8926087938541526	1.471562012239462
v28CCCACCACACCACACCACACACCACACACCACACACACACACACADBEABAE	28	0.6543046441369492	1.2756442564705366
v28CCCACCACACCACACCACACACCACACACCACACACACACACACADEAABAE	28	0.8753575673390747	1.3747345577635155
v28CCCACCACACCACACCACACACCACACACCACACACACCACACADABDEEAE	28	1.4071393149253437	1.61849422920649
v28CCCACCACACCACACCACACACCACACACCADEACCACACACACDEACAABE	28	1.3595441799494665	1.3021282274405634
v28CCCACCACACCACACCACACACCACACACCADEACCACACACACDECAAAAE	28	1.2743301893012524	1.3980260604667396
v28CCCACCACACCACACCACACACCACACACCADEACCACACACACDECAADEE	28	1.1315993598575025	1.3886631541628986
v28CCCACCACACCACACCACACACCACACACCADEACCACACACACDECADEAE	28	1.5270656560958302	1.3695611327922605
v28CCCACCACACCACACCACACACCACACACCADEACCACACACADECACAABE	28	0.940707882516207	1.1940923532867056
v28CCCACCACACCACACCACACACDEACCACACACAACCACACACAACACAAAE	28	0.8384128833372764	0.9229913989273337
v28CCCACCACACCACACDEACCACACAACCACACAACCACACAACCACACAABE	28	2.6956426419600827	0.5545428316569706
v28CCCACCACCACACACACACACACACACACACACACACACACACACAACAABE	28	1.2490457501535934	1.1379025520324602
v28CCCACCACCACACACACACACACACACACACACACACACACACACACAAABE	28	1.0296977984740205	1.1542516296526117
v28CCCACCACCACACACACACACACACACACACACACACACACACACACAABAE	28	1.1561001462781975	1.1451337499561787
v28CCCACCACCACACACACACCACACACAACACCACACACAACACAACACAAAE	28	0.8863037054133669	1.2081015406807087
v28CCCACCACCACACACACACCACACACAACACCACACACAACACCAACADAEE	28	0.8708141180547224	1.2015204376487933
v28CCCACCACCACACACACACCACACACACAACACACACACAACACACACAABE	28	0.9046465328316371	1.1947557405032456
v28CCCACCACCACACACACACCACACACACAACCACACACAAACCACACADEBE	28	0.43864171882622943	1.190038359224666
v28CCCACCACCACACACACACCACACACACAACCACACACACAACCAACADAEE	28	0.4766643081480921	1.286255371800062
v28CCCACCACCACACACACACCACACACACACACCACACACAAACACAACADEE	28	0.8470409133854049	1.2910117520506093
v28CCCACCACCACACACCACACACACAACCACACACACAACCAACACACAABAE	28	1.493298833482176	1.2683490731920455
v28CCCACCACCACCACAACACCACACCACAACACCACAACCACAACAACAABBE	28	0.6867990150136218	1.3289670686490467
v28CCCACCACCACCACAACACCACACCACAACACCACAACCACAACAADECAAE	28	0.34931634612853657	1.195226518354395
v28CCCACCACCACCACAACACCACACCACAACACCACACACCAAACAACAAABE	28	1.5876159848292795	1.3363609790410425
v28CCCACCACCACCACAACACCACACCACAACACCACACACCAAACAACADEBE	28	0.8919776711103526	1.3189856890785954
v28CCCACCACCACCACAACACCACACCACAACACCACACACCACAACAADEABE	28	1.2632080365199208	1.3585446876083538
v28CCCACCACCACCACACAACCACACCACACAACCAACACCACACAACDEAABE	28	0.6965804256890045	1.3716312374158488
v28CCCACCACCACCACACACAACACCACACACAACACCACACACAACAAACAAE	28	1.1530782800223218	1.4060616468525475
v28CCCACCACCACCACACACAACACCACACACAACACCACACACAACAACAAAE	28	0.9837509605409567	1.4122706673078396
v28CCCACCACCACCACACACAACACCACACACAACACCACACACAACAACAABE	28	1.5099822166223735	1.3119704068276636
v28CCCACCACCACCACACACACACACCACACACAACAACCACACACAAACADEE	28	1.1381236650076276	1.5204847470527103
v28CCCACCACCACCACACACACACACCACACACAACACACACACACAAACADEE	28	0.5424201938098544	1.284956643110028
v28CCCACCACCACCACACACACACACCACACACAACACACCACACACAAAABAE	28	0.3204042508120142	1.2361156828543218
v28CCCACCACCACCACACACACACACCACACACAACACACCACACACAADEABE	28	1.3157368035322308	1.6321451946297132
v28CCCACCACCACCACACACACACACCACACACAACACACCACACACAADEBAE	28	0.78493697198985	1.368345805161414
v28CCCACCACCACCACACACACACACCACACACACAAACCACACACADECADEE	28	0.9649243886787026	1.426506750698844
v28CCCACCACCACCACACACACACACCACACACACAACACACACACAAACADEE	28	0.18326779610811697	1.1501977426574341
v28CCCACCACCACCACACACACACACCACACACACAACACCACACACAAAABAE	28	0.5099047491966031	1.2132486924582606
v28CCCACCACCACCACACACACACACCACACACACAACACCACACACADEAABE	28	0.8060825339451878	1.334270147131417
v28CCCACCACCACCACACACACACACCACACACACAACACCACACACADEABAE	28	0.8481693844192753	1.3397692600922946
v28CCCACCACCACCACACACACACACCACACACACACAACCACACACAAAABAE	28	0.8622429555047076	1.3964121206571352
v28CCCACCACCACCACACACACACACCACACACACACAACCACACACAADEABE	28	0.7494109593198555	1.3047673706430705
v28CCCACCACCACCACACACACACACCACACACACACAACCACACACAADEBAE	28	0.12578500138630105	1.1386065167937869
v28CCCACCACCACCACACACACACACCACACACACACACACACACACADEABAE	28	0.30602754212558425	1.1782424168803338
v28CCCACCACCACCACACACACCACACACAACACACCACACACAACAACADEAE	28	0.2616494551019484	1.2433913090208848
v28CCCACCACCACCACACACACCACACCAACAACACCACACACCAAAABCADEE	28	0.7889237901167943	1.3606349577013817
v28CCCACCACCACCACACACACCACACCAACAACACCACACACCAAABACADEE	28	0.6932077945078371	1.3255132711941144
v28CCCACCACCACCACACACACCACACCAACAACACCACACACCAAACAADEAE	28	0.8878157902041773	1.3688729615880764
v28CCCACCACCACCACACACACCACACCAACAACACCACACACCAAACADABEE	28	0.9157064505280565	1.3721731067719518
v28CCCACCACCACCACACACACCACACCAACAACACCACACACCAAACADBAEE	28	0.8624977870882086	1.3534632222989016
v28CCCACCACCACCACACACACCACACCAACACAACCACACACCAAAABCADEE	28	1.1406820112719216	1.5076832147398904
v28CCCACCACCACCACACACACCACACCAACACAACCACACACCAACAADBAEE	28	0.223238293645446	1.1698700553595394
v28CCCACCACCACCACACACACCACACCAACACAACCACACACCAADECADEAE	28	0.7116388836961698	1.3686468022764164
v28CCCACCACCACCACACACACCACACCAACACACACCACACACCAAAABAABE	28	0.5769509024962405	1.317461261080043
v28CCCACCACCACCACACACACCACACCAACACACACCACACACCAADEABABE	28	0.2682958726278396	1.2082939053874482
v28CCCACCACCACCACACACACCACACCAACACACACCACACACCAADEABBAE	28	0.923034048234253	1.3996572653303958
v28CCCACCACCACCACACACACCACACCACAAACACCACACACCADEABCADEE	28	0.8006537967490353	1.3060764211410436
v28CCCACCACCACCACACACACCACACCACAACAACCACACACACAAABCADEE	28	0.8004128237869172	1.3938316262219916
v28CCCACCACCACCACACACACCACACCACAACAACCACACACCAAAABCADEE	28	1.1659857183293143	1.4859906602606672
v28CCCACCACCACCACACACACCACACCACAACAACCACACACCACAAABBABE	28	0.7430382523014466	1.3902535288433326
v28CCCACCACCACCACACACACCACACCACAACAACCACACACCACAAADABEE	28	1.4234315535692235	1.6271699206373513
v28CCCACCACCACCACACACACCACACCACAACAACCACACACCACAAADBAEE	28	0.9012716718270222	1.4236652564114358
v28CCCACCACCACCACACACACCACACCACAACACACACACACCAAABACADEE	28	0.45187434567894824	1.2752068546496802
v28CCCACCACCACCACACACACCACACCACAACACACACACACCADEACADEAE	28	0.3704007214095894	1.1877992009947889
v28CCCACCACCACCACACACACCACACCACAACACACCACACACADEACAADEE	28	0.3391928949515185	1.1764736356821537
v28CCCACCACCACCACACACACCACACCACAACACACCACACACCAAAABAABE	28	0.6355479516750961	1.3361055517625031
v28CCCACCACCACCACACACACCACACCACAACACACCACACACCAAADEBABE	28	1.322234398472005	1.6599454460307537
v28CCCACCACCACCACACACACCACACCACAACACACCACACACCADEAABABE	28	0.42764532473908035	1.2138849216066898
v28CCCACCACCACCACACACACCACACCACAACACACCACACACCADEAABBAE	28	0.3016092276373093	1.1844267878877435
v28CCCACCACCACCACACACACCACACCACAACACACCACACACCADEABAABE	28	0.29251605035204986	1.1754012865496417
v28CCCACCACCACCACACACACCACACCACACAAACCACACACCAADECADEAE	28	1.1279292988332716	1.5385492464030133
v28CCCACCACCACCACACACACCACACCACACAACACCACACACCAAAABAABE	28	0.9497567286115631	1.4495879182100455
v28CCCACCACCACCACACACACCACACCACACAACACCACACACCAADEABBAE	28	1.0086212009798259	1.3960037532818212
v28CCCACCACCACCACACACACCACACCACACACAACCACACACCADEAABBAE	28	0.8061822331285897	1.361642440623157
v28CCCACCACCACCACACACACCACACCACACACAACDEACCACACACAAAABE	28	1.1571173896608067	1.5552665955378158
v28CCCACCACCACCACACACACDECACACACACACACACACACACACAACAABE	28	0.8602577812702649	1.2918741224899795
v28CCCACCACCACCACACACACDECACACACACACACACACACACACACAABAE	28	0.9096612458388824	1.2984700884540596
v28CCCACCACCACCACACCACAACACCACAACCACAACACCACAACCADEAABE	28	0.8215230670305962	1.361810921187433
v28CCCACCACCACCACACCACAACACCACACACACAAACCACACACADECADEE	28	1.1320488591604214	1.4843247042132752
v28CCCACCACCACCACACCACAACACCACACACACAACACACACACAAACADEE	28	1.2347052666543956	1.5673370172012207
v28CCCACCACCACCACACCACAACACCACACACACAACACACACACACAABABE	28	0.5859005990077302	1.2935506232358014
v28CCCACCACCACCACACCACAACACCACACACACAACACCACACACADEAABE	28	0.8207492081833044	1.3748682824344525
v28CCCACCACCACCACACCACAACACCACACACCAAACACACACACACDEADEE	28	1.4251062361729245	1.655661920170247
v28CCCACCACCACCACACCACAACACCACACACCAAACACCACACAACDEAABE	28	1.4395888596707092	1.6794368607498538
v28CCCACCACCACCACACCACAACACCACACACCAAACACCACACACADBEBAE	28	1.426950108562371	1.7043581958271556
v28CCCACCACCACCACACCACAACACCACACACCAAACACCACACACADEAABE	28	1.4074114705417604	1.7045356286752407
v28CCCACCACCACCACACCACAACACCACACACCACAAACCACACAACDAEABE	28	1.058644317403038	1.5440888625986093
v28CCCACCACCACCACACCACAACACCACACACCACAAACCACACACAADEABE	28	1.0019752066018222	1.5001026010038672
v28CCCACCACCACCACACCACAACACCACACACCACAAACCACACACAADEBAE	28	1.1876858833900972	1.6055106251829483
v28CCCACCACCACCACACCACAACACCACACACCACAACACACACACAADEABE	28	0.5054911372106338	1.2652709835053695
v28CCCACCACCACCACACCACAACACCACACACCACAACACCACACAADABEAE	28	0.5996019939846544	1.3012426980936462
v28CCCACCACCACCACACCACACAACCACACACAACAACCACACACAAACADEE	28	1.1469209805437273	1.5447579609683282
v28CCCACCACCACCACACCACACACACCACACACCADEACACACACAACDEABE	28	1.2702049938790745	1.624574945775364
v28CCCACCACCACCACACCACACACACDEACCACACACACAACCAACACAAAAE	28	0.7723421147226524	1.3517073155954225
v28CCCACCCACCACCACAACCACACCAACCACAACACACACDECACAAACADEE	28	-2.011100388092476e-15	1.2133929635087408
v28CCCACCCACCACCACACACCACACCAACCACACACAACACAAACCAAABAAE	28	1.4689881966412075e-16	1.1320646276580562
v28CCCCACCACACACCACACCACACACACCAACACCACAACACACDEACADEAE	28	0.501231761113807	1.2018978919472147
v28CCCCACCACACCACACACACAACCACACACACAACCACACACACAACAAAAE	28	-4.3424573848942103e-16	1.0475585048033587
v28CCCCACCACACCACCACACCACACACACACACACACACAACACAAACAAAAE	28	8.642382675739812e-17	1.2462382651541153
v28CCCCACCACCACACCACACCACACCACACACAAACCACAACAACADECAAAE	28	-2.0511601988091355e-15	1.2356881694622794
v290h0f7992414bbac49e	290	-3.38441432803507e-14	-6.22649564304675
v290h1a2f90bc498c4723	290	-2.905634060451973e-14	-5.871353140950697
v290h790855371f37b776	290	7.987008260016375e-05	-6.654308436545796
v290h8594802cf9ae1430	290	0.0018272805503487847	-6.229019574147751
v296hc23f324403ace6be	296	0.018430392451158482	-6.248995286750126
v296hcb57467ec7a6dde6	296	-4.2253237945525766e-14	-6.218914083292063
v29CCCACACACACACACACACACACACACACACACACACACACACACACACACAAE	29	2.527757313665482	0.19467453789755446
v29CCCACACACCACACAACCACACAACCACACAACCACACAACCACACAACACAAE	29	1.244592896897723	0.35644368024729384
v29CCCACACACCACACACACACACACACACACACACACACACACACAACACACAAE	29	1.5546509130415662	0.566183414172671
v29CCCACACACCACACACACACACACACACACACACACACACACACACAACACAAE	29	1.6954547647511375	0.5280892808598634
v29CCCACACACCACACACACACACACACACACACACACACACACACACACACAAAE	29	1.638940003143794	0.6165293442026595
v29CCCACACACCACACACACACACACACACACACACACACACACACACACACADEE	29	1.6957869914426476	0.605517666619235
v29CCCACACACCACACACACCACACACAACCACACACAACACACACAACACACAAE	29	1.462913731063107	0.7120102876455141
v29CCCACACACCACACACACCACACACAACCACACACAACCAACACAACCAACAAE	29	1.5425702560020138	0.700940538910027
v29CCCACACACCACACACACCACACACAACCACACACAACCACACACAACAACAAE	29	0.8394864034968017	0.7695786920330974
v29CCCACACACCACACACACCACACACACACACACACACACACACACAACAACAAE	29	1.1808031472831693	0.8593240156179143
v29CCCACACACCACACACACCACACACACACACACACACACACACACACAACADEE	29	0.9862054363095865	0.897931516788338
v29CCCACACACCACACACACCACACACACACACACACACACACACACACACAADEE	29	1.2278274305590864	0.9045185600530987
v29CCCACACACCACACACACCACACACACACCACACACACAACACACACACAAABE	29	0.5705839215274755	0.9627693529924837
v29CCCACACACCACACACACCACACACACACCACACACACAACACACACACAABAE	29	0.8757115430373347	0.9592606971091573
v29CCCACACACCACACACACCACACACACACCACACACACACAACACACAACAABE	29	1.1656756917393412	0.9594519201428318
v29CCCACACACCACACACACCACACACACACCACACACADECACACACAACACAAE	29	0.39806722387977195	0.7220245463294039
v29CCCACACCACACACACCAACACACACCAACACACACCAACACACACAACACAAE	29	1.4327441985512754	0.44831564080375597
v29CCCACACCACACACACCAACACACACCAACACACACCAACACACACCAACADEE	29	1.0352281930458567	0.46441946080383745
v29CCCACACCACACACACCACACACAACCACACACAACCACACACAACAACACAAE	29	0.6992502578531352	0.7061954636085235
v29CCCACACCACACACACCACACACAACCACACACAACCACACACAACACACAAAE	29	0.2810342573291785	0.7175877835836235
v29CCCACACCACACACACCACACACAACCACACACAACCACACACAACCACAAAAE	29	0.6930663094026046	0.701110046744513
v29CCCACACCACACACACCACACACAACCACACACAACCACACACAACCACAADEE	29	0.3543655459154813	0.7168857375139884
v29CCCACACCACACACACCACACACACACACACACACACACACACAACAACACAAE	29	0.5100570946795409	0.7906054118202693
v29CCCACACCACACACACCACACACACACACACACACACACACACAACACACAAAE	29	1.3246524089128626	0.8137342979964989
v29CCCACACCACACACACCACACACACACACACACACACACACACACAACACAABE	29	0.9942444848108153	0.8333373744930933
v29CCCACACCACACACACCACACACACACACACACACACACACACACACAACAABE	29	1.2979228654131392	0.8450127043687431
v29CCCACACCACACACACCACACACACACACACACACACACACACACACACAAABE	29	1.1445063445532062	0.8520291483060509
v29CCCACACCACACACACCACACACACACACACACACACACACACACACACADEAE	29	1.4338947562554472	0.8360779034098905
v29CCCACACCACACACACCACACACACACCACACACACAACACACACACAACADEE	29	0.15933126077345386	0.8843507468553079
v29CCCACACCACACACACCACACACACACCACACACACAACCAACACACAABCAAE	29	0.8158992194634099	0.878572415570147
v29CCCACACCACACACACCACACACACACCACACACACAACCACACACACAAAABE	29	0.42511000352143297	0.8981805628021675
v29CCCACACCACACACACCACACACACACCACACACACAACCACACACACAABDEE	29	0.45141655613100207	0.901087016942251
v29CCCACACCACACACACCACACACACACCACACACACACAACACACAACAACAAE	29	1.2153798670421379	0.8844732870793925
v29CCCACACCACACACACCACACACACACCACACACACACAACACACACACAADEE	29	1.1903286422787054	0.9052005396219429
v29CCCACACCACACACACCACACACACACCACACACACACACACACACAACAAABE	29	0.6476619138009476	0.9169585761285763
v29CCCACACCACACACACCACACACACACCACACACACACACACACACAACADEAE	29	0.4984328195354152	0.9138329654523993
v29CCCACACCACACACACCACACACACACCACACACACACACACACACACAAAABE	29	0.6566577340781458	0.9272640157543499
v29CCCACACCACACACACCACACACACACCACACACACACACACACACACADEABE	29	0.8033013705038627	0.9193305024096394
v29CCCACACCACACACACCACACACACACCACACACACACACCAACACAADECAAE	29	0.9634093422899747	0.896845054338036
v29CCCACACCACACACACCACACACACACCACACACACACACCAACACACADEBAE	29	0.8072456816481124	0.9104630927718654
v29CCCACACCACCACACACAACCACACACAACCACACACAACCACACACAACAABE	29	1.9055253778174879	0.8153803161250828
v29CCCACACCACCACACACACACCACACACACAACCACACACACAACACACAABAE	29	0.17709757070526205	1.2068403518472375
v29CCCACACCACCACACACACACCACACACACAACCACACACACAACCACAABABE	29	0.529788601665609	1.2098065037593595
v29CCCACACCACCACACACACACCACACACACACACACACACAACAACACACAAAE	29	0.6143493449852414	1.2042677134693085
v29CCCACACCACCACACACACACCACACACACACACCACACACACAAABCACAABE	29	0.7440922839125885	1.256319344181114
v29CCCACACCACCACACACCACACCACACACAACACACCAACACAACACACAADEE	29	0.17180559850313212	1.2296321691920145
v29CCCACACCACCACACACCACACCACACACAACACACCACACAAACACACAADEE	29	0.4964544214319123	1.18284979959545
v29CCCACACCACCACACACCACACCACACACACACACACCACACADEACAACAABE	29	0.5221319130259026	1.2417531734772491
v29CCCACACCACCACACACCACACCACACACACACACACCADEACACACAACDEAE	29	0.40811961101891997	1.155120965435913
v29CCCACACCACCACACACCACACCACACACACCACACAACACADECACACAABAE	29	-6.283185307179586	1.1792798166443563
v29CCCACCACACACACACACACACACACACACACACACACACACACACACAACAAE	29	1.4962669029523274	0.5770576867009855
v29CCCACCACACACACCACACACAACCACACACAACCACACACAACCACACAAABE	29	1.1556293872827894	0.7249716441491126
v29CCCACCACACACACCACACACACACCACACACACAACACACACACAACACAABE	29	0.5739214494841096	0.9366348716809484
v29CCCACCACACCACACACAACCACACACAACCACACACAACCACACACAABCAAE	29	0.29226387963287154	0.833465480949889
v29CCCACCACACCACACACACACACACACACACACACACACACACACACACAADEE	29	0.7298210131028519	1.0862610083197708
v29CCCACCACACCACACACACACACACACACACACACACACACACACACACADEAE	29	0.7411982676413755	1.0773170278021422
v29CCCACCACACCACACACACACCAACACACACACCAACACACACACCAABACAAE	29	0.9532387772851211	0.9675536603121491
v29CCCACCACACCACACACACACCACACACAACACCACACACAACACACAACAAAE	29	0.4937522863085626	1.1534184102488823
v29CCCACCACACCACACACACACCACACACAACACCACACACAACACACAACAABE	29	1.5357705702503348	1.1607504651245204
v29CCCACCACACCACACACACACCACACACAACACCACACACAACACCAABACAAE	29	1.1729309378008494	1.1677081410365437
v29CCCACCACACCACACACACACCACACACAACACCACACACAACACCACAADAEE	29	0.798002782457734	1.1566109566171543
v29CCCACCACACCACACACACACCACACACACAACACACACACAACACACACAAAE	29	0.3963365863585232	1.143635742343008
v29CCCACCACACCACACACACACCACACACACAACCAACACACAACCAACACAAAE	29	0.3043808875632876	1.1069344491865991
v29CCCACCACACCACACACACACCACACACACAACCACACACACAACACAACAAAE	29	0.16929667820801836	1.15502750200988
v29CCCACCACACCACACACACACCACACACACAACCACACACACAACACAACADEE	29	0.3926978585074935	1.2379168932320719
v29CCCACCACACCACACACACACCACACACACAACCACACACACAACCACAABABE	29	0.6799118578274667	1.229718208377038
v29CCCACCACACCACACACACACCACACACACAACCACACACACAACCACAADAEE	29	0.3200328356903719	1.2366458386890773
v29CCCACCACACCACACACACACCACACACACACAACACACACACAACACACAAAE	29	0.7366869265307397	1.1758415634124053
v29CCCACCACACCACACACACACCACACACACACACACACACAACACACAACAAAE	29	0.4316566517696109	1.2733248509635422
v29CCCACCACACCACACACACACCACACACACACACACACACACAACACAACAAAE	29	0.17229305682914625	1.1568635151507285
v29CCCACCACACCACACACACACCACACACACACACACACACACAACACAACADEE	29	0.9507903742479777	1.278012035661457
v29CCCACCACACCACACACACACCACACACACACACACACACACACACACAABABE	29	0.44513385117458953	1.2646032934405183
v29CCCACCACACCACACACACACCACACACACACACCAACACACAAACCAACADEE	29	1.0623123280008864	1.219845220390304
v29CCCACCACACCACACACACACCACACACACACACCACACAACACAACACAAABE	29	0.4074755713458613	1.2720300561286515
v29CCCACCACACCACACACACACCACACACACACACCACACACAAACACACAADEE	29	0.974760103257735	1.1367092769488951
v29CCCACCACACCACACACACACCACACACACACACCACACACAACAACACAABAE	29	0.547322453228118	1.300302303017316
v29CCCACCACACCACACACACACCACACACACACACCACACACAACACACADEAAE	29	0.07877668493149544	1.1474192112769082
v29CCCACCACACCACACACACACCACACACACACACCACACACACAAABCACAABE	29	0.7893329521530283	1.3030322606118712
v29CCCACCACACCACACACACACCACACACACACACCACACACACAAACACAABAE	29	0.5168398999113674	1.299149231592266
v29CCCACCACACCACACACACACCACACACACACACCACACACACAAACCADEABE	29	0.8081611488605712	1.2851111645488322
v29CCCACCACACCACACACACACCACACACACACACCACACACACAACACADEAAE	29	1.2300836583851096	1.2922858291663526
v29CCCACCACACCACACACACACCACACACACACACCACACACACAACACADEABE	29	0.5271834237179207	1.242655844639966
v29CCCACCACACCACACACACACCACACACACACACCACACACACACAABCADEAE	29	0.7820309700265152	1.30792490144422
v29CCCACCACACCACACACACACCACACACACACACCACACACACACAACADEAAE	29	0.45166935374811107	1.1328514237048333
v29CCCACCACACCACACACACACCACACACACACACCACACACACACAACADEABE	29	0.4233363427378053	1.2369895017044488
v29CCCACCACACCACACACACACCACACACACACACCACACACACACACAADEABE	29	0.07912185428757558	1.1547535320506646
v29CCCACCACACCACACACACACCACACACACACACCACACACACACACADBAEAE	29	0.18068363934816473	1.1826752561651195
v29CCCACCACACCACACACACACCACACACACACACCACACACACADECACAABAE	29	0.6084267387935621	1.3145525326719756
v29CCCACCACACCACACCAACACCACACACAACACCACACACAACACACAACAAAE	29	0.4122953179294293	1.1379758465122467
v29CCCACCACACCACACCAACACCACACACAACACCACACACAACACACAACAABE	29	1.232033300834465	1.166633217821095
v29CCCACCACACCACACCAACACCACACACAACACCACACACAACACCACAADAEE	29	0.9518964130544132	1.1566798161105536
v29CCCACCACACCACACCAACACCACACACCAACACACACACACAACACAACAAAE	29	0.8180918415521503	1.27196034257938
v29CCCACCACACCACACCAACACCACACACCAACACACACACACAACACAACADEE	29	0.5122918601889972	1.2556788139972743
v29CCCACCACACCACACCAACACCACACACCAACACACACACACCAACACAADEBE	29	1.249689480395676	1.2799427373279617
v29CCCACCACACCACACCAACACCACACACCAACACCACACACAAACACACAADEE	29	1.2526754931844652	1.1318878766302238
v29CCCACCACACCACACCAACACCACACACCAACACCACACACACAAABCACAABE	29	0.5788173000963897	1.270645327575103
v29CCCACCACACCACACCAACACCACACACCAACACCACACACACAAACACAABAE	29	0.6230713229617532	1.2886350354047298
v29CCCACCACACCACACCAACACCACACACCAACACCACACACACAAACCADEABE	29	0.5269134110489242	1.2672357471178173
v29CCCACCACACCACACCAACACCACACACCAACACCACACACACAACACADEAAE	29	0.6177677893688635	1.28076604001873
v29CCCACCACACCACACCAACACCACACACCAACACCACACACACAACACADEABE	29	0.6873931996505456	1.2936876414553513
v29CCCACCACACCACACCAACACCACACACCAACACCACACACACCAABABCADEE	29	0.5937618239450286	1.2843296821520203
v29CCCACCACACCACACCAACACCACACACCAACACCACACACACCAABACADEAE	29	0.9436559405792857	1.299001263707814
v29CCCACCACACCACACCAACACCACACACCAACACCACACACACCAACADBABEE	29	0.48257177357835024	1.2557384493068104
v29CCCACCACACCACACCAACACCACACACCAACACCACACACACDEABCACAABE	29	0.593659405008105	1.252497743055238
v29CCCACCACACCACACCAACACCACACACCAACACCACACACACDEACACAABAE	29	0.7455878816795468	1.2775792940599862
v29CCCACCACACCACACCAACACCACACACCAACACCACACACACDEACCADEABE	29	0.593659405008105	1.1685510618587656
v29CCCACCACACCACACCAACACCACACACDEACCACACACAACCACACACAAAAE	29	1.151605299254256	1.020449458671221
v29CCCACCACACCACACCACACAACACACCACACAACACACCACACAACAAACAAE	29	1.5686577207545702	1.0224426561393067
v29CCCACCACACCACACCACACACACACACCACACACACACACACCAABACADEAE	29	0.29781787283192895	1.2001672037092082
v29CCCACCACACCACACCACACACCACACAACACACACCACACAACADECACAAAE	29	0.12043807526356648	1.2976841567010737
v29CCCACCACACCACACCACACACCACACACAACACACACACACAACACACAABAE	29	0.9863516764548897	1.408889992162873
v29CCCACCACACCACACCACACACCACACACAACACACACACACAACACACAADEE	29	0.5257579562202522	1.268923758055859
v29CCCACCACACCACACCACACACCACACACAACACACCACACACAAACAACAABE	29	0.9032370476973618	1.4105833721032563
v29CCCACCACACCACACCACACACCACACACAACACACCACACACAACAAACAAAE	29	0.502079075194978	1.2576964356829263
v29CCCACCACACCACACCACACACCACACACAACACACCACACACAACAACADEAE	29	0.7168000390878364	1.377304463959009
v29CCCACCACACCACACCACACACCACACACAACACACCACACACAACACAADEAE	29	1.4254964667927934	1.421478746356336
v29CCCACCACACCACACCACACACCACACACAACACACCACACACAADECACAABE	29	1.1800034093342116	1.3323967487873012
v29CCCACCACACCACACCACACACCACACACACAACACACACACACAACACAABAE	29	0.5798453626645954	1.2567524988899428
v29CCCACCACACCACACCACACACCACACACACAACACCACACACAAACAACAABE	29	1.039638929434024	1.4190482056332259
v29CCCACCACACCACACCACACACCACACACACAACACCACACACACAAABCADEE	29	0.5305845908041664	1.2271335688821405
v29CCCACCACACCACACCACACACCACACACACAACACCACACACACAAACADEAE	29	0.48453887639058163	1.2055097213125308
v29CCCACCACACCACACCACACACCACACACACAACACCACACACACAACAADEAE	29	0.48025172047926834	1.2188116297021352
v29CCCACCACACCACACCACACACCACACACACAACACCACACACACAACADBAEE	29	0.299020401936016	1.1666544230561886
v29CCCACCACACCACACCACACACCACACACACAACACCACACACADEACACAABE	29	0.724347549380138	1.2333859317871319
v29CCCACCACACCACACCACACACCACACACACACAACCACACACAACAACADEAE	29	0.4511056805244506	1.2300093704942685
v29CCCACCACACCACACCACACACCACACACACACAACCACACACAADECACAABE	29	0.7511594142016268	1.3366116003574677
v29CCCACCACACCACACCACACACCACACACACACAACCACACACACAAABCAAAE	29	1.2331116464815457	1.4919321809955235
v29CCCACCACACCACACCACACACCACACACACACAACCACACACACAAABCADEE	29	1.3710202705968988	1.4713220497055617
v29CCCACCACACCACACCACACACCACACACACACAACCACACACACAAACADEAE	29	1.094910225817574	1.4855066650625959
v29CCCACCACACCACACCACACACCACACACACACAACCACACACACACAABBABE	29	0.8064415230067798	1.3838430950485416
v29CCCACCACACCACACCACACACCACACACACACACACACACACAACAACADEAE	29	0.629707405320191	1.2727294922157721
v29CCCACCACACCACACCACACACCACACACACACACACACACACACAAACADEAE	29	1.1701548038326055	1.5205693564922815
v29CCCACCACACCACACCACACACCACACACACACACACACACACADEACACAABE	29	1.0859289608417497	1.3253450082390978
v29CCCACCACACCACACCACACACCACACACACACACACCACACACAAACAAADEE	29	1.1553856452521494	1.4981777910312863
v29CCCACCACACCACACCACACACCACACACACACACACCACACACAACAAABBAE	29	0.4162189452331182	1.2084144266940569
v29CCCACCACACCACACCACACACCACACACACACACACCACACACAACADEADEE	29	0.09814468174688004	1.2014071536207986
v29CCCACCACACCACACCACACACCACACACACACACACCACACACACAAAABABE	29	0.8636407189903389	1.3695852591523292
v29CCCACCACACCACACCACACACCACACACACACACACCACACACACAAAABBAE	29	1.0526640823812075	1.4371159991112297
v29CCCACCACACCACACCACACACCACACACACACACACCACACACACAAABABAE	29	1.0698857403653854	1.507516202551815
v29CCCACCACACCACACCACACACCACACACACACACACCACACACACAADEBABE	29	1.218765987259029	1.5272987261640725
v29CCCACCACACCACACCACACACCACACACACACACACCACACACACADEABABE	29	0.29084223203946236	1.1836077106589171
v29CCCACCACACCACACCACACACCACACACACACACACCACACACACADEABBAE	29	0.48361389612245476	1.2285351818784511
v29CCCACCACACCACACCACACACCACACACACACACACCACACACADEACAADEE	29	0.8862139038455594	1.4384736648102916
v29CCCACCACACCACACCACACACCACACACCAAACACACACACACDEACAACAAE	29	0.4426315735016543	1.1747823234903376
v29CCCACCACACCACACCACACACCACACACCAAACACCACACACACDEABCADEE	29	0.5617414631771828	1.3006690370840106
v29CCCACCACACCACACCACACACCACACACCAAACACCACACACACDEACADEAE	29	1.3560781520217686	1.4040897954223244
v29CCCACCACACCACACCACACACCACACACCAAACACCACACACADBECACAABE	29	0.4064379694863479	1.1967331847721379
v29CCCACCACACCACACCACACACCACACACCAACACACACACACACAAACADEAE	29	0.23229484972415287	1.1884896149944686
v29CCCACCACACCACACCACACACCACACACCAACACACACACACACAACAADEAE	29	0.2547441884910432	1.2053425855464222
v29CCCACCACACCACACCACACACCACACACCAACACACACACACACCAAABADEE	29	1.2959299775061717	1.4934444628651335
v29CCCACCACACCACACCACACACCACACACCAACACACACACACACCAABABABE	29	0.48502358767435116	1.2453992384465569
v29CCCACCACACCACACCACACACCACACACCAACACACACACACACDEACADEAE	29	0.6148542985615703	1.2263413632493143
v29CCCACCACACCACACCACACACCACACACCAACACACACACACADEACACAABE	29	0.7369345555855501	1.2979861659661152
v29CCCACCACACCACACCACACACCACACACCAACACACCACACAACCAAAABABE	29	0.5697454447611654	1.293665346555305
v29CCCACCACACCACACCACACACCACACACCAACACACCACACAACCAAABAABE	29	1.0649250720217565	1.4898672266756698
v29CCCACCACACCACACCACACACCACACACCAACACACCACACAACCAADEBABE	29	0.7388987217244618	1.3603247996613284
v29CCCACCACACCACACCACACACCACACACCAACACACCACACACAAACAAADEE	29	0.5822380970480023	1.2538534589363084
v29CCCACCACACCACACCACACACCACACACCAACACACCACACACACAAAABABE	29	0.7974822620350676	1.3382636888819421
v29CCCACCACACCACACCACACACCACACACCAACACACCACACACACAAAABBAE	29	0.3808536777802698	1.1902324852406991
v29CCCACCACACCACACCACACACCACACACCAACACACCACACACACAAABABAE	29	0.9815607999224243	1.4845603049403124
v29CCCACCACACCACACCACACACCACACACCAACACACCACACACACAADEBABE	29	0.6757656611204446	1.3070879605496708
v29CCCACCACACCACACCACACACCACACACCAACACACCACACACACDEAABABE	29	0.4335902122232088	1.2149863603671291
v29CCCACCACACCACACCACACACCACACACCAACACACCACACACACDEAABBAE	29	0.44805950389378457	1.2075272394127972
v29CCCACCACACCACACCACACACCACACACCAACACACCACACACACDEABABAE	29	0.46274332585665445	1.1910400714082896
v29CCCACCACACCACACCACACACCACACACCAACACACCACACACADBAECADEE	29	0.8077880257381929	1.3982724485873055
v29CCCACCACACCACACCACACACCACACACCAACACACCACACACADBEACADEE	29	0.4193781116685897	1.2806903609793863
v29CCCACCACACCACACCACACACCACACACCAACACACCACACACADCAAAEABE	29	0.9804649445467598	1.4559093881669978
v29CCCACCACACCACACCACACACCACACACCAACACACCACACACADEACAADEE	29	0.6148464084639282	1.2555186078863134
v29CCCACCACACCACACCACACACCACACACCACACACACACACACACAAAABABE	29	0.5550463966194572	1.1949410962483231
v29CCCACCACACCACACCACACACCACACACCACACACACACACACACAAABABAE	29	1.1802559067163683	1.5552232836175872
v29CCCACCACACCACACCACACACCACACACCACACACACACACACACADEABABE	29	1.0165636422778341	1.464753074817675
v29CCCACCACACCACACCACACACCACACACCACACACACACACACACDEAABABE	29	1.1146722585442157	1.5532134090398675
v29CCCACCACACCACACCACACACCACACACCACACACACACACACACDEABABAE	29	0.7913525198950946	1.3535948154069866
v29CCCACCACACCACACCACACACCACACACCACACACACACACACADBEACADEE	29	0.9642702937803106	1.453225840994772
v29CCCACCACACCACACCACACACCACACACCACACACACCACACACAADABEABE	29	0.3239410144326746	1.1744281083086905
v29CCCACCACACCACACCACACACCACACACCACACACACCACACACADABAEABE	29	1.144238615439606	1.5302426145616788
v29CCCACCACACCACACCACACACCACACACCACACACACCACACACADBABEABE	29	0.3519657342121484	1.2168853211821364
v29CCCACCACACCACACCACACACCACACACCACACACACCACACACADBABEBAE	29	0.6245905459634516	1.301390162208384
v29CCCACCACACCACACCACACACCACACACCACACACACCACACADABCAAAEAE	29	1.4249052824355475	1.5666030785362148
v29CCCACCACACCACACCACACACCACACACCACACACACCACACADABCADEEAE	29	0.4159234162177295	1.2383808624742185
v29CCCACCACACCACACCACACACCACACACCADEACCACACACACDEACAACAAE	29	1.2902336440328248	1.052859568042003
v29CCCACCACACCACACCACACACCACACACCADEACCACACACACDECAACAABE	29	1.138749701067603	1.2104830801003401
v29CCCACCACACCACACCACACACCACACACCADEACCACACACACDECACAAABE	29	0.9426924086221384	1.301227438299281
v29CCCACCACACCACACCACACACCACACACCADEACCACACACACDECACAABAE	29	1.1793273294854385	1.2988141599460414
v29CCCACCACACCACACCACACACCACACACCADEACCACACACACDECACAADEE	29	1.4099945314807167	1.2981537012080362
v29CCCACCACCACACACAACCACACACAACCACACACAACCACACACAACAACAAE	29	0.8384688299693482	0.8694554850917977
v29CCCACCACCACACACACACACACACACACACACACACACACACACAACAACAAE	29	1.249494729520595	1.037091349760666
v29CCCACCACCACACACACACACACACACACACACACACACACACACACAACADEE	29	0.8647580435333337	1.0516905753998824
v29CCCACCACCACACACACACACACACACACACACACACACACACACACACAADEE	29	1.2545720862857674	1.0618318381217127
v29CCCACCACCACACACACACCACACACAACACCACACACAACACACACACAAAAE	29	0.8426401584960634	1.1227071383903235
v29CCCACCACCACACACACACCACACACAACACCACACACAACACACACACAADEE	29	0.9397158174684649	1.1132470556114231
v29CCCACCACCACACACACACCACACACAACACCACACACAACACCAACACAAAAE	29	0.8713025777928611	1.1049669683881675
v29CCCACCACCACACACACACCACACACACAACCACACACACAACACACACAAAAE	29	0.5086424010756689	1.2029258747043818
v29CCCACCACCACACACACACCACACACACAACCACACACACAACCAACACAAAAE	29	0.48609837658063143	1.1963172444850112
v29CCCACCACCACACACACACCACACACACAACCACACACACAACCAACACADEAE	29	0.4060607158095477	1.2036910780929815
v29CCCACCACCACACACACACCACACACACACACACACACAACACACACACAAAAE	29	1.1575508568034452	1.218450857044707
v29CCCACCACCACACACACACCACACACACACACACACACAACACACACACAADEE	29	1.135408312028022	1.2135051327437565
v29CCCACCACCACACACACACCACACACACACACACACACACAACACACACAAAAE	29	1.1769933398928325	1.2454484226742037
v29CCCACCACCACACACACACCACACACACACACACACACACACAACACACAAAAE	29	1.1373590069828214	1.2638553386252644
v29CCCACCACCACACACACACCACACACACACACACACACACACAACACACAADEE	29	0.9573817747012107	1.2609106443246243
v29CCCACCACCACACACACACCACACACACACACCAACACACAACACCAABACAAE	29	0.8217403750666576	1.1951315404049117
v29CCCACCACCACACACACACCACACACACACACCAACACACACACACCAABABAE	29	0.968487618089301	1.2256947425706177
v29CCCACCACCACACACACACCACACACACACACCACACACAACAACAACACAAAE	29	0.6437152980292248	1.251108171980587
v29CCCACCACCACACACACACCACACACACACACCACACACAACAACCAACADAEE	29	1.035863871183162	1.2484481934166487
v29CCCACCACCACACACCACACACACAACCACACACACAACCAACACACAABCAAE	29	0.7979899920563118	1.1668762994837127
v29CCCACCACCACACACCACACACACAACCACACACACAACCACACACACAABABE	29	1.3064036482955457	1.1991635340615192
v29CCCACCACCACACACCACACACACACACACACACACACAACACACACACAAAAE	29	0.39728510219965296	1.2573775374525313
v29CCCACCACCACACACCACACACACACACACACACACACAACACACACACAADEE	29	1.203421326207768	1.2877207299554887
v29CCCACCACCACACACCACACACACACACACACACACACACACAACACACAADEE	29	0.17522367716976536	1.1454427825506877
v29CCCACCACCACACACCACACACACACACCAACACACACAACCAACACACAAAAE	29	1.09646158121422	1.2663724790170046
v29CCCACCACCACACACCACACACACACACCAACACACACAACCAACACACAADEE	29	0.8180996019367747	1.2707709513055665
v29CCCACCACCACACACCACACACACACACCAACACACACACACAACACACAADEE	29	0.5431211398891891	1.285937480615319
v29CCCACCACCACACACCACACCACACACAACAACCACACACAAACCACACADEBE	29	0.45453274921678116	1.241510059156189
v29CCCACCACCACACACCACACCACACACACAACACCACACACAAACACAACADEE	29	0.7538485734310622	1.3400389990595976
v29CCCACCACCACACACCACACCACACACACACACACCADEACACACACACDEABE	29	0.776574101300402	1.1877528217072038
v29CCCACCACCACACACCACACCACACACACCACACACADEACACCACACADEAAE	29	0.8554075493541832	1.2278413550685032
v29CCCACCACCACACACCACACCACACACACCACACACCADEACACACACAADBEE	29	0.8216556207222496	1.3190969116808882
v29CCCACCACCACCACAACACCACACCACAACACCACAACCACAACAACAACAAAE	29	0.387970980785357	1.2163948435912653
v29CCCACCACCACCACAACACCACACCACAACACCACACACACAACAACAACAAAE	29	0.9880626419253258	1.2902154330800093
v29CCCACCACCACCACAACACCACACCACAACACCACACACCAAACACACAAADEE	29	1.5495301371043102	1.2505161360341517
v29CCCACCACCACCACAACACCACACCACAACACCACACACCACAACAACAAABBE	29	1.5642483916530692	1.2920702274165288
v29CCCACCACCACCACACAACCACACCACACAACCAACACCACACAACCAAABABE	29	0.59928836180533	1.3191754850153457
v29CCCACCACCACCACACAACCACACCACACAACCAACACCACACAACCAABAABE	29	0.8960210121122412	1.3113570333347284
v29CCCACCACCACCACACACAACACCACACACAACACCACACACAACAACAACAAE	29	1.5407304183554575	1.3101122918980384
v29CCCACCACCACCACACACAACACCACACACAACACCACACACAACAACACAAAE	29	0.84032673050101	1.2080796769985886
v29CCCACCACCACCACACACAACACCACACACAACACCACACACAACACACAABAE	29	1.127807310063326	1.3067132444717373
v29CCCACCACCACCACACACACACACCACACACAACACACACACACAACACADEAE	29	0.5882232525032559	1.3134145061052085
v29CCCACCACCACCACACACACACACCACACACAACACACCACACACAAACAADEE	29	0.36961699571865336	1.262003549209455
v29CCCACCACCACCACACACACACACCACACACAACACACCACACACAACAAADEE	29	0.8114793279715868	1.38613044211933
v29CCCACCACCACCACACACACACACCACACACAACACACCACACACAACAABBAE	29	0.38147919620058757	1.239193679778341
v29CCCACCACCACCACACACACACACCACACACAACACACCACACACAADECADEE	29	1.0823773489166997	1.5322377215745668
v29CCCACCACCACCACACACACACACCACACACACAACACCACACACAAACAADEE	29	0.3265654834670807	1.1753392218842715
v29CCCACCACCACCACACACACACACCACACACACAACACCACACACACAAABABE	29	0.32075317034183676	1.1918872444043946
v29CCCACCACCACCACACACACACACCACACACACAACACCACACACACAAABBAE	29	0.6003795892353021	1.24171323118958
v29CCCACCACCACCACACACACACACCACACACACAACACCACACACACAABABAE	29	0.42765710851462113	1.1935957683745613
v29CCCACCACCACCACACACACACACCACACACACAACACCACACACADEACADEE	29	0.8457023414475775	1.3411765925541936
v29CCCACCACCACCACACACACACACCACACACACACAACCACACACAACAABBAE	29	0.45870183236755696	1.2076111814762445
v29CCCACCACCACCACACACACACACCACACACACACAACCACACACAADECADEE	29	0.7374448707729582	1.3273705684585473
v29CCCACCACCACCACACACACACACCACACACACACAACCACACACACAAABABE	29	0.5915922290279488	1.2813873997090215
v29CCCACCACCACCACACACACACACCACACACACACAACCACACACACAAABBAE	29	0.9287395762830088	1.3952102335039487
v29CCCACCACCACCACACACACACACCACACACACACACACACACACACAABABAE	29	0.1393731672701074	1.1468733464012957
v29CCCACCACCACCACACACACACACCACACACACACACACACACACADEACADEE	29	0.2894203516665909	1.1747766845269856
v29CCCACCACCACCACACACACACACCACACACACACACACCACACAACADEAABE	29	0.3952228061889247	1.1957029675121034
v29CCCACCACCACCACACACACACACCACACACACACACACCACACACAADEABAE	29	0.5542271451867924	1.2562061671009015
v29CCCACCACCACCACACACACACACCACACACACACACACCACACACADEAABAE	29	0.33693171268999944	1.2071182652759718
v29CCCACCACCACCACACACACCACACCAAACACACCACACACDEACACACAABAE	29	1.1487566478297653	1.3317344611759048
v29CCCACCACCACCACACACACCACACCAACAACACCACACACCAAACACADEABE	29	0.8838412385596404	1.362835725032912
v29CCCACCACCACCACACACACCACACCAACAACACCACACACCAAACADCADEEE	29	0.732862412783812	1.35207326637672
v29CCCACCACCACCACACACACCACACCAACACAACCACACACCAACAADCADEEE	29	0.5685427754667497	1.2707389377687717
v29CCCACCACCACCACACACACCACACCAACACACACCACACACAACAAACADEAE	29	0.4532504371537791	1.256073891208031
v29CCCACCACCACCACACACACCACACCAACACACACCACACACCAAAABACADEE	29	0.5047624869294144	1.3001581795053976
v29CCCACCACCACCACACACACCACACCAACACACACCACACACCAAACAADABEE	29	0.44872272273105074	1.2469779592720736
v29CCCACCACCACCACACACACCACACCAACACACACCACACACCAAACAADBAEE	29	0.8359589766832876	1.378546593844988
v29CCCACCACCACCACACACACCACACCAACACACACCACACACCAACAAADABEE	29	0.7396392794708035	1.3129064853234567
v29CCCACCACCACCACACACACCACACCAACACACACCACACACCAACAAADBAEE	29	0.27558975353951615	1.1646961205200004
v29CCCACCACCACCACACACACCACACCAACACACACCACACACCAADEABCADEE	29	0.7708081055454047	1.4012028320300915
v29CCCACCACCACCACACACACCACACCACAAACACCACACACCADEACACAABAE	29	0.9873514440494199	1.2251302631844512
v29CCCACCACCACCACACACACCACACCACAACAACCACACACACAAACCADEABE	29	0.7516898259861935	1.3864796593882542
v29CCCACCACCACCACACACACCACACCACAACAACCACACACCACAAABCADEAE	29	0.5730886330045157	1.313283417961876
v29CCCACCACCACCACACACACCACACCACAACAACCACACACCACAAACADEAAE	29	1.3955471344956747	1.5000973335959409
v29CCCACCACCACCACACACACCACACCACAACAACCACACACCACAAACDABEAE	29	1.0969567688957584	1.5265073197788337
v29CCCACCACCACCACACACACCACACCACAACAACCACACACCACAAADCADEEE	29	1.1506181293427509	1.5225520043534444
v29CCCACCACCACCACACACACCACACCACAACACACACACACCADEACACAABAE	29	0.4013014425347231	1.1902122589664241
v29CCCACCACCACCACACACACCACACCACAACACACCACACACACAAAABCADEE	29	0.9988745279870253	1.4424680781646904
v29CCCACCACCACCACACACACCACACCACAACACACCACACACACAACAABBABE	29	0.9807948338336538	1.439937778663687
v29CCCACCACCACCACACACACCACACCACAACACACCACACACCAAAABACADEE	29	0.5644397490714281	1.3152092242889255
v29CCCACCACCACCACACACACCACACCACAACACACCACACACCAAABACAADEE	29	0.9462010426246686	1.488318927410734
v29CCCACCACCACCACACACACCACACCACAACACACCACACACCAAACAADABEE	29	0.3289300010354256	1.2056283164028345
v29CCCACCACCACCACACACACCACACCACAACACACCACACACCAAACAADBAEE	29	1.4131685975651016	1.6602830779080837
v29CCCACCACCACCACACACACCACACCACAACACACCACACACCACAAAABBABE	29	0.7607374222515179	1.3711320929646929
v29CCCACCACCACCACACACACCACACCACAACACACCACACACCACAAABABABE	29	0.28063908960899886	1.2379505545786096
v29CCCACCACCACCACACACACCACACCACAACACACCACACACCACAAABABBAE	29	0.11714348607028638	1.2020812320029521
v29CCCACCACCACCACACACACCACACCACAACACACCACACACCACAABABAABE	29	0.3258536569193326	1.2058221878538313
v29CCCACCACCACCACACACACCACACCACAACACACCACACACCACAADEDABEE	29	1.3370850065696858	1.6431415632921036
v29CCCACCACCACCACACACACCACACCACAACACACCACACACCADEAABCADEE	29	0.3396839622987444	1.1937049406987899
v29CCCACCACCACCACACACACCACACCACAACACACCACACACCADEABACADEE	29	0.3168337684224564	1.176846194860098
v29CCCACCACCACCACACACACCACACCACAACACACCACACACCADEACAADEAE	29	0.2928161509075341	1.1744996755578252
v29CCCACCACCACCACACACACCACACCACAACACACCACACACCADEACADABEE	29	0.3178124599029384	1.182838590755028
v29CCCACCACCACCACACACACCACACCACAACACACCACACACCADEACADBAEE	29	0.3169530550256512	1.1789282465727722
v29CCCACCACCACCACACACACCACACCACACAAACCACACACCACADECADEABE	29	1.1049899628821123	1.4814525758970656
v29CCCACCACCACCACACACACCACACCACACAACACCACACACACAAAABCADEE	29	0.7189545371826715	1.332118131437155
v29CCCACCACCACCACACACACCACACCACACAACACCACACACCAAAABACADEE	29	1.1223812432058566	1.4469709680454426
v29CCCACCACCACCACACACACCACACCACACAACACCACACACCAACAAABBABE	29	0.9091140645025219	1.39262341293108
v29CCCACCACCACCACACACACCACACCACACAACACCACACACCAACAAADABEE	29	0.31712052838194993	1.165220844223765
v29CCCACCACCACCACACACACCACACCACACAACACCACACACCAACAAADBAEE	29	0.614254561806099	1.2437327477820386
v29CCCACCACCACCACACACACCACACCACACAACACCACACACCAADEABCADEE	29	1.0423128694568287	1.4010733204992087
v29CCCACCACCACCACACACACCACACCACACAACACCACACACCACAAABABBAE	29	0.5582462005461519	1.2877569009078425
v29CCCACCACCACCACACACACCACACCACACAACACCACACACCACADEADABEE	29	0.5938927560123993	1.3272428835059202
v29CCCACCACCACCACACACACCACACCACACAACACCACACACCACADEADBAEE	29	1.0396774470105914	1.4201177550729116
v29CCCACCACCACCACACACACCACACCACACACAACCACACACACAAAABCADEE	29	0.8842252709088895	1.4017620503419326
v29CCCACCACCACCACACACACCACACCACACACAACCACACACCAAACAADABEE	29	1.2342797245978188	1.5920001318874268
v29CCCACCACCACCACACACACCACACCACACACAACCACACACCAAACAADBAEE	29	1.1215396584910535	1.554152317269922
v29CCCACCACCACCACACACACCACACCACACACAACCACACACCAACAAABBABE	29	0.9788836868752762	1.4155745431483546
v29CCCACCACCACCACACACACCACACCACACACAACCACACACCAACAAADABEE	29	1.357856781075128	1.6533645429826975
v29CCCACCACCACCACACACACCACACCACACACAACCACACACCAACAAADBAEE	29	0.6384405442922954	1.260598704805289
v29CCCACCACCACCACACACACCACACCACACACAACCACACACCADEAABCADEE	29	1.1022075845316135	1.462601390335921
v29CCCACCACCACCACACACACCACACCACACACAACDEACCACACACAAACADEE	29	1.1696884673876602	1.4938558880288457
v29CCCACCACCACCACACACACCACACCACACACACAAACACCACACACADEAABE	29	0.5362378096530445	1.2935110657892888
v29CCCACCACCACCACACACACCACACCACACACACACCACACACCAADEABAABE	29	0.5008505610097831	1.2627253211289626
v29CCCACCACCACCACACACACCACACCACACACACACCACACACCADEAABAABE	29	0.49043901656924815	1.258884352081168
v29CCCACCACCACCACACACACCACACCACACACACACCACACACCADEADEBABE	29	1.2677234880018342	1.622899533060243
v29CCCACCACCACCACACACACDECACACACACACACACACACACACACAACADEE	29	0.8865349715286849	1.1942301280131535
v29CCCACCACCACCACACCACAACACCACAACCACAACACCACAACCAAACAAAAE	29	0.9168445990232963	1.467525138300714
v29CCCACCACCACCACACCACAACACCACACACACAACACACACACACAACADEAE	29	0.7060613834582465	1.3452112872252289
v29CCCACCACCACCACACCACAACACCACACACACAACACCACACACAAACAADEE	29	1.2606605043237278	1.5872613084530083
v29CCCACCACCACCACACCACAACACCACACACACAACACCACACACACAAABABE	29	0.2763417273739339	1.1874856951264963
v29CCCACCACCACCACACCACAACACCACACACACAACACCACACACACAAABBAE	29	0.6062132371446076	1.2955782927078334
v29CCCACCACCACCACACCACAACACCACACACACAACACCACACACADEACADEE	29	0.7438061397862878	1.348686607894588
v29CCCACCACCACCACACCACAACACCACACACCAAACACACACACACDEACAABE	29	0.7070392519911276	1.3261502893069947
v29CCCACCACCACCACACCACAACACCACACACCAAACACCACAACACDEAACAAE	29	0.7807981425918669	1.3323301216433094
v29CCCACCACCACCACACCACAACACCACACACCAAACACCACACAACDEAACAAE	29	0.7230128946441124	1.3285985262503126
v29CCCACCACCACCACACCACAACACCACACACCAAACACCACACACACDEAAABE	29	1.254067038892668	1.6049752771804575
v29CCCACCACCACCACACCACAACACCACACACCAAACACCACACACACDEAABAE	29	1.190553711030668	1.5821748166555236
v29CCCACCACCACCACACCACAACACCACACACCAAACACCACACACACDEAADEE	29	1.4482600866553441	1.6037207289592272
v29CCCACCACCACCACACCACAACACCACACACCAAACACCACACACACDEABABE	29	1.1092365313548505	1.5577500945814862
v29CCCACCACCACCACACCACAACACCACACACCAAACACCACACACACDEABBAE	29	1.0750970462268241	1.5409144640522308
v29CCCACCACCACCACACCACAACACCACACACCAAACACCACACACADBECADEE	29	0.6851262994897646	1.3257806141434614
v29CCCACCACCACCACACCACAACACCACACACCAAACACCACACACADEACADEE	29	0.707309283015891	1.3278536236724792
v29CCCACCACCACCACACCACAACACCACACACCACAAACCACACAACCADEBABE	29	0.9813921026297138	1.5128368465289053
v29CCCACCACCACCACACCACAACACCACACACCACAAACCACACACAADECADEE	29	1.17007327596497	1.578213008708247
v29CCCACCACCACCACACCACAACACCACACACCACAAACCACACACACADEADEE	29	0.9521395475201024	1.471766568126403
v29CCCACCACCACCACACCACAACACCACACACCACAAACCACACACACADEBABE	29	1.3539841719446812	1.628559950857967
v29CCCACCACCACCACACCACAACACCACACACCACAACACACACACACAAABABE	29	1.0855466399721077	1.532285937680339
v29CCCACCACCACCACACCACAACACCACACACCACAACACACACACACADEADEE	29	0.5083753602062613	1.2656311844049646
v29CCCACCACCACCACACCACAACACCACACACCACAACACCAACAACCAAABAAE	29	0.748461034142341	1.3197570825005036
v29CCCACCACCACCACACCACAACACCACACACCACAACACCACACAACADEAABE	29	0.565093904795372	1.2813392322845445
v29CCCACCACCACCACACCACAACACCACACACCACAACACCACACAACDABEABE	29	0.7419919782905637	1.3544205171603003
v29CCCACCACCACCACACCACAACACCACACACCACAACACCACACAADCAAAEAE	29	1.2841703026152307	1.6467457770779548
v29CCCACCACCACCACACCACAACACCACACACCACAACACCACACAADCADEEAE	29	0.5432387241892761	1.260488267389252
v29CCCACCACCACCACACCACAACACCACACACCACAACACCACACACAADAEABE	29	0.704007876725868	1.3349736108464927
v29CCCACCACCACCACACCACAACACCACACACCACAACACCACACACADBAEBAE	29	0.8548850259205398	1.3995932191884284
v29CCCACCACCACCACACCACAACACCACACACCACAACACCACACACADBEAABE	29	1.2007221717772347	1.56845514889415
v29CCCACCACCACCACACCACAACACCACACACCADEACCACACACACDEACAABE	29	1.151464873426095	1.215459585376442
v29CCCACCACCACCACACCACACAACCACACACCAACAACCACACACACAAABABE	29	1.2010993083359855	1.588640370763001
v29CCCACCACCACCACACCACACAACCACACACCAACAACCACACACACAAABBAE	29	0.3085792447155417	1.187862698381737
v29CCCACCACCACCACACCACACAACCACACACCAACAACCACACACADBECADEE	29	0.8274204865659175	1.355365873996728
v29CCCACCACCACCACACCACACACACCACAACCACACACACACCACAABABABAE	29	1.2952601953960156e-16	1.1539221767052508
v29CCCACCACCACCACACCACACACACCACACACAACAACACACACACAAACADEE	29	0.10919300809561547	1.133585349433255
v29CCCACCACCACCACACCACACACACCACACACAACACAACCACACACAADEABE	29	0.7681498385576591	1.3490216837231048
v29CCCACCACCACCACACCACACACACCACACACAACACAACCACACACAADEBAE	29	1.0090596892740809	1.4537896462997408
v29CCCACCACCACCACACCACACACACCACACACACACAAACCACACACAADEBAE	29	1.053447927896365	1.401177841756192
v29CCCACCACCACCACACCACACACACCACACACACADEACCACACACADECADEE	29	1.1344317407614881	1.449546006625308
v29CCCACCACCACCACACCACACACACCACACACCACADEACCACACAACDAEABE	29	1.0576949310950174	1.533002060754569
v29CCCACCACCACCACACCACACACACCACACACCACADEACCACACACAADEABE	29	0.9989439362882346	1.4980385059928953
v29CCCACCACCACCACACCACACACACCACACACCACADEACCACACACAADEBAE	29	1.1909995934696949	1.5988939582257524
v29CCCACCACCACCACACCACACACACCACACACDEACAACCACACACAAACADEE	29	1.3498570552193982	1.4492149334262512
v29CCCACCACCACCACACCACACACACCACACACDEACACACACACACAAACADEE	29	0.6876834832215781	1.3370429548375014
v29CCCACCACCACCACACCACACACACCACACACDEACACACCACACACAADEBAE	29	1.4766471125008618	1.691812733043332
v29CCCACCACCACCACACCACACCAACCACACACADECAACCACACACAAACADEE	29	1.0604793576014724	1.4755106028687615
v29CCCACCACCACCACACCACACCAACCACACACDEACAACCACACACAAACADEE	29	1.052101953851571	1.468692449856511
v29CCCACCACCACCACACCACACCAACDEACCACACACCAAACCACACAACDEABE	29	1.5213184376599234	1.2076793346047068
v29CCCACCACCACCACACCACACCACACDEACCAACACACACAACCAACACAAAAE	29	0.8859945424686977	1.423778156663956
v29CCCACCACCACCACACCACACCACACDEACCAACACCAACAACCAACACAAAAE	29	1.2917466918922507	1.3742893515170218
v29CCCACCACCACCACACCACACCACACDEACCACACACAACAACCAACACAAAAE	29	0.9661369237020615	1.4451951310153928
v29CCCACCACCACCACACCACACCACACDEACCACACACCACAAACCACAAABABE	29	0.18000346355708394	1.2243268302709684
v29CCCACCACCACCACACCACACCACACDEACCACACACCACAAACCACADEBABE	29	0.9711097389308603	1.4338234281105744
v29CCCACCCACCACCACAACCAACCACACACAACCAACCAACACAACCAABCAABE	29	0.6184490877345343	1.306311090524629
v29CCCACCCACCACCACAACCAACCACACCAAACCAACCACACACDECAABCAAAE	29	1.5782911814939133	1.4622626355612574
v29CCCACCCACCACCACAACCAACCACACCAAACCAACCACACACDECAABCADEE	29	0.8945782864049291	1.4108604008574075
v29CCCACCCACCACCACAACCACACCACACCACAACCACACAACACAACAABBABE	29	-1.2609097754699058e-15	1.1388199403844597
v29CCCACCCACCACCACACACACACCACACCAACACACAACCADECAACACAAAAE	29	0.7339280742726232	1.3252811689913353
v29CCCACCCACCACCACACCAACACACACCACAACCAACAACACACAACCAAABAE	29	-1.5455191087279104e-15	1.1082561894746619
v29CCCCACCACACACCACACCACACACACCACACACACACACAACACACAAABABE	29	-3.3611938804980574e-17	1.1618175296522417
v30CCCACACACCAACACACCAACACACCAACACACCAACACACCAACACACCAACAAE	30	2.4619188346815446	0.131917100575291
v30CCCACACACCACACACACACACACACACACACACACACACACACACACACACAAAE	30	1.6469747182294232	0.5503321781242537
v30CCCACACACCACACACACACACACACACACACACACACACACACACACACACAABE	30	1.5305107546354106	0.5498214433226927
v30CCCACACACCACACACACACACACACACACACACACACACACACACACACACADEE	30	1.5866701610466714	0.5412226492829761
v30CCCACACACCACACACACCACACACAACCACACACAACCACACACAACACACAAAE	30	0.2829535168179144	0.7221447259919844
v30CCCACACACCACACACACCACACACAACCACACACAACCACACACAACCACAADEE	30	0.3394160272858796	0.722142386298362
v30CCCACACACCACACACACCACACACACACACACACACAACACACACAACACACAAE	30	0.9781669315911979	0.6919145181195616
v30CCCACACACCACACACACCACACACACACACACACACACACACACACAACACAABE	30	1.0050520304393546	0.8254968229838267
v30CCCACACACCACACACACCACACACACACACACACACACACACACACACACADEAE	30	1.3376234248730052	0.8255850910004718
v30CCCACACACCACACACACCACACACACACCAACACACAACCAACACAACCAACAAE	30	1.2767903259802016	0.6486538434615322
v30CCCACACACCACACACACCACACACACACCACACACACAACACACACACAACADEE	30	0.7731677847825851	0.8816555620351769
v30CCCACACACCACACACACCACACACACACCACACACACAACCACACACACAAAABE	30	0.9061618854214704	0.8961208538119665
v30CCCACACACCACACACACCACACACACACCACACACACAACCACACACACAABDEE	30	0.9930574010446923	0.8993615995419084
v30CCCACACACCACACACACCACACACACACCACACACACACAACACACAACAACAAE	30	1.1803078682547479	0.8815356903002478
v30CCCACACACCACACACACCACACACACACCACACACACACAACACACACACAADEE	30	1.2354257648472045	0.8975461414996049
v30CCCACACACCACACACACCACACACACACCACACACACACACACACACAACAAABE	30	0.5187779036776761	0.9120839455768244
v30CCCACACACCACACACACCACACACACACCACACACACACACACACACACAAAABE	30	0.5024810789749798	0.9241119449711988
v30CCCACACACCACACACACCACACACACACCACACACADECACACACAACACACAAE	30	0.9776345686634955	0.7241603238739439
v30CCCACACCACACAACCACACAACCACACAACCACACAACCACACAACCACACAAAE	30	1.244592896897721	0.3216761306216428
v30CCCACACCACACAACCACACAACCACACAACCACACAACCACACAACCACACAABE	30	1.244592896897721	0.32167649057177766
v30CCCACACCACACACACCAACACACACCAACACACACCAACACACACCAACACAAAE	30	1.3060017223305989	0.41063529286278994
v30CCCACACCACACACACCACACACAACCACACACAACCACACACAACACACACAAAE	30	0.6662727769927298	0.6549227307172037
v30CCCACACCACACACACCACACACAACCACACACAACCACACACAACACACACAABE	30	0.6930690291615204	0.6527117865110262
v30CCCACACCACACACACCACACACAACCACACACAACCACACACAACCACAACAABE	30	0.7024635650239672	0.6509793376213918
v30CCCACACCACACACACCACACACAACCACACACAACCACACACAACCACACAAAAE	30	0.6994224749452324	0.6498943125813228
v30CCCACACCACACACACCACACACAACCACACACAACCACACACAACCACACAAABE	30	0.6895187337107239	0.6515598950188892
v30CCCACACCACACACACCACACACACACACACACACACACACACACAACACAACAAE	30	0.7997964583980947	0.7559875347178349
v30CCCACACCACACACACCACACACACACACACACACACACACACACAACACACADEE	30	0.43236310942322004	0.7425379520867266
v30CCCACACCACACACACCACACACACACACACACACACACACACACACAACAACAAE	30	1.2805952332376385	0.7695158393930875
v30CCCACACCACACACACCACACACACACACACACACACACACACACACACAAACAAE	30	1.3536921657928696	0.7722790400014032
v30CCCACACCACACACACCACACACACACACACACACACACACACACACACACAABAE	30	1.2374750318262895	0.7813030457184231
v30CCCACACCACACACACCACACACACACACACACACACACACACACACACACAADEE	30	1.32080958125878	0.7812762130181014
v30CCCACACCACACACACCACACACACACCACACACACAACACACACACAACACAABE	30	0.15588783149160199	0.8153497859958705
v30CCCACACCACACACACCACACACACACCACACACACAACCAACACACAACCAAABE	30	0.8386386000194102	0.8025754522584384
v30CCCACACCACACACACCACACACACACCACACACACAACCACACACACAAACAAAE	30	0.48034091284845354	0.8481240239311633
v30CCCACACCACACACACCACACACACACCACACACACAACCACACACACAAACADEE	30	0.5930269363366278	0.8320226047826306
v30CCCACACCACACACACCACACACACACCACACACACAACCACACACACAACAADEE	30	0.48034091284845354	0.8449184235813132
v30CCCACACCACACACACCACACACACACCACACACACACAACACACAACAACACAAE	30	0.4414148155073693	0.7890329110340165
v30CCCACACCACACACACCACACACACACCACACACACACAACACACACACAACAABE	30	1.180812947585906	0.8391329374654992
v30CCCACACCACACACACCACACACACACCACACACACACACACACACAACAAACAAE	30	0.5767490798565784	0.8518350280857865
v30CCCACACCACACACACCACACACACACCACACACACACACACACACAACACAABAE	30	0.5085900839235481	0.8441640195143427
v30CCCACACCACACACACCACACACACACCACACACACACACACACACACAAACAAAE	30	1.4025259464571846	0.8744478452706592
v30CCCACACCACACACACCACACACACACCACACACACACACACACACACAAACADEE	30	0.7413940345324663	0.8596435770113007
v30CCCACACCACACACACCACACACACACCACACACACACACACACACACAACAADEE	30	0.6344448672215433	0.8699311754606339
v30CCCACACCACACACACCACACACACACCACACACACACACACACACACACAAADEE	30	0.6685346186216721	0.8693604961086935
v30CCCACACCACACACACCACACACACACCACACACACACACACACACACACAABABE	30	0.6218086084180455	0.8567456808311715
v30CCCACACCACACACACCACACACACACCACACACACACACCAACACAACAACAAAE	30	1.1208456841299537	0.8446679737717173
v30CCCACACCACACACACCACACACACACCACACACACACACCAACACACACAABBAE	30	0.8038868632419252	0.8397857243681341
v30CCCACACCACACACACCACACACACACCACACACACACACCACACACACADEAABE	30	0.1706487798723444	0.8635820453075376
v30CCCACACCACCACACACAACCACACACAACCACACACAACCACACACAACAACAAE	30	0.8383427538547296	0.7707730637703015
v30CCCACACCACCACACACACACCACACACACAACCACACACACAACACACACADEAE	30	1.4410844423266558	1.1349385016362155
v30CCCACACCACCACACACACACCACACACACACACACACACACAACACACACADEAE	30	0.5239994620048444	1.1639613614535134
v30CCCACACCACCACACACACACCACACACACACACCACACACACAAACCACAABABE	30	0.755515750084172	1.1862371874182998
v30CCCACACCACCACACACACACCACACACACACACCACACACACADECACACAABAE	30	0.24571483232161323	1.1885306419609232
v30CCCACACCACCACACACCACAACACACACCACAACACACACCACAACADECACAAE	30	-6.283185307179586	0.8181809923295953
v30CCCACACCACCACACACCACACCACACACAACACACACACACAACAACACACAAAE	30	0.38298043333152	1.2449716482788449
v30CCCACACCACCACACACCACACCACACACAACACACCACAACAACACACACAAABE	30	0.3425440359481723	1.1305345673485367
v30CCCACACCACCACACACCACACCACACACAACACACCACACACAACACACAAADEE	30	0.24371548918979904	1.247501066300171
v30CCCACACCACCACACACCACACCACACACACAAACCACACACADECACACACAAAE	30	1.457244386581995	1.1845973002625554
v30CCCACACCACCACACACCACACCACACACACACACACCADEACACACACACDEABE	30	1.5746178589954376	1.094242732723318
v30CCCACACCACCACACACCACACCACACACACCAACACCADEACACCAACACDEABE	30	0.7868729384619696	1.0974884341318347
v30CCCACACCACCACACACCACACCACACACACCACACACCADEACACCAABACADEE	30	0.40516919353910086	1.248458240828833
v30CCCACCACACACACCACACACAACCACACACAACCACACACAACCACACACAABBE	30	1.680764970004549	0.6712697324201848
v30CCCACCACACACACCACACACACACCACACACACAACCACACACACAAACACAABE	30	0.520753412084171	0.8944135530506143
v30CCCACCACACACACCACACACACACCACACACACACACACACACACAAACACAABE	30	0.4560781079510893	0.9270856393845146
v30CCCACCACACCACAACACACCACAACACACCACAACACACCACAACACACACAABE	30	1.131012981604248	0.46867419648967495
v30CCCACCACACCACACACAACCACACACAACCACACACAACCACACACAACACAAAE	30	0.3200129007499434	0.7833418260774859
v30CCCACCACACCACACACAACCACACACAACCACACACAACCACACACAACCAAABE	30	0.2911400703420516	0.7839515796349007
v30CCCACCACACCACACACACACACACACACACACACACACACACACACACAACAABE	30	0.7279795958491306	1.0013074043071644
v30CCCACCACACCACACACACACACACACACACACACACACACACACACACACAAABE	30	0.5970920516367872	1.0110800772088964
v30CCCACCACACCACACACACACACACACACACACACACACACACACACACACAABAE	30	0.7414342158988387	1.0038118895869392
v30CCCACCACACCACACACACACCACACACAACACCACACACAACACACAACAACAAE	30	1.261996142492614	0.9477590454762789
v30CCCACCACACCACACACACACCACACACAACACCACACACAACACACACACAABAE	30	1.6279213384319542	1.0830532107814923
v30CCCACCACACCACACACACACCACACACAACACCACACACAACACCAACACAABAE	30	0.8953914206038454	1.0731423520541206
v30CCCACCACACCACACACACACCACACACAACACCACACACAACACCACAACAAAAE	30	0.8203474843557145	0.9922676387009794
v30CCCACCACACCACACACACACCACACACACAACCACACACACAACAACACACAAAE	30	0.07323777528147526	1.1419398593815582
v30CCCACCACACCACACACACACCACACACACAACCACACACACAACACAACACAAAE	30	0.3261889718905559	1.1512283220244166
v30CCCACCACACCACACACACACCACACACACAACCACACACACAACACAACACAABE	30	0.3373147916620071	1.1494478834080084
v30CCCACCACACCACACACACACCACACACACAACCACACACACAACCACAACAAAAE	30	0.28324429648300126	1.1478264348928313
v30CCCACCACACCACACACACACCACACACACAACCACACACACAACCACAACADEAE	30	0.5544594377299525	1.1627060746211166
v30CCCACCACACCACACACACACCACACACACAACCACACACACAACCACAACADEBE	30	0.3361236849438183	1.1537404786868448
v30CCCACCACACCACACACACACCACACACACACACACACACACAACAACACACAAAE	30	0.6591508468294998	1.1769012073228806
v30CCCACCACACCACACACACACCACACACACACACACACACACAACACAACACAABE	30	0.9675567965341152	1.190352600826347
v30CCCACCACACCACACACACACCACACACACACACACACACACACACACAACADEAE	30	0.28651670650794986	1.1903414733936297
v30CCCACCACACCACACACACACCACACACACACACCAACACACAACACAACACAAAE	30	1.262852694220975	1.1574357876156096
v30CCCACCACACCACACACACACCACACACACACACCAACACACAACACCAACADAEE	30	1.0173400565267312	1.1565736548650505
v30CCCACCACACCACACACACACCACACACACACACCAACACACACAACAACACAAAE	30	0.9550842937690676	1.1734551752678741
v30CCCACCACACCACACACACACCACACACACACACCACACACAACAACACAACAAAE	30	0.4464239415319191	1.223964974124841
v30CCCACCACACCACACACACACCACACACACACACCACACACAACAACCACAADAEE	30	0.4316453260045296	1.2093489386711163
v30CCCACCACACCACACACACACCACACACACACACCACACACAACACAACAACAAAE	30	0.3845395462010912	1.2302270928729158
v30CCCACCACACCACACACACACCACACACACACACCACACACACAAACACAACADEE	30	0.5899442556826378	1.229510238949013
v30CCCACCACACCACACACACACCACACACACACACCACACACACAAACCACAABABE	30	0.779269069328127	1.226552206237093
v30CCCACCACACCACACACACACCACACACACACACCACACACACAAACCACAADAEE	30	0.5353047590233182	1.2255584930671337
v30CCCACCACACCACACACACACCACACACACACACCACACACACAACAACAACAAAE	30	0.28113361839173495	1.167865654309938
v30CCCACCACACCACACACACACCACACACACACACCACACACACAACACACAABABE	30	0.5269409134163366	1.2441186802886186
v30CCCACCACACCACACACACACCACACACACACACCACACACACAACACADEACAAE	30	1.2266611728546437	1.2042725883754093
v30CCCACCACACCACACACACACCACACACACACACCACACACACAACACCADEABAE	30	0.42730477686575624	1.2053368366172068
v30CCCACCACACCACACACACACCACACACACACACCACACACACACAABCACAABAE	30	0.7687959753450269	1.2462896490434876
v30CCCACCACACCACACACACACCACACACACACACCACACACACACAACACAABABE	30	0.5432076340084988	1.2523682893643806
v30CCCACCACACCACACACACACCACACACACACACCACACACACACAACADEACAAE	30	0.7450416730053776	1.2228575652031717
v30CCCACCACACCACACACACACCACACACACACACCACACACACACAACCADEAABE	30	0.7229896732408693	1.2139924371531439
v30CCCACCACACCACACACACACCACACACACACACCACACACACACAACCADEABAE	30	0.2815898735764946	1.2064273989317773
v30CCCACCACACCACACACACACCACACACACACACCACACACACACACACADEAABE	30	1.2254585199342276	1.2252401348462496
v30CCCACCACACCACACACACACCACACACACACACCACACACACACACACADEABAE	30	0.43648216763922343	1.2336627505216629
v30CCCACCACACCACACACACACCACACACACACACCACACACACACACACADEADEE	30	0.10245593277199691	1.1536743642366383
v30CCCACCACACCACACACACACCACACACACACACCACACACACADECACAACAAAE	30	0.1391512182454696	1.1438838350517349
v30CCCACCACACCACACACACACCACACACACACACCACACACACADECACAACADEE	30	0.5776420490029788	1.2279794108440487
v30CCCACCACACCACACCAACACCAACACCAACACCAACACCAACACCAACACDEABE	30	1.2309594173407736	0.8427067492384137
v30CCCACCACACCACACCAACACCACACACAACACCACACACAACACACAACAACAAE	30	1.2244251630380205	0.9284706747406435
v30CCCACCACACCACACCAACACCACACACAACACCACACACAACACACACACAAAAE	30	1.1258242707488777	1.1053254260932857
v30CCCACCACACCACACCAACACCACACACAACACCACACACAACACCACAACAAAAE	30	0.9789332322242081	0.9787721428715461
v30CCCACCACACCACACCAACACCACACACCAACACACACACACAACACAACACAABE	30	0.6166947770759036	1.1668217525137519
v30CCCACCACACCACACCAACACCACACACCAACACACACACACCAACACAACAAAAE	30	1.296996560224604	1.1916349409018605
v30CCCACCACACCACACCAACACCACACACCAACACACACACACCAACACAACAADEE	30	0.7017520030313702	1.1989374024850106
v30CCCACCACACCACACCAACACCACACACCAACACCACACACACAAACACAACADEE	30	0.6166553001698286	1.2121450931718145
v30CCCACCACACCACACCAACACCACACACCAACACCACACACACAAACCACAABABE	30	0.49489216232125277	1.211431873439188
v30CCCACCACACCACACCAACACCACACACCAACACCACACACACAACAACAACAAAE	30	0.876589751395322	1.2335608994318126
v30CCCACCACACCACACCAACACCACACACCAACACCACACACACAACACACAABABE	30	0.6930621920080233	1.2321948237976956
v30CCCACCACACCACACCAACACCACACACCAACACCACACACACAACACADEACAAE	30	0.5080658565342878	1.1896887632479416
v30CCCACCACACCACACCAACACCACACACCAACACCACACACACAACACCADEABAE	30	0.4598890915596168	1.194042184522899
v30CCCACCACACCACACCAACACCACACACCAACACCACACACACCAABABCACAABE	30	0.603703791904029	1.2225810792141676
v30CCCACCACACCACACCAACACCACACACCAACACCACACACACCAABACACAABAE	30	0.9610212804612652	1.2366320545805074
v30CCCACCACACCACACCAACACCACACACCAACACCACACACACCAABACCADEABE	30	0.5347583663473278	1.1958071795534468
v30CCCACCACACCACACCAACACCACACACCAACACCACACACACCAACAACAADEBE	30	1.5311091836030841	1.2396613911996013
v30CCCACCACACCACACCAACACCACACACCAACACCACACACACCAACACADEAABE	30	0.23758416439136432	1.070632583440149
v30CCCACCACACCACACCAACACCACACACCAACACCACACACACCAACACADEABAE	30	0.6250045849898954	1.2115670170768014
v30CCCACCACACCACACCAACACCACACACCAACACCACACACACDEACACAACAAAE	30	0.25103029750651185	1.1202333914322422
v30CCCACCACACCACACCAACACCACACACCAACACCACACACACDEACACAACADEE	30	0.6802207621640709	1.1870031884124332
v30CCCACCACACCACACCAACACCACACACCAACACCACACACACDEACCACAABABE	30	0.48042321118972064	1.1765580378866207
v30CCCACCACACCACACCAACACCACACACDEACCACACACAACCACACACAAACAAE	30	1.1585926299437888	0.7593125516918362
v30CCCACCACACCACACCACACAACACACCACACAACACACCACACAACAACAACAAE	30	0.9390872643222798	0.9438222597490965
v30CCCACCACACCACACCACACAACACACCACACAACACACCACACAACAACACAAAE	30	1.2715713479694546	0.849575672073813
v30CCCACCACACCACACCACACACACACACCACACACACACACACCAACACADEABAE	30	0.09367877557957682	1.1673368396545711
v30CCCACCACACCACACCACACACCACACAACACACACCACACAACACAACACAAABE	30	0.3791733605336507	1.3174971406176241
v30CCCACCACACCACACCACACACCACACACAACACACACACACAACACACAACAAAE	30	1.080632350604364	1.3314053980809917
v30CCCACCACACCACACCACACACCACACACAACACACCACACACAAACACACAADEE	30	0.911720480134653	1.1234902028185443
v30CCCACCACACCACACCACACACCACACACAACACACCACACACAACAACACAAAAE	30	0.5044657112692883	1.2666721502727079
v30CCCACCACACCACACCACACACCACACACAACACACCACACACAACAACACAABAE	30	0.6642569536331744	1.3473904552339844
v30CCCACCACACCACACCACACACCACACACAACACACCACACACAACACAACAADEE	30	0.5342902292317224	1.3095324828228907
v30CCCACCACACCACACCACACACCACACACAACACACCACACACAACACACADEAAE	30	1.1555351802188034	1.25788828709844
v30CCCACCACACCACACCACACACCACACACACAACACACACACACAACACAACAAAE	30	0.5510998091615014	1.2122676184116334
v30CCCACCACACCACACCACACACCACACACACAACACACACACACAACACAACADEE	30	0.5640367432381571	1.2486671562093918
v30CCCACCACACCACACCACACACCACACACACAACACCACACACAAACACACAADEE	30	1.0338583519872309	1.1526193542392602
v30CCCACCACACCACACCACACACCACACACACAACACCACACACACAAABCACAABE	30	0.5043682240293877	1.2207836118116862
v30CCCACCACACCACACCACACACCACACACACAACACCACACACACAAACACAABAE	30	0.4097181086129398	1.2202472393578774
v30CCCACCACACCACACCACACACCACACACACAACACCACACACACAAACCADEABE	30	0.44160296496453566	1.2108723675258064
v30CCCACCACACCACACCACACACCACACACACAACACCACACACACAACAACAAABE	30	0.649319279167114	1.2639653727946696
v30CCCACCACACCACACCACACACCACACACACAACACCACACACACAACACADEAAE	30	0.5306545931434339	1.2356080100011382
v30CCCACCACACCACACCACACACCACACACACAACACCACACACACAACACADEABE	30	0.3013345125879169	1.1580859734208167
v30CCCACCACACCACACCACACACCACACACACACAACACACAACACAACACAACAAE	30	-2.5447198308905523e-15	1.2385943746099586
v30CCCACCACACCACACCACACACCACACACACACAACCACACACAACAACACAABAE	30	0.42764790677250847	1.2171488175669036
v30CCCACCACACCACACCACACACCACACACACACAACCACACACACAAABCACAABE	30	1.0871447378395627	1.3260409627378598
v30CCCACCACACCACACCACACACCACACACACACAACCACACACACAAACACAABAE	30	1.1064050001338044	1.4017259899199095
v30CCCACCACACCACACCACACACCACACACACACAACCACACACACAAACCADEABE	30	1.2020195957743935	1.375661308705686
v30CCCACCACACCACACCACACACCACACACACACAACCACACACACACAABCADEAE	30	0.7749820558700191	1.3456473319023863
v30CCCACCACACCACACCACACACCACACACACACAACCACACACACACAACADEAAE	30	0.49197250425071876	1.1334032301282095
v30CCCACCACACCACACCACACACCACACACACACACACACACACAACAACACAABAE	30	0.6208879721481448	1.2651806638544045
v30CCCACCACACCACACCACACACCACACACACACACACACACACACAAACACAABAE	30	1.104984109228532	1.4361209264211852
v30CCCACCACACCACACCACACACCACACACACACACACACACACACAACACADEABE	30	0.7839262198237705	1.2837114515142127
v30CCCACCACACCACACCACACACCACACACACACACACACACACACACAACADEABE	30	0.7522984129464559	1.336217136565158
v30CCCACCACACCACACCACACACCACACACACACACACCACACAACACACAAABABE	30	-1.1868949071615617e-15	1.2454041507754114
v30CCCACCACACCACACCACACACCACACACACACACACCACACACAACAAACADEAE	30	0.5086656546407236	1.2390494957033056
v30CCCACCACACCACACCACACACCACACACACACACACCACACACAACAACAADEAE	30	0.4559691976389596	1.217258314512101
v30CCCACCACACCACACCACACACCACACACACACACACCACACACAACADECADEAE	30	0.608774500993924	1.3183294242607146
v30CCCACCACACCACACCACACACCACACACACACACACCACACACACAAAABCADEE	30	0.8513336016924945	1.3142060714397517
v30CCCACCACACCACACCACACACCACACACACACACACCACACACACAAACAADEAE	30	0.9763215991225168	1.3976118302522456
v30CCCACCACACCACACCACACACCACACACACACACACCACACACACAAACADBAEE	30	1.1090319872709384	1.442855181516788
v30CCCACCACACCACACCACACACCACACACACACACACCACACACACAACAABBABE	30	1.296788459027603	1.4423271854566364
v30CCCACCACACCACACCACACACCACACACACACACACCACACACACAACAADBAEE	30	0.7499452806633196	1.347185196187915
v30CCCACCACACCACACCACACACCACACACACACACACCACACACACAADECADEAE	30	0.9759542138566765	1.4220225033875042
v30CCCACCACACCACACCACACACCACACACACACACACCACACACACACAAABBABE	30	0.17070843534985172	1.1982099298006246
v30CCCACCACACCACACCACACACCACACACACACACACCACACACACACAAADBAEE	30	0.605162200290364	1.2890862423526848
v30CCCACCACACCACACCACACACCACACACACACACACCACACACACACAABABABE	30	0.20867130603208328	1.1604970200551366
v30CCCACCACACCACACCACACACCACACACACACACACCACACACACACAABABBAE	30	0.5957636724680424	1.311381478457133
v30CCCACCACACCACACCACACACCACACACACACACACCACACACACADEABCADEE	30	0.5741123521379287	1.2566748571682897
v30CCCACCACACCACACCACACACCACACACACACACACCACACACACADEACADEAE	30	0.4583761609494476	1.1994780001521375
v30CCCACCACACCACACCACACACCACACACACACACACCACACACADEACAACAABE	30	0.885484762441688	1.396494005211895
v30CCCACCACACCACACCACACACCACACACCAAACACCACACACACDEABCACAABE	30	0.5295686029390803	1.231481323668222
v30CCCACCACACCACACCACACACCACACACCAAACACCACACACACDEACACAABAE	30	1.332776554608916	1.3225889466711662
v30CCCACCACACCACACCACACACCACACACCAAACACCACACACACDEACCADEABE	30	0.5295686029390799	1.1953390964057118
v30CCCACCACACCACACCACACACCACACACCAACACACACACACACAAACACAABAE	30	0.31321691661010437	1.1997731117488595
v30CCCACCACACCACACCACACACCACACACCAACACACACACACACAACACADEAAE	30	0.2207508470613593	1.1894982514469474
v30CCCACCACACCACACCACACACCACACACCAACACACACACACACAACACADEABE	30	0.3897496953700619	1.2326542066858306
v30CCCACCACACCACACCACACACCACACACCAACACACACACACACCAAACADEAAE	30	1.2129280202386603	1.399030810761698
v30CCCACCACACCACACCACACACCACACACCAACACACACACACACCAABACADEAE	30	0.6132091478365188	1.2448607343031644
v30CCCACCACACCACACCACACACCACACACCAACACACACACACACDEACACAABAE	30	0.5797144947108968	1.2131058396753434
v30CCCACCACACCACACCACACACCACACACCAACACACCACACAACCAAAABACAAE	30	0.587028722059087	1.2587013507101388
v30CCCACCACACCACACCACACACCACACACCAACACACCACACAACCAAACADABEE	30	0.9862030725461889	1.393243549865844
v30CCCACCACACCACACCACACACCACACACCAACACACCACACAACCAACAABBABE	30	0.9830612436059744	1.4101886299212967
v30CCCACCACACCACACCACACACCACACACCAACACACCACACAACCAACAADABEE	30	0.45303588417360163	1.2376722965938225
v30CCCACCACACCACACCACACACCACACACCAACACACCACACAACCAADEBACAAE	30	0.7706763480631774	1.3352716627290486
v30CCCACCACACCACACCACACACCACACACCAACACACCACACACACAAAABCADEE	30	0.5977917795821834	1.2266688485501873
v30CCCACCACACCACACCACACACCACACACCAACACACCACACACACAAACAADEAE	30	0.3249597560877016	1.1805285992796055
v30CCCACCACACCACACCACACACCACACACCAACACACCACACACACAAACADBAEE	30	0.8710287669814026	1.346397572058799
v30CCCACCACACCACACCACACACCACACACCAACACACCACACACACAACAABBABE	30	1.0226458619484433	1.4296163262566468
v30CCCACCACACCACACCACACACCACACACCAACACACCACACACACAACAADBAEE	30	0.3109907710970128	1.2439958189471632
v30CCCACCACACCACACCACACACCACACACCAACACACCACACACACAADECADEAE	30	0.346819209209911	1.146241519741409
v30CCCACCACACCACACCACACACCACACACCAACACACCACACACACCAAAABADEE	30	0.6150853607237524	1.2179449522185315
v30CCCACCACACCACACCACACACCACACACCAACACACCACACACACCAAAABBABE	30	1.0412168968252888	1.426752281999687
v30CCCACCACACCACACCACACACCACACACCAACACACCACACACACCAAABABABE	30	0.08441949968997982	1.1780647157509514
v30CCCACCACACCACACCACACACCACACACCAACACACCACACACACCAAABABBAE	30	0.7395261742775477	1.2961626873231282
v30CCCACCACACCACACCACACACCACACACCAACACACCACACACACCAABAABABE	30	0.44442520931390933	1.2445328525958872
v30CCCACCACACCACACCACACACCACACACCAACACACCACACACACCAABAABBAE	30	0.46729419345558726	1.2153055635536352
v30CCCACCACACCACACCACACACCACACACCAACACACCACACACACCAABABABAE	30	0.1851722206424928	1.18587427525034
v30CCCACCACACCACACCACACACCACACACCAACACACCACACACACCAADEBADEE	30	0.7017448891398161	1.3232290933121302
v30CCCACCACACCACACCACACACCACACACCAACACACCACACACACDEAABCADEE	30	0.27551803572016026	1.1951520410629604
v30CCCACCACACCACACCACACACCACACACCAACACACCACACACACDEAACADEAE	30	0.20837347808965212	1.1170581686419145
v30CCCACCACACCACACCACACACCACACACCAACACACCACACACACDEACAADEAE	30	0.566188861799743	1.2307096783641875
v30CCCACCACACCACACCACACACCACACACCAACACACCACACACACDEACADBAEE	30	0.453367452646157	1.190133148314579
v30CCCACCACACCACACCACACACCACACACCAACACACCACACACADBAECACAABE	30	0.5256162681769209	1.192235967540564
v30CCCACCACACCACACCACACACCACACACCAACACACCACACACADBEACACAABE	30	0.25369222044242035	1.1882299508876004
v30CCCACCACACCACACCACACACCACACACCAACACACCACACACADEACAACAABE	30	0.6149585269576132	1.2527755115264216
v30CCCACCACACCACACCACACACCACACACCACACACACACACAACCACAABABABE	30	1.0027339225668372	1.4103262396024432
v30CCCACCACACCACACCACACACCACACACCACACACACACACAACCADEABACAAE	30	0.8887686334866753	1.3429886784078395
v30CCCACCACACCACACCACACACCACACACCACACACACACACACACACAABABABE	30	0.9584065318688751	1.4222315725490418
v30CCCACCACACCACACCACACACCACACACCACACACACACACACACADEACADEAE	30	0.484425216065273	1.2564958166483031
v30CCCACCACACCACACCACACACCACACACCACACACACACACACACCAAAABADEE	30	0.5641229761170572	1.2213182745162845
v30CCCACCACACCACACCACACACCACACACCACACACACACACACACCAAABABABE	30	0.32288135841997134	1.1897492537714771
v30CCCACCACACCACACCACACACCACACACCACACACACACACACACCAABAABABE	30	1.1312131401872885	1.4815032110523623
v30CCCACCACACCACACCACACACCACACACCACACACACACACACACCAABABABAE	30	0.6677366203022339	1.3482051053806559
v30CCCACCACACCACACCACACACCACACACCACACACACACACACACCADEABADEE	30	0.8023404397735397	1.3510631023485775
v30CCCACCACACCACACCACACACCACACACCACACACACACACACACDEAACADEAE	30	0.4430508649102708	1.2272678117571074
v30CCCACCACACCACACCACACACCACACACCACACACACACACACADBEACACAABE	30	1.0603978200024127	1.2840884518987736
v30CCCACCACACCACACCACACACCACACACCACACACACCACACACAACAAAABBAE	30	0.24901543649910735	1.1278907348503517
v30CCCACCACACCACACCACACACCACACACCACACACACCACACACAACADEABBAE	30	0.42085111195203073	1.2152016458010562
v30CCCACCACACCACACCACACACCACACACCACACACACCACACACACAAAABABAE	30	0.16000189214839985	1.106244874390431
v30CCCACCACACCACACCACACACCACACACCACACACACCACACACACAADEABABE	30	0.4145090758162982	1.2006465312692376
v30CCCACCACACCACACCACACACCACACACCACACACACCACACACACAADEABBAE	30	0.6752308950573739	1.2268950935053746
v30CCCACCACACCACACCACACACCACACACCACACACACCACACACACADABEADEE	30	0.32277577219908776	1.1742317219074256
v30CCCACCACACCACACCACACACCACACACCACACACACCACACACACADEAABABE	30	0.6470362498355484	1.234621342551251
v30CCCACCACACCACACCACACACCACACACCACACACACCACACACACADEABABAE	30	0.30756722889907423	1.2156238794604306
v30CCCACCACACCACACCACACACCACACACCACACACACCACACACACDABAEADEE	30	0.8806748876108266	1.4562587173516182
v30CCCACCACACCACACCACACACCACACACCACACACACCACACACACDEAABABAE	30	0.82174530434529	1.3501116453801005
v30CCCACCACACCACACCACACACCACACACCACACACACCACACACADBABECADEE	30	0.5514795121703899	1.2838258892681091
v30CCCACCACACCACACCACACACCACACACCACACACACCACACADABCACAABEAE	30	0.26314665906320994	1.215686571417689
v30CCCACCACACCACACCACACACCACACACCADEACCACACACACDECAACAACAAE	30	1.1477810877916725	0.9714269694306206
v30CCCACCACACCACACCACACACCACACACCADEACCACACACACDECACAACAAAE	30	0.4459194437949659	1.0942052411009127
v30CCCACCACACCACACCACACACCACACACCADEACCACACACACDECACAACAABE	30	1.3689702122136356	1.1192245382169264
v30CCCACCACACCACACCACACACCACACACCADEACCACACACACDECACAACADEE	30	0.8493491310986139	1.1101199612883381
v30CCCACCACACCACACCACACACCACACACCADEACCACACACACDECACACAADEE	30	1.1302543042927224	1.208755424336722
v30CCCACCACACCACACCACACACDEACCACACACAACCACACACAACACACACAABE	30	1.905684497386096	0.756904027031844
v30CCCACCACCACACACACACACACACACACACACACACACACACACACAACACAABE	30	0.8746229076953886	0.9653824385084009
v30CCCACCACCACACACACACACACACACACACACACACACACACACACACAACAABE	30	1.2557212564662406	0.9787065260308838
v30CCCACCACCACACACACACACACACACACACACACACACACACACACACACAAABE	30	0.982378502588662	0.987987996134192
v30CCCACCACCACACACACACACACACACACACACACACACACACACACACACAABAE	30	1.1474475525427241	0.9808155505117077
v30CCCACCACCACACACACACCACACACAACACCACACACAACACACACACAACAABE	30	0.8898715365377592	1.0233808702470195
v30CCCACCACCACACACACACCACACACAACACCACACACAACACCACACACAAADEE	30	0.8594015629000642	1.033115748760013
v30CCCACCACCACACACACACCACACACACAACCACACACACAACACACACACAAABE	30	0.30985440926108976	1.1301312083147836
v30CCCACCACCACACACACACCACACACACAACCACACACACAACACACACACAABAE	30	0.41272799863480425	1.1261618934460138
v30CCCACCACCACACACACACCACACACACAACCACACACACAACCAACACAAACAAE	30	0.5248786845190101	1.0703127050276686
v30CCCACCACCACACACACACCACACACACAACCACACACACAACCAACACACAABAE	30	0.4269836657704194	1.1191102595287026
v30CCCACCACCACACACACACCACACACACAACCACACACACAACCAACACACAABBE	30	0.3735096642334898	1.1227012561012548
v30CCCACCACCACACACACACCACACACACAACCACACACACAACCACAACACAABAE	30	0.41328767820838763	1.1140924278839899
v30CCCACCACCACACACACACCACACACACAACCACACACACAACCACAACACAABBE	30	0.4180548606984899	1.1127595239893813
v30CCCACCACCACACACACACCACACACACAACCACACACACAACCACACACAAADEE	30	0.4893286577295024	1.117600828775765
v30CCCACCACCACACACACACCACACACACAACCACACACACAACCACACACADEAAE	30	0.3467917151490405	1.12971958685771
v30CCCACCACCACACACACACCACACACACAACCACACACACAACCACACACADEDEE	30	0.3921941796855201	1.1255902494855972
v30CCCACCACCACACACACACCACACACACACACACACACAACACACACACAACAABE	30	1.2511519579363448	1.119515655928893
v30CCCACCACCACACACACACCACACACACACACACACACACAACACACACACAAABE	30	0.5592658346548924	1.1700248856493105
v30CCCACCACCACACACACACCACACACACACACACACACACAACACACACACAABAE	30	0.7365845098252571	1.1644535797510691
v30CCCACCACCACACACACACCACACACACACACACACACACACAACACACAACAABE	30	0.9604858281144885	1.1758184410110128
v30CCCACCACCACACACACACCACACACACACACACACACACACAACACACACAAABE	30	1.121019639798908	1.1853927841816445
v30CCCACCACCACACACACACCACACACACACACACACACACACACACACACAADEAE	30	1.0918494637782588	1.196709895700212
v30CCCACCACCACACACACACCACACACACACACACACACACACACACACACADEAAE	30	1.1080588438588106	1.191189046113202
v30CCCACCACCACACACACACCACACACACACACCAACACACACACACCAABACAAAE	30	0.18715117201120476	1.157475177696036
v30CCCACCACCACACACACACCACACACACACACCAACACACACACACCAABACADEE	30	1.0048408468368484	1.1469229859030723
v30CCCACCACCACACACACACCACACACACACACCACAACACACAACACAACACAAAE	30	0.9905051205484261	1.1135257009314126
v30CCCACCACCACACACACACCACACACACACACCACACACAACAACACACACAAAAE	30	0.9036606959759419	1.1692239422830073
v30CCCACCACCACACACACACCACACACACACACCACACACAACAACCAACACAAAAE	30	0.8506853988098084	1.1616030780348023
v30CCCACCACCACACACACACCACACACACACACCACACACAACACAACACACAAAAE	30	1.2331792200274225	1.1791200952084067
v30CCCACCACCACACACACACCACACACACACACCACACACAACACAACACACAADEE	30	1.136659593544689	1.1751070116958293
v30CCCACCACCACACACACACCACACACACACACCACACACACAAACCAACACADEAE	30	0.4964380670520641	1.1973223170383873
v30CCCACCACCACACACACACCACACACACACACCACACACACAACAACACACAAAAE	30	1.1295621160228768	1.2036752924784657
v30CCCACCACCACACACACACCACACACACACACCACACACACAACACAACACADEAE	30	0.8094276076229776	1.209239358701081
v30CCCACCACCACACACACACCACACACACACACCACACACACAACACCAACADABEE	30	0.8553976802999987	1.2057773864330847
v30CCCACCACCACACACACACCACACACACACACCACACACACACAAACACACAADEE	30	0.986251632932509	1.2150369327291937
v30CCCACCACCACACACACACCACACACACACACCACACACACACAACCAACADABEE	30	1.050573709278687	1.2178193761942984
v30CCCACCACCACACACACACCACACACACACACCACACACACADECACACACAAAAE	30	0.4737506141726077	1.1987675412616772
v30CCCACCACCACACACCACACACACAACCACACACACAACCACACACACAABCAAAE	30	1.4269987864642157	1.129279663827387
v30CCCACCACCACACACCACACACACAACCACACACACAACCACACACACAABCADEE	30	0.9438947958786913	1.1114015897074672
v30CCCACCACCACACACCACACACACACACACACACACACAACACACACACAACAABE	30	0.9301017479708313	1.190253312753162
v30CCCACCACCACACACCACACACACACACACACACACACACAACACACACACAAABE	30	1.0532567382808344	1.2309010486823004
v30CCCACCACCACACACCACACACACACACACACACACACACAACACACACACAABAE	30	0.7553903625233147	1.2252116109210276
v30CCCACCACCACACACCACACACACACACACACACACACACACAACACACACAAABE	30	0.7102277973824599	1.240543541544053
v30CCCACCACCACACACCACACACACACACCAACACACACAACCAACACACAACAABE	30	0.9304009365343109	1.1691073385205548
v30CCCACCACCACACACCACACACACACACCAACACACACACACCAACACACADEAAE	30	1.092512419567083	1.223790816724649
v30CCCACCACCACACACCACACACACACACCAACACACACACACCAACACACADEDEE	30	0.6995337827515942	1.2272829195157413
v30CCCACCACCACACACCACACACACACACCACACACACACAACACAACACACAADEE	30	0.12433407558988037	1.130401377722805
v30CCCACCACCACACACCACACACACACACCACACACACACAACCAAACACACAADEE	30	0.8652704706697691	1.2805356059241024
v30CCCACCACCACACACCACACACACACACCACACACACACACACACACACADEABAE	30	0.2905823034289578	1.1733600137182647
v30CCCACCACCACACACCACACCACACACAACACACACACACAACACACACACAAAAE	30	1.1346091871677362	1.268177114854759
v30CCCACCACCACACACCACACCACACACAACACACACACACAACACACACACAADEE	30	1.1761656869327073	1.262958776919786
v30CCCACCACCACACACCACACCACACACAACACACCAACACAACACACCAACAADEE	30	0.9002167230037161	1.2017547391128804
v30CCCACCACCACACACCACACCACACACAACACACCACACACAACAACCAACADAEE	30	0.9969559452762755	1.2983195610794929
v30CCCACCACCACACACCACACCACACACAACACACCACACACAACACACCAABADEE	30	0.9652673899233055	1.2718318047611372
v30CCCACCACCACACACCACACCACACACACAACACACACACACAACACACACAAAAE	30	0.43063538366090326	1.27632085514799
v30CCCACCACCACACACCACACCACACACACAACACCAACACACAACACCAABACAAE	30	0.642370195578225	1.2604932639213131
v30CCCACCACCACACACCACACCACACACACAACACCACACACADEACCACACADEBE	30	0.7440871066516872	1.2009532686047606
v30CCCACCACCACACACCACACCACACACACACAACACACACACACAACACACAADEE	30	0.5611522973887924	1.3397109679480181
v30CCCACCACCACACACCACACCACACACACCACACACCACACACACAACADEDEABE	30	2.2470161915309253e-16	1.139613563113412
v30CCCACCACCACACACCACACCACACACACCACACACCADEACACACAACACDEABE	30	0.6495263837480305	1.2191592424174382
v30CCCACCACCACACACCACACCACACACACCACACACCADEACACACACAACDEAAE	30	0.8583002667331491	1.2385898919940872
v30CCCACCACCACACACCACACCACACACACCACACACCADEACACACACAACDEABE	30	0.8193211659673385	1.228846598520547
v30CCCACCACCACACACCACACCACACACACCACACACCADEACACACACACADEABE	30	0.6793210047288752	1.2368930436057193
v30CCCACCACCACCACAACACCACACCACAACACCACAACCACAACACACAACAAABE	30	0.5503444758470801	1.1850275321151993
v30CCCACCACCACCACAACACCACACCACAACACCACACACCAAACACACAAACDEAE	30	1.1688435990947923	1.1548585400889797
v30CCCACCACCACCACAACACCACACCACAACACCACACACCAAACACACAACADEAE	30	0.1440794887458783	1.146358962486083
v30CCCACCACCACCACAACACCACACCACAACACCACACACCAAACACACACAABDEE	30	0.5531475837479123	1.1551529842934705
v30CCCACCACCACCACAACACCACACCACAACACCACACACCACAACAACAAACAAAE	30	0.34479816369740846	1.1056662597603362
v30CCCACCACCACCACAACACCACACCACAACACCACACACCACAACAACAACAAAAE	30	1.2857820078966042	1.20906518874264
v30CCCACCACCACCACAACACCACACCACAACACCACACACCACAACAACADECAAAE	30	0.3047259494053892	1.212769744041184
v30CCCACCACCACCACACAACCACACCACACAACCACAACCACACAACCADEBACAAE	30	0.6389206538821961	1.2744681530377564
v30CCCACCACCACCACACAACCACACCACACAACCACACACCACACAACCAAAABABE	30	0.6352894600340504	1.3121755099588688
v30CCCACCACCACCACACAACCACACCACACAACCACACACCACACAACCADEABABE	30	0.4806828706041084	1.2557335405701675
v30CCCACCACCACCACACACAACACCACACACAACACCACACACAACACACAACAAAE	30	0.4800991926533087	1.1039509207465175
v30CCCACCACCACCACACACAACACCACACACAACACCACACACAACACACAACAABE	30	1.5284934528330225	1.1283832514160377
v30CCCACCACCACCACACACAACACCACACACAACACCACACACAACACCAABACAAE	30	1.1675458548368418	1.2139685058389382
v30CCCACCACCACCACACACAACACCACACACAACACCACACACAACACCACAADAEE	30	0.8374909559500467	1.1190803506266418
v30CCCACCACCACCACACACACAACCACACACACAACCACACACACAACCACAABABE	30	0.5404952333454246	1.3326644404227463
v30CCCACCACCACCACACACACACACCACACACAACACACACACACAACACACAABAE	30	0.5944586856190756	1.3192200259228744
v30CCCACCACCACCACACACACACACCACACACAACACACCACACACAAACAACAABE	30	0.38538170418989376	1.2634737321040996
v30CCCACCACCACCACACACACACACCACACACAACACACCACACACAACAACADEAE	30	0.6826278241574274	1.3495234575153225
v30CCCACCACCACCACACACACACACCACACACAACACACCACACACAACACAADEAE	30	0.41321036249198995	1.257510335977775
v30CCCACCACCACCACACACACACACCACACACACAACACCACACACAAACAACAABE	30	0.31325593828678383	1.1699376580916145
v30CCCACCACCACCACACACACACACCACACACACAACACCACACACACAAABCADEE	30	0.6337389111567315	1.2377003569703426
v30CCCACCACCACCACACACACACACCACACACACAACACCACACACACAAACADEAE	30	0.29600707608660815	1.1853490640815332
v30CCCACCACCACCACACACACACACCACACACACAACACCACACACACAACAADEAE	30	0.5599349491961088	1.2178144072014963
v30CCCACCACCACCACACACACACACCACACACACAACACCACACACACAACADBAEE	30	0.32501638821450246	1.2115905278543826
v30CCCACCACCACCACACACACACACCACACACACACAACCACACACAACAACADEAE	30	0.4725929788678036	1.2323369529101786
v30CCCACCACCACCACACACACACACCACACACACACAACCACACACACAAABCADEE	30	0.7052894199396447	1.3046844813904204
v30CCCACCACCACCACACACACACACCACACACACACAACCACACACACAAACADEAE	30	1.3473434119883345	1.5989936689422215
v30CCCACCACCACCACACACACACACCACACACACACAACCACACACACACAADBAEE	30	0.18160176175208784	1.1430072179241415
v30CCCACCACCACCACACACACACACCACACACACACAACCACACACACADECADEAE	30	1.023016934967857	1.445207809205244
v30CCCACCACCACCACACACACACACCACACACACACACACCACACACAACAAABBAE	30	0.39183390814795416	1.2739247037798482
v30CCCACCACCACCACACACACACACCACACACACACACACCACACACACAAAABABE	30	0.5914597062410425	1.2854597184725662
v30CCCACCACCACCACACACACACACCACACACACACACACCACACACACAAAABBAE	30	0.2475307040006659	1.209831246557698
v30CCCACCACCACCACACACACACACCACACACACACACACCACACACACAAABABAE	30	0.24536851270306043	1.1693609967542633
v30CCCACCACCACCACACACACACACCACACACACACACACCACACACACADEABABE	30	0.24878064843334757	1.1660928999764635
v30CCCACCACCACCACACACACACACCACACACACACACACCACACACACADEABBAE	30	0.663848809311392	1.2748326558785363
v30CCCACCACCACCACACACACACACCACACACACACACACCACACACADEACAADEE	30	0.2222677063827779	1.1821207251797583
v30CCCACCACCACCACACACACCACACACACACACACCACACACACAACAACADEABE	30	0.17832232095503028	1.2045065817851068
v30CCCACCACCACCACACACACCACACCAACAACACCACACACCAAACACACAABABE	30	0.8840518531968178	1.3309157101662925
v30CCCACCACCACCACACACACCACACCAACACAACCACACACCAACAACCADEABAE	30	0.3657499732858178	1.1660526433283693
v30CCCACCACCACCACACACACCACACCAACACAACCACACACCAACAACCADEABBE	30	0.35488551829395054	1.1901808148224242
v30CCCACCACCACCACACACACCACACCAACACACACCACACACCAAACAACADEABE	30	0.3402272056660235	1.145791182639056
v30CCCACCACCACCACACACACCACACCAACACACACCACACACCAAACAADCADEEE	30	0.6900810956298798	1.331016383810348
v30CCCACCACCACCACACACACCACACCAACACACACCACACACCAACAAACADEAAE	30	0.6024121494725116	1.2750485423318794
v30CCCACCACCACCACACACACCACACCAACACACACCACACACCAACAAADCADEEE	30	0.6997632651289398	1.3123009550877833
v30CCCACCACCACCACACACACCACACCAACACACACCACACACCAACAACAADEABE	30	0.3017328152904909	1.1692287334138236
v30CCCACCACCACCACACACACCACACCAACACACACCACACACCAACAACADABEAE	30	0.6265777679079154	1.3068227519606006
v30CCCACCACCACCACACACACCACACCAACACACACCACACACCAACAACADBAEAE	30	0.9640638886402138	1.4007865682922358
v30CCCACCACCACCACACACACCACACCAACACACACCACACACCAACACAADABEAE	30	0.5355774847835316	1.2618284243644988
v30CCCACCACCACCACACACACCACACCAACACACACCACACACCAACACAADBAEAE	30	0.5030211360317983	1.2229226037251468
v30CCCACCACCACCACACACACCACACCACAAACACCACACACCADEACCACAABABE	30	0.9425953699599705	1.2393664348881006
v30CCCACCACCACCACACACACCACACCACAACAACCACACACACAAACCACAABABE	30	0.7860203779056936	1.3980680839689952
v30CCCACCACCACCACACACACCACACCACAACAACCACACACCACAAABCACAABAE	30	0.5953958884519269	1.3166420270271446
v30CCCACCACCACCACACACACCACACCACAACAACCACACACCACAAACCADEAABE	30	0.8947075984796186	1.4277107739705643
v30CCCACCACCACCACACACACCACACCACAACAACCACACACCACAAACCADEABAE	30	0.7038527414885927	1.3566550905669552
v30CCCACCACCACCACACACACCACACCACAACACACACACACCACAACACADEABAE	30	0.6754424342164282	1.3258306987465085
v30CCCACCACCACCACACACACCACACCACAACACACCACACACACAAACACADEABE	30	0.6002790280584461	1.3033190169464708
v30CCCACCACCACCACACACACCACACCACAACACACCACACACACAACAACADEABE	30	0.364414896349868	1.2163495979236336
v30CCCACCACCACCACACACACCACACCACAACACACCACACACCAAABACAACAABE	30	1.0173302330894285	1.3619716909221782
v30CCCACCACCACCACACACACCACACCACAACACACCACACACCAAACAACADEABE	30	0.549432046127338	1.2028966615807164
v30CCCACCACCACCACACACACCACACCACAACACACCACACACCAAACAADCADEEE	30	0.6104624644431547	1.295177850693737
v30CCCACCACCACCACACACACCACACCACAACACACCACACACCAAACACAADEABE	30	1.3787624845285738	1.5669154163213805
v30CCCACCACCACCACACACACCACACCACAACACACCACACACCACAAAABCADEAE	30	0.9903781459161366	1.4388107083025554
v30CCCACCACCACCACACACACCACACCACAACACACCACACACCACAAABABCADEE	30	0.027067022735843892	1.1951545650522726
v30CCCACCACCACCACACACACCACACCACAACACACCACACACCACAAACADABEAE	30	0.33192738115703185	1.236383368996933
v30CCCACCACCACCACACACACCACACCACAACACACCACACACCACAAACADBABEE	30	0.41403113225726607	1.182240538467871
v30CCCACCACCACCACACACACCACACCACAACACACCACACACCACAAACADBAEAE	30	0.3795415441135967	1.2586625683749937
v30CCCACCACCACCACACACACCACACCACAACACACCACACACCACAABABACADEE	30	0.29568253217731066	1.1944459789067212
v30CCCACCACCACCACACACACCACACCACAACACACCACACACCACAACAADABEAE	30	0.41249971177762745	1.202663111969252
v30CCCACCACCACCACACACACCACACCACAACACACCACACACCACAACAADBABEE	30	0.3758643314894484	1.2395622841500364
v30CCCACCACCACCACACACACCACACCACAACACACCACACACCACAACAADBAEAE	30	0.6280466144014457	1.3233430182846193
v30CCCACCACCACCACACACACCACACCACAACACACCACACACCACAACAADBAEBE	30	1.290451385522474	1.602791839298332
v30CCCACCACCACCACACACACCACACCACAACACACCACACACCACAADECADEAAE	30	1.324975788530258	1.528719003767978
v30CCCACCACCACCACACACACCACACCACAACACACCACACACCADEACACADEABE	30	0.2902783633330875	1.1750249266035766
v30CCCACCACCACCACACACACCACACCACAACACACCACACACCADEACADCADEEE	30	0.31428225241186175	1.180339588399134
v30CCCACCACCACCACACACACCACACCACACAACACCACACACACACAACADBABEE	30	0.2681378661430849	1.1877723583279598
v30CCCACCACCACCACACACACCACACCACACAACACCACACACCAACAAACADEAAE	30	0.30140283357587294	1.1581331147472906
v30CCCACCACCACCACACACACCACACCACACAACACCACACACCAACAAACDABEAE	30	0.5302919874066765	1.2719931345882358
v30CCCACCACCACCACACACACCACACCACACAACACCACACACCAACAAADCADEEE	30	0.8206658176257773	1.3584660370302093
v30CCCACCACCACCACACACACCACACCACACAACACCACACACCAACAACAADEABE	30	0.638310497271906	1.2418590660153472
v30CCCACCACCACCACACACACCACACCACACAACACCACACACCAACAACADABEAE	30	1.0855552710301977	1.4524053549234368
v30CCCACCACCACCACACACACCACACCACACAACACCACACACCAACAACADBAEAE	30	0.5309444496176412	1.2254434139952526
v30CCCACCACCACCACACACACCACACCACACAACACCACACACCACAAAABCADEAE	30	0.8011511337322901	1.366967185331685
v30CCCACCACCACCACACACACCACACCACACAACACCACACACCACAAABABCADEE	30	0.7350915710600782	1.333097663389661
v30CCCACCACCACCACACACACCACACCACACAACACCACACACCACAAACADABEAE	30	1.0366338230786432	1.4631015552318174
v30CCCACCACCACCACACACACCACACCACACAACACCACACACCACAAACADBABEE	30	0.3831034120510415	1.1995852750407328
v30CCCACCACCACCACACACACCACACCACACAACACCACACACCACAAACADBAEAE	30	0.47868506787372817	1.2263865630674105
v30CCCACCACCACCACACACACCACACCACACAACACCACACACCACADEABCADEAE	30	0.183319584898761	1.2070080780637216
v30CCCACCACCACCACACACACCACACCACACAACACCACACACCACADEACADEAAE	30	0.6404889301996072	1.344353794771577
v30CCCACCACCACCACACACACCACACCACACAACACCACACACCACADEACDABEAE	30	0.3565150740364076	1.2470911875023363
v30CCCACCACCACCACACACACCACACCACACAACACCACACACCACADEADCADEEE	30	1.0229204307623718	1.4305076024802994
v30CCCACCACCACCACACACACCACACCACACACAACAACACCACACACAAACAADEE	30	0.6842452925044078	1.351288187660648
v30CCCACCACCACCACACACACCACACCACACACAACCAAACCACACACAADECADEE	30	0.8568023151593556	1.392969245621189
v30CCCACCACCACCACACACACCACACCACACACAACCAACACACAACAACAACAAAE	30	0.17455524645823303	1.1585361898829354
v30CCCACCACCACCACACACACCACACCACACACAACCAACACCACACACAADBEBAE	30	0.5135163186592473	1.2103032191239937
v30CCCACCACCACCACACACACCACACCACACACAACCACACACCAAACAACADEABE	30	0.22874482954429842	1.1521034665893168
v30CCCACCACCACCACACACACCACACCACACACAACCACACACCAAACAADCADEEE	30	1.1946167153653604	1.582411854864243
v30CCCACCACCACCACACACACCACACCACACACAACCACACACCAACAAACDABEAE	30	0.8942392466420968	1.360678784349321
v30CCCACCACCACCACACACACCACACCACACACAACCACACACCAACAAADCADEEE	30	0.997313852559885	1.4525062693899238
v30CCCACCACCACCACACACACCACACCACACACAACCACACACCAACACAADABEAE	30	1.2775008957127727	1.604553347491704
v30CCCACCACCACCACACACACCACACCACACACAACCACACACCAACACAADBAEAE	30	0.8128496637208678	1.3501381817455353
v30CCCACCACCACCACACACACCACACCACACACAACCACACACCACAAAABCADEAE	30	0.975601271025877	1.4457862016274625
v30CCCACCACCACCACACACACCACACCACACACAACCACACACCACAACAADABEAE	30	0.6891642323635792	1.2562888108018664
v30CCCACCACCACCACACACACCACACCACACACAACCACACACCACAACAADBAEAE	30	0.8094774001827874	1.3531536116282399
v30CCCACCACCACCACACACACCACACCACACACAACCACACACCACACAAADBABEE	30	0.869002818879997	1.390111511565089
v30CCCACCACCACCACACACACCACACCACACACACAAACACCACACACADEACADEE	30	1.0055701595993818	1.4382549938521134
v30CCCACCACCACCACACACACCACACCACACACACAACAACCACACACACAAABABE	30	0.5608864986887944	1.2623451478350414
v30CCCACCACCACCACACACACCACACCACACACACAACAACCACACACACAAABBAE	30	0.8014468607011815	1.3226447595366686
v30CCCACCACCACCACACACACCACACCACACACACAACACACACACACACAABABAE	30	0.11300709448024418	1.1455029323024335
v30CCCACCACCACCACACACACCACACCACACACACAACACACACACACADEACADEE	30	0.13929808312674297	1.1456277170542224
v30CCCACCACCACCACACACACCACACCACACACACACCACACACACAADEABCADEE	30	0.7568396358893528	1.3549675602314373
v30CCCACCACCACCACACACACCACACCACACACACACCACACACACADEAABCADEE	30	0.40282631109452527	1.186367790866534
v30CCCACCACCACCACACACACCACACCACACACACACCACACACCAAAABACAADEE	30	1.0123962452588409	1.4846034701643511
v30CCCACCACCACCACACACACCACACCACACACACACCACACACCAAACAAADABEE	30	0.7138001406652559	1.2752746649389706
v30CCCACCACCACCACACACACCACACCACACACACACCACACACCAAACAAADBAEE	30	0.8413811159938291	1.3871335830716578
v30CCCACCACCACCACACACACCACACCACACACACACCACACACCAACADEADABEE	30	0.31919958521699765	1.1953652613793717
v30CCCACCACCACCACACACACCACACCACACACACACCACACACCAACADEADBAEE	30	0.6068047097625195	1.2346483495746554
v30CCCACCACCACCACACACACCACACCACACACACACCACACACCAADEABACADEE	30	0.9689428483108617	1.3912517635745074
v30CCCACCACCACCACACACACCACACCACACACACACCACACACCACAAAABABBAE	30	0.903307304274863	1.452281572531786
v30CCCACCACCACCACACACACCACACCACACACACACCACACACCACAAABABAABE	30	0.9974914282017624	1.472302996886261
v30CCCACCACCACCACACACACCACACCACACACACACCACACACCACADEABABBAE	30	0.4671981157894967	1.185493726101213
v30CCCACCACCACCACACACACCACACCACACACACACCACACACCADEAABACADEE	30	0.5303894661832491	1.3053994777335087
v30CCCACCACCACCACACACACCACACCACACACACACCACACACCADEABACAADEE	30	0.9578041196568067	1.4683541064866001
v30CCCACCACCACCACACACACCACACCACACACACACCACACACCADEACAADABEE	30	0.39006217354899686	1.2178461392790567
v30CCCACCACCACCACACACACCACACCACACACACACCACACACCADEACAADBAEE	30	1.2537192356308853	1.596009515322581
v30CCCACCACCACCACACACACCACACCACACACACACCACACACDEACAAACADEAE	30	0.4296980274081473	1.2473807739343696
v30CCCACCACCACCACACACACCACACCACACADECACACACCACACAACADECAABE	30	1.1270632514698706	1.3551037600505815
v30CCCACCACCACCACACACACDECACACACACACACACACACACACACACAACAABE	30	0.8420510303123253	1.1122717526262444
v30CCCACCACCACCACACCACAACACCACAACCACAACACCACAACACAACAACAABE	30	0.34696239276731383	1.2606215739532627
v30CCCACCACCACCACACCACAACACCACAACCACAACACCACAACCAAACAACAABE	30	0.6463536081792864	1.3297372318128613
v30CCCACCACCACCACACCACAACACCACAACCACAACACCACAACCACAACAAAABE	30	0.9102524037061399	1.4412557728779931
v30CCCACCACCACCACACCACAACACCACAACCACAACACCACAACCACAACAADEBE	30	0.5276311505600527	1.287650177300549
v30CCCACCACCACCACACCACAACACCACACACACAACACACACACACAACACAABAE	30	0.7417582490984658	1.353661274230641
v30CCCACCACCACCACACCACAACACCACACACACAACACCACAACACAACAACAABE	30	0.5896345270071175	1.2911037224403699
v30CCCACCACCACCACACCACAACACCACACACACAACACCACACAACAACAAACAAE	30	0.6294838884620539	1.31574030881302
v30CCCACCACCACCACACCACAACACCACACACACAACACCACACACAAACAACAABE	30	1.2336291185033303	1.357041760912354
v30CCCACCACCACCACACCACAACACCACACACACAACACCACACACACAAABCADEE	30	0.601707967857316	1.286903908830477
v30CCCACCACCACCACACCACAACACCACACACACAACACCACACACACAAACADEAE	30	0.508667036654904	1.2149263428870034
v30CCCACCACCACCACACCACAACACCACACACACAACACCACACACACAACAADEAE	30	0.6356861728589187	1.309125983758941
v30CCCACCACCACCACACCACAACACCACACACACAACACCACACACACAACADBAEE	30	0.4988282754296638	1.2644120601394497
v30CCCACCACCACCACACCACAACACCACACACCAAACACCACACACACDEAACAAAE	30	1.4315141227721433	1.3694327950878362
v30CCCACCACCACCACACCACAACACCACACACCAAACACCACACACACDEAACADEE	30	0.8244540720192286	1.3781959654040215
v30CCCACCACCACCACACCACAACACCACACACCAAACACCACACACACDEABCADEE	30	0.611001476215637	1.314362497891161
v30CCCACCACCACCACACCACAACACCACACACCAAACACCACACACACDEACADEAE	30	1.3835493631103877	1.3664312580133489
v30CCCACCACCACCACACCACAACACCACACACCACAAACCACACAACCADEBACAAE	30	1.0108274923277536	1.3933998294564942
v30CCCACCACCACCACACCACAACACCACACACCACAAACCACACACACADECADEAE	30	0.6554490033999316	1.3491651144066503
v30CCCACCACCACCACACCACAACACCACACACCACAAACCACACACACCADEBADEE	30	1.4417877970970094	1.5350917993071453
v30CCCACCACCACCACACCACAACACCACACACCACAAACCACACACACDAEACAABE	30	0.9098789539247976	1.3412432033508732
v30CCCACCACCACCACACCACAACACCACACACCACAACACACACACAACAACADEAE	30	0.9437819196601706	1.474000716423389
v30CCCACCACCACCACACCACAACACCACACACCACAACACACACACACAAACADEAE	30	0.5489637438604654	1.2791180961687345
v30CCCACCACCACCACACCACAACACCACACACCACAACACACACACACCAAABADEE	30	0.9651337002549627	1.4612058309091853
v30CCCACCACCACCACACCACAACACCACACACCACAACACCACAACACAAACAAAAE	30	0.7200519931911893	1.2715858280478047
v30CCCACCACCACCACACCACAACACCACACACCACAACACCACAACACAAACAADEE	30	0.19243985294040067	1.146581521501137
v30CCCACCACCACCACACCACAACACCACACACCACAACACCACACAACCAAAABABE	30	0.23601372145627234	1.1869214420085608
v30CCCACCACCACCACACCACAACACCACACACCACAACACCACACAACCAAABAABE	30	1.2829894340599723	1.5258614455316102
v30CCCACCACCACCACACCACAACACCACACACCACAACACCACACAACCADEAABAE	30	0.5440667690362073	1.2126595437667262
v30CCCACCACCACCACACCACAACACCACACACCACAACACCACACAACCADEABABE	30	0.6343583573481818	1.2972539229078346
v30CCCACCACCACCACACCACAACACCACACACCACAACACCACACAADCACAABEAE	30	0.4856453603152727	1.2688172811955631
v30CCCACCACCACCACACCACAACACCACACACCACAACACCACACACAACAAABBAE	30	0.8661567654237072	1.4314236033368406
v30CCCACCACCACCACACCACAACACCACACACCACAACACCACACACACAAAABABE	30	0.3384501879604475	1.1807617694559374
v30CCCACCACCACCACACCACAACACCACACACCACAACACCACACACACAAAABBAE	30	0.7914365240468344	1.3273236863653823
v30CCCACCACCACCACACCACAACACCACACACCACAACACCACACACACADAEADEE	30	0.6923888887802343	1.3284737311217845
v30CCCACCACCACCACACCACAACACCACACACCACAACACCACACACACADEABABE	30	0.45148378680751283	1.226925182602463
v30CCCACCACCACCACACCACAACACCACACACCACAACACCACACACACADEABBAE	30	0.4226857590843256	1.2488072441271105
v30CCCACCACCACCACACCACAACACCACACACCACAACACCACACACADBAECADEE	30	0.39591757258537463	1.2812395430688324
v30CCCACCACCACCACACCACAACACCACACACCACAACACCACACACADBEACADEE	30	0.7933042284405961	1.3662999739780208
v30CCCACCACCACCACACCACAACACCACACACCADEACCACACACACDECAACAABE	30	1.1350297452373745	1.126693897910248
v30CCCACCACCACCACACCACAACACCACACACCADEACCACACACACDECACAABAE	30	1.178846799566077	1.2290777289769363
v30CCCACCACCACCACACCACACAACCACACACACACAACCACACACACAAABCADEE	30	0.7053487091591257	1.3010473880712146
v30CCCACCACCACCACACCACACAACCACACACCAACAACCACACACACAAABCADEE	30	0.6984794393261278	1.308525901798228
v30CCCACCACCACCACACCACACAACCACACACCAACAACCACACACACAAACADEAE	30	0.3454232841960431	1.1943838328791272
v30CCCACCACCACCACACCACACAACCACACACCACACAACCACACACACDEAABABE	30	1.0673188255792934	1.5327887487454308
v30CCCACCACCACCACACCACACACAACACACCACACACAACACACACACACAADEAE	30	0.9491364370963454	1.4283911384666563
v30CCCACCACCACCACACCACACACAACACACCACACACAACACACCAACACAADEAE	30	1.4395908541082347	1.4279363177180864
v30CCCACCACCACCACACCACACACAACACACCACACACAACACACCACAACAADEBE	30	0.7180019276030875	1.3554310396105547
v30CCCACCACCACCACACCACACACAACACACCACACACAACACACCACACAAADEBE	30	1.3073666374000552	1.36205856197896
v30CCCACCACCACCACACCACACACACACACACCAACACACACACACACAAACADEAE	30	0.09285912036941352	1.1573479145774646
v30CCCACCACCACCACACCACACACACACACACCAACACACACACACACDEACADEAE	30	0.5493315237203245	1.261249078236994
v30CCCACCACCACCACACCACACACACCACACACAACACAACCACACACAACAABBAE	30	1.3855849330038468	1.6624285725398862
v30CCCACCACCACCACACCACACACACCACACACAACACAACCACACACAADECADEE	30	0.4816518700700712	1.240195460837169
v30CCCACCACCACCACACCACACACACCACACACAACACACACCACACACAAADEBAE	30	0.8034426567160997	1.3441861244790088
v30CCCACCACCACCACACCACACACACCACACACACAAACACCACACACADEACADEE	30	0.2917002448202737	1.192597568908442
v30CCCACCACCACCACACCACACACACCACACACACAACAACCACACACACAAABABE	30	1.2242565217960497	1.5497730888473225
v30CCCACCACCACCACACCACACACACCACACACACAACAACCACACACACAAABBAE	30	1.1368817932943294	1.5019796892330461
v30CCCACCACCACCACACCACACACACCACACACACAACACACACACACADEACADEE	30	0.9832603082642895	1.440606549345853
v30CCCACCACCACCACACCACACACACCACACACACAACACACCACACACAAADEBAE	30	1.3434355519524015	1.62408212035096
v30CCCACCACCACCACACCACACACACCACACACACACAAACCACACACAADECADEE	30	0.9303239598282063	1.368416742100134
v30CCCACCACCACCACACCACACACACCACACACACACAAACCACACACACADEBABE	30	0.44166992302940744	1.2208793079170146
v30CCCACCACCACCACACCACACACACCACACACCAAACAACCACACACADBECADEE	30	1.043445698484172	1.404998422947651
v30CCCACCACCACCACACCACACACACCACACACCAAACACACACACACACDEABABE	30	0.9681798726566778	1.4410582245713794
v30CCCACCACCACCACACCACACACACCACACACCAAACACACACACACADEACADEE	30	0.6991714920272372	1.3060174757972172
v30CCCACCACCACCACACCACACACACCACACACCAACAACACCACACAADCAAAEAE	30	0.4097475829892703	1.1810405323193514
v30CCCACCACCACCACACCACACACACCACACACCACAAACACCACACAACDABEABE	30	0.32272858902800095	1.189752346038705
v30CCCACCACCACCACACCACACACACCACACACCACAAACACCACACAADCADEEAE	30	0.396485405713341	1.221219067875895
v30CCCACCACCACCACACCACACACACCACACACCACAACAACCACACAACDABEABE	30	0.4938016179776874	1.2569182093340356
v30CCCACCACCACCACACCACACACACCACACACCACAACAACCACACACAADAEABE	30	1.3624774530000265	1.6355685292294746
v30CCCACCACCACCACACCACACACACCACACACCACACAAACCACACACAADAEABE	30	0.3389730726657044	1.1972294917859077
v30CCCACCACCACCACACCACACACACCACACACCACADEACCAACACACCADEBAAE	30	1.343673880884075	1.3671985511523086
v30CCCACCACCACCACACCACACACACCACACACCACADEACCACAACACCADEBAAE	30	0.264911474793139	1.2142921810537561
v30CCCACCACCACCACACCACACACACCACACACCACADEACCACACAACCADEBABE	30	0.9750330623155913	1.4989438606074783
v30CCCACCACCACCACACCACACACACCACACACCACADEACCACACACAADECADEE	30	1.1728588871717418	1.5763088192103867
v30CCCACCACCACCACACCACACACACCACACACCACADEACCACACACACADEBABE	30	1.341727833123316	1.6646521010930244
v30CCCACCACCACCACACCACACACACCACACACCADEACACACACACACDEACAABE	30	0.7288175723098691	1.2607013383331005
v30CCCACCACCACCACACCACACACACCACACACCADEACACACACACACDEACADEE	30	0.7177594817097857	1.2606841691020376
v30CCCACCACCACCACACCACACACACCACACACCADEACACCAACACACDEABCAAE	30	0.6844212583545571	1.2603812000314691
v30CCCACCACCACCACACCACACACACCACACACCADEACACCACAACACDEABCAAE	30	0.7150872702232528	1.2602377205181274
v30CCCACCACCACCACACCACACACACCACACACCADEACACCACACACACDEAADEE	30	1.1486901037535353	1.5739110524939615
v30CCCACCACCACCACACCACACACACCACACACCADEACACCACACACACDEABABE	30	1.0429443105325502	1.5343670785360675
v30CCCACCACCACCACACCACACACACCACACACCADEACACCACACACACDEABBAE	30	1.0993071563063173	1.553380485219852
v30CCCACCACCACCACACCACACACACCACACACDEACACACACACACAACACADEAE	30	0.72955321342679	1.3680991353812049
v30CCCACCACCACCACACCACACACACCACACACDEACACACCACAACAACACAAAAE	30	0.7929405154168387	1.3674045486073072
v30CCCACCACCACCACACCACACACACCACACACDEACACACCACACACAADECADEE	30	1.3278150030970135	1.575500717680439
v30CCCACCACCACCACACCACACACACDEACCACACACACAACCAACACACAACAABE	30	0.7226167807044692	1.2270032277458411
v30CCCACCACCACCACACCACACACACDEACCACACACACAACCACAACACAAACAAE	30	0.6834583875656215	1.2262495397548283
v30CCCACCACCACCACACCACACACACDEACCACACACACAACCACACAACAAACAAE	30	0.7343721810570664	1.2268600720721905
v30CCCACCACCACCACACCACACACACDEACCACACACACAACCACACACAAACADEE	30	0.7441020880360105	1.228299230865812
v30CCCACCACCACCACACCACACACACDEACCACACACACAACCACACACACAAADEE	30	0.7109771071433293	1.2615833781683898
v30CCCACCACCACCACACCACACCAACAACACCACACACCAAACACACACAACDEABE	30	1.5576116238097437	1.3244898922303392
v30CCCACCACCACCACACCACACCAACCACACACCAAABCAACCACACACAAACADEE	30	0.6511179940498968	1.3871095999910663
v30CCCACCACCACCACACCACACCAACCACACACCAAACAACCACACACADBECADEE	30	0.9807598562951627	1.4344611701492864
v30CCCACCACCACCACACCACACCAACCACACACCADECAACCACACACADBECADEE	30	0.44597971871597475	1.2405826237054693
v30CCCACCACCACCACACCACACCACAACACACACACACCACAAACACACACAADEAE	30	1.0542559155599314	1.384580419871865
v30CCCACCACCACCACACCACACCACACCACACAACAACCACACACACAAAABCADEE	30	0.4746225442394665	1.208309813063835
v30CCCACCACCACCACACCACACCACACCACACACDEACCACACACCADEAABCADEE	30	1.123301720544073	1.4306139304186942
v30CCCACCACCACCACACCACACCACACDEACCAACACCACACAACCAACACDEAAAE	30	1.2879520125053685	1.355025705089005
v30CCCACCACCACCACACCACACCACACDEACCACAACCAACAACCACAACCAAAABE	30	0.6677649056171003	1.3048163530852563
v30CCCACCACCACCACACCACACCACACDEACCACAACCACACAACCACAABCAAAAE	30	0.8241672225742707	1.3633692353987037
v30CCCACCACCACCACACCACACCACACDEACCACAACCACACAACCADECACAAAAE	30	0.9902717515332466	1.3705025437830511
v30CCCACCACCACCACACCACACCACACDEACCACACACCAACAACCAACAACAAAAE	30	1.1172488200457118	1.40881701897924
v30CCCACCCACCACCACAACCAACCAACCACAACCAACCAACCACAACCAABCAABBE	30	0.8703110092658961	1.4563905282392318
v30CCCACCCACCACCACAACCAACCACACCACAACCAACCAACACAAACCAABCAABE	30	0.738152453679685	1.3261779597399945
v30CCCACCCACCACCACAACCAACCACACCACAACCAACCACACACACAAAABCADEE	30	0.5700310870542609	1.2956190744159228
v30CCCACCCACCACCACACACACACCACACCACACACACACACDEACACADEACADEE	30	-3.7535942800410717e-16	1.1456704713432273
v30CCCACCCACCACCACACCAACAACACCACACACCAAACACCACACACACDEAADEE	30	1.8066726734995602	1.7038276463328528
v30CCCACCCACCACCACACCAACACACACACACACCAACACACACACACACDEAADEE	30	0.9515555002107057	1.3790620509881324
v30CCCACCCACCACCACACCACACACACACACAACCACACACACACACAABCAADEAE	30	0.3675237322883508	1.1653572512390475
v30CCCACCCACCACCACACCACCACACCACACCACACAACACDEACDEACDEAACAAE	30	2.013881937279566	2.0858553602006578
v30CCCACCCACCACCCACCACCCAACAACCAACCDECDECCAACACAACAADECADEE	30	None	1.9785323661328253
v30CCCACCCACCACCCACCACCCAACAACCAACCDECDECCAACACAACACDEAADEE	30	None	1.9785324477571402
v30CCCCACCACACCACACACACAACCACACACACAACCACACACACAACACAACAAAE	30	-2.5394058024344283e-15	1.140019609905275
v30CCCCACCACACCACCACACCACACACCACACACACACACACAACACAAACAAADEE	30	-7.145913889046361e-16	1.2333239369248867
v326h3013f2c13feab50a	326	0.000132120940756865	-11.948339755802625
v32CCCACCCACCACCCACCACCAACCAACAACCCAACCDECACACACAABCAACAADECAAE	32	None	1.842325432022031
v32CCCACCCACCACCCACCACCACCDECCACAACCCAACCDEDECCAACDBECAACAAAABE	32	None	1.84232562293389
v32CCCCACCCACCACCACCACACACCAACCAACCAACCAACACACAACAACAACAAACAAAE	32	1.5964802833569578	1.7272043647136561
v340hc710a10a3524ab46	340	-2.919007242189432e-14	-11.95392559580749
v34CCACCCACCACACCACCACACCACACACCACACCACACACCACACACABCACADEACADEADEE	34	-2.1433631251823452e-15	1.2333239369249163
v34CCCACCCACCACCACACCAACACACACACACACCAACACACACACACACCAACAACAADECAAE	34	0.1440037151662708	1.1963431251671945
v34CCCACCCACCACCCACCACCACCACACCACAACCDECDECACAACDECCACAACDEACADEBBE	34	None	1.7479552542194599
v352h1f6724b95fe9acdb	352	0.016905731924965927	-11.644245688737994
v354h6a0cce6a517ee928	354	0.00011316265744148005	-6.207647722802379
v35CCCACACCACCACACACCACACCACACACACCACACACCACACACACACCACACACAABABABABE	35	-6.123233995736763e-16	1.1467119802002017
v37CCCACCCACCACCACACCACCACACCACACCACACAACACCAACACDEACCAACAACACCAACAABBAAE	37	1.204547821799706	1.4859339761659984
v37CCCACCCACCACCCACCACCACACACACAACCCAACCDECACACACACAACCAACAACAACAADECAAAE	37	None	1.7136343435342545
v37CCCACCCACCACCCACCACCACCAACCACAACCCAACCDECAACCAACCAAACCAACAACAACDEDEAAE	37	None	1.7136343566426304
v386h0d9207355457defd	386	0.011701211228405402	-7.031284898962587
v386h287604456b213e70	386	-1.0684046240309417e-13	-6.016844923727467
v38CCCACCCACCACCACACCAACACACACCACACACCAACACACACCACACACACCAACAACAACAADECAAAE	38	0.2152387979542745	1.0945183664170586
v38CCCACCCACCACCACACCACCACACCACACCACACACCACAACACAACACAACADECACAACAACAAACAAE	38	-2.563950248511419e-15	1.0871099194851048
v394h12be35569acb08a2	394	-1.3254709428115586e-13	-12.444348051735819
v394h7a36d28c75939de2	394	2.0198997704198147e-05	-12.424539938045442
v40CCACCCACCACACCACCACACCACACACCACACCACACACCACACACACCABACACCACABABACCACABABADEE	40	1.5360492131264045	1.3477339227617895
v418h89ce987010a54cbd	418	0.0008180604774343481	-12.158027792959487
v42CCCACCCACCACCCACCACCACCACACCACAACCCAACCDECACAACDECCACAACCAACAACACACAACDBECAAADEE	42	None	1.598261263375817
v42CCCACCCCACCCACCCACCAACCCAACCAACCDECCAACCAACAACCCACAACAACCAACAACACAACCDEABAACADEE	42	None	1.7026611208211846
v42CCCACCCCACCCACCCACCAACCCAACCAACCDECCAACCAACAACCCACAACACCDECCACAACACAACDDEEDEBDEE	42	None	1.7026611628198038
v42CCCCACCCACCACCACCACACACCACACACACACACACACACACCAACACACACACACAACAACCAACAACAACAAABBE	42	1.459455312453927	1.5859351454688166
v42CCCCACCCACCACCACCACACCACACACACACACACACAACCACACACACACACACACAACCAACAACAACAADECAAAE	42	1.4594553124539262	1.5859351454689485
v443h91956484cfa84d32	443	4.202689848658962e-05	-6.995316964222829
v44CCACCCACCACACCACCACACCACACACCACACCACACACCACACACACCACACABCACACACABCACACACABABCADEADEE	44	0.07541777097095463	1.1073465651038008
v44CCCACCCACCACCACACCACCACACCACACCACACAACACCAACACCAACACCAACAACACCAACACCAACACCAAAABDAEAE	44	0.8724759050523814	1.32925898518344
v44CCCACCCACCACCACACCACCACACCACACCACACAACACCACACACDEACCACACAACACCACACACAABCACADAEACADEE	44	-9.436895709313829e-16	1.1394417353175446
v452h66b0eea56a6b673b	452	-1.4217338736450475e-13	None
v452hd5300f29debcd56d	452	0.0009214668183560847	-10.542614870705648
v452hdf751e9c22065e97	452	-3.0767402982137146e-14	-7.983493981408991
v47CCCACCCACCACCACACCACCACACCACACCACACACACACCACACAACACACACACAACACACCACACAACACACADEAABCACAAABE	47	7.917396434321064e-06	1.0853545492519423
v47CCCACCCACCACCACACCACCACACCACACCACACACCACAACACACACACAACACAACCACAACACACACAACAACCACAABABACAAE	47	-2.257453483404484e-15	1.0900683469005104
v47CCCACCCACCACCCACCACCACCACACCACAACCCAACCDECACACACAACCACAACCAACAACACACACAACCAAACCAAACAADEDEE	47	None	1.4759918447810345
v47CCCCACCACCACCACCACACCACACCACACACACACACACACAACCACACACACACACACACAACCACACACAACACACADEACAADEAE	47	-1.9677434820547074e-15	1.0888754743547693
v48CCCACACCACCACACACCACACCACACACACCACACACCACACACACACCACACACACCACACACACACACCACACACACAABABABABABE	48	-8.572527594031482e-16	0.7537813779215679
v48CCCACCACCACACACACACCACACACACACACCACACACACACACACCACACAACACACACACCACACAACACACACACCACADEACAAAAE	48	0.00012729057752378613	0.4210958740194633
v48CCCCACCACACCACCACACCACACACCACACCACACACCACACACACCACACACACACACACACACACAACCAAACACAAACACAAAABDEE	48	-5.640690546725123e-15	1.090428112870643
v49CCCACCACCACACACCACACCACACACACCAACACCACACACACACCAACACCACACACACACACCAACACCACADEACACACDEACCADEABE	49	0.00010425451773779716	0.591117961891718
v49CCCACCCACCACCACAACCACACCACACCACAACCACACACACACACACAACCACACACACACACACAACCAACACAACACAAACCAACAADEE	49	0.00013606555669122666	1.0222570385988534
v49CCCACCCACCACCACACCACCACACCACACCACACACCACACACACACACACACACACAACACAACACACACAACACACAACAACACAAAABAE	49	0.00012979802218914826	1.0693399588445192
v49CCCCACCACCACCACCACACCACACCACACACACACACACCACACACCACAACACAACACACACACAACCACAACAACACACAAACACAAABAE	49	-2.9006870182288384e-15	1.1214980483481714
v4CCAE	4	5.731899708747055	5.731899708059506
v506h1cd81128f5b89efd	506	0.004127195214532903	-11.572464195234943
v50CCCACCACCACCACACCACACCAACCACACACCACACACCAACCACACACACCACACACACCAACCAACACACACACACACAAAABCAACADEABE	50	0.00010671852032922678	0.9756322570435938
v50CCCACCCACCACCACACCACCACACCACACCACACACCACACCACACACCACACACCACACACACDEACCADEACCADEACCADEACAACDEDEBE	50	1.0247338075415424	1.3317058699793025
v51CCCACCCACCACCACACCACCACACCACACCACACAACACCAACACCAACACCACACAACACCAACACCAACACCACACAAACCAAACDAEACADEBE	51	0.12231601961131294	1.2775924851711262
v52CCACCCACCACACCACCACACCACACACCACACCACACACCACACACACCACACACCACACACACCACACACACABCACACADEACACADEACADEADEE	52	-1.1556125429950747e-15	1.0422407952910955
v52CCCACCCCACCCACCCACCAACCCAACCAACCCAACCCAACCAACAACCCACAACACCCAACAACCCACAACACACACDDEECAACACAACDDEEABDEE	52	None	1.6848329730619935
v52CCCACCCCACCCACCCACCAACCCAACCAACCCAACCCAACCAACACCCAACAACACCCAACAACCCACAADECCACACADEBCAACACAADBBECAABE	52	None	1.6848330788287014
v52CCCCACCCACCACCACCACACCACACACACACACACACAACCACACACACACACACACAACCACACACACACACACACAACACAACAACAACAAACAAAE	52	1.2731131894167764	1.5375204538710965
v54CCCACCCACCACCACACCACCACACCACACCACACACCACACCACACACCACACACCACACACAACACACDEACACDEACACDEACAACACAACAACAAACAAE	54	1.1539270714696794	1.4142121661444476
v552hbdf5d5a762252e37	552	0.00037403828319527104	-6.272545447599448
v56CCACCCACCACACCACCACACCACACACCACACCACACACCACACACACCACACACCACACACACCACACACACACCACABABACCACACABABABCACACABABABE	56	1.0662299934043444	0.9725045649583859
v56CCCACCCACCACCACACCACCACACCACACCACACACCACAACACACACACACACACAACCACAACACACACACACACAACCACAACACACACACACAABCADEADEE	56	-4.838722015657978e-15	1.2464626255705855
v56CCCACCCACCACCACACCACCACACCACACCACACACCACAACACACCACACAACACACACCACAACACACCACACAACACACACCACAABABACCACACAABABABE	56	-6.283185307179586	1.2483790072263046
v57CCCACCCCACCCACCCACCAACCCAACCAACCCAACCCAACCAACACACCACAACACCCAACAACCCACAACACACACCAADECCAACACAACCDEAACAACDEADEABE	57	None	1.6114468980360273
v57CCCACCCCACCCACCCACCAACCCAACCAACCCAACCCAACCAACACCACACAACACCCAACAACCCACAACAACCACACADECCAACACAACCDEAABCAADECADEAE	57	None	1.6114470800130316
v58CCACCCACCACACCACCACACCACACACCACACCACACACCACACACACCACACACCACACACACCACACACACACCABACACACCACABABACACCACABABACADEADEE	58	0.9819256032551743	0.9389541243185067
v5CCACAE	5	5.180614110314525	5.191423502563465
v62CCCACCCACCACCACACCACCACACCACACCACACACCACACCACACACCACACACCACACACACCAACACCADEACCACAACACCADEACACCAACACDECACAACACDEABCAADEAE	62	0.4533051388696646	1.215506394907363
v62CCCACCCCACCCACCCACCAACCCACACACACCDECCACACACACAACCCACACACACACCDECCACACACACACAACCCAACAACAACCDECCAACAACAACAACDCAAAEDEBCAAAE	62	None	1.479408451795416
v62CCCACCCCACCCACCCACCAACCCACACACACCDECCACCAACCACAACCCACACACACACCDECCAACCAACCAACAACCCAACAACAACCDECCAACDECAACAACDCAAAEDEBDEE	62	None	1.4794085811101394
v63CCCACACCACCACACACCACACCACACACACCACACACCACACACACACCACACACACCACACACACACACCACACACACACCACACACACACACACCACACACACACAABABABABABABE	63	-1.1021821192326213e-15	0.5171139625080869
v64CCACCCACCACACCACCACACCACACACCACACCACACACCACACACACCACACACCACACACACCACACACACACCACACACABCACACACACABCACACACACABABCACADEACADEADEE	64	0.07644297425328835	0.8514923186293571
v650h05db026f45f32a95	650	0.0005472407910656452	-6.328679769000504
v65CCCACCCACCACCACACCACCACACCACACCACACACCACAACACACACACACACACACACCACAACACACACACACACACACACCACAACACACACACACACACACACCADEACAACADEADEBE	65	0.00016042284055312568	1.0651603219766714
v66CCCACCCACCACCACACCACCACACCACACCACACACCACACCACACACCACACACCACACACACCACACAACACACAACACACAACACADECACACAACACAACACAACAACACAACAACAAACAAE	66	-3.809689829530977e-15	1.2220931811784026
v67CCCACCCACCACCACACCACCACACCACACCACACACCACACCACACACCACACACCACACACAACACACCAACACACDEACACCAACACAACACACCAACACAACACCAACAACACADCAACAABEAAE	67	0.6431221386280372	1.1472258349741282
v6CCACACAE	6	4.629328511881994	4.661859515937051
v6CCCACAAE	6	4.923837669363099	4.923837652446705
v72CCCCACCCACCACCACCACACCACCACACCACACCACACCACACACACACCAACACCAACACCAACACCAACACACACACCAACACCAACACCAACACCAACACACAACCAAACCAAACCAAACCAAACAACDEDEDEBE	72	1.1985113123214903	1.4533368116873002
v74CCACCCACCACACCACCACACCACACACCACACCACACACCACACACACCACACACCACACACACCACACACACACCACACACACCACACACACACCACACACACACABCACACACADEACACACADEACACADEACADEADEE	74	-1.0873227446744162e-15	0.7378324846397978
v74CCCACCCACCACCACACCACACACACACCACACACCACACACACACACCACACACACCACADEACACACCACACACACACCADEACACCACACACACACACDEACCACACACACACACAACCACACACACACACAAACAADEAE	74	0.21104118105578756	0.4565269039479996
v74CCCACCCACCACCACACCACCACACCACACCACACACCACAACACACACACACACACACACCACAACACACACACACACACACACCACAACACACACACACACACACACCACAACACAACACAACADECACAACAACAAACAAE	74	0.0015747979714190608	0.8681062287498029
v74CCCACCCACCACCACACCACCACACCACACCACACACCACACCACACACCACACACCACACACACCAACACCACAACACCACAACACCADEACACCAACACCACAACACCACAACACDEACCAACAACAACAACAADECAAAAE	74	0.14010514380151062	1.0181375871641798
v74CCCACCCACCACCACACCACCACACCACACCACACACCACACCACACACCACACACCACACACACCACACACCADEACCACACACACCADEACACCACACACACDECACACACACACDEABCACACACADEACACADEACADEE	74	-3.964493705553046e-15	1.0216078629270076
v74CCCCACCCACCACCACCACACCACACACCACACACACCACACACCACACACACCACACACACACCACACACACCACACAACACACAACACACACACAACAACCACACAACACAACACACACAAACCAACAACAACAADECAAAE	74	-4.615110447320554e-15	1.3691950640732329
v76CCACCCACCACACCACCACACCACACACCACACCACACACCACACACACCACACACCACACACACCACACACACACCACACACACCACACACACACCACACACACACACCACABABACACCACACABABABACCACACABABABADEE	76	0.8924758969987463	0.7196822729321231
v78CCCACCCACCACCACACCACCACACCACACCACACACCACACCACACACCACACACCACACACACCACACACCACACACACCACACACACCACACACACACCADEACCACADEACCACADEACCACADEACACDECADECADECADEACAAE	78	0.9908910806802298	1.0836625021687607
v794hbcdfcb6da5470a44	794	0.0004974954444095105	-10.192666910622195
v7CCACACACAE	7	4.078042913449462	4.141362986185805
v7CCACACCABE	7	4.078042913449463	4.132956131318714
v7CCACCACAAE	7	4.372552070930568	4.401664907871718
v7CCCACACAAE	7	3.648638281134831	3.7353546733761394
v80CCACCCACCACACCACCACACCACACACCACACCACACACCACACACACCACACACCACACACACCACACACACACCACACACACCACACACACACCACACACACACACCABACACACACCACABABACACACCACABABACACADEACADEADEE	80	0.02146767787776073	0.6836510069679242
v80CCCACACCACCACACACCACACCACACACACCACACACCACACACACACCACACACACCACACACACACACCACACACACACCACACACACACACACCACACACACACACCACACACACACACACACCACACACACACACAABABABABABABABE	80	-1.3471114790620945e-15	0.36818343793717795
v80CCCACCCACCACCACACCACCACACCACACCACACACCACACCACACACCACACACCACACACAACACACCAACACACCAACACACCAACACAACACACCAACACACCAACACACCAACAACACACCAACACACCAACACACCAAAABADBAEBAE	80	0.18980046409629436	0.9602601361611512
v80CCCACCCACCACCACACCACCACACCACACCACACACCACACCACACACCACACACCACACACAACACACCACACACACDEACACCACACACAACACACCACACACACAACACCACACACAACACACCACACACACAABABCACADABAEACADEE	80	-1.2490009027033013e-15	0.9634844311752195
v82CCCACCCACCACCACACCACCACACCACACCACACACCACACCACACACCACACACCACACACACCACACAACACACACACACACAACACACAACCACACAACACACACACACAACACAACCACACAACACACACACAACAACCACACAABABABACAAE	82	-5.1440333474298914e-15	0.9884310721997857
v83CCCACCCACCACCACACCACCACACCACACCACACACCACAACACACACACACCACACACACCACAACACACACACACCACACACACACCACAACACACACACACCACACACACACACCACAACACAACACAACACAACADECACAACAACAACAAACAAAE	83	0.0026887917144840907	0.8219738582036066
v86CCCACCCACCACCACACCACCACACCACACCACACACCACACCACACACCACACACCACACACACCAACACCACAACACCACACACACCADEACACCAACACCACAACACCACACACACACDEACCAACACACAACAACACACACADECAACACAAACACACAAADEE	86	0.048731836624373776	0.8666430679322574
v86CCCACCCACCACCACACCACCACACCACACCACACACCACACCACACACCACACACCACACACACCACACACCACACACACCACACACACCACACACACAACACACACDEACACACDEACACACDEACACAACACACAACACAACACAACAACACAACAACAAACAAE	86	0.04960529671558146	1.0078820412502345
v88CCACCCACCACACCACCACACCACACACCACACCACACACCACACACACCACACACCACACACACCACACACACACCACACACACCACACACACACCACACACACACACCACACACACABCACACACACACABCACACACACACABABCACACADEACACADEACADEADEE	88	0.034550786042802185	0.6215862611853231
v8CCACACACACAE	8	4.078042913449463	4.074712290681569
v8CCACCACACABE	8	3.821266472498037	3.8867765977295026
v8CCACCCABCABE	8	4.078042913449463	4.114823398914671
v8CCCACACACAAE	8	3.9694765269007863	4.0070322728417755
v8CCCACACCAABE	8	2.4492935982947064e-16	1.195561598158841
v90CCCACCCACCACCACACCAACACCACACACACACCAACACCACACACACACACDEACCACACACACACACAACCACACACACACACAACCACACACACACACAACCACACACACACACAACCACACACACACACAACCACACACACACACAACCACAACACACAAACCACAABABE	90	0.015238242693852155	-6.223697401469289
v92CCCCACCCACCACCACCACACCACCACACCACACCACACCACACACCACACACACACACACACACACACACACAACCACACACACACACACACACACACACACAACCACACACACACACACACACACACACACAACCACAACACAACACAACACAACADECACAACAACAACAAACAAAE	92	-6.153480596427409e-15	1.2599490561549498
v93CCCACCCACCACCACACCACCACACCACACCACACACCACACCACACACCACACACCACACACAACACACCAACACACCAACACACCACACACAACACACCAACACACCAACACACCACACACAACACACCAACACACCAACACACCACACACAAACACCAAACADBAECACACADEADBEE	93	0.08546673281512279	0.8169073947467373
v97CCCACCCACCACCACACCACCACACCACACCACACACCACACCACACACCACACACCACACACACCACACACCACACACACCACACACACCACACACACACCAACACACCADEACACCACAACACACCADEACACACCAACACACDEACCACAACACACDEACACCAACACAABCACAACACAABABBAE	97	0.4220408937782233	0.8743668747887485
v98CCACCCACCACACCACCACACCACACACCACACCACACACCACACACACCACACACCACACACACCACACACACACCACACACACCACACACACACCACACACACACACCACACACACACCACACACACACACCACACACACACACACCACACABABABACCACACACABABABABCACACACABABABABE	98	0.4737075107997258	-5.856263116663046
v98CCCACCCACCACCACACCACCACACCACACCACACACCACACCACACACCACACACCACACACACCACACAACACACACACACACACACACACAACCACACAACACACACACACACACACACAACCACACAACACACACACACACACACAACCACACAACACACACACACACACAABCACADEACADEADEE	98	-3.169686735304822e-14	0.8241391361354952
v98CCCACCCACCACCACACCACCACACCACACCACACACCACACCACACACCACACACCACACACACCACACAACACACACCACACACAACACACACACCACACAACACACACCACACACAACACACACACCACACAACACACACCACACACAACACACACACCACACAABABABACCACACACAABABABABE	98	-6.283185307179586	0.8217468252856016
v99CCCACACCACCACACACCACACCACACACACCACACACCACACACACACCACACACACCACACACACACACCACACACACACCACACACACACACACCACACACACACACCACACACACACACACACCACACACACACACACCACACACACACACACACACCACACACACACACACAABABABABABABABABE	99	-1.5920408388915676e-15	0.26736636737621866
v9CCACACACACACAE	9	4.078042913449462	3.6507283585094035
v9CCACCACCACABAE	9	3.8212664724980367	3.875173013058338
v9CCCACAACCACAAE	9	3.5644900315466104	3.6377680954335503
v9CCCACACACACAAE	9	2.264313060188287	2.4711378168998945
v9CCCACACACCAABE	9	1.6230981154522925	1.981359476212718
v9CCCACCACACAAAE	9	3.8766401181665002	3.903246843739113
