nid	v	max_rel	argmax_alpha	hero_abs	nrungs
v100CCACCCACCACACCACCACACCACACACCACACCACACACCACACACACCACACACCACACACACCACACACACACCACACACACCACACACACACCACACACACACACCACACACACACCACACACACACACCACACACACACACABCACACACACADEACACACACADEACACACADEACACADEACADEADEE	100	0.09756331056368815	2.1000000000000014	1.4432899320127035e-15	1
v100CCACCCACCACACCACCACACCACACACCACACCACACACCACACACACCACACACCACACACACCACACACACACCACACACACCACACACACACCACACACACACACCACACACACACCACACACACACACCACACACACACACACCACABABACACACCACACABABABACACCACACABABABACADEADEE	100	0.02771649676333945	2.1000000000000014	4.440892098500626e-15	1
v102h248728676c88abd7	102	3.1111535616602266e-05	1.8000000000000012	None	1
v102h63135343ab206f3b	102	0.3247304918747567	2.1000000000000014	1.9984014443252818e-15	1
v102ha0145080ab94fac9	102	0.0015701497944595824	1.8000000000000012	None	1
v102hae056372ee7b85b8	102	2.285108077050619e-05	1.8000000000000012	None	1
v102he0fc26d1f37f5c66	102	9.646036327282774e-06	1.8000000000000012	None	1
v102he593564ce5c632e4	102	0.031095276841091896	1.8000000000000012	None	1
v106hb125deb358f972a7	106	0.019356260744833653	2.1000000000000014	6.439293542825908e-15	1
v107h025ed392ab598a98	107	1.4279509853243529e-05	2.1000000000000014	4.3298697960381105e-15	1
v10CCACACACACACACAE	10	1.7386258204904397e-08	55.27909663310495	4.440892098500626e-16	10
v10CCACCACAACCACAAE	10	9.785696325834053e-09	55.27909663310495	2.220446049250313e-16	10
v10CCACCCACCACAADEE	10	1.5403061594093218e-08	55.27909663310495	3.3306690738754696e-16	10
v10CCACCCACCACABDEE	10	1.0874230757875398e-08	55.27909663310495	1.1102230246251565e-16	10
v10CCCACACACACACAAE	10	1.5539091698342643e-08	43.466993469328585	4.440892098500626e-16	10
v10CCCACACACCAACAAE	10	2.384388938363724e-08	43.466993469328585	4.440892098500626e-16	10
v10CCCACACACCACADEE	10	1.1176745414214202e-08	55.27909663310495	5.551115123125783e-16	10
v10CCCACACCAACACAAE	10	1.0144642443446748e-08	55.27909663310495	2.220446049250313e-16	10
v10CCCACACCACACAAAE	10	2.4625172975522703e-08	55.27909663310495	6.661338147750939e-16	10
v10CCCACCACACAACAAE	10	1.853430403984056e-08	43.466993469328585	4.440892098500626e-16	10
v10CCCACCACACACAAAE	10	1.8466524384352757e-08	55.27909663310495	2.220446049250313e-16	10
v110h4b2c5a85b94cfcfa	110	0.000423013339621772	2.1000000000000014	7.327471962526033e-15	1
v114hbbc5b9238e0f042a	114	0.03607482955498288	2.1000000000000014	4.884981308350689e-15	1
v116h36e5646efec1b226	116	0.010911383751319585	2.1000000000000014	8.43769498715119e-15	1
v116hbed78f7f3f7b7d2e	116	0.6007013859431414	2.1000000000000014	3.6637359812630166e-15	1
v116he2a8f2ee792f4030	116	0.0010218407485207014	2.1000000000000014	8.215650382226158e-15	1
v11CCACCACAACCACAACAE	11	1.4180599173566822e-08	55.27909663310495	2.220446049250313e-16	10
v11CCACCCACCACAACDEBE	11	1.5403061594093218e-08	55.27909663310495	7.771561172376096e-16	10
v11CCCACACACACACACAAE	11	1.3964855706811637e-08	55.27909663310495	4.440892098500626e-16	10
v11CCCACACACCAACACAAE	11	3.588383314935455e-08	55.27909663310495	6.661338147750939e-16	10
v11CCCACACACCACACAAAE	11	2.9582212336360477e-08	55.27909663310495	1.1102230246251565e-16	10
v11CCCACACCACACAACAAE	11	2.707738203663994e-08	55.27909663310495	2.220446049250313e-16	10
v11CCCACACCACACACAAAE	11	2.117539753952376e-08	55.27909663310495	5.551115123125783e-16	10
v11CCCACACCACACACAABE	11	1.495712146888115e-08	49.112965600533286	3.3306690738754696e-16	10
v11CCCACACCACCACADAEE	11	1.281373748577048e-08	55.27909663310495	3.3306690738754696e-16	10
v11CCCACCACACACAACAAE	11	2.405878917521299e-08	55.27909663310495	7.771561172376096e-16	10
v11CCCACCACACACACAAAE	11	2.6806160407826406e-08	55.27909663310495	4.440892098500626e-16	10
v11CCCACCACACCACAADEE	11	1.5814470990454226e-08	43.466993469328585	6.661338147750939e-16	10
v122h8fe939a1353d3843	122	0.0019739864786409715	2.1000000000000014	3.552713678800501e-15	1
v127h4fa99ecb0de114a9	127	0.17503342898669313	2.1000000000000014	3.9968028886505635e-15	1
v128h0a8234b313980563	128	6.844185324539624e-05	2.1000000000000014	1.0547118733938987e-14	1
v128h4f77b7f274aa28f7	128	0.5963816434190683	2.1000000000000014	3.774758283725532e-15	1
v128h918f570260220c9b	128	0.00017560886754633298	2.1000000000000014	5.88418203051333e-15	1
v12CCCACAACCACAACCACAAE	12	1.8944187502346618e-08	2.1000000000000014	3.3306690738754696e-16	10
v12CCCACACACACACACACAAE	12	2.7032716335629192e-08	55.27909663310495	3.3306690738754696e-16	10
v12CCCACACACCAACACACAAE	12	3.2088357228759466e-08	55.27909663310495	3.3306690738754696e-16	10
v12CCCACACACCACACAACAAE	12	1.8447296519043038e-08	55.27909663310495	6.661338147750939e-16	10
v12CCCACACACCACACACAAAE	12	2.2127039422215437e-08	55.27909663310495	4.440892098500626e-16	10
v12CCCACACACCACACACAABE	12	2.3076952726638775e-08	49.112965600533286	2.220446049250313e-16	10
v12CCCACACCAACACACCAABE	12	2.1657929248471747e-08	55.27909663310495	5.551115123125783e-16	10
v12CCCACACCACACAACACAAE	12	2.7613489558060303e-08	55.27909663310495	2.220446049250313e-16	10
v12CCCACACCACACACAACAAE	12	1.9641324110152745e-08	55.27909663310495	3.3306690738754696e-16	10
v12CCCACACCACACACACAAAE	12	2.445081212715823e-08	55.27909663310495	7.771561172376096e-16	10
v12CCCACACCACCACACAAAAE	12	4.04900911967663e-08	43.466993469328585	3.3306690738754696e-16	10
v12CCCACACCACCACACAAABE	12	3.709792052964741e-08	55.27909663310495	3.3306690738754696e-16	10
v12CCCACACCACCACACAABAE	12	2.5408518528110125e-08	55.27909663310495	6.661338147750939e-16	10
v12CCCACCACACACACAACAAE	12	2.6425854637681833e-08	55.27909663310495	2.220446049250313e-16	10
v12CCCACCACACACACACAABE	12	2.4563265319408794e-08	55.27909663310495	2.220446049250313e-16	10
v12CCCACCACACCACAACAABE	12	1.4664067276531658e-08	21.872676300000002	7.771561172376096e-16	10
v12CCCACCACACCACACAAAAE	12	3.442937769556041e-08	55.27909663310495	3.3306690738754696e-16	10
v12CCCACCACACCACACAAABE	12	2.9735432064460134e-08	55.27909663310495	7.771561172376096e-16	10
v12CCCACCACACCACACDEAAE	12	3.722722223394353e-08	55.27909663310495	1.2212453270876722e-15	10
v12CCCACCACACCACACDEABE	12	3.576576052172867e-08	43.466993469328585	6.661338147750939e-16	10
v12CCCACCACCACACAACADEE	12	2.8710364473061582e-08	55.27909663310495	3.3306690738754696e-16	10
v12CCCACCACCACACACAAAAE	12	2.479765201038593e-08	55.27909663310495	4.440892098500626e-16	10
v12CCCCACCACACACAACAAAE	12	2.5213892529715286e-08	55.27909663310495	2.220446049250313e-16	10
v130h4da8aa291a5b8b58	130	0.634622331488064	2.1000000000000014	1.5543122344752192e-15	1
v130hb37a8a4bf1c4c5b2	130	0.2947768713640371	2.1000000000000014	5.440092820663267e-15	1
v132h1603e125d77882ba	132	0.004482450771697566	2.1000000000000014	8.215650382226158e-15	1
v135h092af6d7c2f7fe27	135	0.29755413609810216	2.1000000000000014	7.327471962526033e-15	1
v137hb0c7acff201fd2bd	137	0.0009101358573080226	2.1000000000000014	9.769962616701378e-15	1
v13CCACCACAACCACAACCACAAE	13	1.4180599173566822e-08	55.27909663310495	4.440892098500626e-16	10
v13CCACCCACCACACACAACAAAE	13	3.527395406323499e-08	55.27909663310495	3.3306690738754696e-16	10
v13CCCACACACACACACACACAAE	13	2.769881231634436e-08	55.27909663310495	8.881784197001252e-16	10
v13CCCACACACCAACACACCAABE	13	5.710098013132874e-08	43.466993469328585	4.440892098500626e-16	10
v13CCCACACACCACACAACACAAE	13	1.7216746009123984e-08	43.466993469328585	3.3306690738754696e-16	10
v13CCCACACACCACACACAACAAE	13	3.9766654420136405e-08	55.27909663310495	4.440892098500626e-16	10
v13CCCACACACCACACACACAAAE	13	2.7460108798730805e-08	55.27909663310495	3.3306690738754696e-16	10
v13CCCACACACCACACACACADEE	13	2.1694098958791368e-08	55.27909663310495	7.771561172376096e-16	10
v13CCCACACCACACACAACACAAE	13	2.0848932426530374e-08	55.27909663310495	4.440892098500626e-16	10
v13CCCACACCACACACACAACAAE	13	2.4453419218520536e-08	55.27909663310495	4.440892098500626e-16	10
v13CCCACACCACACACACACAABE	13	2.7073299179741162e-08	55.27909663310495	2.220446049250313e-16	10
v13CCCACACCACACACACCAAABE	13	3.2051959350393944e-08	43.466993469328585	3.3306690738754696e-16	10
v13CCCACACCACCACACAAACAAE	13	3.388464360227573e-08	55.27909663310495	3.3306690738754696e-16	10
v13CCCACACCACCACACAACAAAE	13	3.0554206187151026e-08	55.27909663310495	4.440892098500626e-16	10
v13CCCACACCACCACACAACAABE	13	3.878815556679142e-08	43.466993469328585	6.661338147750939e-16	10
v13CCCACACCACCACACAACADEE	13	2.6303820299697876e-08	55.27909663310495	6.661338147750939e-16	10
v13CCCACACCACCACACACAAAAE	13	4.3639925136869696e-08	55.27909663310495	4.440892098500626e-16	10
v13CCCACCACACAACCACACAAAE	13	4.017534969868311e-08	55.27909663310495	2.220446049250313e-16	10
v13CCCACCACACACACACAACAAE	13	2.6339409051262162e-08	55.27909663310495	3.3306690738754696e-16	10
v13CCCACCACACACACACACAAAE	13	2.6951573307912525e-08	55.27909663310495	8.881784197001252e-16	10
v13CCCACCACACACACACACAABE	13	2.218260907607192e-08	55.27909663310495	6.661338147750939e-16	10
v13CCCACCACACACACCAACADEE	13	2.0332583026290027e-08	55.27909663310495	3.3306690738754696e-16	10
v13CCCACCACACCACAACACAAAE	13	2.7399678607691404e-08	55.27909663310495	4.440892098500626e-16	10
v13CCCACCACACCACACAACAAAE	13	3.323481135089017e-08	55.27909663310495	4.440892098500626e-16	10
v13CCCACCACACCACACAACADEE	13	3.3397116048385555e-08	43.466993469328585	4.440892098500626e-16	10
v13CCCACCACACCACACACAAAAE	13	4.3115135373869344e-08	43.466993469328585	2.220446049250313e-16	10
v13CCCACCACACCACACACAAABE	13	3.123776280919044e-08	43.466993469328585	4.440892098500626e-16	10
v13CCCACCACACCACACACAABBE	13	3.456126888378454e-08	21.872676300000002	4.440892098500626e-16	10
v13CCCACCACACCACACCAABAAE	13	4.470037286153741e-08	55.27909663310495	2.220446049250313e-16	10
v13CCCACCACACCACACCAABABE	13	4.11147913058846e-08	55.27909663310495	3.3306690738754696e-16	10
v13CCCACCACCACACAACAACAAE	13	2.035701657663414e-08	55.27909663310495	2.220446049250313e-16	10
v13CCCACCACCACACACAACAAAE	13	3.13444371348748e-08	55.27909663310495	3.3306690738754696e-16	10
v13CCCACCACCACCACAACADEBE	13	2.7052596398664e-08	55.27909663310495	6.661338147750939e-16	10
v13CCCACCACCACCACACAADEBE	13	3.956596653114188e-08	43.466993469328585	3.3306690738754696e-16	10
v146he2cde65e82df9e58	146	0.4938072525661268	2.1000000000000014	6.328271240363392e-15	1
v149h5d70922ce66c392b	149	0.00026742361443929933	2.1000000000000014	7.993605777301127e-15	1
v14CCACACACACACACACACACACAE	14	1.6593361375099668e-07	2.1000000000000014	4.440892098500626e-16	10
v14CCACCACAACCACAACCACAACAE	14	1.4180599173566822e-08	55.27909663310495	2.220446049250313e-16	10
v14CCCACACACACACACACACACAAE	14	3.410638761832227e-08	43.466993469328585	4.440892098500626e-16	10
v14CCCACACACCAACACACCAACAAE	14	6.163059820725463e-08	43.466993469328585	5.551115123125783e-16	10
v14CCCACACACCACACAACACACAAE	14	1.717940309079066e-08	21.872676300000002	6.661338147750939e-16	10
v14CCCACACACCACACAACCAACAAE	14	2.5449033489431376e-08	43.466993469328585	4.440892098500626e-16	10
v14CCCACACACCACACACAACACAAE	14	3.750535786678386e-08	55.27909663310495	7.771561172376096e-16	10
v14CCCACACACCACACACACAACAAE	14	2.5331059249107803e-08	55.27909663310495	6.661338147750939e-16	10
v14CCCACACACCACACACACACAABE	14	2.1869487177904552e-08	55.27909663310495	3.3306690738754696e-16	10
v14CCCACACACCACACACACCAAABE	14	2.5664794702604928e-08	55.27909663310495	3.3306690738754696e-16	10
v14CCCACACCAACACACCAACACAAE	14	1.5348151360998518e-08	55.27909663310495	5.551115123125783e-16	10
v14CCCACACCACACAACCACACAAAE	14	2.707738203663994e-08	55.27909663310495	6.661338147750939e-16	10
v14CCCACACCACACAACCACACAABE	14	2.8454381610507854e-08	55.27909663310495	4.440892098500626e-16	10
v14CCCACACCACACACACAACACAAE	14	2.9153046263679865e-08	55.27909663310495	5.551115123125783e-16	10
v14CCCACACCACACACACACAACAAE	14	3.166893625767803e-08	43.466993469328585	6.661338147750939e-16	10
v14CCCACACCACACACACACACAAAE	14	3.441327899047114e-08	43.466993469328585	6.661338147750939e-16	10
v14CCCACACCACACACACACACAABE	14	3.3444415389578704e-08	43.466993469328585	5.551115123125783e-16	10
v14CCCACACCACACACACACACADEE	14	2.3418074662186994e-08	55.27909663310495	6.661338147750939e-16	10
v14CCCACACCACACACACCAACADEE	14	3.557991786133275e-08	43.466993469328585	4.440892098500626e-16	10
v14CCCACACCACCACACAACAACAAE	14	4.106016407629247e-08	43.466993469328585	3.3306690738754696e-16	10
v14CCCACACCACCACACAACACAAAE	14	4.756796006805391e-08	55.27909663310495	4.440892098500626e-16	10
v14CCCACACCACCACACAACACAABE	14	3.066546460415537e-08	55.27909663310495	4.440892098500626e-16	10
v14CCCACACCACCACACAACACDEAE	14	3.917123670324885e-08	55.27909663310495	6.661338147750939e-16	10
v14CCCACACCACCACACACAAACAAE	14	4.8875194030024825e-08	55.27909663310495	6.661338147750939e-16	10
v14CCCACACCACCACACACAABCAAE	14	4.7445023245823907e-08	43.466993469328585	9.992007221626409e-16	10
v14CCCACACCACCACACACAACAAAE	14	4.340446447947576e-08	55.27909663310495	6.661338147750939e-16	10
v14CCCACACCACCACACACACAAABE	14	4.34493807207201e-08	55.27909663310495	6.661338147750939e-16	10
v14CCCACACCACCACACACACAABAE	14	4.683751603621918e-08	55.27909663310495	4.440892098500626e-16	10
v14CCCACCACACAACCACACAACAAE	14	4.0891379523466603e-08	55.27909663310495	3.3306690738754696e-16	10
v14CCCACCACACACACACACAACAAE	14	3.2453353151117444e-08	43.466993469328585	4.440892098500626e-16	10
v14CCCACCACACACACACACACAAAE	14	3.6897643708878346e-08	55.27909663310495	4.440892098500626e-16	10
v14CCCACCACACACACACACACAABE	14	2.700759532214554e-08	55.27909663310495	2.220446049250313e-16	10
v14CCCACCACACACACCAACACAAAE	14	6.726874747372614e-08	55.27909663310495	9.992007221626409e-16	10
v14CCCACCACACACACCAACACAABE	14	2.8364536947996516e-08	55.27909663310495	4.440892098500626e-16	10
v14CCCACCACACACACCACACADEAE	14	4.2844873076176406e-08	43.466993469328585	6.661338147750939e-16	10
v14CCCACCACACACACCACACADEBE	14	6.079355977989134e-08	55.27909663310495	4.440892098500626e-16	10
v14CCCACCACACCACAACACAACAAE	14	3.539385505608691e-08	55.27909663310495	4.440892098500626e-16	10
v14CCCACCACACCACACAACAACAAE	14	3.451687557928679e-08	55.27909663310495	4.440892098500626e-16	10
v14CCCACCACACCACACAACACAAAE	14	3.362956347768068e-08	55.27909663310495	5.551115123125783e-16	10
v14CCCACCACACCACACACAAACAAE	14	4.316308801219758e-08	21.872676300000002	4.440892098500626e-16	10
v14CCCACCACACCACACACAABCAAE	14	3.267821349064837e-08	55.27909663310495	4.440892098500626e-16	10
v14CCCACCACACCACACACAACAAAE	14	3.415141313363579e-08	43.466993469328585	5.551115123125783e-16	10
v14CCCACCACACCACACACAACDEAE	14	4.763282103854581e-08	21.872676300000002	2.220446049250313e-16	10
v14CCCACCACACCACACACACAAAAE	14	3.157755540395707e-08	55.27909663310495	3.3306690738754696e-16	10
v14CCCACCACACCACACACACAAABE	14	4.044612279108071e-08	55.27909663310495	5.551115123125783e-16	10
v14CCCACCACACCACACACACAADEE	14	3.329740717828447e-08	55.27909663310495	5.551115123125783e-16	10
v14CCCACCACACCACACCAACAAAAE	14	5.3192589728433654e-08	55.27909663310495	8.881784197001252e-16	10
v14CCCACCACACCACACCAACAADEE	14	3.185594610913244e-08	55.27909663310495	4.440892098500626e-16	10
v14CCCACCACCACACAACACCAABAE	14	3.987508811751367e-08	21.872676300000002	3.3306690738754696e-16	10
v14CCCACCACCACACACAACAACAAE	14	3.1660005376430976e-08	55.27909663310495	4.440892098500626e-16	10
v14CCCACCACCACACACAACACAABE	14	2.8632369246183945e-08	21.872676300000002	4.440892098500626e-16	10
v14CCCACCACCACACACAACCAAABE	14	3.3743789693512014e-08	43.466993469328585	5.551115123125783e-16	10
v14CCCACCACCACACACACAACAAAE	14	2.8877732233970653e-08	43.466993469328585	2.220446049250313e-16	10
v14CCCACCACCACACACACAACAABE	14	8.189796491507906e-08	21.872676300000002	4.440892098500626e-16	10
v14CCCACCACCACACACACAACADEE	14	4.191171090689353e-08	21.872676300000002	7.771561172376096e-16	10
v14CCCACCACCACCACAACACDEAAE	14	3.20056353629808e-08	43.466993469328585	4.440892098500626e-16	10
v14CCCACCACCACCACACAACAADEE	14	6.303289490261561e-08	55.27909663310495	6.661338147750939e-16	10
v14CCCACCACCACCACACAACDEDEE	14	4.914972692273692e-08	43.466993469328585	4.440892098500626e-16	10
v14CCCACCACCACCACACACAAADEE	14	8.922381664399576e-08	43.466993469328585	8.881784197001252e-16	10
v14CCCACCCACCACCACAACDEDEBE	14	2.682065307688409e-08	55.27909663310495	6.661338147750939e-16	10
v14CCCCACCACACACACACAACAAAE	14	4.196079471900499e-08	55.27909663310495	2.220446049250313e-16	10
v152h166d825fa3770887	152	0.6188721913564547	2.1000000000000014	1.0658141036401503e-14	1
v152hcdb06f26767a9fee	152	0.6045378329093284	2.1000000000000014	6.217248937900877e-15	1
v152he09dd528bd007438	152	0.5805692238983288	2.1000000000000014	5.329070518200751e-15	1
v15CCCACAACCACAACCACAACCACAAE	15	2.5301115261412615e-08	2.1000000000000014	4.440892098500626e-16	10
v15CCCACACACACACACACACACACAAE	15	2.8086483459495068e-08	55.27909663310495	4.440892098500626e-16	10
v15CCCACACACCAACACACCAACACAAE	15	7.127618435806792e-08	43.466993469328585	3.3306690738754696e-16	10
v15CCCACACCACCACACACCACAABABE	15	7.466146213560746e-08	43.466993469328585	5.551115123125783e-16	10
v15CCCACCACACCACACCAACACDEABE	15	8.909564255977926e-08	43.466993469328585	3.3306690738754696e-16	10
v15CCCCACCACACACACACACAACAAAE	15	4.3137803419380053e-08	55.27909663310495	4.440892098500626e-16	10
v162h9b09eec5168e9243	162	0.5251743533832618	2.1000000000000014	4.440892098500626e-15	1
v164h1268c85b083401b2	164	0.649235586238237	2.1000000000000014	2.886579864025407e-15	1
v164h269ae2cb791779bd	164	0.08579553943241588	2.1000000000000014	9.325873406851315e-15	1
v164h64e816f04127fc46	164	0.4067721314068589	2.1000000000000014	6.8833827526759706e-15	1
v164he26c84ccf7059402	164	0.37239027377674633	2.1000000000000014	7.66053886991358e-15	1
v164he3e705f0721b3784	164	0.5208981273724167	2.1000000000000014	1.0880185641326534e-14	1
v16CCACCCACCACACCABCACABCACABAE	16	3.4134753589353784e-08	43.466993469328585	3.3306690738754696e-16	10
v16CCCACACACACACACACACACACACAAE	16	4.7167931153944616e-08	43.466993469328585	6.661338147750939e-16	10
v16CCCACACACCAACACACCAACACACAAE	16	7.25818900816122e-08	43.466993469328585	5.551115123125783e-16	10
v16CCCACACCAACACACCAACACACCAABE	16	1.943871198248053e-08	55.27909663310495	6.661338147750939e-16	10
v16CCCACCACACCACACACAACACAACAAE	16	6.945065969082285e-08	21.872676300000002	3.3306690738754696e-16	10
v16CCCACCACCACCACACCACAACAADEBE	16	6.445177744049907e-08	21.872676300000002	4.440892098500626e-16	10
v16CCCCACCACACACACACACACAACAAAE	16	4.064489594556373e-08	55.27909663310495	4.440892098500626e-16	10
v16CCCCACCACACCACACACACAACAAAAE	16	4.781228416336321e-08	43.466993469328585	2.220446049250313e-16	10
v177h9a146be2ce10951e	177	0.4167797743505339	2.1000000000000014	7.771561172376096e-15	1
v17CCACCACAACCACAACCACAACCACAACAE	17	6.661075131710246e-08	2.1000000000000014	5.551115123125783e-16	10
v17CCCACACACACACACACACACACACACAAE	17	5.202725861786923e-08	43.466993469328585	8.881784197001252e-16	10
v17CCCACACACCAACACACCAACACACCAABE	17	1.3599404136349223e-07	43.466993469328585	5.551115123125783e-16	10
v17CCCACCACACACACCACACACACACADEAE	17	5.7291964720734044e-08	55.27909663310495	5.551115123125783e-16	10
v17CCCACCACACCACACAACACCACACAAABE	17	3.242795212292594e-08	55.27909663310495	8.881784197001252e-16	10
v17CCCACCACCACCACACACACAACAAACAAE	17	5.786702645309742e-08	43.466993469328585	8.881784197001252e-16	10
v17CCCACCCACCACCACAACCAACAACAAAAE	17	7.754678651676227e-08	55.27909663310495	7.771561172376096e-16	10
v17CCCACCCACCACCACAACCAACDECAAAAE	17	7.532821932407359e-08	55.27909663310495	6.661338147750939e-16	10
v17CCCCACCACACACAACCACACACAACAAAE	17	4.125771507215371e-08	43.466993469328585	4.440892098500626e-16	10
v17CCCCACCACACACACACACACACAACAAAE	17	4.9358814859603855e-08	55.27909663310495	4.440892098500626e-16	10
v17CCCCACCACACACCACACACACAACAAAAE	17	4.155531227550577e-08	55.27909663310495	7.771561172376096e-16	10
v182h4d83f7c1fdef10d3	182	0.5460973878363705	2.1000000000000014	6.8833827526759706e-15	1
v18CCCACACACACACACACACACACACACACAAE	18	6.806566082908738e-08	43.466993469328585	5.551115123125783e-16	10
v18CCCACACACCAACACACCAACACACCAACAAE	18	1.099700569986031e-07	43.466993469328585	4.440892098500626e-16	10
v18CCCACACACCACACAACCACACAACACACAAE	18	4.574052507224308e-08	21.872676300000002	6.661338147750939e-16	10
v18CCCACACACCACACAACCACACAACCAACAAE	18	3.360780109135463e-08	21.872676300000002	6.661338147750939e-16	10
v18CCCACACACCACACACACACACAACACACAAE	18	2.521414689390948e-08	55.27909663310495	7.771561172376096e-16	10
v18CCCACACCACCACACACCACAACADECACAAE	18	1.5146657867820583e-07	21.872676300000002	5.551115123125783e-16	10
v18CCCACCACACCACACAACACCACACAACAAAE	18	3.7034959739959986e-08	49.112965600533286	5.551115123125783e-16	10
v18CCCACCACACCACACCAACACCAACACDEABE	18	9.711686740831533e-08	55.27909663310495	4.440892098500626e-16	10
v18CCCACCACACCACACCACACACAACACADEAE	18	1.22183201745276e-07	21.872676300000002	7.771561172376096e-16	10
v18CCCACCACCACCACACACACAACCAAACAAAE	18	5.920898245306579e-08	55.27909663310495	5.551115123125783e-16	10
v18CCCACCCACCACCACAACCAACACACAAABBE	18	1.7546781118598064e-07	21.872676300000002	7.771561172376096e-16	10
v18CCCACCCACCACCACAACCACAACAACAABBE	18	6.878883603034706e-08	43.466993469328585	1.1102230246251565e-15	10
v18CCCACCCACCACCACACACAACAACAAACAAE	18	8.297637138424706e-08	55.27909663310495	4.440892098500626e-16	10
v18CCCACCCACCACCACACCAACAACAADECAAE	18	6.709768600807917e-08	43.466993469328585	6.661338147750939e-16	10
v18CCCCACCACACACACACACACACACAACAAAE	18	4.4063286154098415e-08	55.27909663310495	8.881784197001252e-16	10
v18CCCCACCACACACACACCAACACACAACAAAE	18	5.79204388774976e-08	55.27909663310495	3.3306690738754696e-16	10
v18CCCCACCACACACACACCACAACACAACAAAE	18	7.383185099601844e-08	55.27909663310495	1.4432899320127035e-15	10
v18CCCCACCACACACCACACACACAACAACAAAE	18	5.1702899735129606e-08	55.27909663310495	6.661338147750939e-16	10
v18CCCCACCACACACCACACACACAACACAAABE	18	5.3666624030408806e-08	55.27909663310495	8.881784197001252e-16	10
v18CCCCACCACACCACACACACAACACAACAAAE	18	6.011051487275775e-08	55.27909663310495	8.881784197001252e-16	10
v191h0993a492513773bc	191	0.8040208218240624	2.1000000000000014	7.327471962526033e-15	1
v192ha3f3647a75529d93	192	0.6242073748598674	2.1000000000000014	8.43769498715119e-15	1
v19CCCACACACACACACACACACACACACACACAAE	19	5.6445810156729094e-08	43.466993469328585	5.551115123125783e-16	10
v19CCCACACACCAACACACCAACACACCAACACAAE	19	1.5619366954630459e-07	43.466993469328585	4.440892098500626e-16	10
v19CCCACACACCACACAACCACACAACCACACAAAE	19	6.517072874006701e-08	21.872676300000002	6.661338147750939e-16	10
v19CCCACACACCACACACACACACACAACACACAAE	19	9.39815467320194e-08	21.872676300000002	6.661338147750939e-16	10
v19CCCACACACCACACACACACACACACAACACAAE	19	2.9038983750528062e-08	55.27909663310495	1.2212453270876722e-15	10
v19CCCACACACCACACACACACACACACACACAAAE	19	4.782274603093886e-08	55.27909663310495	8.881784197001252e-16	10
v19CCCACACCACACACACACACACACACAACACAAE	19	8.106625688743874e-08	43.466993469328585	4.440892098500626e-16	10
v19CCCACACCACACACACCAACACACACAACACAAE	19	4.5171261578978315e-08	21.872676300000002	6.661338147750939e-16	10
v19CCCACACCACACACACCAACACACACCAACADEE	19	6.350629206076516e-08	21.872676300000002	1.3322676295501878e-15	10
v19CCCACACCACCACACACACACCACAACAACAABE	19	1.1777618972597723e-07	43.466993469328585	8.881784197001252e-16	10
v19CCCACCACACCACACAACACCACACAACACAAAE	19	4.3558290942657784e-08	55.27909663310495	8.881784197001252e-16	10
v19CCCACCACACCACACACACACCACAACACAAABE	19	7.961937997470987e-08	21.872676300000002	4.440892098500626e-16	10
v19CCCACCACCACACACCACACCACACACAADEDEE	19	8.556339610298559e-08	21.872676300000002	1.3322676295501878e-15	10
v19CCCACCACCACCACACACACACACCAAACAADEE	19	1.1130598314692723e-07	43.466993469328585	4.440892098500626e-16	10
v19CCCACCCACCACCACACACACAACAACAACAAAE	19	6.543435986166299e-08	21.872676300000002	8.881784197001252e-16	10
v19CCCCACCACACACACACACACACACACAACAAAE	19	4.812202286754422e-08	49.112965600533286	6.661338147750939e-16	10
v19CCCCACCACACACACACCACACACACAACAAAAE	19	8.555540847203469e-08	55.27909663310495	4.440892098500626e-16	10
v19CCCCACCACACACCACACACACAACACAACAAAE	19	5.836331101637701e-08	55.27909663310495	4.440892098500626e-16	10
v19CCCCACCACACACCACACACACACACAAACAAAE	19	5.702006355995852e-08	55.27909663310495	4.440892098500626e-16	10
v19CCCCACCACACCACACACACACACAACAACAAAE	19	5.539512149640355e-08	55.27909663310495	6.661338147750939e-16	10
v19CCCCACCACACCACACACACACACAACACAAABE	19	6.605908668190183e-08	55.27909663310495	6.661338147750939e-16	10
v200h135a0caf146869c8	200	0.5177244067648363	2.1000000000000014	7.993605777301127e-15	1
v202hb84cee6a728cdd59	202	0.739543664910668	2.1000000000000014	4.440892098500626e-15	1
v202hd5d3d1cdcaa902c7	202	0.6449599202424531	2.1000000000000014	6.661338147750939e-15	1
v20CCACCCACCACACCACCACACCACACABCADEADEE	20	6.498226377201616e-08	43.466993469328585	2.220446049250313e-16	10
v20CCCACACACACACACACACACACACACACACACAAE	20	9.024673466767735e-08	43.466993469328585	9.992007221626409e-16	10
v20CCCACACACCAACACACCAACACACCAACACACAAE	20	1.565282218916661e-07	43.466993469328585	1.2212453270876722e-15	10
v20CCCACACACCACACACACACACACACACACACAAAE	20	4.8713716954701314e-08	55.27909663310495	6.661338147750939e-16	10
v20CCCACACACCACACACACACACACACACACACADEE	20	5.346995164657861e-08	55.27909663310495	9.992007221626409e-16	10
v20CCCACACACCACACACACCACACACAACAACACAAE	20	8.289885919823197e-08	21.872676300000002	8.881784197001252e-16	10
v20CCCACACACCACACACACCACACACAACACACAAAE	20	8.248302534412546e-08	21.872676300000002	8.881784197001252e-16	10
v20CCCACACCAACACACCAACACACCAACACACCAABE	20	4.5895152197344896e-08	2.1000000000000014	7.771561172376096e-16	10
v20CCCACACCACACACACACACACACACACACACAAAE	20	1.1168161841875543e-07	43.466993469328585	7.771561172376096e-16	10
v20CCCACACCACACACACCAACACACACCAACACAAAE	20	1.289996223277608e-07	21.872676300000002	8.881784197001252e-16	10
v20CCCACCACACCACAACACACCACAACACACACAABE	20	5.313737727778611e-08	43.466993469328585	1.3322676295501878e-15	10
v20CCCACCACACCACACAACACCACACAACACAACAAE	20	4.1251934395467854e-08	55.27909663310495	6.661338147750939e-16	10
v20CCCACCACACCACACDEACCACACAACCACACAAAE	20	3.710699294699242e-08	55.27909663310495	9.992007221626409e-16	10
v20CCCACCACCACACACCACACCACACACAACAAAABE	20	1.8612679264761209e-07	21.872676300000002	7.771561172376096e-16	10
v20CCCACCACCACCACACACACCACACCAAACAADBEE	20	1.0162581760976655e-07	43.466993469328585	9.992007221626409e-16	10
v20CCCACCCACCACCACAACCAACCAACCAAACAAAAE	20	2.136762052405634e-07	43.466993469328585	1.3322676295501878e-15	10
v20CCCACCCACCACCACAACCACACAACACAACAADEE	20	1.3973268747053247e-07	43.466993469328585	1.1102230246251565e-15	10
v20CCCACCCACCACCACAACCACACDECACAAACADEE	20	6.956522739687343e-08	21.872676300000002	1.2212453270876722e-15	10
v20CCCACCCACCACCACACACACACAACACAAACADEE	20	1.0726623752953321e-07	43.466993469328585	6.661338147750939e-16	10
v20CCCCACCACACACACACACACACACACACAACAAAE	20	4.7442211980106317e-08	43.466993469328585	4.440892098500626e-16	10
v20CCCCACCACACACACACCAACACACACACAACAAAE	20	6.45907393457492e-08	55.27909663310495	4.440892098500626e-16	10
v20CCCCACCACACACACACCACACACACAACAACAAAE	20	8.68214076696202e-08	43.466993469328585	8.881784197001252e-16	10
v20CCCCACCACACACACACCACACACACAACACAAABE	20	1.3071998362879106e-07	43.466993469328585	6.661338147750939e-16	10
v20CCCCACCACACACCACACACACAACACACAACAAAE	20	5.361748500363325e-08	55.27909663310495	4.440892098500626e-16	10
v20CCCCACCACACACCACACACACAACCAACACAAABE	20	1.0244927821383794e-07	55.27909663310495	6.661338147750939e-16	10
v20CCCCACCACACACCACACACACACACAACAACAAAE	20	1.1231145176894016e-07	55.27909663310495	5.551115123125783e-16	10
v20CCCCACCACACACCACACACACACACAACACAAABE	20	8.917511845118591e-08	55.27909663310495	5.551115123125783e-16	10
v20CCCCACCACACACCACACCACACACACAAABCAAAE	20	9.097300876373293e-08	55.27909663310495	8.881784197001252e-16	10
v20CCCCACCACACACCACACCACACACACAAACAAAAE	20	1.485805827001277e-07	43.466993469328585	5.551115123125783e-16	10
v20CCCCACCACACCACACACACACACAACACAACAAAE	20	6.98618660243078e-08	43.466993469328585	6.661338147750939e-16	10
v20CCCCACCACACCACACACACACACACAACACAAABE	20	1.228433628482771e-07	55.27909663310495	5.551115123125783e-16	10
v20CCCCACCACACCACACACCACACACAACAACAAAAE	20	1.0493470219675395e-07	55.27909663310495	5.551115123125783e-16	10
v20CCCCACCACCACACCACACACACAACACAAACAAAE	20	5.486327301732604e-08	55.27909663310495	9.992007221626409e-16	10
v20CCCCACCACCACACCACACCAACAACACAAACAAAE	20	1.4686577714477895e-07	43.466993469328585	4.440892098500626e-16	10
v212h09ca41a41819f9c3	212	0.3982491458806197	2.1000000000000014	1.4210854715202004e-14	1
v218h402a30a79d0fc4aa	218	0.7842170902018597	2.1000000000000014	8.881784197001252e-15	1
v218h97ef229a70240d1e	218	0.7045461519217422	2.1000000000000014	7.66053886991358e-15	1
v21CCCACACACACACACACACACACACACACACACACAAE	21	8.8966410910666e-08	43.466993469328585	3.3306690738754696e-16	10
v21CCCACACACCAACACACCAACACACCAACACACCAABE	21	2.7666355123158935e-07	43.466993469328585	1.9984014443252818e-15	10
v21CCCACACACCACACAACCACACAACCACACAACACAAE	21	1.0586906315184455e-07	21.872676300000002	6.661338147750939e-16	10
v21CCCACACACCACACACACCACACACAACACACACAAAE	21	1.0756066390526228e-07	21.872676300000002	4.440892098500626e-16	10
v21CCCACACACCACACACACCACACACACAACACACAAAE	21	7.699745021607764e-08	55.27909663310495	5.551115123125783e-16	10
v21CCCACACACCACACACACCACACACACAACACACADEE	21	7.02903701866043e-08	55.27909663310495	7.771561172376096e-16	10
v21CCCACACCACCACACAACACCACACAACACACACAAAE	21	6.378088913644741e-08	43.466993469328585	7.771561172376096e-16	10
v21CCCACACCACCACACACCACAACACACACCACAABABE	21	2.4370356806278676e-07	21.872676300000002	8.881784197001252e-16	10
v21CCCACCACACCACAACACACCACAACACACCACAADEE	21	5.412667681719486e-08	43.466993469328585	4.440892098500626e-16	10
v21CCCACCACACCACACAACACCACACAACACACACAAAE	21	4.0683353092464874e-08	55.27909663310495	8.881784197001252e-16	10
v21CCCACCACACCACACACAACCACACACAACACACAAAE	21	7.742215685513264e-07	21.872676300000002	6.661338147750939e-16	10
v21CCCACCACACCACACCAACACCAACACCAACACDEABE	21	1.768512000158166e-07	43.466993469328585	5.551115123125783e-16	10
v21CCCACCACCACACACCACACCACACACACACAAAABAE	21	3.3084944815675937e-07	21.872676300000002	6.661338147750939e-16	10
v21CCCACCACCACCACACACACCACACCAAACACAAAABE	21	1.37880349670014e-07	43.466993469328585	1.1102230246251565e-15	10
v21CCCACCCACCACCACACACCACAACAACACAACAAAAE	21	7.265116576996573e-08	55.27909663310495	6.661338147750939e-16	10
v21CCCACCCACCACCACACCAACAACACACAACCAAABAE	21	1.392161207408707e-07	21.872676300000002	6.661338147750939e-16	10
v21CCCCACCACACACACACACACACACACACACAACAAAE	21	7.529273182581943e-08	21.872676300000002	6.661338147750939e-16	10
v21CCCCACCACACACACACCACAACACACACACAACAAAE	21	2.660305700307373e-07	43.466993469328585	6.661338147750939e-16	10
v21CCCCACCACACACACACCACACACACAACACAACAAAE	21	7.899888173709527e-08	55.27909663310495	4.440892098500626e-16	10
v21CCCCACCACACACACACCACACACACACACAAACAAAE	21	8.5649466572618e-08	55.27909663310495	5.551115123125783e-16	10
v21CCCCACCACACACCACACACACACACAACACAACAAAE	21	1.0345537584482523e-07	55.27909663310495	4.440892098500626e-16	10
v21CCCCACCACACACCACACACACACACACAACAACAAAE	21	6.335861084899174e-08	43.466993469328585	6.661338147750939e-16	10
v21CCCCACCACACACCACACACACACACACAACACAAABE	21	9.842308873081539e-08	43.466993469328585	4.440892098500626e-16	10
v21CCCCACCACACACCACACCACACACACAAACACAAABE	21	1.4939206954656217e-07	43.466993469328585	1.1102230246251565e-15	10
v21CCCCACCACACACCACACCACACACACAACACAAABAE	21	9.063642984145696e-08	55.27909663310495	8.881784197001252e-16	10
v21CCCCACCACACCACACACACACACACAACACAACAAAE	21	1.4375309497374368e-07	55.27909663310495	6.661338147750939e-16	10
v21CCCCACCACACCACACACACACACACACACAACAAAAE	21	8.290239870754576e-08	55.27909663310495	6.661338147750939e-16	10
v21CCCCACCACACCACACACACACACCAACACAACAADEE	21	1.11095422753101e-07	43.466993469328585	6.661338147750939e-16	10
v21CCCCACCACACCACACACCACACACAACAACCAAABAE	21	1.1541609889815173e-07	55.27909663310495	6.661338147750939e-16	10
v21CCCCACCACACCACACACCACACACACAACACAAAABE	21	1.0408844654386191e-07	55.27909663310495	1.1102230246251565e-15	10
v21CCCCACCACACCACACACCACACACCAAACACAAAABE	21	8.688298264696633e-08	55.27909663310495	6.661338147750939e-16	10
v21CCCCACCACACCACCACACCACACACAACAAACAAAAE	21	1.0975220517403768e-07	43.466993469328585	1.1102230246251565e-15	10
v21CCCCACCACCACACCACACACACAACACAACAACAAAE	21	6.711650662767104e-08	43.466993469328585	5.551115123125783e-16	10
v226he5c99f0254e9d767	226	0.6139592070009546	2.1000000000000014	3.019806626980426e-14	1
v227hcf33e781a0512bdd	227	0.48261586679332164	2.1000000000000014	7.327471962526033e-15	1
v22CCCACACACACACACACACACACACACACACACACACAAE	22	1.2368921257436988e-07	43.466993469328585	6.661338147750939e-16	10
v22CCCACACACCAACACACCAACACACCAACACACCAACAAE	22	1.9239344791209146e-07	43.466993469328585	6.661338147750939e-16	10
v22CCCACACACCACACACACACACACACACACACAACACAAE	22	5.406041464354989e-08	55.27909663310495	6.661338147750939e-16	10
v22CCCACACACCACACACACACACACACACACACACACADEE	22	1.62207068358182e-07	21.872676300000002	8.881784197001252e-16	10
v22CCCACACACCACACACACCACACACACACACACACAABAE	22	5.4886077809147566e-08	21.872676300000002	6.661338147750939e-16	10
v22CCCACACCACACAACCACACAACCACACAACCACACAABE	22	5.8520875432187254e-08	21.872676300000002	9.992007221626409e-16	10
v22CCCACCACACCACACAACACCACACAACACCACACAAABE	22	4.259888797785163e-08	55.27909663310495	8.881784197001252e-16	10
v22CCCACCACACCACACACAACCACACACAACACACACAABE	22	1.0893925015880081e-05	2.1000000000000014	1.1102230246251565e-15	10
v22CCCACCACACCACACACAACCACACACAACCACACADEAE	22	7.641084331268263e-07	21.872676300000002	4.440892098500626e-16	10
v22CCCACCACACCACACACACACCACAACACAACACAACAAE	22	2.1228143089133583e-07	21.872676300000002	6.661338147750939e-16	10
v22CCCACCACACCACACACACACCACACAACAACACACAAAE	22	2.5928880721364665e-07	21.872676300000002	7.771561172376096e-16	10
v22CCCACCACACCACACACACACCACACACADECACACAAAE	22	5.198143566835677e-08	43.466993469328585	6.661338147750939e-16	10
v22CCCACCACACCACACCACACACCACACACACACAAABABE	22	2.3082125729338355e-07	43.466993469328585	4.440892098500626e-16	10
v22CCCACCACCACCACACACACCACACCAAACACACAAADEE	22	1.4895596779384766e-07	43.466993469328585	7.771561172376096e-16	10
v22CCCACCACCACCACACCACACCACACACACAADECAAAAE	22	2.2790432806784665e-07	43.466993469328585	9.992007221626409e-16	10
v22CCCACCCACCACCACACCAACACACAACAACCAABACAAE	22	8.954303545721731e-08	43.466993469328585	5.551115123125783e-16	10
v22CCCCACCACACACAACCACACACAACCACACACAACAAAE	22	8.51795221478109e-08	43.466993469328585	7.771561172376096e-16	10
v22CCCCACCACACACACACACACACACACACACACAACAAAE	22	6.995284659953536e-08	43.466993469328585	6.661338147750939e-16	10
v22CCCCACCACACACACACCAACACACACACCAACACAAABE	22	6.294752908936772e-08	55.27909663310495	7.771561172376096e-16	10
v22CCCCACCACACACACACCACACACACAACACACAACAAAE	22	1.25939849601933e-07	43.466993469328585	8.881784197001252e-16	10
v22CCCCACCACACACACACCACACACACAACCAACACAAABE	22	1.3180292491865643e-07	55.27909663310495	7.771561172376096e-16	10
v22CCCCACCACACACACACCACACACACACACAACAACAAAE	22	1.2621641652429026e-07	43.466993469328585	8.881784197001252e-16	10
v22CCCCACCACACACACACCACACACACACACAACACAAABE	22	8.463918057174492e-08	55.27909663310495	1.5543122344752192e-15	10
v22CCCCACCACACACACACCACACACACACACACAAACAAAE	22	1.3270796558054815e-07	21.872676300000002	6.661338147750939e-16	10
v22CCCCACCACACACCACACACACACACAACACACAACAAAE	22	1.1039550048222266e-07	43.466993469328585	6.661338147750939e-16	10
v22CCCCACCACACACCACACACACACACACAACACAACAAAE	22	4.707597563429515e-08	21.872676300000002	1.5543122344752192e-15	10
v22CCCCACCACACACCACACACACACACACACAACACAAABE	22	5.4535325057387666e-08	55.27909663310495	1.2212453270876722e-15	10
v22CCCCACCACACACCACACACACACACACACACAACAAAAE	22	4.6208904500130256e-08	55.27909663310495	6.661338147750939e-16	10
v22CCCCACCACACACCACACACACACACCAACACAACAADEE	22	1.6336236835907912e-07	43.466993469328585	8.881784197001252e-16	10
v22CCCCACCACACACCACACCACACACACAAACCAACAADEE	22	1.1760958296719917e-07	43.466993469328585	6.661338147750939e-16	10
v22CCCCACCACACACCACACCACACACACAACACAAACAAAE	22	1.1389330232859933e-07	55.27909663310495	6.661338147750939e-16	10
v22CCCCACCACACACCACACCACACACACAACACAACAAAAE	22	1.1911679512263489e-07	55.27909663310495	6.661338147750939e-16	10
v22CCCCACCACACACCACACCACACACACAACACAACAADEE	22	2.4124749239628624e-07	43.466993469328585	5.551115123125783e-16	10
v22CCCCACCACACACCACACCACACACACAACACCAAABABE	22	1.0628353051123044e-07	55.27909663310495	6.661338147750939e-16	10
v22CCCCACCACACACCACACCACACACACACAACAACAAAAE	22	1.304888605132793e-07	55.27909663310495	6.661338147750939e-16	10
v22CCCCACCACACCACACACACAACCACACACACAACAAAAE	22	1.0971016771166743e-07	21.872676300000002	6.661338147750939e-16	10
v22CCCCACCACACCACACACACACACACACAACACAACAAAE	22	9.683862569597532e-08	55.27909663310495	8.881784197001252e-16	10
v22CCCCACCACACCACACACACACACACACACAACAACAAAE	22	9.727431475288303e-08	49.112965600533286	5.551115123125783e-16	10
v22CCCCACCACACCACACACACACACACACACAACACAAABE	22	9.487713912578979e-08	55.27909663310495	5.551115123125783e-16	10
v22CCCCACCACACCACACACACACACACACACACAACAAAAE	22	9.183938397289607e-08	55.27909663310495	7.771561172376096e-16	10
v22CCCCACCACACCACACACCACACACAACACACAAACAAAE	22	9.323086715161876e-08	55.27909663310495	8.881784197001252e-16	10
v22CCCCACCACACCACACACCACACACACAACACAAACAAAE	22	1.2964063084694705e-07	55.27909663310495	4.440892098500626e-16	10
v22CCCCACCACACCACACACCACACACACAACACAACAADEE	22	1.5684913605353933e-07	43.466993469328585	1.1102230246251565e-15	10
v22CCCCACCACACCACACACCACACACACAACACCAAABABE	22	1.2563694423710041e-07	55.27909663310495	1.1102230246251565e-15	10
v22CCCCACCACACCACACACCACACACACACAACAAACAAAE	22	9.595788358356989e-08	55.27909663310495	8.881784197001252e-16	10
v22CCCCACCACACCACACACCACACACACACAACAACAAAAE	22	9.196683842096452e-08	55.27909663310495	5.551115123125783e-16	10
v22CCCCACCACACCACACACCACACACACACAACCAAABAAE	22	1.0125040354022151e-07	55.27909663310495	6.661338147750939e-16	10
v22CCCCACCACACCACACACCACACACCAAACACAACAADEE	22	1.977435639653969e-07	21.872676300000002	8.881784197001252e-16	10
v22CCCCACCACACCACACACCACACACCAAACACCAAABABE	22	1.2370791530288609e-07	55.27909663310495	7.771561172376096e-16	10
v22CCCCACCACACCACACACCACACACCAACACACAAAABBE	22	1.0868343761515911e-07	43.466993469328585	1.3322676295501878e-15	10
v22CCCCACCACACCACCACACCACACACAACCAAABCAAABE	22	9.962115031515694e-08	55.27909663310495	1.3322676295501878e-15	10
v22CCCCACCACCACACCACACACACAACACACAACACAAABE	22	1.268937042887104e-07	43.466993469328585	6.661338147750939e-16	10
v22CCCCACCACCACACCACACACACACAACACAACAACAAAE	22	9.59549825762072e-08	43.466993469328585	9.992007221626409e-16	10
v22CCCCACCACCACACCACACACACACAACACACAACAAAAE	22	9.697634252127721e-08	55.27909663310495	6.661338147750939e-16	10
v22CCCCACCACCACACCACACACACACAACCAACAACAAABE	22	1.87619921859375e-07	43.466993469328585	8.881784197001252e-16	10
v22CCCCACCACCACACCACACACACACAACCAACAACADEAE	22	9.106166530752206e-08	55.27909663310495	1.1102230246251565e-15	10
v236hc60ae96a0a268dcd	236	0.9798820218912239	2.1000000000000014	2.0317081350640365e-14	1
v23CCCACACACACACACACACACACACACACACACACACACAAE	23	1.1032165525907165e-07	2.1000000000000014	7.771561172376096e-16	10
v23CCCACACACCAACACACCAACACACCAACACACCAACACAAE	23	3.2670057469370294e-07	43.466993469328585	6.661338147750939e-16	10
v23CCCACACACCACACAACCACACAACCACACAACCACACAABE	23	1.2990065319099818e-07	21.872676300000002	7.771561172376096e-16	10
v23CCCACACACCACACACACCACACACAACACACACAACACAAE	23	2.3618951159878985e-07	21.872676300000002	1.5543122344752192e-15	10
v23CCCACACCACACAACCACACAACCACACAACCACACAACAAE	23	6.559527644776158e-08	21.872676300000002	7.771561172376096e-16	10
v23CCCACACCACACACACACACACACACACACACACACACAAAE	23	1.8494649173643435e-07	43.466993469328585	1.4432899320127035e-15	10
v23CCCACACCACCACACAACACCACACAACACCACACAACAAAE	23	5.004565752612904e-08	55.27909663310495	4.440892098500626e-16	10
v23CCCACCACACCACACAACACCACACAACACCACACAACAAAE	23	5.373634913664905e-08	55.27909663310495	5.551115123125783e-16	10
v23CCCACCACACCACACACAACCACACACAACCACACACAAABE	23	2.075850137779157e-06	21.872676300000002	6.661338147750939e-16	10
v23CCCACCACACCACACACACACCACACAACAACCACACAAAAE	23	1.5931434240279542e-07	21.872676300000002	6.661338147750939e-16	10
v23CCCACCACACCACACACACACCACACACAAACCACACADEAE	23	9.592808854236378e-08	21.872676300000002	9.992007221626409e-16	10
v23CCCACCACACCACACACACACCACACACAACACACACADEAE	23	4.63843725975316e-08	55.27909663310495	9.992007221626409e-16	10
v23CCCACCACACCACACACACACCACACACADECACACACAABE	23	9.471827163511052e-08	21.872676300000002	1.1102230246251565e-15	10
v23CCCACCACACCACACCAACACCACACACAAACCACACADEAE	23	2.2330016191711147e-07	21.872676300000002	4.440892098500626e-16	10
v23CCCACCACACCACACCAACACCACACACDEACCACACADEAE	23	9.11915566098919e-08	55.27909663310495	8.881784197001252e-16	10
v23CCCACCACACCACACCACACACCACACAACADECACACAAAE	23	3.2997259736223415e-07	21.872676300000002	5.551115123125783e-16	10
v23CCCACCACCACCACACACACCACACCAAACACACAAACDEAE	23	2.2935853338128032e-07	43.466993469328585	5.551115123125783e-16	10
v23CCCACCACCACCACACCACACCACACACACAACAAACAAAAE	23	1.7300848308783553e-07	43.466993469328585	7.771561172376096e-16	10
v23CCCACCCACCACCACAACCAACCAACCACAACAACAAACAAE	23	1.8338066359068225e-07	55.27909663310495	8.881784197001252e-16	10
v23CCCACCCACCACCACAACCACACAACCACAACAACAAACAAE	23	2.8835825391327917e-07	55.27909663310495	1.4432899320127035e-15	10
v23CCCACCCACCACCACAACCACACACACACAACCAACAAADEE	23	3.5853344631799287e-07	21.872676300000002	1.5543122344752192e-15	10
v23CCCACCCACCACCACAACCACACCAACCACAAACACADEABE	23	1.2237150862873024e-07	55.27909663310495	4.440892098500626e-16	10
v23CCCCACCACACACACACACACACACACACACACACAACAAAE	23	1.2525567191877843e-07	43.466993469328585	7.771561172376096e-16	10
v23CCCCACCACACACACACCACACACACACACAACACAACAAAE	23	1.0998280503883866e-07	43.466993469328585	4.440892098500626e-16	10
v23CCCCACCACACACACACCACACACACACACACAACAACAAAE	23	9.783260689534933e-08	55.27909663310495	7.771561172376096e-16	10
v23CCCCACCACACACACACCACACACACACACACAACACAAABE	23	1.462929659994858e-07	21.872676300000002	1.2212453270876722e-15	10
v23CCCCACCACACACACACCACACACACACACACACAAACAAAE	23	2.552381716349627e-07	21.872676300000002	1.1102230246251565e-15	10
v23CCCCACCACACACCACACACACAACCACACACACAACAAAAE	23	9.69237061972496e-08	21.872676300000002	8.881784197001252e-16	10
v23CCCCACCACACACCACACACACACACACAACACACAACAAAE	23	6.728726525235103e-08	43.466993469328585	4.440892098500626e-16	10
v23CCCCACCACACACCACACACACACACACACAACACAACAAAE	23	6.372122295283376e-08	43.466993469328585	4.440892098500626e-16	10
v23CCCCACCACACACCACACACACACACACACACAACAACAAAE	23	7.014707002205183e-08	43.466993469328585	6.661338147750939e-16	10
v23CCCCACCACACACCACACACACACACACACACAACACAAABE	23	8.378486202729087e-08	21.872676300000002	5.551115123125783e-16	10
v23CCCCACCACACACCACACACACACACACACACACAAACAAAE	23	1.9058486308819285e-07	21.872676300000002	7.771561172376096e-16	10
v23CCCCACCACACACCACACACACACACACACACACAACAAAAE	23	9.213835341818482e-08	21.872676300000002	5.551115123125783e-16	10
v23CCCCACCACACACCACACACACACACCAACACAACAACAAAE	23	1.4427502112482508e-07	55.27909663310495	1.2212453270876722e-15	10
v23CCCCACCACACACCACACCACACACACAACACAACAACAAAE	23	1.2014500530205921e-07	43.466993469328585	6.661338147750939e-16	10
v23CCCCACCACACACCACACCACACACACAACACAACACAAABE	23	1.31346785178296e-07	43.466993469328585	9.992007221626409e-16	10
v23CCCCACCACACACCACACCACACACACAACACACAAACAAAE	23	1.3304482113185243e-07	55.27909663310495	8.881784197001252e-16	10
v23CCCCACCACACACCACACCACACACACAACACACAACAAAAE	23	1.1483163923607103e-07	55.27909663310495	7.771561172376096e-16	10
v23CCCCACCACACACCACACCACACACACAACACACAACADEAE	23	1.0177875214419137e-07	49.112965600533286	6.661338147750939e-16	10
v23CCCCACCACACACCACACCACACACACACAACAACAACAAAE	23	2.55520867603391e-07	43.466993469328585	6.661338147750939e-16	10
v23CCCCACCACACACCACACCACACACACACAACACAACAAAAE	23	1.343215879001602e-07	55.27909663310495	7.771561172376096e-16	10
v23CCCCACCACACACCACACCACACACACACAACCAACAADAEE	23	1.9809072970293323e-07	43.466993469328585	6.661338147750939e-16	10
v23CCCCACCACACCACACACACAACCACACACACAACAACAAAE	23	2.471053135786457e-07	21.872676300000002	6.661338147750939e-16	10
v23CCCCACCACACCACACACACACACACACACAACACAACAAAE	23	7.019738166196452e-08	55.27909663310495	4.440892098500626e-16	10
v23CCCCACCACACCACACACACACACACACACACAACAACAAAE	23	7.356505114031565e-08	55.27909663310495	5.551115123125783e-16	10
v23CCCCACCACACCACACACACACACACACACACACAACAAAAE	23	9.729922022753526e-08	43.466993469328585	8.881784197001252e-16	10
v23CCCCACCACACCACACACACACACCAACACACACAACAAAAE	23	2.0109641751110822e-07	21.872676300000002	8.881784197001252e-16	10
v23CCCCACCACACCACACACACACACCACAACACACAACAAAAE	23	1.2909382156249474e-07	43.466993469328585	9.992007221626409e-16	10
v23CCCCACCACACCACACACCACACACAACACACAACACAAABE	23	8.239035834439245e-08	55.27909663310495	6.661338147750939e-16	10
v23CCCCACCACACCACACACCACACACACAACACAACAACAAAE	23	1.1319266734431952e-07	55.27909663310495	1.1102230246251565e-15	10
v23CCCCACCACACCACACACCACACACACAACACAACACAAABE	23	1.518661522993887e-07	43.466993469328585	7.771561172376096e-16	10
v23CCCCACCACACCACACACCACACACACAACACACAACAAAAE	23	1.2735829621532105e-07	43.466993469328585	4.440892098500626e-16	10
v23CCCCACCACACCACACACCACACACACACAACAACAACAAAE	23	1.3345729410718488e-07	43.466993469328585	1.3322676295501878e-15	10
v23CCCCACCACACCACACACCACACACACACAACACAACAAAAE	23	9.648671212516812e-08	55.27909663310495	8.881784197001252e-16	10
v23CCCCACCACACCACACACCACACACACACAACACAACAADEE	23	1.0958551539341716e-07	55.27909663310495	6.661338147750939e-16	10
v23CCCCACCACACCACACACCACACACACACAACCAAACAADEE	23	1.2597980270497577e-07	43.466993469328585	7.771561172376096e-16	10
v23CCCCACCACACCACACACCACACACACACACACAAACAAAAE	23	1.186019532126412e-07	55.27909663310495	8.881784197001252e-16	10
v23CCCCACCACACCACACACCACACACCAACACACAAACADEAE	23	1.0616023582415734e-07	55.27909663310495	1.1102230246251565e-15	10
v23CCCCACCACACCACACACCACACACCAACACACCAAABABBE	23	1.3324295610979924e-07	55.27909663310495	8.881784197001252e-16	10
v23CCCCACCACACCACCACACCACACACAACAACACAAACAAAE	23	1.1745294397668675e-07	55.27909663310495	6.661338147750939e-16	10
v23CCCCACCACACCACCACACCACACACAACACAACCAAABAAE	23	1.0682769908323037e-07	55.27909663310495	8.881784197001252e-16	10
v23CCCCACCACCACACCACACACACAACACCAACACACAAABBE	23	8.984774039540339e-08	43.466993469328585	6.661338147750939e-16	10
v23CCCCACCACCACACCACACACACACAACACACAACACAAABE	23	1.4956797112895323e-07	21.872676300000002	1.1102230246251565e-15	10
v23CCCCACCACCACACCACACACACACAACACACACAACAAAAE	23	9.713514183552407e-08	43.466993469328585	1.1102230246251565e-15	10
v23CCCCACCACCACACCACACACACACAACCAACACAACAADEE	23	1.953935786052267e-07	43.466993469328585	9.992007221626409e-16	10
v23CCCCACCACCACACCACACACACACACACAACACAACAAAAE	23	1.3179695429987324e-07	55.27909663310495	1.3322676295501878e-15	10
v244hdbc3e108e5770529	244	0.7315998953129942	2.1000000000000014	1.4432899320127035e-14	1
v24CCCACACACACACACACACACACACACACACACACACACACAAE	24	1.5307968831775448e-07	43.466993469328585	1.3322676295501878e-15	10
v24CCCACACACCAACACACCAACACACCAACACACCAACACACAAE	24	3.2019420681190784e-07	43.466993469328585	7.771561172376096e-16	10
v24CCCACACCAACACACCAACACACCAACACACCAACACACCAABE	24	4.0777380171818206e-07	2.1000000000000014	1.887379141862766e-15	10
v24CCCACACCACACAACCACACAACCACACAACCACACAACCAABE	24	1.4152830383756532e-07	21.872676300000002	4.440892098500626e-16	10
v24CCCACACCACACACACCACACACAACCACACACAACAACACAAE	24	1.2869566146942777e-07	21.872676300000002	1.4432899320127035e-15	10
v24CCCACACCACACACACCACACACAACCACACACAACCAACADEE	24	2.4295973738232674e-07	21.872676300000002	7.771561172376096e-16	10
v24CCCACACCACCACACACCACAACACACACCACAACADECACAAE	24	7.765340933061124e-07	21.872676300000002	8.881784197001252e-16	10
v24CCCACACCACCACACACCACACCACACACACCACACAABABABE	24	6.395892090909585e-07	43.466993469328585	1.3322676295501878e-15	10
v24CCCACCACACCACACAACACCACACAACACCACACAACAACAAE	24	6.033928926422302e-08	55.27909663310495	1.1102230246251565e-15	10
v24CCCACCACACCACACAACACCACACAACACCACACAACACAAAE	24	6.1704660315525e-08	55.27909663310495	6.661338147750939e-16	10
v24CCCACCACACCACACACAACCACACACAACCACACACAACADEE	24	1.876318736220072e-06	21.872676300000002	9.992007221626409e-16	10
v24CCCACCACACCACACACACACCACACAACACACCACACAADEAE	24	7.467953726533785e-08	43.466993469328585	8.881784197001252e-16	10
v24CCCACCACACCACACACACACCACACACAACACACACACAABAE	24	5.7200319109434475e-08	43.466993469328585	5.551115123125783e-16	10
v24CCCACCACACCACACACACACCACACACAACACCACACADAEAE	24	5.056251409684789e-08	55.27909663310495	1.1102230246251565e-15	10
v24CCCACCACACCACACACACACCACACACACAACCACACAADEAE	24	1.553820580619839e-07	21.872676300000002	8.881784197001252e-16	10
v24CCCACCACACCACACACACACCACACACACAACCACACADAEAE	24	2.2934160692923457e-07	21.872676300000002	6.661338147750939e-16	10
v24CCCACCACACCACACCAACACCAACACCAACACCAACACDEABE	24	1.8374997669132328e-07	43.466993469328585	9.992007221626409e-16	10
v24CCCACCACACCACACCAACACCACACACAACACACACACAAABE	24	9.861315727436404e-08	55.27909663310495	1.1102230246251565e-15	10
v24CCCACCACACCACACCAACACCACACACAACACACACACAABAE	24	9.966289776771483e-08	55.27909663310495	5.551115123125783e-16	10
v24CCCACCACACCACACCAACACCACACACAACACCACACADAEAE	24	9.396013467824125e-08	55.27909663310495	1.1102230246251565e-15	10
v24CCCACCACACCACACCAACACCACACACCAABACCACACADEAE	24	9.389854214480667e-08	55.27909663310495	6.661338147750939e-16	10
v24CCCACCACACCACACCAACACCACACACDEACCACACACAAABE	24	9.130627500310123e-08	55.27909663310495	1.1102230246251565e-15	10
v24CCCACCACCACACACCACACCACACACACACAACCAACAADAEE	24	6.856080386356507e-07	21.872676300000002	5.551115123125783e-16	10
v24CCCACCACCACCACAACACCACACCAAACACCACACACDEAABE	24	4.1124954776867936e-07	21.872676300000002	8.881784197001252e-16	10
v24CCCACCACCACCACACAACACACCACACAACACACACACAAAAE	24	5.381346936808679e-07	43.466993469328585	7.771561172376096e-16	10
v24CCCACCACCACCACACACACCACACCAAACACACAACACDEAAE	24	2.975617166392847e-07	43.466993469328585	9.992007221626409e-16	10
v24CCCACCACCACCACACCACACCACACACACACACAAACAAADEE	24	5.52162305366739e-07	43.466993469328585	5.551115123125783e-16	10
v24CCCACCCACCACCACACCAACAACACCACACACCAAACAADEAE	24	1.0154703645531541e-07	43.466993469328585	1.2212453270876722e-15	10
v24CCCACCCACCACCACACCACACACACACACAACAACACAAABAE	24	1.2057109270459167e-07	43.466993469328585	5.551115123125783e-16	10
v24CCCCACCACACACACACACACACACACACACACACACAACAAAE	24	1.5363817488329044e-07	43.466993469328585	6.661338147750939e-16	10
v24CCCCACCACACACACACCAACACACACACCAACACACAACAAAE	24	1.1898515287026766e-07	43.466993469328585	1.1102230246251565e-15	10
v24CCCCACCACACACACACCACAACACACACCACAACACAACAAAE	24	1.944822336099856e-07	43.466993469328585	8.881784197001252e-16	10
v24CCCCACCACACACACACCACACACACAACACACACACAACAAAE	24	1.83590050165214e-07	43.466993469328585	1.1102230246251565e-15	10
v24CCCCACCACACACACACCACACACACAACCAACACACAACAAAE	24	1.6513524632033838e-07	43.466993469328585	5.551115123125783e-16	10
v24CCCCACCACACACACACCACACACACAACCACAACACAACAAAE	24	1.6822489783011543e-07	43.466993469328585	8.881784197001252e-16	10
v24CCCCACCACACACACACCACACACACACACAACACACAACAAAE	24	1.3359326311410447e-07	43.466993469328585	8.881784197001252e-16	10
v24CCCCACCACACACACACCACACACACACACACAACACAACAAAE	24	8.552460561960748e-08	55.27909663310495	8.881784197001252e-16	10
v24CCCCACCACACACACACCACACACACACACACACAACACAAABE	24	3.6393221960861684e-07	21.872676300000002	8.881784197001252e-16	10
v24CCCCACCACACACACACCACACACACACACACACACAACAAAAE	24	1.1950860359370345e-07	43.466993469328585	7.771561172376096e-16	10
v24CCCCACCACACACACACCACACACACACACCAACACAACAADEE	24	2.0099893338214474e-07	55.27909663310495	1.5543122344752192e-15	10
v24CCCCACCACACACCACACACACAACCACACACACAACAACAAAE	24	2.0183678116173994e-07	21.872676300000002	8.881784197001252e-16	10
v24CCCCACCACACACCACACACACAACCACACACACAACCAAABAE	24	6.292607086362919e-08	55.27909663310495	6.661338147750939e-16	10
v24CCCCACCACACACCACACACACACACACACAACACACAACAAAE	24	1.2708565561351843e-07	21.872676300000002	4.440892098500626e-16	10
v24CCCCACCACACACCACACACACACACACACACAACACAACAAAE	24	1.1347502441197974e-07	21.872676300000002	9.992007221626409e-16	10
v24CCCCACCACACACCACACACACACACACACACACAACAACAAAE	24	2.0272615887274657e-07	21.872676300000002	6.661338147750939e-16	10
v24CCCCACCACACACCACACACACACACACACACACACAAACAAAE	24	6.880107179519165e-08	55.27909663310495	6.661338147750939e-16	10
v24CCCCACCACACACCACACACACACACACACACACACAACAAAAE	24	8.563994475740365e-08	43.466993469328585	8.881784197001252e-16	10
v24CCCCACCACACACCACACACACACACCAACACACACAACAAAAE	24	1.174726189621307e-07	55.27909663310495	7.771561172376096e-16	10
v24CCCCACCACACACCACACACACACACCAACACACACAACDEAAE	24	1.737119648410298e-07	43.466993469328585	4.440892098500626e-16	10
v24CCCCACCACACACCACACACACACACCACAACACACAACAAAAE	24	1.289905160937316e-07	21.872676300000002	1.3322676295501878e-15	10
v24CCCCACCACACACCACACCACACACACAACACACAACACAAABE	24	1.2576128753914782e-07	55.27909663310495	8.881784197001252e-16	10
v24CCCCACCACACACCACACCACACACACAACACACACAACAAAAE	24	2.0451429203932417e-07	43.466993469328585	1.2212453270876722e-15	10
v24CCCCACCACACACCACACCACACACACAACACCAAACACAAABE	24	1.7193284606074908e-07	43.466993469328585	8.881784197001252e-16	10
v24CCCCACCACACACCACACCACACACACAACACCAACAACAAABE	24	1.694617911517514e-07	55.27909663310495	7.771561172376096e-16	10
v24CCCCACCACACACCACACCACACACACAACACCAACACAAAABE	24	1.3145146087566235e-07	55.27909663310495	8.881784197001252e-16	10
v24CCCCACCACACACCACACCACACACACACAACAACACAACAAAE	24	2.0158546251604598e-07	43.466993469328585	1.1102230246251565e-15	10
v24CCCCACCACACACCACACCACACACACACAACACAACAACAAAE	24	1.3533462927709006e-07	55.27909663310495	8.881784197001252e-16	10
v24CCCCACCACACACCACACCACACACACACAACACAACACAAABE	24	1.3684745649809377e-07	55.27909663310495	8.881784197001252e-16	10
v24CCCCACCACACACCACACCACACACACACAACACACAACAAAAE	24	3.0763564588570985e-07	43.466993469328585	8.881784197001252e-16	10
v24CCCCACCACACACCACACCACACACACACAACACACAACADEAE	24	3.3015399144434623e-07	43.466993469328585	8.881784197001252e-16	10
v24CCCCACCACACACCACACCACACACACACAACCAACAACAAABE	24	2.040327606193582e-07	55.27909663310495	1.1102230246251565e-15	10
v24CCCCACCACACACCACACCACACACACACAACCACAACADAEAE	24	1.9727201632209714e-07	43.466993469328585	1.1102230246251565e-15	10
v24CCCCACCACACACCACACCACACACACACACACAACACAAAABE	24	1.364383718837064e-07	55.27909663310495	8.881784197001252e-16	10
v24CCCCACCACACACCACACCACACACACACACACAACACAAABAE	24	1.536183737264838e-07	55.27909663310495	5.551115123125783e-16	10
v24CCCCACCACACACCACACCACACACACCAACACACAACAADBEE	24	1.5693226389924207e-07	43.466993469328585	1.1102230246251565e-15	10
v24CCCCACCACACCACACACACAACCACACACACAACACAACAAAE	24	1.719341756664142e-07	21.872676300000002	3.3306690738754696e-16	10
v24CCCCACCACACCACACACACAACCACACACACAACCAACAADEE	24	7.080244269909208e-07	21.872676300000002	1.1102230246251565e-15	10
v24CCCCACCACACCACACACACACACACACACACAACACAACAAAE	24	1.195533895928575e-07	55.27909663310495	8.881784197001252e-16	10
v24CCCCACCACACCACACACACACACACACACACACAACAACAAAE	24	1.394884344076502e-07	21.872676300000002	7.771561172376096e-16	10
v24CCCCACCACACCACACACACACACACACACACACAACACAAABE	24	1.3869934134448217e-07	21.872676300000002	4.440892098500626e-16	10
v24CCCCACCACACCACACACACACACACACACACACACAACAAAAE	24	7.738007783844917e-08	55.27909663310495	8.881784197001252e-16	10
v24CCCCACCACACCACACACACACACCAACACACACAACAACAAAE	24	3.2356184921089114e-07	21.872676300000002	7.771561172376096e-16	10
v24CCCCACCACACCACACACACACACCAACACACACAACCAAABAE	24	2.7283591954124746e-07	21.872676300000002	1.5543122344752192e-15	10
v24CCCCACCACACCACACACACACACCACAACACACAACCAAABAE	24	2.1665335499532056e-07	43.466993469328585	8.881784197001252e-16	10
v24CCCCACCACACCACACACCACACACAACACACAACACAACAAAE	24	1.5896707315902167e-07	43.466993469328585	8.881784197001252e-16	10
v24CCCCACCACACCACACACCACACACACAACACACAACACAAABE	24	1.5252223859391503e-07	43.466993469328585	6.661338147750939e-16	10
v24CCCCACCACACCACACACCACACACACAACACACACAACAAAAE	24	1.7879893379658346e-07	43.466993469328585	6.661338147750939e-16	10
v24CCCCACCACACCACACACCACACACACAACACCAACAACAAABE	24	1.861605703547606e-07	55.27909663310495	1.3322676295501878e-15	10
v24CCCCACCACACCACACACCACACACACACAACAACACAACAAAE	24	1.1167508065808834e-07	43.466993469328585	1.1102230246251565e-15	10
v24CCCCACCACACCACACACCACACACACACAACACAACAACAAAE	24	9.980428262100414e-08	55.27909663310495	6.661338147750939e-16	10
v24CCCCACCACACCACACACCACACACACACAACACAACACAAABE	24	1.0200903823450702e-07	55.27909663310495	1.5543122344752192e-15	10
v24CCCCACCACACCACACACCACACACACACAACACACAAACAAAE	24	1.607785757803019e-07	21.872676300000002	5.551115123125783e-16	10
v24CCCCACCACACCACACACCACACACACACAACACACAACAAAAE	24	1.5827093409921983e-07	43.466993469328585	9.992007221626409e-16	10
v24CCCCACCACACCACACACCACACACACACAACCAAACACAAABE	24	1.8825907089146865e-07	43.466993469328585	8.881784197001252e-16	10
v24CCCCACCACACCACACACCACACACACACAACCAACACAAAABE	24	1.3521267623367598e-07	55.27909663310495	4.440892098500626e-16	10
v24CCCCACCACACCACACACCACACACACACAACCAACACAADEBE	24	1.37284018252209e-07	55.27909663310495	6.661338147750939e-16	10
v24CCCCACCACACCACACACCACACACACACACACAACAAACAAAE	24	1.2288775633994418e-07	55.27909663310495	6.661338147750939e-16	10
v24CCCCACCACACCACACACCACACACACACACACAACAACAAAAE	24	1.2159400481329087e-07	55.27909663310495	5.551115123125783e-16	10
v24CCCCACCACACCACACACCACACACACACACACAACAACAAABE	24	1.2852136522633275e-07	55.27909663310495	1.5543122344752192e-15	10
v24CCCCACCACACCACACACCACACACACACACACAACACAAAABE	24	1.298231568425964e-07	55.27909663310495	1.3322676295501878e-15	10
v24CCCCACCACACCACACACCACACACACACACACACAAACAAAAE	24	1.262838644716726e-07	55.27909663310495	7.771561172376096e-16	10
v24CCCCACCACACCACACACCACACACCAACACACAACAACAAAAE	24	2.415697314796068e-07	43.466993469328585	8.881784197001252e-16	10
v24CCCCACCACACCACACACCACACACCAACACACAACAACAAABE	24	2.5724736445209957e-07	43.466993469328585	1.5543122344752192e-15	10
v24CCCCACCACACCACACACCACACACCAACACACAACAACDEAAE	24	2.097805448987327e-07	43.466993469328585	6.661338147750939e-16	10
v24CCCCACCACACCACACACCACACACCAACACACAACACADEABE	24	8.295503085151819e-08	55.27909663310495	1.5543122344752192e-15	10
v24CCCCACCACACCACCACACCACACACAACACAACACAACAAAAE	24	1.0369436176901073e-07	55.27909663310495	8.881784197001252e-16	10
v24CCCCACCACACCACCACACCACACACAACACAACACAACAADEE	24	1.1732871595997013e-07	55.27909663310495	9.992007221626409e-16	10
v24CCCCACCACACCACCACACCACACACAACACAACCAAACAADEE	24	1.525867974978394e-07	43.466993469328585	6.661338147750939e-16	10
v24CCCCACCACACCACCACACCACACACAACACAACCAACAAADEE	24	1.0954757745538901e-07	55.27909663310495	8.881784197001252e-16	10
v24CCCCACCACACCACCACACCACACACAACACACACAAACAAAAE	24	1.2818616944476973e-07	55.27909663310495	1.1102230246251565e-15	10
v24CCCCACCACACCACCACACCACACACAACCAAACCAAACAADEE	24	1.5816487437650782e-07	55.27909663310495	7.771561172376096e-16	10
v24CCCCACCACACCACCACACCACACACACACAACACAACAAADEE	24	2.0347011929851626e-07	21.872676300000002	1.3322676295501878e-15	10
v24CCCCACCACCACACCACACACACAACACACACACACAACAAAAE	24	8.896234806150861e-08	21.872676300000002	8.881784197001252e-16	10
v24CCCCACCACCACACCACACACACACACACAACACAACAACAAAE	24	9.794098629490404e-08	55.27909663310495	1.5543122344752192e-15	10
v24CCCCACCACCACACCACACACACACACACAACACAACACAAABE	24	1.0018985695909081e-07	55.27909663310495	4.440892098500626e-16	10
v24CCCCACCACCACACCACACACACACACACAACACACAACAAAAE	24	1.7365486233542553e-07	43.466993469328585	7.771561172376096e-16	10
v24CCCCACCACCACACCACACACACACACACACAACAACAACAAAE	24	9.511327830440342e-08	43.466993469328585	8.881784197001252e-16	10
v24CCCCACCACCACACCACACACACACACACACAACACAACAADEE	24	9.530905448451589e-08	55.27909663310495	1.1102230246251565e-15	10
v24CCCCACCACCACACCACACACACACACACCAACACACAAAABBE	24	1.0452251394263854e-07	55.27909663310495	5.551115123125783e-16	10
v24CCCCACCACCACACCACACACACACACACCACAACACAAAABAE	24	9.755386594370835e-08	55.27909663310495	1.1102230246251565e-15	10
v24CCCCACCACCACACCACACACACCAACACACAACAACAACAAAE	24	7.846806728529048e-08	55.27909663310495	6.661338147750939e-16	10
v24CCCCACCACCACACCACACACACCAACACACAACAACCAAABAE	24	8.768259379470791e-08	43.466993469328585	8.881784197001252e-16	10
v24CCCCACCACCACACCACACACACCAACACACACAAACCAAABAE	24	9.158495850082875e-08	43.466993469328585	3.3306690738754696e-16	10
v24CCCCACCACCACACCACACACACCAACACCACAACACADBEABE	24	1.3528553164383827e-07	43.466993469328585	6.661338147750939e-16	10
v24CCCCACCACCACACCACACACACCAACACCACAACACADEABAE	24	7.771003617239156e-08	43.466993469328585	8.881784197001252e-16	10
v24CCCCACCACCACACCACACCAACACACACACAACAACAACAAAE	24	1.226680140017953e-07	55.27909663310495	1.1102230246251565e-15	10
v24CCCCACCACCACACCACACCAACACACACACAACCAACAAADEE	24	1.1829124069291013e-07	55.27909663310495	1.1102230246251565e-15	10
v24CCCCACCACCACACCACACCACACACACACAAACCAAACAADEE	24	1.2315546201140128e-07	43.466993469328585	8.881784197001252e-16	10
v252h7423d855cfebeb35	252	0.46950826644759	2.1000000000000014	7.438494264988549e-15	1
v25CCCACACACACACACACACACACACACACACACACACACACACAAE	25	5.3085765557932e-07	2.1000000000000014	9.992007221626409e-16	10
v25CCCACACACCAACACACCAACACACCAACACACCAACACACCAABE	25	4.898296908557431e-07	2.1000000000000014	1.1102230246251565e-15	10
v25CCCACACACCACACAACCACACAACCACACAACCACACAACCAABE	25	1.6052351577878158e-07	21.872676300000002	1.2212453270876722e-15	10
v25CCCACACACCACACACACCACACACAACCACACACAACCAACADEE	25	2.481925628672582e-07	21.872676300000002	7.771561172376096e-16	10
v25CCCACACACCACACACACCACACACACACACACACACAACACAABE	25	3.436703787206769e-07	21.872676300000002	1.1102230246251565e-15	10
v25CCCACACCACACACACACACACACACACACACACACACAACACAAE	25	3.0554126696880194e-07	43.466993469328585	1.2212453270876722e-15	10
v25CCCACACCACACACACACACACACACACACACACACACACACADEE	25	2.920544505069515e-07	43.466993469328585	6.661338147750939e-16	10
v25CCCACACCACACACACCACACACAACCACACACAACACACACAAAE	25	3.318220663022046e-07	21.872676300000002	1.6653345369377348e-15	10
v25CCCACACCACACACACCACACACAACCACACACAACCAACACAAAE	25	7.140398219065708e-07	21.872676300000002	8.881784197001252e-16	10
v25CCCACACCACACACACCACACACACACACACACAACACACACAAAE	25	7.999922474944044e-08	21.872676300000002	9.992007221626409e-16	10
v25CCCACACCACACACACCACACACACACACACACACAACACACAAAE	25	8.30127228718958e-08	43.466993469328585	1.2212453270876722e-15	10
v25CCCACACCACACACACCACACACACACACACACACAACACACADEE	25	6.766712502034909e-08	21.872676300000002	8.881784197001252e-16	10
v25CCCACACCACACACACCACACACACACCACACACADECAACACAAE	25	6.39663624346388e-07	21.872676300000002	8.881784197001252e-16	10
v25CCCACACCACCACACAACACCACACAACACCACACAACAACACAAE	25	5.0422279405931096e-08	55.27909663310495	9.992007221626409e-16	10
v25CCCACACCACCACACACACACCACAACACACACCACAACAACAABE	25	2.83256574604077e-07	49.112965600533286	1.3322676295501878e-15	10
v25CCCACCACACACACACACACACACACACACACACACACACACAAAE	25	1.4742146771432383e-07	43.466993469328585	1.1102230246251565e-15	10
v25CCCACCACACCACACACAACCACACACAACCACACACAACACAABE	25	2.9789762041550014e-06	21.872676300000002	6.661338147750939e-16	10
v25CCCACCACACCACACACACACCACAACACACACCACAACACAAABE	25	1.0747255512078276e-07	43.466993469328585	6.661338147750939e-16	10
v25CCCACCACACCACACACACACCACACAACACACCACACAACAAABE	25	8.014387242528761e-08	43.466993469328585	7.771561172376096e-16	10
v25CCCACCACACCACACACACACCACACACAACACACACACAACADEE	25	1.2726150494140263e-07	21.872676300000002	5.551115123125783e-16	10
v25CCCACCACACCACACACACACCACACACAACACCACACACAAAABE	25	5.263299345819449e-08	55.27909663310495	8.881784197001252e-16	10
v25CCCACCACACCACACACACACCACACACAACACCACACACAAABAE	25	5.293517596852229e-08	43.466993469328585	8.881784197001252e-16	10
v25CCCACCACACCACACACACACCACACACACAACCACACAACAAABE	25	4.909055321901399e-07	21.872676300000002	8.881784197001252e-16	10
v25CCCACCACACCACACACACACCACACACACAACCACACACAAAABE	25	8.067715030866511e-07	21.872676300000002	1.3322676295501878e-15	10
v25CCCACCACACCACACACACACCACACACACAACCACACACAAABAE	25	3.8443712377370405e-07	21.872676300000002	6.661338147750939e-16	10
v25CCCACCACACCACACACACACCACACACACAACCACACACADEABE	25	5.122709873654471e-07	21.872676300000002	7.771561172376096e-16	10
v25CCCACCACACCACACACACACCACACACACAACCACACACADEBAE	25	4.599685679654653e-07	21.872676300000002	7.771561172376096e-16	10
v25CCCACCACACCACACACACACCACACACACACACACACACAAABAE	25	7.794197759173479e-08	43.466993469328585	6.661338147750939e-16	10
v25CCCACCACACCACACACACACCACACACACACACCACACAADAEAE	25	7.753183491941268e-08	43.466993469328585	6.661338147750939e-16	10
v25CCCACCACACCACACACACACCACACACACACACCACACADABEAE	25	7.312739015377293e-08	43.466993469328585	4.440892098500626e-16	10
v25CCCACCACACCACACCAACACCACACACAACACACACACAACADEE	25	1.267693360017502e-07	21.872676300000002	8.881784197001252e-16	10
v25CCCACCACACCACACCAACACCACACACAACACCACACACAAAABE	25	9.508457440080791e-08	55.27909663310495	1.3322676295501878e-15	10
v25CCCACCACACCACACCAACACCACACACAACACCACACACAAABAE	25	9.540323027810887e-08	55.27909663310495	6.661338147750939e-16	10
v25CCCACCACACCACACCAACACCACACACCAACACACACAACDEABE	25	1.8263905237802265e-07	21.872676300000002	1.3322676295501878e-15	10
v25CCCACCACACCACACCAACACCACACACCAACACACACACAAAABE	25	2.0010117079694983e-07	43.466993469328585	5.551115123125783e-16	10
v25CCCACCACACCACACCAACACCACACACCAACACACACACAAABAE	25	2.1669729745074754e-07	43.466993469328585	1.2212453270876722e-15	10
v25CCCACCACACCACACCAACACCACACACCAACACACACACADEABE	25	7.252083771831375e-07	21.872676300000002	1.1102230246251565e-15	10
v25CCCACCACACCACACCAACACCACACACCAACACCACACADABEAE	25	1.5028023209757016e-07	43.466993469328585	7.771561172376096e-16	10
v25CCCACCACACCACACCAACACCACACACDEACCACACACAACADEE	25	9.110823406625963e-08	55.27909663310495	1.3322676295501878e-15	10
v25CCCACCACACCACACCACACACCACACAACACAACCACACAADEAE	25	5.800225764456524e-07	21.872676300000002	6.661338147750939e-16	10
v25CCCACCACACCACACCACACACCACACACAAACACCACACADEAAE	25	1.1037031985778875e-07	55.27909663310495	8.881784197001252e-16	10
v25CCCACCACACCACACCACACACCACACACAACAACCACACADAEAE	25	4.484276826148469e-07	21.872676300000002	8.881784197001252e-16	10
v25CCCACCACACCACACCACACACCACACACAACACACACACADEAAE	25	1.0521655202836528e-07	55.27909663310495	8.881784197001252e-16	10
v25CCCACCACACCACACCACACACCACACACCADEACCACACAADBEE	25	5.697480267292121e-07	43.466993469328585	8.881784197001252e-16	10
v25CCCACCACACCACACCACACACCACACACCADEACCACACAADEAE	25	2.905608122155339e-07	43.466993469328585	1.3322676295501878e-15	10
v25CCCACCACACCACACCACACACCACACACCADEACCACACADAEAE	25	2.0779536456779494e-07	43.466993469328585	6.661338147750939e-16	10
v25CCCACCACACCACACCACACACDEACCACACACAACCAACACAAAE	25	1.7206918522219936e-07	43.466993469328585	8.881784197001252e-16	10
v25CCCACCACCACCACACACAACACCACACACAACACACACACAABAE	25	2.0979541519285024e-07	21.872676300000002	6.661338147750939e-16	10
v25CCCACCACCACCACACACACCACACCADEACACCACACACDEAABE	25	9.831930634305486e-07	21.872676300000002	1.3322676295501878e-15	10
v25CCCACCACCACCACACACACCACACCADEACACCACACACDEABAE	25	2.8272365701152797e-07	21.872676300000002	1.1102230246251565e-15	10
v25CCCACCACCACCACACCACACCAACCACACACACAADECACAAABE	25	1.684722226808834e-07	43.466993469328585	1.1102230246251565e-15	10
v25CCCACCCACCACCACACACACACAACCACACACACACAAACADEAE	25	3.199703543938396e-07	43.466993469328585	1.1102230246251565e-15	10
v25CCCACCCACCACCACACCAACAACACCACACACCAAACACAAAABE	25	1.0201876043489498e-07	43.466993469328585	4.440892098500626e-16	10
v25CCCACCCACCACCACACCACACACCACACACACACAAAABCAAAAE	25	1.1962732261367105e-07	55.27909663310495	4.440892098500626e-16	10
v25CCCACCCACCACCCACCAACCACACDECCAACAACAACADEBCAAE	25	2.3407439463383108e-07	29.9083225384962	None	11
v25CCCCACCACACACACACACACACACACACACACACACACAACAAAE	25	1.7578560270291595e-07	21.872676300000002	7.771561172376096e-16	10
v25CCCCACCACACACACACCACACACACAACCACACACACAACAAAAE	25	2.1151585333398802e-07	43.466993469328585	6.661338147750939e-16	10
v25CCCCACCACACACACACCACACACACACACACAACACACAACAAAE	25	1.606472278875169e-07	43.466993469328585	8.881784197001252e-16	10
v25CCCCACCACACACACACCACACACACACACACACAACACAACAAAE	25	5.338337422272852e-07	21.872676300000002	7.771561172376096e-16	10
v25CCCCACCACACACACACCACACACACACACACACACAACAACAAAE	25	1.382178476137519e-07	21.872676300000002	1.1102230246251565e-15	10
v25CCCCACCACACACACACCACACACACACACACACACAACACAAABE	25	2.1762095965719007e-07	21.872676300000002	8.881784197001252e-16	10
v25CCCCACCACACACACACCACACACACACACACACACACAAACAAAE	25	1.52294498530748e-07	43.466993469328585	6.661338147750939e-16	10
v25CCCCACCACACACACACCACACACACACACACACACACAACAAAAE	25	1.3842555716330812e-07	43.466993469328585	1.5543122344752192e-15	10
v25CCCCACCACACACACACCACACACACACACCAACAACACAACAAAE	25	2.2949925958968795e-07	43.466993469328585	1.9984014443252818e-15	10
v25CCCCACCACACACACACCACACACACACACCAACACAACAACAAAE	25	1.6568538866202792e-07	43.466993469328585	1.7763568394002505e-15	10
v25CCCCACCACACACCACACACACAACCACACACACAACACAACAAAE	25	4.906062741549481e-07	21.872676300000002	1.4432899320127035e-15	10
v25CCCCACCACACACCACACACACACACACACACAACACACAACAAAE	25	2.1710691831066048e-07	21.872676300000002	1.2212453270876722e-15	10
v25CCCCACCACACACCACACACACACACACACACACAACACAACAAAE	25	3.870803723305507e-07	21.872676300000002	1.1102230246251565e-15	10
v25CCCCACCACACACCACACACACACACACACACACACAACAACAAAE	25	9.875414090038797e-08	43.466993469328585	5.551115123125783e-16	10
v25CCCCACCACACACCACACACACACACACACACACACAACACAAABE	25	1.1533921855592758e-07	21.872676300000002	1.1102230246251565e-15	10
v25CCCCACCACACACCACACACACACACACACACACACACAAACAAAE	25	1.1340143434890686e-07	21.872676300000002	4.440892098500626e-16	10
v25CCCCACCACACACCACACACACACACACACACACACACAACAAAAE	25	8.892287349538462e-08	21.872676300000002	1.6653345369377348e-15	10
v25CCCCACCACACACCACACACACACACCAACACACACAACAACAAAE	25	1.4491749678960562e-07	43.466993469328585	1.2212453270876722e-15	10
v25CCCCACCACACACCACACACACACACCAACACACACAACCAAABAE	25	2.1434079197680187e-07	55.27909663310495	1.3322676295501878e-15	10
v25CCCCACCACACACCACACACACACACCACAACACACAACACAAABE	25	1.7550779940134417e-07	21.872676300000002	6.661338147750939e-16	10
v25CCCCACCACACACCACACACACACACCACAACACACAACCAAABAE	25	1.1132524495254539e-07	43.466993469328585	5.551115123125783e-16	10
v25CCCCACCACACACCACACCACACACACAACACAACACACAACAAAE	25	1.1758822139838019e-07	55.27909663310495	1.5543122344752192e-15	10
v25CCCCACCACACACCACACCACACACACAACACACAACACAACAAAE	25	1.1708319347083217e-07	55.27909663310495	6.661338147750939e-16	10
v25CCCCACCACACACCACACCACACACACAACACACACAACAACAAAE	25	1.9685335600546338e-07	43.466993469328585	4.440892098500626e-16	10
v25CCCCACCACACACCACACCACACACACAACACCAACACACAAABBE	25	1.3124981705979175e-07	55.27909663310495	9.992007221626409e-16	10
v25CCCCACCACACACCACACCACACACACAACACCACAACACAAABAE	25	1.767768197337524e-07	55.27909663310495	1.2212453270876722e-15	10
v25CCCCACCACACACCACACCACACACACACAACACACAACACAAABE	25	4.1281737215007334e-07	43.466993469328585	6.661338147750939e-16	10
v25CCCCACCACACACCACACCACACACACACAACACACACAACAAAAE	25	2.479661601936967e-07	43.466993469328585	6.661338147750939e-16	10
v25CCCCACCACACACCACACCACACACACACAACCAACACACAAABBE	25	1.5227757218856962e-07	55.27909663310495	1.1102230246251565e-15	10
v25CCCCACCACACACCACACCACACACACACAACCACAACACAAABAE	25	1.710794881245543e-07	43.466993469328585	1.1102230246251565e-15	10
v25CCCCACCACACACCACACCACACACACACACACAACACAAACAAAE	25	1.6211403258280737e-07	55.27909663310495	6.661338147750939e-16	10
v25CCCCACCACACACCACACCACACACACACACACAACACAACAAAAE	25	1.9174468072468362e-07	43.466993469328585	8.881784197001252e-16	10
v25CCCCACCACACACCACACCACACACACACACACACAACAAACAAAE	25	1.627142587177111e-07	55.27909663310495	3.3306690738754696e-16	10
v25CCCCACCACACACCACACCACACACACACACACACAACAACAAAAE	25	1.4573637160447116e-07	55.27909663310495	1.1102230246251565e-15	10
v25CCCCACCACACACCACACCACACACACACACACACAACAACAAABE	25	1.5263535863652122e-07	43.466993469328585	7.771561172376096e-16	10
v25CCCCACCACACACCACACCACACACACACACACACAACACAAAABE	25	2.166393266052887e-07	21.872676300000002	8.881784197001252e-16	10
v25CCCCACCACACACCACACCACACACACACACACACAACACAAABAE	25	1.4911021518445178e-07	21.872676300000002	8.881784197001252e-16	10
v25CCCCACCACACACCACACCACACACACACACACACACAAACAAAAE	25	3.1034177271935785e-07	21.872676300000002	6.661338147750939e-16	10
v25CCCCACCACACACCACACCACACACACCAACACACAACAACAAAAE	25	1.235528923649198e-07	55.27909663310495	5.551115123125783e-16	10
v25CCCCACCACACACCACACCACACACACCAACACACAACAACAAABE	25	1.3040750674284495e-07	55.27909663310495	1.1102230246251565e-15	10
v25CCCCACCACACACCACACCACACACACCAACACACAACACADEABE	25	1.8996331497688148e-07	43.466993469328585	7.771561172376096e-16	10
v25CCCCACCACACACCACACCACACACACCAACACCACAACADABEAE	25	3.0209268976710034e-07	43.466993469328585	1.2212453270876722e-15	10
v25CCCCACCACACCACACACACACACACACACACACAACACAACAAAE	25	1.9610645924982132e-07	21.872676300000002	7.771561172376096e-16	10
v25CCCCACCACACCACACACACACACACACACACACACAACAACAAAE	25	8.642809414461369e-08	43.466993469328585	4.440892098500626e-16	10
v25CCCCACCACACCACACACACACACACACACACACACAACACAAABE	25	1.0566758033076346e-07	43.466993469328585	8.881784197001252e-16	10
v25CCCCACCACACCACACACACACACACACACACACACACAACAAAAE	25	1.4580486926860423e-07	43.466993469328585	9.992007221626409e-16	10
v25CCCCACCACACCACACACACACACCAACACACACAACCAACAADEE	25	1.2269227176833404e-06	21.872676300000002	1.1102230246251565e-15	10
v25CCCCACCACACCACACACACACACCAACACACACACACAACAAAAE	25	1.1749814136747607e-07	43.466993469328585	8.881784197001252e-16	10
v25CCCCACCACACCACACACACACACCACAACACACAACACAACAAAE	25	2.1343239119985816e-07	43.466993469328585	5.551115123125783e-16	10
v25CCCCACCACACCACACACACACACCACACACACACAACAAACAAAE	25	1.5149558507705226e-07	43.466993469328585	6.661338147750939e-16	10
v25CCCCACCACACCACACACACACACCACACACACACAACAACAAAAE	25	2.0932314458997398e-07	21.872676300000002	8.881784197001252e-16	10
v25CCCCACCACACCACACACACACACCACACACACACAACAACAAABE	25	2.60118668741369e-07	21.872676300000002	8.881784197001252e-16	10
v25CCCCACCACACCACACACCACACACAACACACACACACAACAAAAE	25	1.7546620010227828e-07	43.466993469328585	6.661338147750939e-16	10
v25CCCCACCACACCACACACCACACACACAACACACAACACAACAAAE	25	1.925130767531287e-07	55.27909663310495	1.1102230246251565e-15	10
v25CCCCACCACACCACACACCACACACACAACACCAACACACAAABBE	25	1.8022788925388575e-07	43.466993469328585	8.881784197001252e-16	10
v25CCCCACCACACCACACACCACACACACAACACCACAACACAAABAE	25	1.9334272423698049e-07	55.27909663310495	8.881784197001252e-16	10
v25CCCCACCACACCACACACCACACACACACAACACACAACACAAABE	25	2.496443070894944e-07	43.466993469328585	1.5543122344752192e-15	10
v25CCCCACCACACCACACACCACACACACACAACACACACAACAAAAE	25	1.358884966049339e-07	43.466993469328585	7.771561172376096e-16	10
v25CCCCACCACACCACACACCACACACACACAACCAACACAACAADEE	25	1.947060244011736e-07	55.27909663310495	6.661338147750939e-16	10
v25CCCCACCACACCACACACCACACACACACAACCAACACACAAABBE	25	1.3573452109018752e-07	55.27909663310495	8.881784197001252e-16	10
v25CCCCACCACACCACACACCACACACACACACACAACAACAACAAAE	25	1.3161960920432846e-07	55.27909663310495	6.661338147750939e-16	10
v25CCCCACCACACCACACACCACACACACACACACAACACAAACAAAE	25	1.3015667914569694e-07	55.27909663310495	4.440892098500626e-16	10
v25CCCCACCACACCACACACCACACACACACACACAACACAACAAAAE	25	1.223038820270921e-07	55.27909663310495	1.5543122344752192e-15	10
v25CCCCACCACACCACACACCACACACACACACACAACACAACAADEE	25	9.827057006021153e-08	55.27909663310495	1.1102230246251565e-15	10
v25CCCCACCACACCACACACCACACACACACACACACAACAACAAAAE	25	1.254705897708417e-07	55.27909663310495	4.440892098500626e-16	10
v25CCCCACCACACCACACACCACACACACACACACACAACAACAAABE	25	1.2526926971696882e-07	55.27909663310495	8.881784197001252e-16	10
v25CCCCACCACACCACACACCACACACACACACACACAACACAAAABE	25	1.2623515443662544e-07	55.27909663310495	1.1102230246251565e-15	10
v25CCCCACCACACCACACACCACACACACACACACACAACACAAABAE	25	1.0228357254622822e-07	55.27909663310495	8.881784197001252e-16	10
v25CCCCACCACACCACACACCACACACACACACACCAAACACAAAABE	25	1.8464538309151202e-07	43.466993469328585	6.661338147750939e-16	10
v25CCCCACCACACCACACACCACACACACACACACCAACAACAAAABE	25	1.7406430956716333e-07	55.27909663310495	1.1102230246251565e-15	10
v25CCCCACCACACCACACACCACACACCAACACACAACAACAACAAAE	25	2.677449648031759e-07	43.466993469328585	7.771561172376096e-16	10
v25CCCCACCACACCACACACCACACACCAACACACAACAACCAAABAE	25	3.1820438189371493e-07	43.466993469328585	7.771561172376096e-16	10
v25CCCCACCACACCACACACCACACACCAACACACACAAACCAAABAE	25	2.668055403411547e-07	21.872676300000002	9.992007221626409e-16	10
v25CCCCACCACACCACACACCACACACCAACACACACAACACAAAABE	25	1.198357636190614e-07	43.466993469328585	6.661338147750939e-16	10
v25CCCCACCACACCACACACCACACACCAACACACACAACACAAABAE	25	1.1846539196717041e-07	43.466993469328585	4.440892098500626e-16	10
v25CCCCACCACACCACACACCACACACCAACACACACAACACDEAABE	25	1.1268801600607683e-07	55.27909663310495	6.661338147750939e-16	10
v25CCCCACCACACCACACACCACACACCAACACACACACAACDEAAAE	25	2.2445426288583264e-07	43.466993469328585	1.1102230246251565e-15	10
v25CCCCACCACACCACACACCACACACCAACACACCAAACACAAAABE	25	1.6580707712467707e-07	49.112965600533286	8.881784197001252e-16	10
v25CCCCACCACACCACACACCACACACCAACACACCAACAACAAAABE	25	2.5617210562341764e-07	43.466993469328585	4.440892098500626e-16	10
v25CCCCACCACACCACACACCACACACCAACACACCAACAADCAAAEE	25	2.8027272464597664e-07	43.466993469328585	5.551115123125783e-16	10
v25CCCCACCACACCACACACCACACACCACACACACAAACACAAAABE	25	1.5106106679052204e-07	55.27909663310495	4.440892098500626e-16	10
v25CCCCACCACACCACACACCACACACCACACACACAACAACAAAABE	25	1.6383528255930438e-07	43.466993469328585	6.661338147750939e-16	10
v25CCCCACCACACCACACACCACACACCACACACACCAAABACAAAAE	25	1.5147761365158415e-07	55.27909663310495	6.661338147750939e-16	10
v25CCCCACCACACCACCACACCACACACAACACAACAACACAACAAAE	25	1.0663895051228255e-07	55.27909663310495	8.881784197001252e-16	10
v25CCCCACCACACCACCACACCACACACAACACAACACAACAACAAAE	25	1.0705483823583922e-07	55.27909663310495	1.3322676295501878e-15	10
v25CCCCACCACACCACCACACCACACACAACACAACCAACACAADEBE	25	1.1457695496221249e-07	55.27909663310495	8.881784197001252e-16	10
v25CCCCACCACACCACCACACCACACACAACACAACCACAACAADEAE	25	1.3658958544877112e-07	55.27909663310495	1.3322676295501878e-15	10
v25CCCCACCACACCACCACACCACACACAACCAAACCAACACAADEBE	25	1.4317857420096003e-07	43.466993469328585	2.220446049250313e-15	10
v25CCCCACCACACCACCACACCACACACAACCAACACAACADECAAAE	25	1.2078029828816815e-07	55.27909663310495	9.992007221626409e-16	10
v25CCCCACCACACCACCACACCACACACAACCAACACACAACAADBEE	25	1.0255646467931264e-07	55.27909663310495	1.1102230246251565e-15	10
v25CCCCACCACACCACCACACCACACACAACCACAACAACADECAAAE	25	1.1389068758931583e-07	55.27909663310495	4.440892098500626e-16	10
v25CCCCACCACACCACCACACCACACACAACCACAACCAACADEDAEE	25	1.1281310427230099e-07	55.27909663310495	6.661338147750939e-16	10
v25CCCCACCACACCACCACACCACACACACACAACACAACAAACAAAE	25	1.8157929576913053e-07	43.466993469328585	9.992007221626409e-16	10
v25CCCCACCACACCACCACACCACACACACACAACACAACAACAAAAE	25	1.0589050214090292e-07	55.27909663310495	1.2212453270876722e-15	10
v25CCCCACCACACCACCACACCACACACACACAACACACAAACAAAAE	25	1.7385541874066983e-07	43.466993469328585	7.771561172376096e-16	10
v25CCCCACCACACCACCACACCACACACACACAACACACAAACADEAE	25	1.261565651626788e-07	49.112965600533286	1.4432899320127035e-15	10
v25CCCCACCACCACACCACACACACAACACCACACACACAAACAAAAE	25	2.1066159952840042e-07	21.872676300000002	6.661338147750939e-16	10
v25CCCCACCACCACACCACACACACACAACACACACACACAACAAAAE	25	1.7755125603313863e-07	43.466993469328585	4.440892098500626e-16	10
v25CCCCACCACCACACCACACACACACAACCAACACACACAACAAAAE	25	2.88015219152132e-07	43.466993469328585	1.1102230246251565e-15	10
v25CCCCACCACCACACCACACACACACAACCACACAACACAACAAAAE	25	2.4090660412311054e-07	49.112965600533286	1.1102230246251565e-15	10
v25CCCCACCACCACACCACACACACACAACCACACACAACAACAAAAE	25	2.390843168458652e-07	49.112965600533286	4.440892098500626e-16	10
v25CCCCACCACCACACCACACACACACACACAACACACAACACAAABE	25	2.6951958474028744e-07	43.466993469328585	1.1102230246251565e-15	10
v25CCCCACCACCACACCACACACACACACACAACACACACAACAAAAE	25	1.2438000763890827e-07	43.466993469328585	4.440892098500626e-16	10
v25CCCCACCACCACACCACACACACACACACACAACACAACAACAAAE	25	9.258456668192061e-08	55.27909663310495	1.1102230246251565e-15	10
v25CCCCACCACCACACCACACACACACACACACAACACAACACAAABE	25	1.0893870100681872e-07	21.872676300000002	8.881784197001252e-16	10
v25CCCCACCACCACACCACACACACACACACACACAACAACAACAAAE	25	1.058116272883366e-07	55.27909663310495	1.6653345369377348e-15	10
v25CCCCACCACCACACCACACACACACACACACACAACACAAACAAAE	25	1.0883455722922835e-07	55.27909663310495	6.661338147750939e-16	10
v25CCCCACCACCACACCACACACACACACACACACAACACAACAAAAE	25	1.246226918561896e-07	43.466993469328585	6.661338147750939e-16	10
v25CCCCACCACCACACCACACACACACACACACACACAACAACAAAAE	25	1.1803619840232738e-07	43.466993469328585	5.551115123125783e-16	10
v25CCCCACCACCACACCACACACACACACACACACACACAAACAAAAE	25	1.3312425864554666e-07	43.466993469328585	1.3322676295501878e-15	10
v25CCCCACCACCACACCACACACACACACACCAACACACAAACADEAE	25	1.1919743915219858e-07	43.466993469328585	1.3322676295501878e-15	10
v25CCCCACCACCACACCACACACACACACACCAACACACAACAADEAE	25	2.0482017942695587e-07	43.466993469328585	1.3322676295501878e-15	10
v25CCCCACCACCACACCACACACACCAACACACACAACACCAAABABE	25	9.648937433135184e-08	43.466993469328585	1.1102230246251565e-15	10
v25CCCCACCACCACACCACACCAACCACACACAACACAACAAACAAAE	25	1.0563330552492814e-07	55.27909663310495	8.881784197001252e-16	10
v25CCCCACCACCACACCACACCAACCACACACACAACCAACAAADAEE	25	1.6321270322551273e-07	43.466993469328585	1.1102230246251565e-15	10
v25CCCCACCACCACACCACACCACACACACACAACACAACAACAAAAE	25	1.1664485323574528e-07	43.466993469328585	1.2212453270876722e-15	10
v26CCACCCACCACACCACCACACCACACACCABACCACABABCACABABE	26	1.538362057848416e-07	43.466993469328585	1.1102230246251565e-15	10
v26CCCACACACCAACACACCAACACACCAACACACCAACACACCAACAAE	26	1.1512778585890407e-06	2.1000000000000014	1.3322676295501878e-15	10
v26CCCACACACCACACACACCACACACAACCACACACAACACACACAAAE	26	8.934741280859867e-07	21.872676300000002	8.881784197001252e-16	10
v26CCCACACACCACACACACCACACACACACACACACAACACACACAAAE	26	6.851273481227225e-08	21.872676300000002	7.771561172376096e-16	10
v26CCCACACACCACACACACCACACACACACACACACACAACACACAAAE	26	3.768631788435165e-07	21.872676300000002	1.887379141862766e-15	10
v26CCCACACACCACACACACCACACACACACCACACACACAAACACAABE	26	1.7855004171875752e-07	21.872676300000002	1.6653345369377348e-15	10
v26CCCACACCACACAACCACACAACCACACAACCACACAACCACACAAAE	26	1.7905894110417495e-07	21.872676300000002	6.661338147750939e-16	10
v26CCCACACCACACACACACACACACACACACACACACACACACACAABE	26	2.713133185477341e-07	21.872676300000002	7.771561172376096e-16	10
v26CCCACACCACACACACCACACACAACCACACACAACACACACAACAAE	26	1.682727371887528e-07	21.872676300000002	1.3322676295501878e-15	10
v26CCCACACCACACACACCACACACAACCACACACAACCACACACAAAAE	26	1.2467827810970683e-06	21.872676300000002	8.881784197001252e-16	10
v26CCCACACCACACACACCACACACACACACACACAACACACACAACAAE	26	1.7932663602933643e-07	21.872676300000002	1.3322676295501878e-15	10
v26CCCACACCACACACACCACACACACACACACACACAACACACACAABE	26	1.0318420390431081e-07	43.466993469328585	9.992007221626409e-16	10
v26CCCACACCACACACACCACACACACACACACACACACACACACAAAAE	26	1.3899531350109472e-07	21.872676300000002	9.992007221626409e-16	10
v26CCCACACCACACACACCACACACACACACACACACACACACACAADEE	26	2.9146921220486964e-07	21.872676300000002	1.1102230246251565e-15	10
v26CCCACACCACACACACCACACACACACACACACACACACACACADEAE	26	1.094902204314746e-07	43.466993469328585	1.5543122344752192e-15	10
v26CCCACACCACACACACCACACACACACCAACACACACACCAABACAAE	26	4.78637391429983e-07	21.872676300000002	8.881784197001252e-16	10
v26CCCACACCACACACACCACACACACACCACACACACAAACACACADEE	26	1.6234499571602788e-06	21.872676300000002	8.881784197001252e-16	10
v26CCCACACCACACACACCACACACACACCACACACACAACAACACAAAE	26	3.593263781470239e-07	21.872676300000002	1.1102230246251565e-15	10
v26CCCACACCACACACACCACACACACACCACACACADECACACACAAAE	26	1.3855607500132417e-06	21.872676300000002	1.1102230246251565e-15	10
v26CCCACACCACCACACAACACCACACAACACCACACAACACACACAABE	26	5.0307704482058475e-08	55.27909663310495	6.661338147750939e-16	10
v26CCCACCACACCACACACAACCACACACAACCACACACAACACAACAAE	26	3.1716503332691136e-06	21.872676300000002	6.661338147750939e-16	10
v26CCCACCACACCACACACACACCACACACAACACACACACAACACAABE	26	7.351976640787692e-08	21.872676300000002	8.881784197001252e-16	10
v26CCCACCACACCACACACACACCACACACAACACCACACACAAACADEE	26	6.403428193111901e-08	43.466993469328585	6.661338147750939e-16	10
v26CCCACCACACCACACACACACCACACACAACACCACACACAACAADEE	26	6.2343818051701e-08	55.27909663310495	1.1102230246251565e-15	10
v26CCCACCACACCACACACACACCACACACACAACCACACAACAAACAAE	26	7.150952682819145e-07	21.872676300000002	1.2212453270876722e-15	10
v26CCCACCACACCACACACACACCACACACACAACCACACACAAACADEE	26	7.530601095064552e-07	21.872676300000002	1.5543122344752192e-15	10
v26CCCACCACACCACACACACACCACACACACAACCACACACACAAADEE	26	5.233577471793113e-07	21.872676300000002	6.661338147750939e-16	10
v26CCCACCACACCACACACACACCACACACACAACCACACACACAABABE	26	8.805022035127225e-07	21.872676300000002	6.661338147750939e-16	10
v26CCCACCACACCACACACACACCACACACACAACCACACACACAABBAE	26	3.1027094476849846e-07	21.872676300000002	9.992007221626409e-16	10
v26CCCACCACACCACACACACACCACACACACAACCACACACADECADEE	26	5.644649156242174e-07	21.872676300000002	1.4432899320127035e-15	10
v26CCCACCACACCACACACACACCACACACACACACACACACAAACADEE	26	1.4215972326378607e-07	21.872676300000002	1.2212453270876722e-15	10
v26CCCACCACACCACACACACACCACACACACACACCACACAACAAAABE	26	7.99817534663944e-08	43.466993469328585	9.992007221626409e-16	10
v26CCCACCACACCACACACACACCACACACACACACCACACAACADEABE	26	8.115772759361949e-08	43.466993469328585	4.440892098500626e-16	10
v26CCCACCACACCACACACACACCACACACACACACCACACACAAAABAE	26	7.686043704297825e-08	43.466993469328585	5.551115123125783e-16	10
v26CCCACCACACCACACACACACCACACACACACACCACACACAADEABE	26	7.424955335581175e-08	43.466993469328585	6.661338147750939e-16	10
v26CCCACCACACCACACACACACCACACACACACACCACACACAADEBAE	26	7.440104758447356e-08	43.466993469328585	6.661338147750939e-16	10
v26CCCACCACACCACACACACACCACACACACACACCACACACADAEABE	26	7.507132013659987e-08	43.466993469328585	7.771561172376096e-16	10
v26CCCACCACACCACACACACACCACACACACACACCACACACADEAABE	26	7.754137306320178e-08	55.27909663310495	9.992007221626409e-16	10
v26CCCACCACACCACACACACACCACACACACACACCACACACADEABAE	26	7.509690142759832e-08	43.466993469328585	6.661338147750939e-16	10
v26CCCACCACACCACACCAACACCACACACAACACACACACAACACAABE	26	9.995416020753667e-08	55.27909663310495	9.992007221626409e-16	10
v26CCCACCACACCACACCAACACCACACACAACACCACACACAAACADEE	26	9.497445736522952e-08	55.27909663310495	6.661338147750939e-16	10
v26CCCACCACACCACACCAACACCACACACAACACCACACACAACAADEE	26	9.77593010040747e-08	55.27909663310495	1.1102230246251565e-15	10
v26CCCACCACACCACACCAACACCACACACCAACACACACAACCAABABE	26	1.9177937804240084e-07	43.466993469328585	5.551115123125783e-16	10
v26CCCACCACACCACACCAACACCACACACCAACACACACAACDEACAAE	26	2.7419833460004703e-07	43.466993469328585	5.551115123125783e-16	10
v26CCCACCACACCACACCAACACCACACACCAACACACACACAAACADEE	26	2.1033333694698e-07	43.466993469328585	1.3322676295501878e-15	10
v26CCCACCACACCACACCAACACCACACACCAACACACACACACAAADEE	26	3.130422549537518e-07	21.872676300000002	2.220446049250313e-15	10
v26CCCACCACACCACACCAACACCACACACCAACACACACACACAABABE	26	2.123216224858704e-07	43.466993469328585	9.992007221626409e-16	10
v26CCCACCACACCACACCAACACCACACACCAACACACACACACDEADEE	26	7.751319796313121e-07	21.872676300000002	9.992007221626409e-16	10
v26CCCACCACACCACACCAACACCACACACCAACACCACACACAAAABAE	26	1.6920680191377322e-07	43.466993469328585	1.3322676295501878e-15	10
v26CCCACCACACCACACCAACACCACACACCAACACCACACACADBEABE	26	1.9538014697205672e-07	43.466993469328585	1.3322676295501878e-15	10
v26CCCACCACACCACACCAACACCACACACCAACACCACACACADBEBAE	26	1.7601652799841212e-07	43.466993469328585	6.661338147750939e-16	10
v26CCCACCACACCACACCAACACCACACACDEACCACACACAACACAABE	26	9.106412029022926e-08	55.27909663310495	8.881784197001252e-16	10
v26CCCACCACACCACACCACACAACACACCACACAACACACCAACAADEE	26	3.174732605721925e-07	43.466993469328585	4.440892098500626e-16	10
v26CCCACCACACCACACCACACAACACACCACACAACACACCACAAADEE	26	2.3102642324731416e-07	43.466993469328585	8.881784197001252e-16	10
v26CCCACCACACCACACCACACACCACACAACACAACCACACAACAAABE	26	9.134062877827525e-07	21.872676300000002	2.1094237467877974e-15	10
v26CCCACCACACCACACCACACACCACACAACACACACCACACAADAEAE	26	1.7823951850446803e-07	43.466993469328585	8.881784197001252e-16	10
v26CCCACCACACCACACCACACACCACACACAACAACCACACACAAAABE	26	6.392362871828952e-07	21.872676300000002	7.771561172376096e-16	10
v26CCCACCACACCACACCACACACCACACACAACAACCACACACAAABAE	26	6.732061091332613e-07	21.872676300000002	9.992007221626409e-16	10
v26CCCACCACACCACACCACACACCACACACAACACACACACACAAAABE	26	1.756269955030926e-07	43.466993469328585	8.881784197001252e-16	10
v26CCCACCACACCACACCACACACCACACACAACACACACACACAAABAE	26	1.893218531265709e-07	43.466993469328585	8.881784197001252e-16	10
v26CCCACCACACCACACCACACACCACACACACAACACACACACAAAABE	26	1.639285336883273e-07	43.466993469328585	6.661338147750939e-16	10
v26CCCACCACACCACACCACACACCACACACACAACACACACACAAABAE	26	1.6784519358518628e-07	43.466993469328585	5.551115123125783e-16	10
v26CCCACCACACCACACCACACACCACACACACAACACACACACADEABE	26	5.59937366091813e-07	21.872676300000002	1.5543122344752192e-15	10
v26CCCACCACACCACACCACACACCACACACACAACACCACACADABEAE	26	1.2084064577802356e-07	43.466993469328585	8.881784197001252e-16	10
v26CCCACCACACCACACCACACACCACACACACACAACCACACADABEAE	26	7.308736194493007e-07	21.872676300000002	7.771561172376096e-16	10
v26CCCACCACACCACACCACACACCACACACCAAACACACACAACDEABE	26	2.732579405649932e-07	21.872676300000002	1.6653345369377348e-15	10
v26CCCACCACACCACACCACACACCACACACCAAACACACACACADEABE	26	1.2181463696487508e-06	21.872676300000002	7.771561172376096e-16	10
v26CCCACCACACCACACCACACACCACACACCAAACACCACACADABEAE	26	2.114386933609456e-07	43.466993469328585	7.771561172376096e-16	10
v26CCCACCACACCACACCACACACCACACACCADEACCACACAACDEABE	26	3.1090345106690733e-07	43.466993469328585	1.1102230246251565e-15	10
v26CCCACCACACCACACCACACACCACACACCADEACCACACACADEABE	26	2.5887168324426874e-07	43.466993469328585	8.881784197001252e-16	10
v26CCCACCACACCACACCACACACCACACACCADEACCACACACADEBAE	26	3.245817040898516e-07	43.466993469328585	1.887379141862766e-15	10
v26CCCACCACACCACACCACACACDEACCACACACAACCACACACAAAAE	26	1.7424659627634572e-07	43.466993469328585	5.551115123125783e-16	10
v26CCCACCACCACACACAACCACACACAACCACACACAACCAACACAAAE	26	8.016882349927952e-06	21.872676300000002	1.1102230246251565e-15	10
v26CCCACCACCACCACAACACCACACCACAACACCACAACCAAACAAAAE	26	2.90768882007899e-07	43.466993469328585	1.5543122344752192e-15	10
v26CCCACCACCACCACAACACCACACCACAACACCACAACCAAACAADEE	26	5.843133565105294e-07	21.872676300000002	9.992007221626409e-16	10
v26CCCACCACCACCACAACACCACACCACAACACCACACACAAACAADEE	26	4.393489548920559e-06	21.872676300000002	8.881784197001252e-16	10
v26CCCACCACCACCACACACAACACCACACACAACACACACACAACADEE	26	1.954033791238676e-07	21.872676300000002	7.771561172376096e-16	10
v26CCCACCACCACCACACACAACACCACACACAACACCACACACAAAABE	26	7.603776921198997e-08	43.466993469328585	1.1102230246251565e-15	10
v26CCCACCACCACCACACACAACACCACACACAACACCACACACAAABAE	26	7.569204638001164e-08	43.466993469328585	7.771561172376096e-16	10
v26CCCACCACCACCACACACACCACACCAAACACACCACACACDEAAABE	26	6.290808782122601e-07	43.466993469328585	9.992007221626409e-16	10
v26CCCACCCACCACCACACACCAACCAACCACACACACAACAAACADEAE	26	1.826954941193632e-07	55.27909663310495	1.4432899320127035e-15	10
v26CCCACCCACCACCACACACCACACACACACACACACDEACACADEAAE	26	3.163039698133836e-07	43.466993469328585	8.881784197001252e-16	10
v26CCCACCCACCACCACACACCACACCAACCACACAACACACADEABABE	26	1.1773332441602928e-07	55.27909663310495	9.992007221626409e-16	10
v26CCCACCCACCACCACACCAACACACACACAACCAACACACACAABDEE	26	2.0968501697881385e-07	55.27909663310495	1.3322676295501878e-15	10
v26CCCACCCACCACCACACCAACACACACCACAACCAACAACAADECAAE	26	2.503032557760547e-07	43.466993469328585	9.992007221626409e-16	10
v26CCCACCCACCACCACACCAACACCACAACACACCAABACCACAABABE	26	4.1282504752453167e-07	21.872676300000002	7.771561172376096e-16	10
v26CCCACCCACCACCACACCACACACCACACACACACAAACAACAAAABE	26	6.067523921898685e-07	21.872676300000002	1.1102230246251565e-15	10
v26CCCACCCACCACCCACCACCAACCAACAACCDECDECACAACAABDEE	26	3.540882705285143e-06	1.8000000000000012	None	11
v26CCCACCCACCACCCACCACCACCDECCACAACCDECDEDECDEDBEBE	26	7.444122995835823e-07	29.9083225384962	None	11
v26CCCCACCACACACCACACACACAACCACACACACAACACACAACAAAE	26	5.772110558784095e-07	21.872676300000002	8.881784197001252e-16	10
v26CCCCACCACCACACCACACACACCACAACCACACAACACCADEABABE	26	2.618952846645935e-07	21.872676300000002	1.3322676295501878e-15	10
v26CCCCACCACCACACCACACCAACAACACCACACACCAAACACAAAABE	26	3.6001014571898597e-07	43.466993469328585	6.661338147750939e-16	10
v272h8fe0695beee1f230	272	0.6452956237117834	2.1000000000000014	8.43769498715119e-15	1
v27CCCACACACACACACACACACACACACACACACACACACACACACACAAE	27	2.2179862143202318e-06	2.1000000000000014	1.3322676295501878e-15	10
v27CCCACACACCACACACACACACACACACACACACACACACACACACAAAE	27	1.8475551857158973e-07	21.872676300000002	1.1102230246251565e-15	10
v27CCCACACACCACACACACCACACACAACCACACACAACCACACACAAAAE	27	1.6677856151954551e-06	21.872676300000002	1.5543122344752192e-15	10
v27CCCACACACCACACACACCACACACACACACACACACACACACACADEAE	27	4.1680268762639307e-07	21.872676300000002	7.771561172376096e-16	10
v27CCCACACACCACACACACCACACACACACCACACACACAACACACAABAE	27	2.601619541828996e-07	21.872676300000002	1.1102230246251565e-15	10
v27CCCACACACCACACACACCACACACACACCACACACACACAACACAABAE	27	1.311997158112259e-07	55.27909663310495	9.992007221626409e-16	10
v27CCCACACACCACACACACCACACACACACCACACACADECACACACAAAE	27	9.387384810198285e-08	43.466993469328585	8.881784197001252e-16	10
v27CCCACACCACACAACCACACAACCACACAACCACACAACCACACAACAAE	27	2.5868962956522977e-07	21.872676300000002	1.5543122344752192e-15	10
v27CCCACACCACACACACACACACACACACACACACACACACACACAACAAE	27	3.807197117475986e-07	21.872676300000002	8.881784197001252e-16	10
v27CCCACACCACACACACCACACACAACCACACACAACACACACAACACAAE	27	1.757601577199733e-07	21.872676300000002	6.661338147750939e-16	10
v27CCCACACCACACACACCACACACAACCACACACAACCACACACAAACAAE	27	2.483937914441073e-06	21.872676300000002	6.661338147750939e-16	10
v27CCCACACCACACACACCACACACAACCACACACAACCACACACAACAAAE	27	8.106456188727527e-07	21.872676300000002	2.1094237467877974e-15	10
v27CCCACACCACACACACCACACACAACCACACACAACCACACACAACAABE	27	6.233969271459333e-07	21.872676300000002	1.1102230246251565e-15	10
v27CCCACACCACACACACCACACACACACACACACAACACACACAACACAAE	27	1.504588756272701e-07	43.466993469328585	1.1102230246251565e-15	10
v27CCCACACCACACACACCACACACACACACACACACACACACACAACAAAE	27	3.165426037604231e-07	21.872676300000002	8.881784197001252e-16	10
v27CCCACACCACACACACCACACACACACACACACACACACACACAACAABE	27	1.4103466519942196e-07	43.466993469328585	8.881784197001252e-16	10
v27CCCACACCACACACACCACACACACACACACACACACACACACACAAABE	27	2.0006421983120586e-07	43.466993469328585	8.881784197001252e-16	10
v27CCCACACCACACACACCACACACACACACACACACACACACACACAABAE	27	3.704231660838772e-07	21.872676300000002	5.551115123125783e-16	10
v27CCCACACCACACACACCACACACACACCACACACACAACACACACAAAAE	27	3.218803871852628e-07	21.872676300000002	8.881784197001252e-16	10
v27CCCACACCACACACACCACACACACACCACACACACAACACACACADEAE	27	1.660747222673202e-06	21.872676300000002	1.1102230246251565e-15	10
v27CCCACACCACACACACCACACACACACCACACACACAACCAACACAAAAE	27	2.066206974455799e-06	21.872676300000002	1.5543122344752192e-15	10
v27CCCACACCACACACACCACACACACACCACACACACAACCAACACAAABE	27	1.4723437714407662e-06	21.872676300000002	1.1102230246251565e-15	10
v27CCCACACCACACACACCACACACACACCACACACACACAACACACAAAAE	27	4.002825640942325e-06	21.872676300000002	1.5543122344752192e-15	10
v27CCCACACCACACACACCACACACACACCACACACACACAACACACAADEE	27	2.2460255077662735e-06	21.872676300000002	1.3322676295501878e-15	10
v27CCCACACCACACACACCACACACACACCACACACADECACACACAACAAE	27	1.3014741638328504e-06	21.872676300000002	7.771561172376096e-16	10
v27CCCACACCACCACACAACACCACACAACACCACACAACACACACAACAAE	27	6.240049031871107e-08	43.466993469328585	6.661338147750939e-16	10
v27CCCACACCACCACACACAACCACACACAACCACACACAACACACACAAAE	27	9.931964594791933e-07	21.872676300000002	1.5543122344752192e-15	10
v27CCCACACCACCACACACCACAACACACACCACAACACACACCACAABABE	27	7.029739912279406e-06	21.872676300000002	1.5543122344752192e-15	10
v27CCCACCACACACACCACACACAACCACACACAACCACACACAACAACAAE	27	1.264942796010208e-07	43.466993469328585	1.2212453270876722e-15	10
v27CCCACCACACCACACACAACCACACACAACCACACACAACCAACACAABE	27	4.223854180962924e-06	21.872676300000002	1.2212453270876722e-15	10
v27CCCACCACACCACACACAACCACACACAACCACACACAACCACAACAAAE	27	9.6725872363361e-06	21.872676300000002	1.4432899320127035e-15	10
v27CCCACCACACCACACACAACCACACACAACCACACACAACCACAACAABE	27	1.1670184498811799e-05	21.872676300000002	1.887379141862766e-15	10
v27CCCACCACACCACACACACACCACACAACACACCACACAACAACACAAAE	27	1.2781049716788988e-07	43.466993469328585	1.2212453270876722e-15	10
v27CCCACCACACCACACACACACCACACACAACACACACACAACACAACAAE	27	9.235603009094282e-08	21.872676300000002	1.3322676295501878e-15	10
v27CCCACCACACCACACACACACCACACACAACACCAACACAACACAACAAE	27	6.019483745290183e-08	55.27909663310495	1.1102230246251565e-15	10
v27CCCACCACACCACACACACACCACACACAACACCACACACAAACACAABE	27	8.602475880303348e-08	21.872676300000002	7.771561172376096e-16	10
v27CCCACCACACCACACACACACCACACACAACACCACACACAACAACAABE	27	6.267994192266521e-08	55.27909663310495	6.661338147750939e-16	10
v27CCCACCACACCACACACACACCACACACAACACCACACACAACACADEAE	27	1.1781078724512484e-07	43.466993469328585	7.771561172376096e-16	10
v27CCCACCACACCACACACACACCACACACACAACCACACAACAACACAAAE	27	5.718090907711376e-07	21.872676300000002	1.5543122344752192e-15	10
v27CCCACCACACCACACACACACCACACACACAACCACACACAAACACAABE	27	1.0066299650910296e-06	21.872676300000002	1.1102230246251565e-15	10
v27CCCACCACACCACACACACACCACACACACAACCACACACACAABCADEE	27	9.88888072743378e-07	21.872676300000002	8.881784197001252e-16	10
v27CCCACCACACCACACACACACCACACACACAACCACACACACAACADEAE	27	6.91166728557479e-07	21.872676300000002	9.992007221626409e-16	10
v27CCCACCACACCACACACACACCACACACACAACCACACACADECACAABE	27	7.506820551672266e-07	21.872676300000002	1.5543122344752192e-15	10
v27CCCACCACACCACACACACACCACACACACACACACACACAAACACAABE	27	7.755079296654303e-08	43.466993469328585	4.440892098500626e-16	10
v27CCCACCACACCACACACACACCACACACACACACACACACAACACADEAE	27	1.528196009114077e-07	21.872676300000002	1.3322676295501878e-15	10
v27CCCACCACACCACACACACACCACACACACACACACACACACAACADEAE	27	1.209119551506777e-07	21.872676300000002	8.881784197001252e-16	10
v27CCCACCACACCACACACACACCACACACACACACCACACAACACAABABE	27	1.235510050528132e-07	43.466993469328585	1.3322676295501878e-15	10
v27CCCACCACACCACACACACACCACACACACACACCACACAACADEACAAE	27	8.410864750301259e-08	43.466993469328585	8.881784197001252e-16	10
v27CCCACCACACCACACACACACCACACACACACACCACACACAAACAADEE	27	7.709461506824278e-08	43.466993469328585	1.2212453270876722e-15	10
v27CCCACCACACCACACACACACCACACACACACACCACACACAACAAADEE	27	7.502930166671153e-08	43.466993469328585	1.2212453270876722e-15	10
v27CCCACCACACCACACACACACCACACACACACACCACACACAACAABBAE	27	1.1012618368054095e-07	43.466993469328585	6.661338147750939e-16	10
v27CCCACCACACCACACACACACCACACACACACACCACACACAADECADEE	27	7.348392013467956e-08	43.466993469328585	8.881784197001252e-16	10
v27CCCACCACACCACACACACACCACACACACACACCACACACACAAABABE	27	7.53273051036812e-08	43.466993469328585	1.6653345369377348e-15	10
v27CCCACCACACCACACACACACCACACACACACACCACACACACAAABBAE	27	7.671795890612877e-08	43.466993469328585	1.1102230246251565e-15	10
v27CCCACCACACCACACACACACCACACACACACACCACACACACAABABAE	27	1.1580495406375241e-07	43.466993469328585	1.4432899320127035e-15	10
v27CCCACCACACCACACACACACCACACACACACACCACACACACADEADEE	27	1.0893752317522255e-07	55.27909663310495	1.1102230246251565e-15	10
v27CCCACCACACCACACACACACCACACACACACACCACACACACADEBABE	27	8.219300523386886e-08	43.466993469328585	6.661338147750939e-16	10
v27CCCACCACACCACACACACACCACACACACACACCACACACADEACADEE	27	7.43744691258001e-08	43.466993469328585	1.3322676295501878e-15	10
v27CCCACCACACCACACCAACACCAACACCAACACCAACACCAACACDEABE	27	2.666885084612856e-07	43.466993469328585	1.2212453270876722e-15	10
v27CCCACCACACCACACCAACACCACACACAACACCACACACAAACACAABE	27	1.1540243153029973e-07	43.466993469328585	6.661338147750939e-16	10
v27CCCACCACACCACACCAACACCACACACAACACCACACACAACAACAABE	27	9.893397014870149e-08	55.27909663310495	8.881784197001252e-16	10
v27CCCACCACACCACACCAACACCACACACAACACCACACACAACACADEAE	27	1.1249073736688812e-07	43.466993469328585	8.881784197001252e-16	10
v27CCCACCACACCACACCAACACCACACACCAACACACACAACCAABACAAE	27	1.8719663031649679e-07	43.466993469328585	1.5543122344752192e-15	10
v27CCCACCACACCACACCAACACCACACACCAACACACACACAAACACAABE	27	2.0934956368519476e-07	43.466993469328585	1.3322676295501878e-15	10
v27CCCACCACACCACACCAACACCACACACCAACACACACACACAACADEAE	27	2.2870427086471252e-07	43.466993469328585	1.9984014443252818e-15	10
v27CCCACCACACCACACCAACACCACACACCAACACACACACACCAABADEE	27	2.5086962233848424e-07	43.466993469328585	6.661338147750939e-16	10
v27CCCACCACACCACACCAACACCACACACCAACACACACACACDEACAABE	27	1.7687345770517642e-06	2.1000000000000014	1.3322676295501878e-15	10
v27CCCACCACACCACACCAACACCACACACCAACACCACACACAAACAADEE	27	1.7515410966093082e-07	43.466993469328585	1.3322676295501878e-15	10
v27CCCACCACACCACACCAACACCACACACCAACACCACACACACAAABABE	27	2.663452772633675e-07	21.872676300000002	6.661338147750939e-16	10
v27CCCACCACACCACACCAACACCACACACCAACACCACACACACAABABAE	27	2.5486630528210384e-07	43.466993469328585	1.2212453270876722e-15	10
v27CCCACCACACCACACCAACACCACACACCAACACCACACACACDEAADEE	27	1.8795433023302953e-07	43.466993469328585	8.881784197001252e-16	10
v27CCCACCACACCACACCAACACCACACACCAACACCACACACACDEABABE	27	2.872943786462472e-07	2.1000000000000014	7.771561172376096e-16	10
v27CCCACCACACCACACCAACACCACACACCAACACCACACACADBECADEE	27	2.5875986494584644e-07	43.466993469328585	9.992007221626409e-16	10
v27CCCACCACACCACACCACACAACACACCACACAACACACCACACAADEAE	27	2.5494339136057695e-07	43.466993469328585	1.3322676295501878e-15	10
v27CCCACCACACCACACCACACAACACACCACACAACACACCACACAADEBE	27	2.3771804058789814e-07	43.466993469328585	9.992007221626409e-16	10
v27CCCACCACACCACACCACACACACACACCAACACACACACACAACADEAE	27	2.1797420310674988e-07	43.466993469328585	1.4432899320127035e-15	10
v27CCCACCACACCACACCACACACCACACAACACAACCACACAACAAACAAE	27	1.2773670791132281e-06	21.872676300000002	1.3322676295501878e-15	10
v27CCCACCACACCACACCACACACCACACAACACACACCACACAACAAAABE	27	1.8027751110306037e-07	21.872676300000002	8.881784197001252e-16	10
v27CCCACCACACCACACCACACACCACACAACACACACCACACAACADEABE	27	4.7034793781467084e-07	43.466993469328585	7.771561172376096e-16	10
v27CCCACCACACCACACCACACACCACACACAACAACCACACACAAACADEE	27	9.870596675237657e-07	21.872676300000002	8.881784197001252e-16	10
v27CCCACCACACCACACCACACACCACACACAACACACACACACAAACADEE	27	1.8358107674683379e-07	43.466993469328585	1.7763568394002505e-15	10
v27CCCACCACACCACACCACACACCACACACAACACACCACACACAAAABAE	27	1.7778788416782172e-07	43.466993469328585	6.661338147750939e-16	10
v27CCCACCACACCACACCACACACCACACACAACACACCACACACAADEABE	27	3.210987852732581e-07	43.466993469328585	1.3322676295501878e-15	10
v27CCCACCACACCACACCACACACCACACACAACACACCACACACAADEBAE	27	2.0603058896882134e-07	43.466993469328585	1.3322676295501878e-15	10
v27CCCACCACACCACACCACACACCACACACACAACACACACACAAACADEE	27	1.6617157770805288e-07	43.466993469328585	1.1102230246251565e-15	10
v27CCCACCACACCACACCACACACCACACACACAACACACACACACAABABE	27	3.155216897491442e-07	2.1000000000000014	1.1102230246251565e-15	10
v27CCCACCACACCACACCACACACCACACACACAACACCACACACAAAABAE	27	1.5972950996285277e-07	43.466993469328585	7.771561172376096e-16	10
v27CCCACCACACCACACCACACACCACACACACAACACCACACACADAEABE	27	1.397798947843561e-07	43.466993469328585	6.661338147750939e-16	10
v27CCCACCACACCACACCACACACCACACACACAACACCACACACADEAABE	27	1.2049808855121966e-07	43.466993469328585	1.1102230246251565e-15	10
v27CCCACCACACCACACCACACACCACACACACAACACCACACACADEABAE	27	1.2744250098575238e-07	43.466993469328585	6.661338147750939e-16	10
v27CCCACCACACCACACCACACACCACACACACACAACACACAACACAAABE	27	4.62108191440957e-06	21.872676300000002	6.661338147750939e-16	10
v27CCCACCACACCACACCACACACCACACACACACAACCACACACAAAABAE	27	8.078795827181258e-07	21.872676300000002	7.771561172376096e-16	10
v27CCCACCACACCACACCACACACCACACACACACAACCACACACAADEABE	27	8.956328453132733e-07	21.872676300000002	9.992007221626409e-16	10
v27CCCACCACACCACACCACACACCACACACACACACACACACACAAAABAE	27	2.0854517344414978e-07	43.466993469328585	6.661338147750939e-16	10
v27CCCACCACACCACACCACACACCACACACACACACACACACACADEAABE	27	1.3815809699676425e-07	43.466993469328585	8.881784197001252e-16	10
v27CCCACCACACCACACCACACACCACACACACACACACACACACADEABAE	27	1.4272100048605373e-07	43.466993469328585	6.661338147750939e-16	10
v27CCCACCACACCACACCACACACCACACACACACACACCACACADABAEAE	27	2.299110946112512e-07	43.466993469328585	4.440892098500626e-16	10
v27CCCACCACACCACACCACACACCACACACCAAACACACACAACDEACAAE	27	4.204126377257229e-07	43.466993469328585	6.661338147750939e-16	10
v27CCCACCACACCACACCACACACCACACACCAAACACACACACACDEADEE	27	1.2768240181569216e-06	21.872676300000002	7.771561172376096e-16	10
v27CCCACCACACCACACCACACACCACACACCAAACACCACACACADBEABE	27	2.7551103931180074e-07	43.466993469328585	1.1102230246251565e-15	10
v27CCCACCACACCACACCACACACCACACACCAAACACCACACACADBEBAE	27	2.478233259450114e-07	43.466993469328585	7.771561172376096e-16	10
v27CCCACCACACCACACCACACACCACACACCAACACACACACACAAAABAE	27	2.1399962636431907e-07	43.466993469328585	8.881784197001252e-16	10
v27CCCACCACACCACACCACACACCACACACCAACACACACACACADBEABE	27	2.809915815140482e-07	43.466993469328585	1.1102230246251565e-15	10
v27CCCACCACACCACACCACACACCACACACCAACACACACACACADEAABE	27	2.2635809824797303e-07	43.466993469328585	8.881784197001252e-16	10
v27CCCACCACACCACACCACACACCACACACCAACACACACACACADEABAE	27	2.469182339027708e-07	43.466993469328585	6.661338147750939e-16	10
v27CCCACCACACCACACCACACACCACACACCAACACACCACACAADBAEAE	27	3.78097514190836e-07	55.27909663310495	1.3322676295501878e-15	10
v27CCCACCACACCACACCACACACCACACACCAACACACCACACAADDEEAE	27	3.118443980483934e-07	55.27909663310495	9.992007221626409e-16	10
v27CCCACCACACCACACCACACACCACACACCAACACACCACACADABAEAE	27	2.2236971859636422e-07	55.27909663310495	7.771561172376096e-16	10
v27CCCACCACACCACACCACACACCACACACCAACACACCACACADABBEAE	27	2.2321301681299051e-07	43.466993469328585	1.1102230246251565e-15	10
v27CCCACCACACCACACCACACACCACACACCADEACCACACAACDEACAAE	27	3.0528852940900125e-07	43.466993469328585	1.3322676295501878e-15	10
v27CCCACCACACCACACCACACACCACACACCADEACCACACACACDEADEE	27	3.020903395925882e-07	43.466993469328585	8.881784197001252e-16	10
v27CCCACCACACCACACCACACACCACACACCADEACCACACACADECADEE	27	3.1457543854629297e-07	43.466993469328585	8.881784197001252e-16	10
v27CCCACCACACCACACCACACACDEACCACACACAACCACACACAAACAAE	27	1.7419409459386976e-07	43.466993469328585	9.992007221626409e-16	10
v27CCCACCACCACACAACACCACACAACACCACACAACACCACACAACADEE	27	1.7222061113261458e-06	21.872676300000002	1.1102230246251565e-15	10
v27CCCACCACCACACACAACCACACACAACCACACACAACCACACACAAAAE	27	1.5441771573136772e-05	21.872676300000002	8.881784197001252e-16	10
v27CCCACCACCACACACACACACACACACACACACACACACACACACAADEE	27	3.441033247369915e-07	21.872676300000002	8.881784197001252e-16	10
v27CCCACCACCACCACAACACCACACCACAACACCACAACCAAACAACAABE	27	5.349695192694964e-07	21.872676300000002	6.661338147750939e-16	10
v27CCCACCACCACCACAACACCACACCACAACACCACAACCACAACAADEBE	27	4.7568786929440514e-07	21.872676300000002	2.1094237467877974e-15	10
v27CCCACCACCACCACAACACCACACCACAACACCACACACAAACAACAABE	27	2.129118555989588e-06	21.872676300000002	9.992007221626409e-16	10
v27CCCACCACCACCACAACACCACACCACAACACCACACACCAAACAADAEE	27	5.837347434253312e-07	21.872676300000002	7.771561172376096e-16	10
v27CCCACCACCACCACAACACCACACCACAACACCACACACCAAACAADEAE	27	3.7032350304985376e-07	43.466993469328585	9.992007221626409e-16	10
v27CCCACCACCACCACACAACCACACCACACAACCAAACCACACAACDEABE	27	1.948564404807021e-07	43.466993469328585	9.992007221626409e-16	10
v27CCCACCACCACCACACACAACACCACACACAACACCACACACAAACADEE	27	7.588351879769545e-08	43.466993469328585	9.992007221626409e-16	10
v27CCCACCACCACCACACACAACACCACACACAACACCACACACAACAADEE	27	7.584816270034936e-08	43.466993469328585	6.661338147750939e-16	10
v27CCCACCACCACCACACACACACACCACACACAACAACCACACACAAAABE	27	1.457403956856792e-07	55.27909663310495	1.7763568394002505e-15	10
v27CCCACCACCACCACACACACACACCACACACAACAACCACACACAAABAE	27	1.4811863051218527e-07	55.27909663310495	6.661338147750939e-16	10
v27CCCACCACCACCACACACACACACCACACACAACACACACACACAAABAE	27	8.17303243135293e-07	43.466993469328585	1.1102230246251565e-15	10
v27CCCACCACCACCACACACACACACCACACACACAAACCACACACADEABE	27	1.848180718368886e-07	43.466993469328585	6.661338147750939e-16	10
v27CCCACCACCACCACACACACACACCACACACACAAACCACACACADEBAE	27	1.8521769571270688e-07	43.466993469328585	4.440892098500626e-16	10
v27CCCACCACCACCACACACACACACCACACACACAACACACACACAAABAE	27	1.0456279378648357e-06	21.872676300000002	1.9984014443252818e-15	10
v27CCCACCACCACCACACACACCACACCAAACACACCACACACDEAACADEE	27	3.0494963596219876e-07	43.466993469328585	9.992007221626409e-16	10
v27CCCACCACCACCACACACACCACACCAACAACACCACACACCAAAABABE	27	3.1119433294884505e-07	43.466993469328585	1.1102230246251565e-15	10
v27CCCACCACCACCACACACACCACACCAACAACACCACACACCAAAABBAE	27	2.3048924630209987e-07	21.872676300000002	1.7763568394002505e-15	10
v27CCCACCACCACCACACACACCACACCAACAACACCACACACCAAABAABE	27	5.721187814242224e-07	43.466993469328585	9.992007221626409e-16	10
v27CCCACCACCACCACACACACCACACCAACACAACCACACACCAAAABBAE	27	2.1963355399803524e-07	21.872676300000002	8.881784197001252e-16	10
v27CCCACCACCACCACACACACCACACCACAAACACCACACACADEACADEE	27	1.718874891341099e-06	21.872676300000002	8.881784197001252e-16	10
v27CCCACCACCACCACACACACCACACCACAAACACCACACACCADEABABE	27	2.8860005929061375e-07	21.872676300000002	2.1094237467877974e-15	10
v27CCCACCACCACCACACACACCACACCACAAACACCACACACCADEABBAE	27	2.277896361913415e-07	21.872676300000002	2.1094237467877974e-15	10
v27CCCACCACCACCACACACACCACACCACAACAACCACACACCAAAABABE	27	2.385484965247473e-07	43.466993469328585	6.661338147750939e-16	10
v27CCCACCACCACCACACACACCACACCACAACAACCACACACCAAAABBAE	27	1.90677952901324e-07	43.466993469328585	1.1102230246251565e-15	10
v27CCCACCACCACCACACACACCACACCACACAAACCACACACCAADEBABE	27	3.6965798758321336e-07	21.872676300000002	6.661338147750939e-16	10
v27CCCACCACCACCACACCACAACACCACACACACAAACCACACACADEBAE	27	2.691054109965069e-07	43.466993469328585	4.440892098500626e-16	10
v27CCCACCACCACCACACCACAACACCACACACACAACACACACACAAAABE	27	2.633678529819624e-06	21.872676300000002	1.5543122344752192e-15	10
v27CCCACCACCACCACACCACAACACCACACACCAAACACACACAACDEABE	27	5.429927627557249e-07	43.466993469328585	5.551115123125783e-16	10
v27CCCACCACCACCACACCACAACACCACACACCADEACCACACAACDEABE	27	3.188466805795723e-07	43.466993469328585	4.440892098500626e-16	10
v27CCCACCACCACCACACCACAACACCACACACCADEACCACACACADEBAE	27	3.2447060442293256e-07	43.466993469328585	1.3322676295501878e-15	10
v27CCCACCACCACCACACCACACCAACDEACCACACACCAAACCAACAABBE	27	1.564928979698151e-07	43.466993469328585	1.2212453270876722e-15	10
v27CCCACCCACCACCACACCAACAACACCACACACCAAACACACAACADEAE	27	2.1114435343130366e-07	43.466993469328585	9.992007221626409e-16	10
v27CCCACCCACCACCACACCACACACCACACACACACCAAACAACAAADEBE	27	4.677265108852283e-07	21.872676300000002	8.881784197001252e-16	10
v27CCCCACCACACACAACCACACACAACCACACACAACCACACACAACAAAE	27	8.51795221478109e-08	43.466993469328585	8.881784197001252e-16	10
v27CCCCACCACACACACACCACAACACACACCACAACACACACACAACAAAE	27	6.72811525482761e-07	21.872676300000002	6.661338147750939e-16	10
v27CCCCACCACACCACACACCACACACCACACACACACACAACAACAAAABE	27	3.113623765318342e-07	21.872676300000002	5.551115123125783e-16	10
v27CCCCACCACCACCACCACACCACACAACCAACCAAACCAACAACAADEAE	27	2.9240020292402495e-07	43.466993469328585	1.5543122344752192e-15	10
v28CCACCCACCACACCACCACACCACACACCACABCACACABCACACABABDEE	28	2.532012058222505e-07	43.466993469328585	6.661338147750939e-16	10
v28CCCACACACCACACACACACACACACACACACACACACACACAACACACAAE	28	1.7058130027745254e-07	2.1000000000000014	1.6653345369377348e-15	10
v28CCCACACACCACACACACCACACACAACCACACACAACACACACAACACAAE	28	1.8900185035430752e-06	21.872676300000002	1.1102230246251565e-15	10
v28CCCACACACCACACACACCACACACAACCACACACAACCACACACAACAABE	28	4.772308370339732e-06	21.872676300000002	1.4432899320127035e-15	10
v28CCCACACACCACACACACCACACACACACACACACAACACACACAACACAAE	28	1.0653551285464201e-07	21.872676300000002	1.3322676295501878e-15	10
v28CCCACACACCACACACACCACACACACACACACACACACACACACAACAABE	28	6.598903821846327e-07	21.872676300000002	8.881784197001252e-16	10
v28CCCACACACCACACACACCACACACACACACACACACACACACACACAABAE	28	2.356903720957951e-07	21.872676300000002	1.3322676295501878e-15	10
v28CCCACACACCACACACACCACACACACACCACACACACAACACACACADEAE	28	3.7373871518706813e-07	21.872676300000002	1.3322676295501878e-15	10
v28CCCACACACCACACACACCACACACACACCACACACACACAACACACAADEE	28	1.0929618406310772e-07	43.466993469328585	1.5543122344752192e-15	10
v28CCCACACACCACACACACCACACACACACCACACACACACACACACAABABE	28	2.67479450981413e-07	43.466993469328585	1.5543122344752192e-15	10
v28CCCACACCAACACACCAACACACCAACACACCAACACACCAACACACCAABE	28	1.6327624569582137e-05	2.1000000000000014	1.887379141862766e-15	10
v28CCCACACCACACAACCACACAACCACACAACCACACAACCACACAACACAAE	28	2.5583421215390124e-07	21.872676300000002	1.1102230246251565e-15	10
v28CCCACACCACACACACCACACACAACCACACACAACCACACACAACAACAAE	28	1.0301103779143333e-06	21.872676300000002	1.3322676295501878e-15	10
v28CCCACACCACACACACCACACACAACCACACACAACCACACACAACACAAAE	28	1.409003489529067e-06	21.872676300000002	1.3322676295501878e-15	10
v28CCCACACCACACACACCACACACACACACACACACACACACACAACAACAAE	28	1.5937966607709918e-07	43.466993469328585	1.1102230246251565e-15	10
v28CCCACACCACACACACCACACACACACACACACACACACACACACAACADEE	28	2.2983175627171737e-07	21.872676300000002	8.881784197001252e-16	10
v28CCCACACCACACACACCACACACACACACACACACACACACACACACAADEE	28	2.2018452723833963e-07	43.466993469328585	8.881784197001252e-16	10
v28CCCACACCACACACACCACACACACACCACACACACAACACACACACAAABE	28	1.4715135020834773e-06	21.872676300000002	8.881784197001252e-16	10
v28CCCACACCACACACACCACACACACACCACACACACAACACACACACAABAE	28	7.536852528963862e-07	21.872676300000002	8.881784197001252e-16	10
v28CCCACACCACACACACCACACACACACCACACACACAACCAACACAAACAAE	28	1.5513608593327563e-06	21.872676300000002	9.992007221626409e-16	10
v28CCCACACCACACACACCACACACACACCACACACACAACCAACACACAABAE	28	1.9768905472060338e-06	21.872676300000002	9.992007221626409e-16	10
v28CCCACACCACACACACCACACACACACCACACACACACAACACACAACAAAE	28	4.426818075488764e-06	21.872676300000002	1.1102230246251565e-15	10
v28CCCACACCACACACACCACACACACACCACACACACACAACACACAACAABE	28	5.2821519465548625e-06	21.872676300000002	8.881784197001252e-16	10
v28CCCACACCACACACACCACACACACACCACACACACACAACACACACAAABE	28	9.367942860297956e-06	21.872676300000002	1.3322676295501878e-15	10
v28CCCACACCACACACACCACACACACACCACACACACACACAACACACAABAE	28	1.910464922924895e-06	21.872676300000002	1.2212453270876722e-15	10
v28CCCACACCACACACACCACACACACACCACACACACACACACACACAADEAE	28	2.5382037928538485e-06	21.872676300000002	1.1102230246251565e-15	10
v28CCCACACCACACACACCACACACACACCACACACACACACCAACACAADEAE	28	4.592320949651487e-06	21.872676300000002	1.9984014443252818e-15	10
v28CCCACACCACACACACCACACACACACCACACACADECACACACAACACAAE	28	2.076949318714411e-06	21.872676300000002	1.4432899320127035e-15	10
v28CCCACACCACCACACACACACCACACACACAACCACACACACAABCACAABE	28	1.7341740827214318e-07	43.466993469328585	9.992007221626409e-16	10
v28CCCACCACACACACACACACACACACACACACACACACACACACACACAABE	28	1.3320390144885013e-07	43.466993469328585	8.881784197001252e-16	10
v28CCCACCACACACACCACACACAACCACACACAACCACACACAACCACAADEE	28	1.2480935349200576e-07	43.466993469328585	1.3322676295501878e-15	10
v28CCCACCACACCACACACAACCACACACAACCACACACAACCACACACAABAE	28	1.5159860571975699e-05	21.872676300000002	1.1102230246251565e-15	10
v28CCCACCACACCACACACAACCACACACAACCACACACAACCACACACAABBE	28	2.2164535951063986e-05	21.872676300000002	8.881784197001252e-16	10
v28CCCACCACACCACACACACACACACACACACACACACACAACACACACAAAE	28	1.7537395200712236e-07	21.872676300000002	8.881784197001252e-16	10
v28CCCACCACACCACACACACACACACACACACACACACACACAACACACAAAE	28	1.6539030363210189e-06	21.872676300000002	8.881784197001252e-16	10
v28CCCACCACACCACACACACACCACAACACACACCACAACACAACACAACAAE	28	3.200671688660564e-07	21.872676300000002	4.440892098500626e-16	10
v28CCCACCACACCACACACACACCACACAACACACCACACAACACACACAAABE	28	8.707580499415636e-08	43.466993469328585	1.3322676295501878e-15	10
v28CCCACCACACCACACACACACCACACACAACACCACACACAACAACAACAAE	28	7.536325530088847e-08	55.27909663310495	1.1102230246251565e-15	10
v28CCCACCACACCACACACACACCACACACAACACCACACACAACACACAABAE	28	9.37359474746614e-08	43.466993469328585	8.881784197001252e-16	10
v28CCCACCACACCACACACACACCACACACAACACCACACACAACACACAADEE	28	6.342521074161742e-08	55.27909663310495	1.887379141862766e-15	10
v28CCCACCACACCACACACACACCACACACAACACCACACACAACACDEACAAE	28	8.600993227548058e-08	43.466993469328585	8.881784197001252e-16	10
v28CCCACCACACCACACACACACCACACACACAACCAACACACAACCAACADEE	28	1.1522148145387769e-07	43.466993469328585	8.881784197001252e-16	10
v28CCCACCACACCACACACACACCACACACACAACCACACACACAABCACAABE	28	5.900736740614827e-07	21.872676300000002	8.881784197001252e-16	10
v28CCCACCACACCACACACACACCACACACACAACCACACACACAACACAABAE	28	7.941601016275436e-07	21.872676300000002	6.661338147750939e-16	10
v28CCCACCACACCACACACACACCACACACACAACCACACACACAACCADEABE	28	1.162752159715174e-06	21.872676300000002	1.1102230246251565e-15	10
v28CCCACCACACCACACACACACCACACACACAACCACACACADECACAACAAE	28	7.819925512165028e-07	21.872676300000002	8.881784197001252e-16	10
v28CCCACCACACCACACACACACCACACACACACACACACACAACACACAABAE	28	2.2097734708779446e-07	21.872676300000002	1.3322676295501878e-15	10
v28CCCACCACACCACACACACACCACACACACACACACACACACAACACAABAE	28	1.221315502605554e-07	21.872676300000002	9.992007221626409e-16	10
v28CCCACCACACCACACACACACCACACACACACACACACACACACACADEABE	28	3.104602133707524e-07	21.872676300000002	8.881784197001252e-16	10
v28CCCACCACACCACACACACACCACACACACACACCACACAACADECACAAAE	28	8.229316577779487e-08	43.466993469328585	1.1102230246251565e-15	10
v28CCCACCACACCACACACACACCACACACACACACCACACACAAACAACAABE	28	7.76331064722782e-08	43.466993469328585	1.3322676295501878e-15	10
v28CCCACCACACCACACACACACCACACACACACACCACACACAACAACADEAE	28	1.2202864304248613e-07	43.466993469328585	1.3322676295501878e-15	10
v28CCCACCACACCACACACACACCACACACACACACCACACACAACACAADEAE	28	1.0545327694522964e-07	43.466993469328585	1.1102230246251565e-15	10
v28CCCACCACACCACACACACACCACACACACACACCACACACAADECACAABE	28	7.675296302886594e-08	55.27909663310495	1.1102230246251565e-15	10
v28CCCACCACACCACACACACACCACACACACACACCACACACACAAABCADEE	28	7.594897861548315e-08	43.466993469328585	1.1102230246251565e-15	10
v28CCCACCACACCACACACACACCACACACACACACCACACACACAAACADEAE	28	1.2101689536908454e-07	43.466993469328585	5.551115123125783e-16	10
v28CCCACCACACCACACACACACCACACACACACACCACACACACAACAADEAE	28	7.708188147971264e-08	43.466993469328585	1.1102230246251565e-15	10
v28CCCACCACACCACACACACACCACACACACACACCACACACACAACADBAEE	28	7.647570483158942e-08	43.466993469328585	9.992007221626409e-16	10
v28CCCACCACACCACACACACACCACACACACACACCACACACACACAABBABE	28	1.0124926751771696e-07	43.466993469328585	8.881784197001252e-16	10
v28CCCACCACACCACACACACACCACACACACACACCACACACACACAADBAEE	28	7.6761900270861e-08	43.466993469328585	8.881784197001252e-16	10
v28CCCACCACACCACACACACACCACACACACACACCACACACACADECADEAE	28	9.65679121560753e-08	21.872676300000002	8.881784197001252e-16	10
v28CCCACCACACCACACACACACCACACACACACACCACACACADEACACAABE	28	7.467660302378723e-08	43.466993469328585	6.661338147750939e-16	10
v28CCCACCACACCACACCAACACCACACACAACACCACACACAACAACAACAAE	28	9.932397079200036e-08	55.27909663310495	8.881784197001252e-16	10
v28CCCACCACACCACACCAACACCACACACAACACCACACACAACACACAABAE	28	9.719800406276433e-08	55.27909663310495	1.3322676295501878e-15	10
v28CCCACCACACCACACCAACACCACACACAACACCACACACAACACACAADEE	28	9.923567015980365e-08	55.27909663310495	1.5543122344752192e-15	10
v28CCCACCACACCACACCAACACCACACACCAACACACACACACAACACAABAE	28	2.2193351066803099e-07	43.466993469328585	1.2212453270876722e-15	10
v28CCCACCACACCACACCAACACCACACACCAACACACACACACCAACADEAAE	28	3.538982839005694e-07	43.466993469328585	8.881784197001252e-16	10
v28CCCACCACACCACACCAACACCACACACCAACACACACACACDEACAACAAE	28	2.0082832245088182e-06	2.1000000000000014	1.1102230246251565e-15	10
v28CCCACCACACCACACCAACACCACACACCAACACCACACACAAACAACAABE	28	1.7745922852728813e-07	43.466993469328585	9.992007221626409e-16	10
v28CCCACCACACCACACCAACACCACACACCAACACCACACACACAAABCADEE	28	1.6894772891718155e-07	43.466993469328585	6.661338147750939e-16	10
v28CCCACCACACCACACCAACACCACACACCAACACCACACACACAAACADEAE	28	2.525355984366429e-07	21.872676300000002	9.992007221626409e-16	10
v28CCCACCACACCACACCAACACCACACACCAACACCACACACACAACAADEAE	28	1.942582395379367e-07	43.466993469328585	1.1102230246251565e-15	10
v28CCCACCACACCACACCAACACCACACACCAACACCACACACACAACADBAEE	28	2.1338067427225469e-07	43.466993469328585	8.881784197001252e-16	10
v28CCCACCACACCACACCAACACCACACACCAACACCACACACACCAABABABE	28	2.1376791235483116e-07	43.466993469328585	8.881784197001252e-16	10
v28CCCACCACACCACACCAACACCACACACCAACACCACACACACDEABCADEE	28	3.5215972655832813e-07	43.466993469328585	4.440892098500626e-16	10
v28CCCACCACACCACACCAACACCACACACCAACACCACACACACDEACADEAE	28	2.2524952278479026e-07	43.466993469328585	8.881784197001252e-16	10
v28CCCACCACACCACACCAACACCACACACCAACACCACACACADBECACAABE	28	4.174748629391192e-07	21.872676300000002	6.661338147750939e-16	10
v28CCCACCACACCACACCAACACCACACACDEACCACACACAACCAACACAAAE	28	9.073647824713913e-08	55.27909663310495	1.7763568394002505e-15	10
v28CCCACCACACCACACCAACACCACACACDEACCACACACAACCACAACAAAE	28	1.9461313585280708e-07	21.872676300000002	1.2212453270876722e-15	10
v28CCCACCACACCACACCACACAACACACCACACAACACACCACACAACAAAAE	28	2.8440361035270536e-07	43.466993469328585	1.5543122344752192e-15	10
v28CCCACCACACCACACCACACAACACACCACACAACACACCACACAADECAAE	28	2.4426391997769923e-07	43.466993469328585	8.881784197001252e-16	10
v28CCCACCACACCACACCACACACACACACCACACACACACACACDEACADEAE	28	2.2201040635340928e-07	49.112965600533286	1.3322676295501878e-15	10
v28CCCACCACACCACACCACACACCACACAACACAACCACACAACAACACAAAE	28	2.4279306190915684e-06	21.872676300000002	1.4432899320127035e-15	10
v28CCCACCACACCACACCACACACCACACAACACACACCACACAACACAABABE	28	6.665241886363662e-07	21.872676300000002	2.220446049250313e-15	10
v28CCCACCACACCACACCACACACCACACAACACACACCACACAACADEACAAE	28	4.717553126493169e-07	43.466993469328585	1.3322676295501878e-15	10
v28CCCACCACACCACACCACACACCACACACAACAACCACACACAAACACAABE	28	1.98246749375581e-06	21.872676300000002	8.881784197001252e-16	10
v28CCCACCACACCACACCACACACCACACACAACACACACACACAAACACAABE	28	1.823660736076927e-07	43.466993469328585	8.881784197001252e-16	10
v28CCCACCACACCACACCACACACCACACACAACACACACACACAACAACAABE	28	8.676376934270204e-07	21.872676300000002	8.881784197001252e-16	10
v28CCCACCACACCACACCACACACCACACACAACACACACACACAACACADEAE	28	2.9458250710749253e-07	43.466993469328585	8.881784197001252e-16	10
v28CCCACCACACCACACCACACACCACACACAACACACCACACACAAACAADEE	28	1.7704969800739436e-07	43.466993469328585	6.661338147750939e-16	10
v28CCCACCACACCACACCACACACCACACACAACACACCACACACAACAAADEE	28	3.1623145074650156e-07	43.466993469328585	7.771561172376096e-16	10
v28CCCACCACACCACACCACACACCACACACAACACACCACACACAACAABBAE	28	2.654401184741692e-07	43.466993469328585	8.881784197001252e-16	10
v28CCCACCACACCACACCACACACCACACACAACACACCACACACAADECADEE	28	3.1574105107339503e-07	43.466993469328585	1.2212453270876722e-15	10
v28CCCACCACACCACACCACACACCACACACACAACACACACACAAACACAABE	28	1.6760953412377786e-07	43.466993469328585	1.5543122344752192e-15	10
v28CCCACCACACCACACCACACACCACACACACAACACACACACACAACADEAE	28	1.5505264386926286e-07	43.466993469328585	1.3322676295501878e-15	10
v28CCCACCACACCACACCACACACCACACACACAACACCACACACAAACAADEE	28	1.6315199024761295e-07	43.466993469328585	9.992007221626409e-16	10
v28CCCACCACACCACACCACACACCACACACACAACACCACACACACAAABABE	28	2.933674757718261e-07	21.872676300000002	1.1102230246251565e-15	10
v28CCCACCACACCACACCACACACCACACACACAACACCACACACACAAABBAE	28	1.4885935378023744e-07	43.466993469328585	6.661338147750939e-16	10
v28CCCACCACACCACACCACACACCACACACACAACACCACACACACAABABAE	28	1.5690868875125028e-07	2.1000000000000014	7.771561172376096e-16	10
v28CCCACCACACCACACCACACACCACACACACAACACCACACACADEACADEE	28	1.2448796215117946e-07	43.466993469328585	6.661338147750939e-16	10
v28CCCACCACACCACACCACACACCACACACACACAACCACACACAACAAADEE	28	2.9537524883712097e-06	21.872676300000002	8.881784197001252e-16	10
v28CCCACCACACCACACCACACACCACACACACACAACCACACACAACAABBAE	28	1.6089802035141052e-06	21.872676300000002	9.992007221626409e-16	10
v28CCCACCACACCACACCACACACCACACACACACAACCACACACAADECAAAE	28	1.1749803445253974e-06	21.872676300000002	7.771561172376096e-16	10
v28CCCACCACACCACACCACACACCACACACACACAACCACACACAADECADEE	28	1.0580163756323557e-06	21.872676300000002	7.771561172376096e-16	10
v28CCCACCACACCACACCACACACCACACACACACAACCACACACACAAABABE	28	3.171763152216202e-06	21.872676300000002	7.771561172376096e-16	10
v28CCCACCACACCACACCACACACCACACACACACACACACACACACAABABAE	28	3.59599970598495e-07	43.466993469328585	6.661338147750939e-16	10
v28CCCACCACACCACACCACACACCACACACACACACACACACACADEACADEE	28	1.4056240637040447e-07	43.466993469328585	9.992007221626409e-16	10
v28CCCACCACACCACACCACACACCACACACACACACACCACACACAAADEBAE	28	2.562576151374434e-07	43.466993469328585	1.1102230246251565e-15	10
v28CCCACCACACCACACCACACACCACACACACACACACCACACACAADAEABE	28	2.608379749235296e-07	43.466993469328585	8.881784197001252e-16	10
v28CCCACCACACCACACCACACACCACACACACACACACCACACACAADEABAE	28	2.5178770455519483e-07	43.466993469328585	6.661338147750939e-16	10
v28CCCACCACACCACACCACACACCACACACACACACACCACACACADABEABE	28	2.6467224946513677e-07	43.466993469328585	6.661338147750939e-16	10
v28CCCACCACACCACACCACACACCACACACACACACACCACACACADEAABAE	28	1.3775882200692905e-07	43.466993469328585	1.1102230246251565e-15	10
v28CCCACCACACCACACCACACACCACACACCAAACACACACACACDEACAABE	28	1.4140241449290552e-06	21.872676300000002	1.1102230246251565e-15	10
v28CCCACCACACCACACCACACACCACACACCAAACACCACACACACDEAADEE	28	2.6116605631327745e-07	43.466993469328585	1.2212453270876722e-15	10
v28CCCACCACACCACACCACACACCACACACCAAACACCACACACACDEABABE	28	3.2094731953899665e-07	43.466993469328585	8.881784197001252e-16	10
v28CCCACCACACCACACCACACACCACACACCAAACACCACACACADBECADEE	28	3.8480970879556957e-07	43.466993469328585	1.2212453270876722e-15	10
v28CCCACCACACCACACCACACACCACACACCAACACACACACACACAAABABE	28	2.3963647571728557e-07	43.466993469328585	1.1102230246251565e-15	10
v28CCCACCACACCACACCACACACCACACACCAACACACACACACACAABABAE	28	2.972503810950409e-07	43.466993469328585	5.551115123125783e-16	10
v28CCCACCACACCACACCACACACCACACACCAACACACACACACACDEAADEE	28	8.07649641877774e-07	43.466993469328585	7.771561172376096e-16	10
v28CCCACCACACCACACCACACACCACACACCAACACACACACACACDEABABE	28	3.3531290957877514e-07	43.466993469328585	1.5543122344752192e-15	10
v28CCCACCACACCACACCACACACCACACACCAACACACACACACADEACADEE	28	2.3817548641884502e-07	43.466993469328585	6.661338147750939e-16	10
v28CCCACCACACCACACCACACACCACACACCAACACACCACACAACDEAAABE	28	3.710635695680298e-07	43.466993469328585	1.7763568394002505e-15	10
v28CCCACCACACCACACCACACACCACACACCAACACACCACACAADCAAAEAE	28	2.5662795776769507e-07	55.27909663310495	1.1102230246251565e-15	10
v28CCCACCACACCACACCACACACCACACACCAACACACCACACACAAADEBAE	28	2.2146210877024853e-07	55.27909663310495	6.661338147750939e-16	10
v28CCCACCACACCACACCACACACCACACACCAACACACCACACACADBAEABE	28	3.080975711999941e-07	43.466993469328585	8.881784197001252e-16	10
v28CCCACCACACCACACCACACACCACACACCAACACACCACACACADBAEBAE	28	2.392857996314379e-07	43.466993469328585	8.881784197001252e-16	10
v28CCCACCACACCACACCACACACCACACACCAACACACCACACACADBEAABE	28	2.2999765514600522e-07	43.466993469328585	1.9984014443252818e-15	10
v28CCCACCACACCACACCACACACCACACACCAACACACCACACACADBEABAE	28	2.216525661059586e-07	43.466993469328585	1.1102230246251565e-15	10
v28CCCACCACACCACACCACACACCACACACCAACACACCACACACADDEEABE	28	2.260571093067995e-07	43.466993469328585	1.7763568394002505e-15	10
v28CCCACCACACCACACCACACACCACACACCAACACACCACACACADEAABAE	28	2.2283920337661885e-07	55.27909663310495	7.771561172376096e-16	10
v28CCCACCACACCACACCACACACCACACACCAACACACCACACADABCAAEAE	28	2.5055676227565395e-07	43.466993469328585	1.3322676295501878e-15	10
v28CCCACCACACCACACCACACACCACACACCACACACACACACACAADEABAE	28	2.3263854943554908e-07	43.466993469328585	6.661338147750939e-16	10
v28CCCACCACACCACACCACACACCACACACCACACACACACACACADBAEABE	28	2.7154580982337565e-07	43.466993469328585	1.7763568394002505e-15	10
v28CCCACCACACCACACCACACACCACACACCACACACACACACACADBEAABE	28	2.1007635494856053e-07	43.466993469328585	1.1102230246251565e-15	10
v28CCCACCACACCACACCACACACCACACACCACACACACACACACADBEABAE	28	2.273716406595854e-07	43.466993469328585	1.7763568394002505e-15	10
v28CCCACCACACCACACCACACACCACACACCACACACACACACACADEAABAE	28	2.494023804960537e-07	43.466993469328585	1.3322676295501878e-15	10
v28CCCACCACACCACACCACACACCACACACCACACACACCACACADABDEEAE	28	2.2955098333692975e-07	55.27909663310495	8.881784197001252e-16	10
v28CCCACCACACCACACCACACACCACACACCADEACCACACACACDEACAABE	28	3.100400070673507e-07	43.466993469328585	1.1102230246251565e-15	10
v28CCCACCACACCACACCACACACCACACACCADEACCACACACACDECAAAAE	28	3.1529158203850075e-07	43.466993469328585	1.2212453270876722e-15	10
v28CCCACCACACCACACCACACACCACACACCADEACCACACACACDECAADEE	28	4.524454504751316e-07	43.466993469328585	8.881784197001252e-16	10
v28CCCACCACACCACACCACACACCACACACCADEACCACACACACDECADEAE	28	4.435014445875532e-07	43.466993469328585	1.3322676295501878e-15	10
v28CCCACCACACCACACCACACACCACACACCADEACCACACACADECACAABE	28	3.1074118854531765e-07	43.466993469328585	1.1102230246251565e-15	10
v28CCCACCACACCACACCACACACDEACCACACACAACCACACACAACACAAAE	28	1.884843611178908e-07	43.466993469328585	8.881784197001252e-16	10
v28CCCACCACACCACACDEACCACACAACCACACAACCACACAACCACACAABE	28	3.666259990175318e-07	2.1000000000000014	1.4432899320127035e-15	10
v28CCCACCACCACACACACACACACACACACACACACACACACACACAACAABE	28	1.2077435955254558e-06	21.872676300000002	1.2212453270876722e-15	10
v28CCCACCACCACACACACACACACACACACACACACACACACACACACAAABE	28	1.3180962893540334e-06	21.872676300000002	1.1102230246251565e-15	10
v28CCCACCACCACACACACACACACACACACACACACACACACACACACAABAE	28	9.258249054850686e-07	21.872676300000002	6.661338147750939e-16	10
v28CCCACCACCACACACACACCACACACAACACCACACACAACACAACACAAAE	28	6.532794095949033e-06	21.872676300000002	6.661338147750939e-16	10
v28CCCACCACCACACACACACCACACACAACACCACACACAACACCAACADAEE	28	1.5326805889823396e-05	21.872676300000002	1.9984014443252818e-15	10
v28CCCACCACCACACACACACCACACACACAACACACACACAACACACACAABE	28	8.055036544793296e-07	21.872676300000002	8.881784197001252e-16	10
v28CCCACCACCACACACACACCACACACACAACCACACACAAACCACACADEBE	28	9.923931495292885e-06	21.872676300000002	8.881784197001252e-16	10
v28CCCACCACCACACACACACCACACACACAACCACACACACAACCAACADAEE	28	1.1258562161323409e-05	21.872676300000002	1.7763568394002505e-15	10
v28CCCACCACCACACACACACCACACACACACACCACACACAAACACAACADEE	28	3.492464574671038e-06	21.872676300000002	6.661338147750939e-16	10
v28CCCACCACCACACACCACACACACAACCACACACACAACCAACACACAABAE	28	2.523579593080705e-07	43.466993469328585	1.2212453270876722e-15	10
v28CCCACCACCACCACAACACCACACCACAACACCACAACCACAACAACAABBE	28	5.234613959083817e-07	21.872676300000002	2.220446049250313e-15	10
v28CCCACCACCACCACAACACCACACCACAACACCACAACCACAACAADECAAE	28	2.4026012727156834e-07	21.872676300000002	1.7763568394002505e-15	10
v28CCCACCACCACCACAACACCACACCACAACACCACACACCAAACAACAAABE	28	3.957859491522194e-07	21.872676300000002	9.992007221626409e-16	10
v28CCCACCACCACCACAACACCACACCACAACACCACACACCAAACAACADEBE	28	7.994373076645749e-07	21.872676300000002	1.887379141862766e-15	10
v28CCCACCACCACCACAACACCACACCACAACACCACACACCACAACAADEABE	28	8.311096044570053e-07	21.872676300000002	7.771561172376096e-16	10
v28CCCACCACCACCACACAACCACACCACACAACCAACACCACACAACDEAABE	28	2.6201562708462725e-07	43.466993469328585	1.1102230246251565e-15	10
v28CCCACCACCACCACACACAACACCACACACAACACCACACACAACAAACAAE	28	7.660197451096413e-08	55.27909663310495	8.881784197001252e-16	10
v28CCCACCACCACCACACACAACACCACACACAACACCACACACAACAACAAAE	28	7.959523405827986e-08	55.27909663310495	8.881784197001252e-16	10
v28CCCACCACCACCACACACAACACCACACACAACACCACACACAACAACAABE	28	7.595625532184324e-08	43.466993469328585	8.881784197001252e-16	10
v28CCCACCACCACCACACACACACACCACACACAACAACCACACACAAACADEE	28	1.4640166724439492e-07	55.27909663310495	1.4432899320127035e-15	10
v28CCCACCACCACCACACACACACACCACACACAACACACACACACAAACADEE	28	6.888242219721686e-07	21.872676300000002	6.661338147750939e-16	10
v28CCCACCACCACCACACACACACACCACACACAACACACCACACACAAAABAE	28	2.7917714031162177e-07	43.466993469328585	2.220446049250313e-15	10
v28CCCACCACCACCACACACACACACCACACACAACACACCACACACAADEABE	28	3.607502641814994e-07	43.466993469328585	1.1102230246251565e-15	10
v28CCCACCACCACCACACACACACACCACACACAACACACCACACACAADEBAE	28	2.832911890998348e-07	43.466993469328585	1.2212453270876722e-15	10
v28CCCACCACCACCACACACACACACCACACACACAAACCACACACADECADEE	28	1.8514275339476448e-07	43.466993469328585	1.1102230246251565e-15	10
v28CCCACCACCACCACACACACACACCACACACACAACACACACACAAACADEE	28	2.7398144157729945e-06	21.872676300000002	1.2212453270876722e-15	10
v28CCCACCACCACCACACACACACACCACACACACAACACCACACACAAAABAE	28	1.6914092558692793e-07	43.466993469328585	8.881784197001252e-16	10
v28CCCACCACCACCACACACACACACCACACACACAACACCACACACADEAABE	28	1.473762588259555e-07	43.466993469328585	6.661338147750939e-16	10
v28CCCACCACCACCACACACACACACCACACACACAACACCACACACADEABAE	28	1.447377272539134e-07	43.466993469328585	6.661338147750939e-16	10
v28CCCACCACCACCACACACACACACCACACACACACAACCACACACAAAABAE	28	1.516591775645524e-07	43.466993469328585	1.1102230246251565e-15	10
v28CCCACCACCACCACACACACACACCACACACACACAACCACACACAADEABE	28	1.9590248586853196e-07	43.466993469328585	8.881784197001252e-16	10
v28CCCACCACCACCACACACACACACCACACACACACAACCACACACAADEBAE	28	1.9137400934099856e-07	43.466993469328585	1.9984014443252818e-15	10
v28CCCACCACCACCACACACACACACCACACACACACACACACACACADEABAE	28	1.5822503710903023e-06	21.872676300000002	1.5543122344752192e-15	10
v28CCCACCACCACCACACACACCACACACAACACACCACACACAACAACADEAE	28	7.399343056014379e-06	21.872676300000002	8.881784197001252e-16	10
v28CCCACCACCACCACACACACCACACCAACAACACCACACACCAAAABCADEE	28	3.428118004119752e-07	43.466993469328585	6.661338147750939e-16	10
v28CCCACCACCACCACACACACCACACCAACAACACCACACACCAAABACADEE	28	3.3456821251603887e-07	43.466993469328585	8.881784197001252e-16	10
v28CCCACCACCACCACACACACCACACCAACAACACCACACACCAAACAADEAE	28	6.615191600069881e-07	43.466993469328585	1.7763568394002505e-15	10
v28CCCACCACCACCACACACACCACACCAACAACACCACACACCAAACADABEE	28	2.8630615828603044e-07	43.466993469328585	8.881784197001252e-16	10
v28CCCACCACCACCACACACACCACACCAACAACACCACACACCAAACADBAEE	28	3.1899794930709456e-07	43.466993469328585	1.7763568394002505e-15	10
v28CCCACCACCACCACACACACCACACCAACACAACCACACACCAAAABCADEE	28	2.423562168756392e-07	43.466993469328585	1.1102230246251565e-15	10
v28CCCACCACCACCACACACACCACACCAACACAACCACACACCAACAADBAEE	28	4.466429878927901e-07	21.872676300000002	1.3322676295501878e-15	10
v28CCCACCACCACCACACACACCACACCAACACAACCACACACCAADECADEAE	28	4.4143233447759794e-07	43.466993469328585	1.1102230246251565e-15	10
v28CCCACCACCACCACACACACCACACCAACACACACCACACACCAAAABAABE	28	5.54491781267687e-07	21.872676300000002	1.4432899320127035e-15	10
v28CCCACCACCACCACACACACCACACCAACACACACCACACACCAADEABABE	28	4.0668347597998466e-07	43.466993469328585	6.661338147750939e-16	10
v28CCCACCACCACCACACACACCACACCAACACACACCACACACCAADEABBAE	28	3.0203094403760937e-07	43.466993469328585	1.5543122344752192e-15	10
v28CCCACCACCACCACACACACCACACCACAAACACCACACACCADEABCADEE	28	2.570680241047914e-07	43.466993469328585	5.551115123125783e-16	10
v28CCCACCACCACCACACACACCACACCACAACAACCACACACACAAABCADEE	28	9.941644039224152e-07	21.872676300000002	9.992007221626409e-16	10
v28CCCACCACCACCACACACACCACACCACAACAACCACACACCAAAABCADEE	28	1.9128855926511096e-07	21.872676300000002	8.881784197001252e-16	10
v28CCCACCACCACCACACACACCACACCACAACAACCACACACCACAAABBABE	28	3.4981345122408564e-07	21.872676300000002	1.1102230246251565e-15	10
v28CCCACCACCACCACACACACCACACCACAACAACCACACACCACAAADABEE	28	2.9029597203411584e-07	43.466993469328585	7.771561172376096e-16	10
v28CCCACCACCACCACACACACCACACCACAACAACCACACACCACAAADBAEE	28	3.6171463109649234e-07	21.872676300000002	1.3322676295501878e-15	10
v28CCCACCACCACCACACACACCACACCACAACACACACACACCAAABACADEE	28	2.548736933756652e-07	43.466993469328585	1.2212453270876722e-15	10
v28CCCACCACCACCACACACACCACACCACAACACACACACACCADEACADEAE	28	3.949755033070012e-07	43.466993469328585	1.3322676295501878e-15	10
v28CCCACCACCACCACACACACCACACCACAACACACCACACACADEACAADEE	28	1.3294858350313786e-05	21.872676300000002	9.992007221626409e-16	10
v28CCCACCACCACCACACACACCACACCACAACACACCACACACCAAAABAABE	28	4.847570735474072e-07	21.872676300000002	1.1102230246251565e-15	10
v28CCCACCACCACCACACACACCACACCACAACACACCACACACCAAADEBABE	28	7.503233863582697e-07	21.872676300000002	6.661338147750939e-16	10
v28CCCACCACCACCACACACACCACACCACAACACACCACACACCADEAABABE	28	3.382667372803712e-07	43.466993469328585	1.1102230246251565e-15	10
v28CCCACCACCACCACACACACCACACCACAACACACCACACACCADEAABBAE	28	2.7101616583185e-07	21.872676300000002	1.1102230246251565e-15	10
v28CCCACCACCACCACACACACCACACCACAACACACCACACACCADEABAABE	28	4.4790780245594774e-07	21.872676300000002	8.881784197001252e-16	10
v28CCCACCACCACCACACACACCACACCACACAAACCACACACCAADECADEAE	28	2.894494733408657e-07	43.466993469328585	9.992007221626409e-16	10
v28CCCACCACCACCACACACACCACACCACACAACACCACACACCAAAABAABE	28	4.212414368165538e-07	21.872676300000002	1.3322676295501878e-15	10
v28CCCACCACCACCACACACACCACACCACACAACACCACACACCAADEABBAE	28	2.0790431352100425e-07	43.466993469328585	1.5543122344752192e-15	10
v28CCCACCACCACCACACACACCACACCACACACAACCACACACCADEAABBAE	28	1.8760569088329025e-07	43.466993469328585	8.881784197001252e-16	10
v28CCCACCACCACCACACACACCACACCACACACAACDEACCACACACAAAABE	28	1.5787275062215551e-07	43.466993469328585	1.1102230246251565e-15	10
v28CCCACCACCACCACACACACDECACACACACACACACACACACACAACAABE	28	1.2277474554334346e-06	21.872676300000002	6.661338147750939e-16	10
v28CCCACCACCACCACACACACDECACACACACACACACACACACACACAABAE	28	1.0255083370743026e-06	21.872676300000002	1.2212453270876722e-15	10
v28CCCACCACCACCACACCACAACACCACAACCACAACACCACAACCADEAABE	28	2.755314168981479e-07	43.466993469328585	1.1102230246251565e-15	10
v28CCCACCACCACCACACCACAACACCACACACACAAACCACACACADECADEE	28	2.646090783339447e-07	43.466993469328585	1.1102230246251565e-15	10
v28CCCACCACCACCACACCACAACACCACACACACAACACACACACAAACADEE	28	2.6612079741102125e-06	21.872676300000002	9.992007221626409e-16	10
v28CCCACCACCACCACACCACAACACCACACACACAACACACACACACAABABE	28	2.506984982168443e-06	21.872676300000002	7.771561172376096e-16	10
v28CCCACCACCACCACACCACAACACCACACACACAACACCACACACADEAABE	28	2.35135514282542e-07	43.466993469328585	8.881784197001252e-16	10
v28CCCACCACCACCACACCACAACACCACACACCAAACACACACACACDEADEE	28	7.10028111126412e-07	43.466993469328585	1.6653345369377348e-15	10
v28CCCACCACCACCACACCACAACACCACACACCAAACACCACACAACDEAABE	28	3.504511841812432e-07	43.466993469328585	8.881784197001252e-16	10
v28CCCACCACCACCACACCACAACACCACACACCAAACACCACACACADBEBAE	28	2.415694089643603e-07	55.27909663310495	1.3322676295501878e-15	10
v28CCCACCACCACCACACCACAACACCACACACCAAACACCACACACADEAABE	28	3.0991776475468285e-07	55.27909663310495	6.661338147750939e-16	10
v28CCCACCACCACCACACCACAACACCACACACCACAAACCACACAACDAEABE	28	2.837374569661843e-07	55.27909663310495	1.5543122344752192e-15	10
v28CCCACCACCACCACACCACAACACCACACACCACAAACCACACACAADEABE	28	3.4672492673051854e-07	43.466993469328585	1.3322676295501878e-15	10
v28CCCACCACCACCACACCACAACACCACACACCACAAACCACACACAADEBAE	28	2.3198564622563363e-07	55.27909663310495	8.881784197001252e-16	10
v28CCCACCACCACCACACCACAACACCACACACCACAACACACACACAADEABE	28	6.53399136980709e-07	21.872676300000002	1.7763568394002505e-15	10
v28CCCACCACCACCACACCACAACACCACACACCACAACACCACACAADABEAE	28	2.9168824919936163e-07	43.466993469328585	1.1102230246251565e-15	10
v28CCCACCACCACCACACCACACAACCACACACAACAACCACACACAAACADEE	28	9.496327681263128e-07	21.872676300000002	7.771561172376096e-16	10
v28CCCACCACCACCACACCACACACACCACACACCADEACACACACAACDEABE	28	3.619950777805313e-07	43.466993469328585	1.1102230246251565e-15	10
v28CCCACCACCACCACACCACACACACDEACCACACACACAACCAACACAAAAE	28	2.4289456710433156e-07	55.27909663310495	1.2212453270876722e-15	10
v28CCCACCCACCACCACAACCACACCAACCACAACACACACDECACAAACADEE	28	2.7608302874555315e-07	21.872676300000002	1.887379141862766e-15	10
v28CCCACCCACCACCACACACCACACCAACCACACACAACACAAACCAAABAAE	28	1.6936178735894292e-07	55.27909663310495	7.771561172376096e-16	10
v28CCCCACCACACACCACACCACACACACCAACACCACAACACACDEACADEAE	28	4.77297969099544e-07	43.466993469328585	6.661338147750939e-16	10
v28CCCCACCACACCACACACACAACCACACACACAACCACACACACAACAAAAE	28	1.4107135238234256e-06	21.872676300000002	9.992007221626409e-16	10
v28CCCCACCACACCACCACACCACACACACACACACACACAACACAAACAAAAE	28	1.5931800692150397e-07	43.466993469328585	7.771561172376096e-16	10
v28CCCCACCACCACACCACACCACACCACACACAAACCACAACAACADECAAAE	28	1.3895309193694383e-07	55.27909663310495	7.771561172376096e-16	10
v290h0f7992414bbac49e	290	0.4237771623079504	2.1000000000000014	1.021405182655144e-14	1
v290h1a2f90bc498c4723	290	1.0286710956908118	2.1000000000000014	9.43689570931383e-15	1
v290h790855371f37b776	290	0.5821233183809286	2.1000000000000014	7.993605777301127e-15	1
v290h8594802cf9ae1430	290	0.6263299781137938	2.1000000000000014	9.2148511043888e-15	1
v296hc23f324403ace6be	296	0.6817085496811843	2.1000000000000014	2.609024107869118e-14	1
v296hcb57467ec7a6dde6	296	0.7415816729004333	2.1000000000000014	1.887379141862766e-14	1
v29CCCACACACACACACACACACACACACACACACACACACACACACACACACAAE	29	5.992419627954049e-06	2.1000000000000014	1.1102230246251565e-15	10
v29CCCACACACCACACAACCACACAACCACACAACCACACAACCACACAACACAAE	29	8.845993475771087e-07	2.1000000000000014	1.6653345369377348e-15	10
v29CCCACACACCACACACACACACACACACACACACACACACACACAACACACAAE	29	4.6778210654533113e-07	21.872676300000002	2.1094237467877974e-15	10
v29CCCACACACCACACACACACACACACACACACACACACACACACACAACACAAE	29	2.8912618458755184e-07	21.872676300000002	1.5543122344752192e-15	10
v29CCCACACACCACACACACACACACACACACACACACACACACACACACACAAAE	29	2.467857700215176e-07	21.872676300000002	1.887379141862766e-15	10
v29CCCACACACCACACACACACACACACACACACACACACACACACACACACADEE	29	4.03208810796256e-07	21.872676300000002	1.1102230246251565e-15	10
v29CCCACACACCACACACACCACACACAACCACACACAACACACACAACACACAAE	29	2.2482305071552613e-06	21.872676300000002	8.881784197001252e-16	10
v29CCCACACACCACACACACCACACACAACCACACACAACCAACACAACCAACAAE	29	3.500936942570067e-07	21.872676300000002	8.881784197001252e-16	10
v29CCCACACACCACACACACCACACACAACCACACACAACCACACACAACAACAAE	29	4.0848836546948405e-06	21.872676300000002	1.887379141862766e-15	10
v29CCCACACACCACACACACCACACACACACACACACACACACACACAACAACAAE	29	6.230121145887254e-07	21.872676300000002	1.7763568394002505e-15	10
v29CCCACACACCACACACACCACACACACACACACACACACACACACACAACADEE	29	6.013357344174852e-07	21.872676300000002	6.661338147750939e-16	10
v29CCCACACACCACACACACCACACACACACACACACACACACACACACACAADEE	29	1.5016854864586313e-06	21.872676300000002	1.2212453270876722e-15	10
v29CCCACACACCACACACACCACACACACACCACACACACAACACACACACAAABE	29	7.878764628642683e-07	21.872676300000002	2.220446049250313e-15	10
v29CCCACACACCACACACACCACACACACACCACACACACAACACACACACAABAE	29	8.870313003042973e-07	21.872676300000002	1.1102230246251565e-15	10
v29CCCACACACCACACACACCACACACACACCACACACACACAACACACAACAABE	29	1.0747802454594242e-07	43.466993469328585	1.3322676295501878e-15	10
v29CCCACACACCACACACACCACACACACACCACACACADECACACACAACACAAE	29	1.180143743049106e-07	2.1000000000000014	8.881784197001252e-16	10
v29CCCACACCACACACACCAACACACACCAACACACACCAACACACACAACACAAE	29	1.3331092566704343e-06	21.872676300000002	1.1102230246251565e-15	10
v29CCCACACCACACACACCAACACACACCAACACACACCAACACACACCAACADEE	29	2.0543063109669904e-06	21.872676300000002	1.1102230246251565e-15	10
v29CCCACACCACACACACCACACACAACCACACACAACCACACACAACAACACAAE	29	9.85567164571012e-07	21.872676300000002	1.7763568394002505e-15	10
v29CCCACACCACACACACCACACACAACCACACACAACCACACACAACACACAAAE	29	1.3078653585867388e-06	21.872676300000002	1.4432899320127035e-15	10
v29CCCACACCACACACACCACACACAACCACACACAACCACACACAACCACAAAAE	29	1.834220454702432e-06	21.872676300000002	1.1102230246251565e-15	10
v29CCCACACCACACACACCACACACAACCACACACAACCACACACAACCACAADEE	29	4.309838358194804e-06	21.872676300000002	1.1102230246251565e-15	10
v29CCCACACCACACACACCACACACACACACACACACACACACACAACAACACAAE	29	2.2737129886311818e-07	43.466993469328585	1.3322676295501878e-15	10
v29CCCACACCACACACACCACACACACACACACACACACACACACAACACACAAAE	29	3.205495783334399e-07	21.872676300000002	1.6653345369377348e-15	10
v29CCCACACCACACACACCACACACACACACACACACACACACACACAACACAABE	29	2.1888414755049094e-07	21.872676300000002	2.55351295663786e-15	10
v29CCCACACCACACACACCACACACACACACACACACACACACACACACAACAABE	29	1.9997055437451486e-07	43.466993469328585	1.4432899320127035e-15	10
v29CCCACACCACACACACCACACACACACACACACACACACACACACACACAAABE	29	6.913960814877969e-07	21.872676300000002	1.5543122344752192e-15	10
v29CCCACACCACACACACCACACACACACACACACACACACACACACACACADEAE	29	2.9358044589416386e-07	43.466993469328585	8.881784197001252e-16	10
v29CCCACACCACACACACCACACACACACCACACACACAACACACACACAACADEE	29	9.272488397506529e-07	21.872676300000002	1.2212453270876722e-15	10
v29CCCACACCACACACACCACACACACACCACACACACAACCAACACACAABCAAE	29	3.245325831372549e-06	21.872676300000002	1.5543122344752192e-15	10
v29CCCACACCACACACACCACACACACACCACACACACAACCACACACACAAAABE	29	4.456306100286473e-06	21.872676300000002	2.886579864025407e-15	10
v29CCCACACCACACACACCACACACACACCACACACACAACCACACACACAABDEE	29	4.699989016013134e-06	21.872676300000002	1.3322676295501878e-15	10
v29CCCACACCACACACACCACACACACACCACACACACACAACACACAACAACAAE	29	6.084393290710816e-06	21.872676300000002	6.661338147750939e-16	10
v29CCCACACCACACACACCACACACACACCACACACACACAACACACACACAADEE	29	1.588921619973957e-05	21.872676300000002	1.3322676295501878e-15	10
v29CCCACACCACACACACCACACACACACCACACACACACACACACACAACAAABE	29	3.790169808426956e-06	21.872676300000002	1.7763568394002505e-15	10
v29CCCACACCACACACACCACACACACACCACACACACACACACACACAACADEAE	29	2.1935282780397162e-06	21.872676300000002	1.1102230246251565e-15	10
v29CCCACACCACACACACCACACACACACCACACACACACACACACACACAAAABE	29	2.037290964462853e-06	21.872676300000002	1.5543122344752192e-15	10
v29CCCACACCACACACACCACACACACACCACACACACACACACACACACADEABE	29	7.363298141858685e-06	21.872676300000002	7.771561172376096e-16	10
v29CCCACACCACACACACCACACACACACCACACACACACACCAACACAADECAAE	29	3.948134253284697e-06	21.872676300000002	1.2212453270876722e-15	10
v29CCCACACCACACACACCACACACACACCACACACACACACCAACACACADEBAE	29	1.1738193273857239e-05	21.872676300000002	8.881784197001252e-16	10
v29CCCACACCACCACACACAACCACACACAACCACACACAACCACACACAACAABE	29	5.357360435393709e-06	21.872676300000002	1.1102230246251565e-15	10
v29CCCACACCACCACACACACACCACACACACAACCACACACACAACACACAABAE	29	3.2310244472166514e-07	21.872676300000002	1.4432899320127035e-15	10
v29CCCACACCACCACACACACACCACACACACAACCACACACACAACCACAABABE	29	1.725121459451848e-07	43.466993469328585	6.661338147750939e-16	10
v29CCCACACCACCACACACACACCACACACACACACACACACAACAACACACAAAE	29	6.389335204189082e-07	21.872676300000002	1.9984014443252818e-15	10
v29CCCACACCACCACACACACACCACACACACACACCACACACACAAABCACAABE	29	2.9373211108922767e-07	43.466993469328585	1.1102230246251565e-15	10
v29CCCACACCACCACACACCACACCACACACAACACACCAACACAACACACAADEE	29	4.1476397883415314e-07	43.466993469328585	6.661338147750939e-16	10
v29CCCACACCACCACACACCACACCACACACAACACACCACACAAACACACAADEE	29	4.1875467468161745e-07	43.466993469328585	1.3322676295501878e-15	10
v29CCCACACCACCACACACCACACCACACACACACACACCACACADEACAACAABE	29	4.259363163599772e-07	43.466993469328585	1.6653345369377348e-15	10
v29CCCACACCACCACACACCACACCACACACACACACACCADEACACACAACDEAE	29	5.193928576975108e-07	43.466993469328585	1.4432899320127035e-15	10
v29CCCACACCACCACACACCACACCACACACACCACACAACACADECACACAABAE	29	3.839916762430982e-06	21.872676300000002	1.2212453270876722e-15	10
v29CCCACCACACACACACACACACACACACACACACACACACACACACACAACAAE	29	2.6644465883666416e-07	43.466993469328585	9.992007221626409e-16	10
v29CCCACCACACACACCACACACAACCACACACAACCACACACAACCACACAAABE	29	2.371066896691295e-07	21.872676300000002	8.881784197001252e-16	10
v29CCCACCACACACACCACACACACACCACACACACAACACACACACAACACAABE	29	1.157117993385117e-06	43.466993469328585	1.2212453270876722e-15	10
v29CCCACCACACCACACACAACCACACACAACCACACACAACCACACACAABCAAE	29	1.014071937822694e-05	21.872676300000002	1.5543122344752192e-15	10
v29CCCACCACACCACACACACACACACACACACACACACACACACACACACAADEE	29	3.880952076036704e-07	21.872676300000002	1.4432899320127035e-15	10
v29CCCACCACACCACACACACACACACACACACACACACACACACACACACADEAE	29	1.1765264661970766e-06	21.872676300000002	6.661338147750939e-16	10
v29CCCACCACACCACACACACACCAACACACACACCAACACACACACCAABACAAE	29	3.152648041190249e-07	43.466993469328585	1.2212453270876722e-15	10
v29CCCACCACACCACACACACACCACACACAACACCACACACAACACACAACAAAE	29	1.2017367748564173e-07	43.466993469328585	1.5543122344752192e-15	10
v29CCCACCACACCACACACACACCACACACAACACCACACACAACACACAACAABE	29	9.747928711388366e-08	43.466993469328585	6.661338147750939e-16	10
v29CCCACCACACCACACACACACCACACACAACACCACACACAACACCAABACAAE	29	8.504681513621426e-08	43.466993469328585	7.771561172376096e-16	10
v29CCCACCACACCACACACACACCACACACAACACCACACACAACACCACAADAEE	29	7.34523706983471e-08	43.466993469328585	1.2212453270876722e-15	10
v29CCCACCACACCACACACACACCACACACACAACACACACACAACACACACAAAE	29	6.2627385281594906e-06	21.872676300000002	5.551115123125783e-16	10
v29CCCACCACACCACACACACACCACACACACAACCAACACACAACCAACACAAAE	29	1.231531995014797e-07	43.466993469328585	1.1102230246251565e-15	10
v29CCCACCACACCACACACACACCACACACACAACCACACACACAACACAACAAAE	29	2.6700024506680554e-06	21.872676300000002	8.881784197001252e-16	10
v29CCCACCACACCACACACACACCACACACACAACCACACACACAACACAACADEE	29	1.8595062550524234e-06	21.872676300000002	8.881784197001252e-16	10
v29CCCACCACACCACACACACACCACACACACAACCACACACACAACCACAABABE	29	6.728373189596913e-07	21.872676300000002	1.1102230246251565e-15	10
v29CCCACCACACCACACACACACCACACACACAACCACACACACAACCACAADAEE	29	2.1394215509112082e-06	21.872676300000002	1.3322676295501878e-15	10
v29CCCACCACACCACACACACACCACACACACACAACACACACACAACACACAAAE	29	1.3606007004875525e-07	21.872676300000002	1.2212453270876722e-15	10
v29CCCACCACACCACACACACACCACACACACACACACACACAACACACAACAAAE	29	2.3535691010715763e-07	21.872676300000002	1.887379141862766e-15	10
v29CCCACCACACCACACACACACCACACACACACACACACACACAACACAACAAAE	29	2.124083073120615e-07	21.872676300000002	1.1102230246251565e-15	10
v29CCCACCACACCACACACACACCACACACACACACACACACACAACACAACADEE	29	3.3068854332840226e-07	21.872676300000002	1.6653345369377348e-15	10
v29CCCACCACACCACACACACACCACACACACACACACACACACACACACAABABE	29	2.3625504104651437e-07	21.872676300000002	1.5543122344752192e-15	10
v29CCCACCACACCACACACACACCACACACACACACCAACACACAAACCAACADEE	29	1.5415330987728015e-07	43.466993469328585	1.3322676295501878e-15	10
v29CCCACCACACCACACACACACCACACACACACACCACACAACACAACACAAABE	29	1.2386059098634143e-07	43.466993469328585	9.992007221626409e-16	10
v29CCCACCACACCACACACACACCACACACACACACCACACACAAACACACAADEE	29	7.794479785568406e-08	43.466993469328585	1.1102230246251565e-15	10
v29CCCACCACACCACACACACACCACACACACACACCACACACAACAACACAABAE	29	1.2512678520187976e-07	43.466993469328585	9.992007221626409e-16	10
v29CCCACCACACCACACACACACCACACACACACACCACACACAACACACADEAAE	29	1.3897014486931065e-07	43.466993469328585	8.881784197001252e-16	10
v29CCCACCACACCACACACACACCACACACACACACCACACACACAAABCACAABE	29	7.617490976140766e-08	43.466993469328585	1.7763568394002505e-15	10
v29CCCACCACACCACACACACACCACACACACACACCACACACACAAACACAABAE	29	1.1910962759056655e-07	43.466993469328585	1.2212453270876722e-15	10
v29CCCACCACACCACACACACACCACACACACACACCACACACACAAACCADEABE	29	1.1292513695410876e-07	43.466993469328585	1.3322676295501878e-15	10
v29CCCACCACACCACACACACACCACACACACACACCACACACACAACACADEAAE	29	1.4165300241232115e-07	43.466993469328585	8.881784197001252e-16	10
v29CCCACCACACCACACACACACCACACACACACACCACACACACAACACADEABE	29	1.0578719883660663e-07	55.27909663310495	7.771561172376096e-16	10
v29CCCACCACACCACACACACACCACACACACACACCACACACACACAABCADEAE	29	1.1433520675914473e-07	43.466993469328585	1.2212453270876722e-15	10
v29CCCACCACACCACACACACACCACACACACACACCACACACACACAACADEAAE	29	9.806452569489515e-08	43.466993469328585	1.1102230246251565e-15	10
v29CCCACCACACCACACACACACCACACACACACACCACACACACACAACADEABE	29	1.2457148108130374e-07	21.872676300000002	1.3322676295501878e-15	10
v29CCCACCACACCACACACACACCACACACACACACCACACACACACACAADEABE	29	7.71360354283977e-08	43.466993469328585	1.1102230246251565e-15	10
v29CCCACCACACCACACACACACCACACACACACACCACACACACACACADBAEAE	29	8.34728728078011e-08	43.466993469328585	9.992007221626409e-16	10
v29CCCACCACACCACACACACACCACACACACACACCACACACACADECACAABAE	29	1.2764649113037368e-07	21.872676300000002	1.2212453270876722e-15	10
v29CCCACCACACCACACCAACACCACACACAACACCACACACAACACACAACAAAE	29	1.1005791109733037e-07	43.466993469328585	8.881784197001252e-16	10
v29CCCACCACACCACACCAACACCACACACAACACCACACACAACACACAACAABE	29	9.969643786779303e-08	55.27909663310495	7.771561172376096e-16	10
v29CCCACCACACCACACCAACACCACACACAACACCACACACAACACCACAADAEE	29	9.766593858106482e-08	55.27909663310495	1.5543122344752192e-15	10
v29CCCACCACACCACACCAACACCACACACCAACACACACACACAACACAACAAAE	29	2.776814523320956e-07	43.466993469328585	1.3322676295501878e-15	10
v29CCCACCACACCACACCAACACCACACACCAACACACACACACAACACAACADEE	29	2.185806924065679e-07	2.1000000000000014	1.5543122344752192e-15	10
v29CCCACCACACCACACCAACACCACACACCAACACACACACACCAACACAADEBE	29	7.194927293426927e-07	21.872676300000002	8.881784197001252e-16	10
v29CCCACCACACCACACCAACACCACACACCAACACCACACACAAACACACAADEE	29	1.8046421812919687e-07	43.466993469328585	6.661338147750939e-16	10
v29CCCACCACACCACACCAACACCACACACCAACACCACACACACAAABCACAABE	29	1.7692405365331316e-07	43.466993469328585	1.1102230246251565e-15	10
v29CCCACCACACCACACCAACACCACACACCAACACCACACACACAAACACAABAE	29	3.194899505771162e-07	21.872676300000002	7.771561172376096e-16	10
v29CCCACCACACCACACCAACACCACACACCAACACCACACACACAAACCADEABE	29	1.963715089565941e-07	21.872676300000002	8.881784197001252e-16	10
v29CCCACCACACCACACCAACACCACACACCAACACCACACACACAACACADEAAE	29	2.0309448096680412e-07	43.466993469328585	6.661338147750939e-16	10
v29CCCACCACACCACACCAACACCACACACCAACACCACACACACAACACADEABE	29	2.6869423050893646e-07	21.872676300000002	6.661338147750939e-16	10
v29CCCACCACACCACACCAACACCACACACCAACACCACACACACCAABABCADEE	29	3.367605671789521e-07	43.466993469328585	9.992007221626409e-16	10
v29CCCACCACACCACACCAACACCACACACCAACACCACACACACCAABACADEAE	29	2.3070258002469033e-07	43.466993469328585	8.881784197001252e-16	10
v29CCCACCACACCACACCAACACCACACACCAACACCACACACACCAACADBABEE	29	3.4006022828170677e-07	43.466993469328585	9.992007221626409e-16	10
v29CCCACCACACCACACCAACACCACACACCAACACCACACACACDEABCACAABE	29	3.563002132419287e-07	43.466993469328585	8.881784197001252e-16	10
v29CCCACCACACCACACCAACACCACACACCAACACCACACACACDEACACAABAE	29	2.2627847684955402e-07	43.466993469328585	1.1102230246251565e-15	10
v29CCCACCACACCACACCAACACCACACACCAACACCACACACACDEACCADEABE	29	2.0647419006596174e-07	43.466993469328585	1.3322676295501878e-15	10
v29CCCACCACACCACACCAACACCACACACDEACCACACACAACCACACACAAAAE	29	3.1763569117781547e-07	21.872676300000002	7.771561172376096e-16	10
v29CCCACCACACCACACCACACAACACACCACACAACACACCACACAACAAACAAE	29	3.0355833687746986e-07	43.466993469328585	3.3306690738754696e-15	10
v29CCCACCACACCACACCACACACACACACCACACACACACACACCAABACADEAE	29	2.2498299761632064e-07	43.466993469328585	1.5543122344752192e-15	10
v29CCCACCACACCACACCACACACCACACAACACACACCACACAACADECACAAAE	29	4.974009587281142e-07	43.466993469328585	8.881784197001252e-16	10
v29CCCACCACACCACACCACACACCACACACAACACACACACACAACACACAABAE	29	2.3566599903275607e-07	43.466993469328585	7.771561172376096e-16	10
v29CCCACCACACCACACCACACACCACACACAACACACACACACAACACACAADEE	29	3.0389363007724013e-07	43.466993469328585	1.2212453270876722e-15	10
v29CCCACCACACCACACCACACACCACACACAACACACCACACACAAACAACAABE	29	1.7272547097752805e-07	43.466993469328585	1.3322676295501878e-15	10
v29CCCACCACACCACACCACACACCACACACAACACACCACACACAACAAACAAAE	29	6.458224735513257e-07	21.872676300000002	8.881784197001252e-16	10
v29CCCACCACACCACACCACACACCACACACAACACACCACACACAACAACADEAE	29	6.146419183183182e-07	21.872676300000002	1.3322676295501878e-15	10
v29CCCACCACACCACACCACACACCACACACAACACACCACACACAACACAADEAE	29	2.3590756937802413e-07	43.466993469328585	8.881784197001252e-16	10
v29CCCACCACACCACACCACACACCACACACAACACACCACACACAADECACAABE	29	3.1833844504789606e-07	43.466993469328585	9.992007221626409e-16	10
v29CCCACCACACCACACCACACACCACACACACAACACACACACACAACACAABAE	29	1.5520174524998046e-07	43.466993469328585	1.3322676295501878e-15	10
v29CCCACCACACCACACCACACACCACACACACAACACCACACACAAACAACAABE	29	1.649614182079588e-07	43.466993469328585	1.5543122344752192e-15	10
v29CCCACCACACCACACCACACACCACACACACAACACCACACACACAAABCADEE	29	1.4368139729627723e-07	43.466993469328585	1.3322676295501878e-15	10
v29CCCACCACACCACACCACACACCACACACACAACACCACACACACAAACADEAE	29	3.613306085424949e-07	43.466993469328585	8.881784197001252e-16	10
v29CCCACCACACCACACCACACACCACACACACAACACCACACACACAACAADEAE	29	1.4760033824486855e-07	43.466993469328585	1.5543122344752192e-15	10
v29CCCACCACACCACACCACACACCACACACACAACACCACACACACAACADBAEE	29	1.4898270290355456e-07	43.466993469328585	1.3322676295501878e-15	10
v29CCCACCACACCACACCACACACCACACACACAACACCACACACADEACACAABE	29	1.200821191148705e-07	43.466993469328585	2.220446049250313e-15	10
v29CCCACCACACCACACCACACACCACACACACACAACCACACACAACAACADEAE	29	5.015689566288266e-06	21.872676300000002	1.6653345369377348e-15	10
v29CCCACCACACCACACCACACACCACACACACACAACCACACACAADECACAABE	29	2.228599307221684e-06	21.872676300000002	7.771561172376096e-16	10
v29CCCACCACACCACACCACACACCACACACACACAACCACACACACAAABCAAAE	29	1.5206415989877065e-06	21.872676300000002	1.1102230246251565e-15	10
v29CCCACCACACCACACCACACACCACACACACACAACCACACACACAAABCADEE	29	1.3863247932082668e-06	21.872676300000002	1.2212453270876722e-15	10
v29CCCACCACACCACACCACACACCACACACACACAACCACACACACAAACADEAE	29	4.709897897320476e-06	21.872676300000002	1.2212453270876722e-15	10
v29CCCACCACACCACACCACACACCACACACACACAACCACACACACACAABBABE	29	4.486032405831638e-06	21.872676300000002	9.992007221626409e-16	10
v29CCCACCACACCACACCACACACCACACACACACACACACACACAACAACADEAE	29	3.0761528520513126e-07	43.466993469328585	1.3322676295501878e-15	10
v29CCCACCACACCACACCACACACCACACACACACACACACACACACAAACADEAE	29	2.3538423508625288e-07	43.466993469328585	8.881784197001252e-16	10
v29CCCACCACACCACACCACACACCACACACACACACACACACACADEACACAABE	29	1.4086483952776358e-07	43.466993469328585	1.3322676295501878e-15	10
v29CCCACCACACCACACCACACACCACACACACACACACCACACACAAACAAADEE	29	4.274305220853384e-07	43.466993469328585	7.771561172376096e-16	10
v29CCCACCACACCACACCACACACCACACACACACACACCACACACAACAAABBAE	29	3.1249318324687635e-07	43.466993469328585	1.1102230246251565e-15	10
v29CCCACCACACCACACCACACACCACACACACACACACCACACACAACADEADEE	29	7.012322279936869e-07	43.466993469328585	1.1102230246251565e-15	10
v29CCCACCACACCACACCACACACCACACACACACACACCACACACACAAAABABE	29	4.4625730526271547e-07	21.872676300000002	1.1102230246251565e-15	10
v29CCCACCACACCACACCACACACCACACACACACACACCACACACACAAAABBAE	29	2.439823535832826e-07	43.466993469328585	9.992007221626409e-16	10
v29CCCACCACACCACACCACACACCACACACACACACACCACACACACAAABABAE	29	2.565641364913984e-07	43.466993469328585	8.881784197001252e-16	10
v29CCCACCACACCACACCACACACCACACACACACACACCACACACACAADEBABE	29	3.527350999416646e-07	43.466993469328585	1.1102230246251565e-15	10
v29CCCACCACACCACACCACACACCACACACACACACACCACACACACADEABABE	29	2.3272130439998423e-07	43.466993469328585	1.6653345369377348e-15	10
v29CCCACCACACCACACCACACACCACACACACACACACCACACACACADEABBAE	29	2.36985007551153e-07	43.466993469328585	8.881784197001252e-16	10
v29CCCACCACACCACACCACACACCACACACACACACACCACACACADEACAADEE	29	1.3918165184984286e-07	43.466993469328585	7.771561172376096e-16	10
v29CCCACCACACCACACCACACACCACACACCAAACACACACACACDEACAACAAE	29	2.0854660104276016e-06	21.872676300000002	1.1102230246251565e-15	10
v29CCCACCACACCACACCACACACCACACACCAAACACCACACACACDEABCADEE	29	4.75978138742653e-07	43.466993469328585	8.881784197001252e-16	10
v29CCCACCACACCACACCACACACCACACACCAAACACCACACACACDEACADEAE	29	3.1987677428401277e-07	43.466993469328585	8.881784197001252e-16	10
v29CCCACCACACCACACCACACACCACACACCAAACACCACACACADBECACAABE	29	5.173209131445745e-07	43.466993469328585	1.3322676295501878e-15	10
v29CCCACCACACCACACCACACACCACACACCAACACACACACACACAAACADEAE	29	2.887799695922011e-07	43.466993469328585	8.881784197001252e-16	10
v29CCCACCACACCACACCACACACCACACACCAACACACACACACACAACAADEAE	29	7.62956017614427e-07	43.466993469328585	1.7763568394002505e-15	10
v29CCCACCACACCACACCACACACCACACACCAACACACACACACACCAAABADEE	29	2.8157296108069804e-07	43.466993469328585	2.220446049250313e-15	10
v29CCCACCACACCACACCACACACCACACACCAACACACACACACACCAABABABE	29	3.7367951189744583e-07	43.466993469328585	1.3322676295501878e-15	10
v29CCCACCACACCACACCACACACCACACACCAACACACACACACACDEACADEAE	29	4.905121627275892e-07	43.466993469328585	1.3322676295501878e-15	10
v29CCCACCACACCACACCACACACCACACACCAACACACACACACADEACACAABE	29	2.3712379968509559e-07	43.466993469328585	1.1102230246251565e-15	10
v29CCCACCACACCACACCACACACCACACACCAACACACCACACAACCAAAABABE	29	4.886697161650829e-07	43.466993469328585	9.992007221626409e-16	10
v29CCCACCACACCACACCACACACCACACACCAACACACCACACAACCAAABAABE	29	2.6251008996089783e-07	55.27909663310495	1.9984014443252818e-15	10
v29CCCACCACACCACACCACACACCACACACCAACACACCACACAACCAADEBABE	29	3.4031354145566163e-07	43.466993469328585	1.4432899320127035e-15	10
v29CCCACCACACCACACCACACACCACACACCAACACACCACACACAAACAAADEE	29	2.92596500438945e-07	43.466993469328585	9.992007221626409e-16	10
v29CCCACCACACCACACCACACACCACACACCAACACACCACACACACAAAABABE	29	2.633996464635855e-07	43.466993469328585	8.881784197001252e-16	10
v29CCCACCACACCACACCACACACCACACACCAACACACCACACACACAAAABBAE	29	2.714778915333515e-07	55.27909663310495	1.2212453270876722e-15	10
v29CCCACCACACCACACCACACACCACACACCAACACACCACACACACAAABABAE	29	2.7593952310703536e-07	43.466993469328585	6.661338147750939e-16	10
v29CCCACCACACCACACCACACACCACACACCAACACACCACACACACAADEBABE	29	4.6435158206996245e-07	43.466993469328585	1.1102230246251565e-15	10
v29CCCACCACACCACACCACACACCACACACCAACACACCACACACACDEAABABE	29	4.888904343354508e-07	43.466993469328585	1.1102230246251565e-15	10
v29CCCACCACACCACACCACACACCACACACCAACACACCACACACACDEAABBAE	29	4.0731649121747915e-07	43.466993469328585	1.887379141862766e-15	10
v29CCCACCACACCACACCACACACCACACACCAACACACCACACACACDEABABAE	29	3.7594349616567265e-07	43.466993469328585	7.771561172376096e-16	10
v29CCCACCACACCACACCACACACCACACACCAACACACCACACACADBAECADEE	29	4.080901694030858e-07	43.466993469328585	1.1102230246251565e-15	10
v29CCCACCACACCACACCACACACCACACACCAACACACCACACACADBEACADEE	29	2.269363771057861e-07	43.466993469328585	1.1102230246251565e-15	10
v29CCCACCACACCACACCACACACCACACACCAACACACCACACACADCAAAEABE	29	4.0942940512829134e-07	43.466993469328585	1.3322676295501878e-15	10
v29CCCACCACACCACACCACACACCACACACCAACACACCACACACADEACAADEE	29	2.3619670763526958e-07	55.27909663310495	1.1102230246251565e-15	10
v29CCCACCACACCACACCACACACCACACACCACACACACACACACACAAAABABE	29	2.732523847234688e-07	43.466993469328585	1.4432899320127035e-15	10
v29CCCACCACACCACACCACACACCACACACCACACACACACACACACAAABABAE	29	3.2078465823213907e-07	43.466993469328585	6.661338147750939e-16	10
v29CCCACCACACCACACCACACACCACACACCACACACACACACACACADEABABE	29	3.9471713203614417e-07	43.466993469328585	9.992007221626409e-16	10
v29CCCACCACACCACACCACACACCACACACCACACACACACACACACDEAABABE	29	2.799163792651564e-07	43.466993469328585	1.7763568394002505e-15	10
v29CCCACCACACCACACCACACACCACACACCACACACACACACACACDEABABAE	29	2.7741831690657146e-07	43.466993469328585	1.3322676295501878e-15	10
v29CCCACCACACCACACCACACACCACACACCACACACACACACACADBEACADEE	29	2.197409444103363e-07	43.466993469328585	1.7763568394002505e-15	10
v29CCCACCACACCACACCACACACCACACACCACACACACCACACACAADABEABE	29	3.321996265312017e-07	43.466993469328585	1.1102230246251565e-15	10
v29CCCACCACACCACACCACACACCACACACCACACACACCACACACADABAEABE	29	3.890769920159177e-07	43.466993469328585	5.551115123125783e-16	10
v29CCCACCACACCACACCACACACCACACACCACACACACCACACACADBABEABE	29	3.101801470273303e-07	43.466993469328585	2.4424906541753444e-15	10
v29CCCACCACACCACACCACACACCACACACCACACACACCACACACADBABEBAE	29	2.574257002695432e-07	43.466993469328585	8.881784197001252e-16	10
v29CCCACCACACCACACCACACACCACACACCACACACACCACACADABCAAAEAE	29	2.403185080038673e-07	43.466993469328585	1.1102230246251565e-15	10
v29CCCACCACACCACACCACACACCACACACCACACACACCACACADABCADEEAE	29	2.3188795394619566e-07	55.27909663310495	1.3322676295501878e-15	10
v29CCCACCACACCACACCACACACCACACACCADEACCACACACACDEACAACAAE	29	3.3631525682680197e-07	43.466993469328585	8.881784197001252e-16	10
v29CCCACCACACCACACCACACACCACACACCADEACCACACACACDECAACAABE	29	4.971441757814866e-07	43.466993469328585	1.3322676295501878e-15	10
v29CCCACCACACCACACCACACACCACACACCADEACCACACACACDECACAAABE	29	5.14879140042321e-07	43.466993469328585	1.7763568394002505e-15	10
v29CCCACCACACCACACCACACACCACACACCADEACCACACACACDECACAABAE	29	4.5003561196079417e-07	43.466993469328585	6.661338147750939e-16	10
v29CCCACCACACCACACCACACACCACACACCADEACCACACACACDECACAADEE	29	3.1299691120982534e-07	43.466993469328585	1.1102230246251565e-15	10
v29CCCACCACCACACACAACCACACACAACCACACACAACCACACACAACAACAAE	29	1.0574277495588427e-05	21.872676300000002	1.2212453270876722e-15	10
v29CCCACCACCACACACACACACACACACACACACACACACACACACAACAACAAE	29	2.056525267752096e-06	21.872676300000002	1.7763568394002505e-15	10
v29CCCACCACCACACACACACACACACACACACACACACACACACACACAACADEE	29	1.8325173074367639e-06	21.872676300000002	8.881784197001252e-16	10
v29CCCACCACCACACACACACACACACACACACACACACACACACACACACAADEE	29	1.4161726675109215e-06	21.872676300000002	6.661338147750939e-16	10
v29CCCACCACCACACACACACCACACACAACACCACACACAACACACACACAAAAE	29	7.501463841564935e-06	21.872676300000002	1.1102230246251565e-15	10
v29CCCACCACCACACACACACCACACACAACACCACACACAACACACACACAADEE	29	1.0373914753760556e-05	21.872676300000002	9.992007221626409e-16	10
v29CCCACCACCACACACACACCACACACAACACCACACACAACACCAACACAAAAE	29	1.0393402610419799e-05	21.872676300000002	1.1102230246251565e-15	10
v29CCCACCACCACACACACACCACACACACAACCACACACACAACACACACAAAAE	29	4.368874066570299e-06	21.872676300000002	1.3322676295501878e-15	10
v29CCCACCACCACACACACACCACACACACAACCACACACACAACCAACACAAAAE	29	8.36710139196258e-06	21.872676300000002	8.881784197001252e-16	10
v29CCCACCACCACACACACACCACACACACAACCACACACACAACCAACACADEAE	29	2.2574503324784576e-05	21.872676300000002	1.3322676295501878e-15	10
v29CCCACCACCACACACACACCACACACACACACACACACAACACACACACAAAAE	29	1.854913275739661e-06	21.872676300000002	8.881784197001252e-16	10
v29CCCACCACCACACACACACCACACACACACACACACACAACACACACACAADEE	29	8.440506661347573e-06	21.872676300000002	1.1102230246251565e-15	10
v29CCCACCACCACACACACACCACACACACACACACACACACAACACACACAAAAE	29	1.313352710873288e-06	21.872676300000002	1.3322676295501878e-15	10
v29CCCACCACCACACACACACCACACACACACACACACACACACAACACACAAAAE	29	1.763975199325446e-06	21.872676300000002	6.661338147750939e-16	10
v29CCCACCACCACACACACACCACACACACACACACACACACACAACACACAADEE	29	5.5671671412995735e-06	21.872676300000002	1.1102230246251565e-15	10
v29CCCACCACCACACACACACCACACACACACACCAACACACAACACCAABACAAE	29	7.521759946425489e-06	21.872676300000002	9.992007221626409e-16	10
v29CCCACCACCACACACACACCACACACACACACCAACACACACACACCAABABAE	29	7.0062645913784545e-06	21.872676300000002	9.992007221626409e-16	10
v29CCCACCACCACACACACACCACACACACACACCACACACAACAACAACACAAAE	29	5.97578618918436e-06	21.872676300000002	8.881784197001252e-16	10
v29CCCACCACCACACACACACCACACACACACACCACACACAACAACCAACADAEE	29	1.665873881577092e-05	21.872676300000002	9.992007221626409e-16	10
v29CCCACCACCACACACCACACACACAACCACACACACAACCAACACACAABCAAE	29	3.235672213630281e-07	43.466993469328585	1.1102230246251565e-15	10
v29CCCACCACCACACACCACACACACAACCACACACACAACCACACACACAABABE	29	2.7872806828961643e-07	43.466993469328585	8.881784197001252e-16	10
v29CCCACCACCACACACCACACACACACACACACACACACAACACACACACAAAAE	29	9.395582667261414e-07	21.872676300000002	8.881784197001252e-16	10
v29CCCACCACCACACACCACACACACACACACACACACACAACACACACACAADEE	29	6.029663078444074e-07	21.872676300000002	5.551115123125783e-16	10
v29CCCACCACCACACACCACACACACACACACACACACACACACAACACACAADEE	29	4.1041605496114234e-07	43.466993469328585	1.1102230246251565e-15	10
v29CCCACCACCACACACCACACACACACACCAACACACACAACCAACACACAAAAE	29	3.458218610712734e-07	55.27909663310495	1.5543122344752192e-15	10
v29CCCACCACCACACACCACACACACACACCAACACACACAACCAACACACAADEE	29	3.69142263848479e-07	55.27909663310495	1.7763568394002505e-15	10
v29CCCACCACCACACACCACACACACACACCAACACACACACACAACACACAADEE	29	3.981873675725029e-07	43.466993469328585	7.771561172376096e-16	10
v29CCCACCACCACACACCACACCACACACAACAACCACACACAAACCACACADEBE	29	2.7771921124404593e-06	21.872676300000002	1.1102230246251565e-15	10
v29CCCACCACCACACACCACACCACACACACAACACCACACACAAACACAACADEE	29	5.253271158243587e-07	21.872676300000002	8.881784197001252e-16	10
v29CCCACCACCACACACCACACCACACACACACACACCADEACACACACACDEABE	29	4.304842497547313e-06	21.872676300000002	1.1102230246251565e-15	10
v29CCCACCACCACACACCACACCACACACACCACACACADEACACCACACADEAAE	29	1.2482488542876748e-07	21.872676300000002	8.881784197001252e-16	10
v29CCCACCACCACACACCACACCACACACACCACACACCADEACACACACAADBEE	29	1.1248741325948808e-06	21.872676300000002	1.3322676295501878e-15	10
v29CCCACCACCACCACAACACCACACCACAACACCACAACCACAACAACAACAAAE	29	4.209549048958582e-07	21.872676300000002	1.3322676295501878e-15	10
v29CCCACCACCACCACAACACCACACCACAACACCACACACACAACAACAACAAAE	29	3.5497555620477403e-06	21.872676300000002	7.771561172376096e-16	10
v29CCCACCACCACCACAACACCACACCACAACACCACACACCAAACACACAAADEE	29	3.7082527485176903e-07	43.466993469328585	1.1102230246251565e-15	10
v29CCCACCACCACCACAACACCACACCACAACACCACACACCACAACAACAAABBE	29	4.753960936944621e-07	21.872676300000002	1.9984014443252818e-15	10
v29CCCACCACCACCACACAACCACACCACACAACCAACACCACACAACCAAABABE	29	4.922669545158337e-07	43.466993469328585	9.992007221626409e-16	10
v29CCCACCACCACCACACAACCACACCACACAACCAACACCACACAACCAABAABE	29	5.125736252537696e-07	43.466993469328585	8.881784197001252e-16	10
v29CCCACCACCACCACACACAACACCACACACAACACCACACACAACAACAACAAE	29	7.610987722328818e-08	43.466993469328585	1.6653345369377348e-15	10
v29CCCACCACCACCACACACAACACCACACACAACACCACACACAACAACACAAAE	29	7.781762249206757e-08	55.27909663310495	1.2212453270876722e-15	10
v29CCCACCACCACCACACACAACACCACACACAACACCACACACAACACACAABAE	29	8.165628157334916e-08	43.466993469328585	1.1102230246251565e-15	10
v29CCCACCACCACCACACACACACACCACACACAACACACACACACAACACADEAE	29	6.323377534050331e-07	43.466993469328585	3.3306690738754696e-15	10
v29CCCACCACCACCACACACACACACCACACACAACACACCACACACAAACAADEE	29	2.9016404841402326e-07	43.466993469328585	8.881784197001252e-16	10
v29CCCACCACCACCACACACACACACCACACACAACACACCACACACAACAAADEE	29	4.397534752217917e-07	43.466993469328585	1.1102230246251565e-15	10
v29CCCACCACCACCACACACACACACCACACACAACACACCACACACAACAABBAE	29	3.208869269526796e-07	43.466993469328585	1.1102230246251565e-15	10
v29CCCACCACCACCACACACACACACCACACACAACACACCACACACAADECADEE	29	4.6638180005019283e-07	43.466993469328585	1.1102230246251565e-15	10
v29CCCACCACCACCACACACACACACCACACACACAACACCACACACAAACAADEE	29	1.6887845971164334e-07	43.466993469328585	1.2212453270876722e-15	10
v29CCCACCACCACCACACACACACACCACACACACAACACCACACACACAAABABE	29	1.700790198709077e-07	43.466993469328585	1.3322676295501878e-15	10
v29CCCACCACCACCACACACACACACCACACACACAACACCACACACACAAABBAE	29	1.6672228584764387e-07	43.466993469328585	1.2212453270876722e-15	10
v29CCCACCACCACCACACACACACACCACACACACAACACCACACACACAABABAE	29	1.5481979390119305e-07	43.466993469328585	8.881784197001252e-16	10
v29CCCACCACCACCACACACACACACCACACACACAACACCACACACADEACADEE	29	1.4625255678996157e-07	43.466993469328585	8.881784197001252e-16	10
v29CCCACCACCACCACACACACACACCACACACACACAACCACACACAACAABBAE	29	2.22010719858674e-07	43.466993469328585	9.992007221626409e-16	10
v29CCCACCACCACCACACACACACACCACACACACACAACCACACACAADECADEE	29	1.9388668346447272e-07	43.466993469328585	8.881784197001252e-16	10
v29CCCACCACCACCACACACACACACCACACACACACAACCACACACACAAABABE	29	1.7167411308824566e-07	43.466993469328585	1.1102230246251565e-15	10
v29CCCACCACCACCACACACACACACCACACACACACAACCACACACACAAABBAE	29	1.7215232561089174e-07	43.466993469328585	8.881784197001252e-16	10
v29CCCACCACCACCACACACACACACCACACACACACACACACACACACAABABAE	29	5.456304371780305e-07	43.466993469328585	1.4432899320127035e-15	10
v29CCCACCACCACCACACACACACACCACACACACACACACACACACADEACADEE	29	1.0686937199517618e-06	21.872676300000002	1.2212453270876722e-15	10
v29CCCACCACCACCACACACACACACCACACACACACACACCACACAACADEAABE	29	2.482896027223368e-07	43.466993469328585	1.7763568394002505e-15	10
v29CCCACCACCACCACACACACACACCACACACACACACACCACACACAADEABAE	29	2.1617609751226477e-07	43.466993469328585	1.3322676295501878e-15	10
v29CCCACCACCACCACACACACACACCACACACACACACACCACACACADEAABAE	29	2.6056056775720446e-07	43.466993469328585	6.661338147750939e-16	10
v29CCCACCACCACCACACACACCACACCAAACACACCACACACDEACACACAABAE	29	1.3535740837535075e-06	21.872676300000002	1.1102230246251565e-15	10
v29CCCACCACCACCACACACACCACACCAACAACACCACACACCAAACACADEABE	29	7.501891904700603e-07	21.872676300000002	1.1102230246251565e-15	10
v29CCCACCACCACCACACACACCACACCAACAACACCACACACCAAACADCADEEE	29	6.347571210467258e-07	43.466993469328585	8.881784197001252e-16	10
v29CCCACCACCACCACACACACCACACCAACACAACCACACACCAACAADCADEEE	29	6.176895579477519e-07	43.466993469328585	1.6653345369377348e-15	10
v29CCCACCACCACCACACACACCACACCAACACACACCACACACAACAAACADEAE	29	2.9106198721865753e-06	21.872676300000002	1.4432899320127035e-15	10
v29CCCACCACCACCACACACACCACACCAACACACACCACACACCAAAABACADEE	29	3.244874076662479e-07	43.466993469328585	5.551115123125783e-16	10
v29CCCACCACCACCACACACACCACACCAACACACACCACACACCAAACAADABEE	29	4.770791457386301e-07	43.466993469328585	6.661338147750939e-16	10
v29CCCACCACCACCACACACACCACACCAACACACACCACACACCAAACAADBAEE	29	4.5687778148830226e-07	21.872676300000002	1.5543122344752192e-15	10
v29CCCACCACCACCACACACACCACACCAACACACACCACACACCAACAAADABEE	29	5.403378827600783e-07	43.466993469328585	5.551115123125783e-16	10
v29CCCACCACCACCACACACACCACACCAACACACACCACACACCAACAAADBAEE	29	5.020436011470436e-07	21.872676300000002	1.1102230246251565e-15	10
v29CCCACCACCACCACACACACCACACCAACACACACCACACACCAADEABCADEE	29	3.924002077624888e-07	43.466993469328585	1.1102230246251565e-15	10
v29CCCACCACCACCACACACACCACACCACAAACACCACACACCADEACACAABAE	29	1.71559386447068e-06	21.872676300000002	1.1102230246251565e-15	10
v29CCCACCACCACCACACACACCACACCACAACAACCACACACACAAACCADEABE	29	2.8448445111630878e-06	21.872676300000002	9.992007221626409e-16	10
v29CCCACCACCACCACACACACCACACCACAACAACCACACACCACAAABCADEAE	29	4.859348395720232e-07	43.466993469328585	1.2212453270876722e-15	10
v29CCCACCACCACCACACACACCACACCACAACAACCACACACCACAAACADEAAE	29	3.2433852008350737e-07	21.872676300000002	6.661338147750939e-16	10
v29CCCACCACCACCACACACACCACACCACAACAACCACACACCACAAACDABEAE	29	2.96181715925132e-07	43.466993469328585	1.5543122344752192e-15	10
v29CCCACCACCACCACACACACCACACCACAACAACCACACACCACAAADCADEEE	29	3.404725388279884e-07	21.872676300000002	7.771561172376096e-16	10
v29CCCACCACCACCACACACACCACACCACAACACACACACACCADEACACAABAE	29	5.438015075955584e-07	43.466993469328585	1.3322676295501878e-15	10
v29CCCACCACCACCACACACACCACACCACAACACACCACACACACAAAABCADEE	29	1.9326740712435523e-06	21.872676300000002	6.661338147750939e-16	10
v29CCCACCACCACCACACACACCACACCACAACACACCACACACACAACAABBABE	29	1.463483731255718e-06	21.872676300000002	8.881784197001252e-16	10
v29CCCACCACCACCACACACACCACACCACAACACACCACACACCAAAABACADEE	29	2.494836331506463e-07	21.872676300000002	9.992007221626409e-16	10
v29CCCACCACCACCACACACACCACACCACAACACACCACACACCAAABACAADEE	29	1.225109553230996e-06	21.872676300000002	1.5543122344752192e-15	10
v29CCCACCACCACCACACACACCACACCACAACACACCACACACCAAACAADABEE	29	3.695942879681803e-07	21.872676300000002	1.3322676295501878e-15	10
v29CCCACCACCACCACACACACCACACCACAACACACCACACACCAAACAADBAEE	29	3.8320385153945245e-07	21.872676300000002	1.1102230246251565e-15	10
v29CCCACCACCACCACACACACCACACCACAACACACCACACACCACAAAABBABE	29	5.283792885114456e-07	21.872676300000002	1.5543122344752192e-15	10
v29CCCACCACCACCACACACACCACACCACAACACACCACACACCACAAABABABE	29	3.3444094793490686e-07	43.466993469328585	1.2212453270876722e-15	10
v29CCCACCACCACCACACACACCACACCACAACACACCACACACCACAAABABBAE	29	5.611269233168176e-07	21.872676300000002	1.1102230246251565e-15	10
v29CCCACCACCACCACACACACCACACCACAACACACCACACACCACAABABAABE	29	4.811852406353804e-07	43.466993469328585	9.992007221626409e-16	10
v29CCCACCACCACCACACACACCACACCACAACACACCACACACCACAADEDABEE	29	9.045770791301247e-07	21.872676300000002	9.992007221626409e-16	10
v29CCCACCACCACCACACACACCACACCACAACACACCACACACCADEAABCADEE	29	2.5458380893407616e-07	43.466993469328585	9.992007221626409e-16	10
v29CCCACCACCACCACACACACCACACCACAACACACCACACACCADEABACADEE	29	2.49781287170447e-07	43.466993469328585	1.4432899320127035e-15	10
v29CCCACCACCACCACACACACCACACCACAACACACCACACACCADEACAADEAE	29	5.152542309769177e-07	21.872676300000002	1.9984014443252818e-15	10
v29CCCACCACCACCACACACACCACACCACAACACACCACACACCADEACADABEE	29	3.130616001298085e-07	21.872676300000002	8.881784197001252e-16	10
v29CCCACCACCACCACACACACCACACCACAACACACCACACACCADEACADBAEE	29	2.526936711532096e-07	21.872676300000002	6.661338147750939e-16	10
v29CCCACCACCACCACACACACCACACCACACAAACCACACACCACADECADEABE	29	2.8429477155966575e-07	43.466993469328585	6.661338147750939e-16	10
v29CCCACCACCACCACACACACCACACCACACAACACCACACACACAAAABCADEE	29	1.5511539892548452e-06	21.872676300000002	1.3322676295501878e-15	10
v29CCCACCACCACCACACACACCACACCACACAACACCACACACCAAAABACADEE	29	2.55404989513522e-07	21.872676300000002	8.881784197001252e-16	10
v29CCCACCACCACCACACACACCACACCACACAACACCACACACCAACAAABBABE	29	5.146425549900806e-07	43.466993469328585	7.771561172376096e-16	10
v29CCCACCACCACCACACACACCACACCACACAACACCACACACCAACAAADABEE	29	3.8872366690519644e-07	43.466993469328585	1.2212453270876722e-15	10
v29CCCACCACCACCACACACACCACACCACACAACACCACACACCAACAAADBAEE	29	4.1434637868196925e-07	21.872676300000002	6.661338147750939e-16	10
v29CCCACCACCACCACACACACCACACCACACAACACCACACACCAADEABCADEE	29	2.8735704635854934e-07	43.466993469328585	1.3322676295501878e-15	10
v29CCCACCACCACCACACACACCACACCACACAACACCACACACCACAAABABBAE	29	3.8082283151502196e-07	21.872676300000002	1.2212453270876722e-15	10
v29CCCACCACCACCACACACACCACACCACACAACACCACACACCACADEADABEE	29	4.050512567403954e-07	43.466993469328585	1.6653345369377348e-15	10
v29CCCACCACCACCACACACACCACACCACACAACACCACACACCACADEADBAEE	29	3.7072519416092215e-07	21.872676300000002	1.6653345369377348e-15	10
v29CCCACCACCACCACACACACCACACCACACACAACCACACACACAAAABCADEE	29	1.1151602844643296e-06	21.872676300000002	1.3322676295501878e-15	10
v29CCCACCACCACCACACACACCACACCACACACAACCACACACCAAACAADABEE	29	2.610205484990867e-07	43.466993469328585	6.661338147750939e-16	10
v29CCCACCACCACCACACACACCACACCACACACAACCACACACCAAACAADBAEE	29	3.3301411712542053e-07	21.872676300000002	1.3322676295501878e-15	10
v29CCCACCACCACCACACACACCACACCACACACAACCACACACCAACAAABBABE	29	3.787636909921663e-07	43.466993469328585	1.3322676295501878e-15	10
v29CCCACCACCACCACACACACCACACCACACACAACCACACACCAACAAADABEE	29	3.152774668123963e-07	43.466993469328585	1.3322676295501878e-15	10
v29CCCACCACCACCACACACACCACACCACACACAACCACACACCAACAAADBAEE	29	3.569514577927615e-07	21.872676300000002	2.220446049250313e-15	10
v29CCCACCACCACCACACACACCACACCACACACAACCACACACCADEAABCADEE	29	1.8947726101242567e-07	21.872676300000002	7.771561172376096e-16	10
v29CCCACCACCACCACACACACCACACCACACACAACDEACCACACACAAACADEE	29	1.5530398902087858e-07	43.466993469328585	6.661338147750939e-16	10
v29CCCACCACCACCACACACACCACACCACACACACAAACACCACACACADEAABE	29	2.1206986764203931e-07	43.466993469328585	1.3322676295501878e-15	10
v29CCCACCACCACCACACACACCACACCACACACACACCACACACCAADEABAABE	29	4.2331276011887827e-07	21.872676300000002	1.3322676295501878e-15	10
v29CCCACCACCACCACACACACCACACCACACACACACCACACACCADEAABAABE	29	4.7269704276001186e-07	21.872676300000002	1.1102230246251565e-15	10
v29CCCACCACCACCACACACACCACACCACACACACACCACACACCADEADEBABE	29	6.934715856242296e-07	21.872676300000002	8.881784197001252e-16	10
v29CCCACCACCACCACACACACDECACACACACACACACACACACACACAACADEE	29	2.0344892465707426e-06	21.872676300000002	1.3322676295501878e-15	10
v29CCCACCACCACCACACCACAACACCACAACCACAACACCACAACCAAACAAAAE	29	4.4705643024171816e-07	43.466993469328585	8.881784197001252e-16	10
v29CCCACCACCACCACACCACAACACCACACACACAACACACACACACAACADEAE	29	2.6350576249811924e-06	21.872676300000002	1.1102230246251565e-15	10
v29CCCACCACCACCACACCACAACACCACACACACAACACCACACACAAACAADEE	29	2.6498127655394256e-07	43.466993469328585	6.661338147750939e-16	10
v29CCCACCACCACCACACCACAACACCACACACACAACACCACACACACAAABABE	29	2.592536318663193e-07	43.466993469328585	6.661338147750939e-16	10
v29CCCACCACCACCACACCACAACACCACACACACAACACCACACACACAAABBAE	29	2.601787077541024e-07	43.466993469328585	1.2212453270876722e-15	10
v29CCCACCACCACCACACCACAACACCACACACACAACACCACACACADEACADEE	29	2.3451724455638047e-07	43.466993469328585	1.1102230246251565e-15	10
v29CCCACCACCACCACACCACAACACCACACACCAAACACACACACACDEACAABE	29	6.303553349858755e-07	43.466993469328585	8.881784197001252e-16	10
v29CCCACCACCACCACACCACAACACCACACACCAAACACCACAACACDEAACAAE	29	3.5426406897177537e-07	43.466993469328585	8.881784197001252e-16	10
v29CCCACCACCACCACACCACAACACCACACACCAAACACCACACAACDEAACAAE	29	3.4874680062323925e-07	43.466993469328585	6.661338147750939e-16	10
v29CCCACCACCACCACACCACAACACCACACACCAAACACCACACACACDEAAABE	29	3.4796756452986137e-07	43.466993469328585	2.220446049250313e-15	10
v29CCCACCACCACCACACCACAACACCACACACCAAACACCACACACACDEAABAE	29	3.542623597167656e-07	43.466993469328585	1.1102230246251565e-15	10
v29CCCACCACCACCACACCACAACACCACACACCAAACACCACACACACDEAADEE	29	3.417490577145576e-07	43.466993469328585	1.2212453270876722e-15	10
v29CCCACCACCACCACACCACAACACCACACACCAAACACCACACACACDEABABE	29	3.39704766227297e-07	43.466993469328585	1.3322676295501878e-15	10
v29CCCACCACCACCACACCACAACACCACACACCAAACACCACACACACDEABBAE	29	2.673054250442732e-07	43.466993469328585	8.881784197001252e-16	10
v29CCCACCACCACCACACCACAACACCACACACCAAACACCACACACADBECADEE	29	4.280077848246552e-07	43.466993469328585	6.661338147750939e-16	10
v29CCCACCACCACCACACCACAACACCACACACCAAACACCACACACADEACADEE	29	2.411706702878269e-07	55.27909663310495	1.1102230246251565e-15	10
v29CCCACCACCACCACACCACAACACCACACACCACAAACCACACAACCADEBABE	29	4.9601919613293e-07	43.466993469328585	1.6653345369377348e-15	10
v29CCCACCACCACCACACCACAACACCACACACCACAAACCACACACAADECADEE	29	3.574691094419119e-07	43.466993469328585	1.3322676295501878e-15	10
v29CCCACCACCACCACACCACAACACCACACACCACAAACCACACACACADEADEE	29	5.478432257344075e-07	43.466993469328585	1.1102230246251565e-15	10
v29CCCACCACCACCACACCACAACACCACACACCACAAACCACACACACADEBABE	29	4.825898824616571e-07	43.466993469328585	1.2212453270876722e-15	10
v29CCCACCACCACCACACCACAACACCACACACCACAACACACACACACAAABABE	29	2.2003961871391565e-06	21.872676300000002	2.220446049250313e-15	10
v29CCCACCACCACCACACCACAACACCACACACCACAACACACACACACADEADEE	29	1.1692371477498814e-06	21.872676300000002	1.1102230246251565e-15	10
v29CCCACCACCACCACACCACAACACCACACACCACAACACCAACAACCAAABAAE	29	3.6324190325996557e-07	55.27909663310495	2.1094237467877974e-15	10
v29CCCACCACCACCACACCACAACACCACACACCACAACACCACACAACADEAABE	29	4.98407750011899e-07	43.466993469328585	1.3322676295501878e-15	10
v29CCCACCACCACCACACCACAACACCACACACCACAACACCACACAACDABEABE	29	3.267831379685358e-07	43.466993469328585	1.1102230246251565e-15	10
v29CCCACCACCACCACACCACAACACCACACACCACAACACCACACAADCAAAEAE	29	3.355393186773003e-07	55.27909663310495	8.881784197001252e-16	10
v29CCCACCACCACCACACCACAACACCACACACCACAACACCACACAADCADEEAE	29	3.5048992415421733e-07	55.27909663310495	1.1102230246251565e-15	10
v29CCCACCACCACCACACCACAACACCACACACCACAACACCACACACAADAEABE	29	2.5795123026618266e-07	43.466993469328585	1.1102230246251565e-15	10
v29CCCACCACCACCACACCACAACACCACACACCACAACACCACACACADBAEBAE	29	2.660809925763465e-07	43.466993469328585	8.881784197001252e-16	10
v29CCCACCACCACCACACCACAACACCACACACCACAACACCACACACADBEAABE	29	2.981403182064068e-07	43.466993469328585	7.771561172376096e-16	10
v29CCCACCACCACCACACCACAACACCACACACCADEACCACACACACDEACAABE	29	3.1492303819126197e-07	43.466993469328585	8.881784197001252e-16	10
v29CCCACCACCACCACACCACACAACCACACACCAACAACCACACACACAAABABE	29	1.489131453617662e-06	21.872676300000002	1.1102230246251565e-15	10
v29CCCACCACCACCACACCACACAACCACACACCAACAACCACACACACAAABBAE	29	6.302184574241002e-07	21.872676300000002	8.881784197001252e-16	10
v29CCCACCACCACCACACCACACAACCACACACCAACAACCACACACADBECADEE	29	7.213860405891764e-07	43.466993469328585	7.771561172376096e-16	10
v29CCCACCACCACCACACCACACACACCACAACCACACACACACCACAABABABAE	29	1.655184259277509e-07	43.466993469328585	1.5543122344752192e-15	10
v29CCCACCACCACCACACCACACACACCACACACAACAACACACACACAAACADEE	29	2.560963821983897e-06	21.872676300000002	1.5543122344752192e-15	10
v29CCCACCACCACCACACCACACACACCACACACAACACAACCACACACAADEABE	29	3.65946177182136e-07	43.466993469328585	1.1102230246251565e-15	10
v29CCCACCACCACCACACCACACACACCACACACAACACAACCACACACAADEBAE	29	2.0417385703182967e-07	43.466993469328585	6.661338147750939e-16	10
v29CCCACCACCACCACACCACACACACCACACACACACAAACCACACACAADEBAE	29	2.9476513794452403e-07	43.466993469328585	8.881784197001252e-16	10
v29CCCACCACCACCACACCACACACACCACACACACADEACCACACACADECADEE	29	2.7022913443738535e-07	43.466993469328585	1.1102230246251565e-15	10
v29CCCACCACCACCACACCACACACACCACACACCACADEACCACACAACDAEABE	29	2.8401855914268364e-07	55.27909663310495	7.771561172376096e-16	10
v29CCCACCACCACCACACCACACACACCACACACCACADEACCACACACAADEABE	29	3.351878631980905e-07	43.466993469328585	8.881784197001252e-16	10
v29CCCACCACCACCACACCACACACACCACACACCACADEACCACACACAADEBAE	29	2.2993919025944943e-07	55.27909663310495	1.1102230246251565e-15	10
v29CCCACCACCACCACACCACACACACCACACACDEACAACCACACACAAACADEE	29	1.6073573722111513e-07	43.466993469328585	8.881784197001252e-16	10
v29CCCACCACCACCACACCACACACACCACACACDEACACACACACACAAACADEE	29	6.417042814082618e-07	21.872676300000002	1.5543122344752192e-15	10
v29CCCACCACCACCACACCACACACACCACACACDEACACACCACACACAADEBAE	29	2.8873564362123276e-07	43.466993469328585	1.1102230246251565e-15	10
v29CCCACCACCACCACACCACACCAACCACACACADECAACCACACACAAACADEE	29	1.3558621928058716e-07	43.466993469328585	8.881784197001252e-16	10
v29CCCACCACCACCACACCACACCAACCACACACDEACAACCACACACAAACADEE	29	1.941030792886529e-07	55.27909663310495	6.661338147750939e-16	10
v29CCCACCACCACCACACCACACCAACDEACCACACACCAAACCACACAACDEABE	29	1.5789121540258526e-07	43.466993469328585	2.220446049250313e-15	10
v29CCCACCACCACCACACCACACCACACDEACCAACACACACAACCAACACAAAAE	29	1.6803933799936033e-07	55.27909663310495	1.1102230246251565e-15	10
v29CCCACCACCACCACACCACACCACACDEACCAACACCAACAACCAACACAAAAE	29	1.6070034380649049e-07	55.27909663310495	7.771561172376096e-16	10
v29CCCACCACCACCACACCACACCACACDEACCACACACAACAACCAACACAAAAE	29	1.6247431883131458e-07	43.466993469328585	1.2212453270876722e-15	10
v29CCCACCACCACCACACCACACCACACDEACCACACACCACAAACCACAAABABE	29	1.599483606792319e-07	55.27909663310495	1.3322676295501878e-15	10
v29CCCACCACCACCACACCACACCACACDEACCACACACCACAAACCACADEBABE	29	1.600811620156207e-07	55.27909663310495	1.1102230246251565e-15	10
v29CCCACCCACCACCACAACCAACCACACACAACCAACCAACACAACCAABCAABE	29	2.9422145037647794e-07	21.872676300000002	8.881784197001252e-16	10
v29CCCACCCACCACCACAACCAACCACACCAAACCAACCACACACDECAABCAAAE	29	2.8957208188244766e-07	43.466993469328585	7.771561172376096e-16	10
v29CCCACCCACCACCACAACCAACCACACCAAACCAACCACACACDECAABCADEE	29	2.93929183951778e-07	43.466993469328585	1.3322676295501878e-15	10
v29CCCACCCACCACCACAACCACACCACACCACAACCACACAACACAACAABBABE	29	2.546679245929545e-07	21.872676300000002	1.3322676295501878e-15	10
v29CCCACCCACCACCACACACACACCACACCAACACACAACCADECAACACAAAAE	29	2.748457894089972e-07	43.466993469328585	1.4432899320127035e-15	10
v29CCCACCCACCACCACACCAACACACACCACAACCAACAACACACAACCAAABAE	29	6.753539492192523e-07	21.872676300000002	8.881784197001252e-16	10
v29CCCCACCACACACCACACCACACACACCACACACACACACAACACACAAABABE	29	7.369464603654335e-07	21.872676300000002	1.5543122344752192e-15	10
v30CCCACACACCAACACACCAACACACCAACACACCAACACACCAACACACCAACAAE	30	7.292865436052181e-05	2.1000000000000014	1.7763568394002505e-15	10
v30CCCACACACCACACACACACACACACACACACACACACACACACACACACACAAAE	30	4.231074577853988e-07	21.872676300000002	2.6645352591003757e-15	10
v30CCCACACACCACACACACACACACACACACACACACACACACACACACACACAABE	30	2.5160427908457827e-07	21.872676300000002	1.7763568394002505e-15	10
v30CCCACACACCACACACACACACACACACACACACACACACACACACACACACADEE	30	4.762814410977945e-07	21.872676300000002	1.3322676295501878e-15	10
v30CCCACACACCACACACACCACACACAACCACACACAACCACACACAACACACAAAE	30	6.4266317995107425e-06	21.872676300000002	2.886579864025407e-15	10
v30CCCACACACCACACACACCACACACAACCACACACAACCACACACAACCACAADEE	30	5.6281595289827415e-06	21.872676300000002	8.881784197001252e-16	10
v30CCCACACACCACACACACCACACACACACACACACACAACACACACAACACACAAE	30	2.307829169901994e-06	21.872676300000002	1.5543122344752192e-15	10
v30CCCACACACCACACACACCACACACACACACACACACACACACACACAACACAABE	30	5.596317718644449e-07	21.872676300000002	9.992007221626409e-16	10
v30CCCACACACCACACACACCACACACACACACACACACACACACACACACACADEAE	30	5.341050854702419e-07	21.872676300000002	8.881784197001252e-16	10
v30CCCACACACCACACACACCACACACACACCAACACACAACCAACACAACCAACAAE	30	1.888175461410466e-07	43.466993469328585	1.7763568394002505e-15	10
v30CCCACACACCACACACACCACACACACACCACACACACAACACACACACAACADEE	30	9.061637260451719e-07	21.872676300000002	1.7763568394002505e-15	10
v30CCCACACACCACACACACCACACACACACCACACACACAACCACACACACAAAABE	30	4.89423258609159e-07	21.872676300000002	1.5543122344752192e-15	10
v30CCCACACACCACACACACCACACACACACCACACACACAACCACACACACAABDEE	30	2.512553644842501e-06	21.872676300000002	1.5543122344752192e-15	10
v30CCCACACACCACACACACCACACACACACCACACACACACAACACACAACAACAAE	30	1.2002064483203535e-07	43.466993469328585	8.881784197001252e-16	10
v30CCCACACACCACACACACCACACACACACCACACACACACAACACACACACAADEE	30	1.2684717770474748e-07	43.466993469328585	1.9984014443252818e-15	10
v30CCCACACACCACACACACCACACACACACCACACACACACACACACACAACAAABE	30	3.442099524129025e-07	21.872676300000002	1.6653345369377348e-15	10
v30CCCACACACCACACACACCACACACACACCACACACACACACACACACACAAAABE	30	4.052250043731618e-07	21.872676300000002	1.2212453270876722e-15	10
v30CCCACACACCACACACACCACACACACACCACACACADECACACACAACACACAAE	30	1.1725440133483765e-07	2.1000000000000014	1.2212453270876722e-15	10
v30CCCACACCACACAACCACACAACCACACAACCACACAACCACACAACCACACAAAE	30	3.4487922389695727e-06	2.1000000000000014	1.5543122344752192e-15	10
v30CCCACACCACACAACCACACAACCACACAACCACACAACCACACAACCACACAABE	30	1.310391543598369e-06	2.1000000000000014	1.5543122344752192e-15	10
v30CCCACACCACACACACCAACACACACCAACACACACCAACACACACCAACACAAAE	30	1.9784994962323924e-06	21.872676300000002	2.220446049250313e-15	10
v30CCCACACCACACACACCACACACAACCACACACAACCACACACAACACACACAAAE	30	2.5123020524176807e-06	21.872676300000002	1.2212453270876722e-15	10
v30CCCACACCACACACACCACACACAACCACACACAACCACACACAACACACACAABE	30	1.2370547048689105e-06	21.872676300000002	8.881784197001252e-16	10
v30CCCACACCACACACACCACACACAACCACACACAACCACACACAACCACAACAABE	30	3.2019699136663376e-06	21.872676300000002	2.4424906541753444e-15	10
v30CCCACACCACACACACCACACACAACCACACACAACCACACACAACCACACAAAAE	30	2.825637013336847e-06	21.872676300000002	1.5543122344752192e-15	10
v30CCCACACCACACACACCACACACAACCACACACAACCACACACAACCACACAAABE	30	3.7417687901559904e-06	21.872676300000002	1.7763568394002505e-15	10
v30CCCACACCACACACACCACACACACACACACACACACACACACACAACACAACAAE	30	3.01285522071875e-07	43.466993469328585	1.9984014443252818e-15	10
v30CCCACACCACACACACCACACACACACACACACACACACACACACAACACACADEE	30	2.0622950674154092e-07	43.466993469328585	1.6653345369377348e-15	10
v30CCCACACCACACACACCACACACACACACACACACACACACACACACAACAACAAE	30	2.3671136069131464e-07	43.466993469328585	1.9984014443252818e-15	10
v30CCCACACCACACACACCACACACACACACACACACACACACACACACACAAACAAE	30	8.199916010428984e-07	21.872676300000002	1.9984014443252818e-15	10
v30CCCACACCACACACACCACACACACACACACACACACACACACACACACACAABAE	30	3.2424580277274824e-07	21.872676300000002	6.661338147750939e-16	10
v30CCCACACCACACACACCACACACACACACACACACACACACACACACACACAADEE	30	5.703541430015763e-07	21.872676300000002	1.4432899320127035e-15	10
v30CCCACACCACACACACCACACACACACCACACACACAACACACACACAACACAABE	30	1.0669690320936177e-06	21.872676300000002	1.3322676295501878e-15	10
v30CCCACACCACACACACCACACACACACCACACACACAACCAACACACAACCAAABE	30	6.078102329745699e-06	21.872676300000002	2.6645352591003757e-15	10
v30CCCACACCACACACACCACACACACACCACACACACAACCACACACACAAACAAAE	30	5.2716892061728785e-06	21.872676300000002	6.661338147750939e-16	10
v30CCCACACCACACACACCACACACACACCACACACACAACCACACACACAAACADEE	30	8.577204227113952e-06	21.872676300000002	9.992007221626409e-16	10
v30CCCACACCACACACACCACACACACACCACACACACAACCACACACACAACAADEE	30	6.739931297167668e-06	21.872676300000002	1.2212453270876722e-15	10
v30CCCACACCACACACACCACACACACACCACACACACACAACACACAACAACACAAE	30	8.62417853314784e-06	21.872676300000002	1.887379141862766e-15	10
v30CCCACACCACACACACCACACACACACCACACACACACAACACACACACAACAABE	30	2.712486547104033e-05	21.872676300000002	1.3322676295501878e-15	10
v30CCCACACCACACACACCACACACACACCACACACACACACACACACAACAAACAAE	30	3.7577159770217724e-06	21.872676300000002	1.6653345369377348e-15	10
v30CCCACACCACACACACCACACACACACCACACACACACACACACACAACACAABAE	30	4.300531784419307e-06	21.872676300000002	1.4432899320127035e-15	10
v30CCCACACCACACACACCACACACACACCACACACACACACACACACACAAACAAAE	30	1.1479516009197751e-06	21.872676300000002	1.5543122344752192e-15	10
v30CCCACACCACACACACCACACACACACCACACACACACACACACACACAAACADEE	30	1.13959731218995e-06	21.872676300000002	1.887379141862766e-15	10
v30CCCACACCACACACACCACACACACACCACACACACACACACACACACAACAADEE	30	7.825635285919879e-06	21.872676300000002	1.1102230246251565e-15	10
v30CCCACACCACACACACCACACACACACCACACACACACACACACACACACAAADEE	30	1.0362925431307051e-05	21.872676300000002	2.3314683517128287e-15	10
v30CCCACACCACACACACCACACACACACCACACACACACACACACACACACAABABE	30	1.699424010727923e-06	21.872676300000002	1.1102230246251565e-15	10
v30CCCACACCACACACACCACACACACACCACACACACACACCAACACAACAACAAAE	30	4.206410534254238e-06	21.872676300000002	1.5543122344752192e-15	10
v30CCCACACCACACACACCACACACACACCACACACACACACCAACACACACAABBAE	30	8.545618473314126e-06	21.872676300000002	1.3322676295501878e-15	10
v30CCCACACCACACACACCACACACACACCACACACACACACCACACACACADEAABE	30	1.1882873676965488e-05	21.872676300000002	1.9984014443252818e-15	10
v30CCCACACCACCACACACAACCACACACAACCACACACAACCACACACAACAACAAE	30	4.572798430760317e-06	21.872676300000002	8.881784197001252e-16	10
v30CCCACACCACCACACACACACCACACACACAACCACACACACAACACACACADEAE	30	4.4910476418698463e-07	21.872676300000002	1.1102230246251565e-15	10
v30CCCACACCACCACACACACACCACACACACACACACACACACAACACACACADEAE	30	4.812528690628657e-06	21.872676300000002	1.3322676295501878e-15	10
v30CCCACACCACCACACACACACCACACACACACACCACACACACAAACCACAABABE	30	2.938307903333466e-07	43.466993469328585	1.3322676295501878e-15	10
v30CCCACACCACCACACACACACCACACACACACACCACACACACADECACACAABAE	30	5.222137456605179e-07	43.466993469328585	1.7763568394002505e-15	10
v30CCCACACCACCACACACCACAACACACACCACAACACACACCACAACADECACAAE	30	1.8816060777310062e-05	21.872676300000002	1.5543122344752192e-15	10
v30CCCACACCACCACACACCACACCACACACAACACACACACACAACAACACACAAAE	30	4.717035053640384e-06	21.872676300000002	1.5543122344752192e-15	10
v30CCCACACCACCACACACCACACCACACACAACACACCACAACAACACACACAAABE	30	1.2178602019446041e-06	21.872676300000002	1.5543122344752192e-15	10
v30CCCACACCACCACACACCACACCACACACAACACACCACACACAACACACAAADEE	30	3.305418895335832e-07	43.466993469328585	1.7763568394002505e-15	10
v30CCCACACCACCACACACCACACCACACACACAAACCACACACADECACACACAAAE	30	1.2780199680068638e-07	55.27909663310495	6.661338147750939e-16	10
v30CCCACACCACCACACACCACACCACACACACACACACCADEACACACACACDEABE	30	3.5229065341975626e-07	43.466993469328585	6.661338147750939e-16	10
v30CCCACACCACCACACACCACACCACACACACCAACACCADEACACCAACACDEABE	30	2.1727911793075e-07	43.466993469328585	1.2212453270876722e-15	10
v30CCCACACCACCACACACCACACCACACACACCACACACCADEACACCAABACADEE	30	2.798967231733862e-07	43.466993469328585	1.9984014443252818e-15	10
v30CCCACCACACACACCACACACAACCACACACAACCACACACAACCACACACAABBE	30	3.475198952609122e-07	21.872676300000002	1.5543122344752192e-15	10
v30CCCACCACACACACCACACACACACCACACACACAACCACACACACAAACACAABE	30	3.6199199356845255e-07	43.466993469328585	1.5543122344752192e-15	10
v30CCCACCACACACACCACACACACACCACACACACACACACACACACAAACACAABE	30	1.2921029228895742e-06	21.872676300000002	7.771561172376096e-16	10
v30CCCACCACACCACAACACACCACAACACACCACAACACACCACAACACACACAABE	30	1.8969401696911018e-07	2.1000000000000014	1.4432899320127035e-15	10
v30CCCACCACACCACACACAACCACACACAACCACACACAACCACACACAACACAAAE	30	2.7043118303534224e-05	21.872676300000002	9.992007221626409e-16	10
v30CCCACCACACCACACACAACCACACACAACCACACACAACCACACACAACCAAABE	30	1.596365716522864e-05	21.872676300000002	1.1102230246251565e-15	10
v30CCCACCACACCACACACACACACACACACACACACACACACACACACACAACAABE	30	6.264885094581305e-07	21.872676300000002	1.1102230246251565e-15	10
v30CCCACCACACCACACACACACACACACACACACACACACACACACACACACAAABE	30	3.3436796158021583e-07	21.872676300000002	1.7763568394002505e-15	10
v30CCCACCACACCACACACACACACACACACACACACACACACACACACACACAABAE	30	2.9323627906470993e-07	21.872676300000002	1.4432899320127035e-15	10
v30CCCACCACACCACACACACACCACACACAACACCACACACAACACACAACAACAAE	30	1.0945639539688354e-07	43.466993469328585	1.1102230246251565e-15	10
v30CCCACCACACCACACACACACCACACACAACACCACACACAACACACACACAABAE	30	1.1121439014659768e-07	43.466993469328585	8.881784197001252e-16	10
v30CCCACCACACCACACACACACCACACACAACACCACACACAACACCAACACAABAE	30	7.158695087759124e-08	55.27909663310495	1.5543122344752192e-15	10
v30CCCACCACACCACACACACACCACACACAACACCACACACAACACCACAACAAAAE	30	9.062641055454299e-08	43.466993469328585	8.881784197001252e-16	10
v30CCCACCACACCACACACACACCACACACACAACCACACACACAACAACACACAAAE	30	4.179867917476347e-06	21.872676300000002	1.7763568394002505e-15	10
v30CCCACCACACCACACACACACCACACACACAACCACACACACAACACAACACAAAE	30	2.8028088203414008e-06	21.872676300000002	5.551115123125783e-16	10
v30CCCACCACACCACACACACACCACACACACAACCACACACACAACACAACACAABE	30	4.093630070254076e-06	21.872676300000002	1.3322676295501878e-15	10
v30CCCACCACACCACACACACACCACACACACAACCACACACACAACCACAACAAAAE	30	4.951698926646831e-06	21.872676300000002	2.6645352591003757e-15	10
v30CCCACCACACCACACACACACCACACACACAACCACACACACAACCACAACADEAE	30	3.13033004550672e-06	21.872676300000002	1.1102230246251565e-15	10
v30CCCACCACACCACACACACACCACACACACAACCACACACACAACCACAACADEBE	30	4.494451260694696e-06	21.872676300000002	1.3322676295501878e-15	10
v30CCCACCACACCACACACACACCACACACACACACACACACACAACAACACACAAAE	30	3.784192035412846e-07	21.872676300000002	1.1102230246251565e-15	10
v30CCCACCACACCACACACACACCACACACACACACACACACACAACACAACACAABE	30	1.9185671397601413e-07	21.872676300000002	1.1102230246251565e-15	10
v30CCCACCACACCACACACACACCACACACACACACACACACACACACACAACADEAE	30	2.2622459426291258e-07	21.872676300000002	1.7763568394002505e-15	10
v30CCCACCACACCACACACACACCACACACACACACCAACACACAACACAACACAAAE	30	1.397623138756842e-07	43.466993469328585	8.881784197001252e-16	10
v30CCCACCACACCACACACACACCACACACACACACCAACACACAACACCAACADAEE	30	1.0123217524029298e-07	43.466993469328585	1.2212453270876722e-15	10
v30CCCACCACACCACACACACACCACACACACACACCAACACACACAACAACACAAAE	30	1.543175094727454e-07	43.466993469328585	1.3322676295501878e-15	10
v30CCCACCACACCACACACACACCACACACACACACCACACACAACAACACAACAAAE	30	1.7961268192590796e-07	43.466993469328585	1.5543122344752192e-15	10
v30CCCACCACACCACACACACACCACACACACACACCACACACAACAACCACAADAEE	30	1.0634127616469885e-07	43.466993469328585	7.771561172376096e-16	10
v30CCCACCACACCACACACACACCACACACACACACCACACACAACACAACAACAAAE	30	1.0755624487269609e-07	55.27909663310495	8.881784197001252e-16	10
v30CCCACCACACCACACACACACCACACACACACACCACACACACAAACACAACADEE	30	2.0832220503417625e-07	43.466993469328585	1.2212453270876722e-15	10
v30CCCACCACACCACACACACACCACACACACACACCACACACACAAACCACAABABE	30	1.2251303748663717e-07	43.466993469328585	1.1102230246251565e-15	10
v30CCCACCACACCACACACACACCACACACACACACCACACACACAAACCACAADAEE	30	1.2767945660153408e-07	43.466993469328585	2.220446049250313e-15	10
v30CCCACCACACCACACACACACCACACACACACACCACACACACAACAACAACAAAE	30	8.878209022248656e-08	55.27909663310495	9.992007221626409e-16	10
v30CCCACCACACCACACACACACCACACACACACACCACACACACAACACACAABABE	30	1.0233996049512953e-07	43.466993469328585	1.1102230246251565e-15	10
v30CCCACCACACCACACACACACCACACACACACACCACACACACAACACADEACAAE	30	1.9051877036537094e-07	43.466993469328585	6.661338147750939e-16	10
v30CCCACCACACCACACACACACCACACACACACACCACACACACAACACCADEABAE	30	1.0161394435894112e-07	55.27909663310495	1.6653345369377348e-15	10
v30CCCACCACACCACACACACACCACACACACACACCACACACACACAABCACAABAE	30	1.1605012888249487e-07	43.466993469328585	1.1102230246251565e-15	10
v30CCCACCACACCACACACACACCACACACACACACCACACACACACAACACAABABE	30	1.1463297245301364e-07	21.872676300000002	8.881784197001252e-16	10
v30CCCACCACACCACACACACACCACACACACACACCACACACACACAACADEACAAE	30	1.1851592131073284e-07	21.872676300000002	1.7763568394002505e-15	10
v30CCCACCACACCACACACACACCACACACACACACCACACACACACAACCADEAABE	30	1.0895376930830551e-07	43.466993469328585	7.771561172376096e-16	10
v30CCCACCACACCACACACACACCACACACACACACCACACACACACAACCADEABAE	30	9.764496800915599e-08	43.466993469328585	1.7763568394002505e-15	10
v30CCCACCACACCACACACACACCACACACACACACCACACACACACACACADEAABE	30	1.0084771352120209e-07	43.466993469328585	1.2212453270876722e-15	10
v30CCCACCACACCACACACACACCACACACACACACCACACACACACACACADEABAE	30	9.884956783189743e-08	55.27909663310495	8.881784197001252e-16	10
v30CCCACCACACCACACACACACCACACACACACACCACACACACACACACADEADEE	30	1.9383044996991035e-07	43.466993469328585	1.1102230246251565e-15	10
v30CCCACCACACCACACACACACCACACACACACACCACACACACADECACAACAAAE	30	2.5476921411753266e-07	21.872676300000002	1.5543122344752192e-15	10
v30CCCACCACACCACACACACACCACACACACACACCACACACACADECACAACADEE	30	1.8163380075792194e-07	21.872676300000002	1.3322676295501878e-15	10
v30CCCACCACACCACACCAACACCAACACCAACACCAACACCAACACCAACACDEABE	30	3.74118081561414e-07	2.1000000000000014	1.2212453270876722e-15	10
v30CCCACCACACCACACCAACACCACACACAACACCACACACAACACACAACAACAAE	30	1.0172910381217177e-07	43.466993469328585	1.6653345369377348e-15	10
v30CCCACCACACCACACCAACACCACACACAACACCACACACAACACACACACAAAAE	30	1.1312961727005227e-07	43.466993469328585	1.7763568394002505e-15	10
v30CCCACCACACCACACCAACACCACACACAACACCACACACAACACCACAACAAAAE	30	9.774793279408611e-08	55.27909663310495	7.771561172376096e-16	10
v30CCCACCACACCACACCAACACCACACACCAACACACACACACAACACAACACAABE	30	2.9967565893890904e-07	43.466993469328585	1.1102230246251565e-15	10
v30CCCACCACACCACACCAACACCACACACCAACACACACACACCAACACAACAAAAE	30	3.520422457817754e-07	43.466993469328585	8.881784197001252e-16	10
v30CCCACCACACCACACCAACACCACACACCAACACACACACACCAACACAACAADEE	30	9.456124439807669e-07	43.466993469328585	1.5543122344752192e-15	10
v30CCCACCACACCACACCAACACCACACACCAACACCACACACACAAACACAACADEE	30	5.274726474282071e-07	21.872676300000002	1.5543122344752192e-15	10
v30CCCACCACACCACACCAACACCACACACCAACACCACACACACAAACCACAABABE	30	1.9493560941175908e-07	21.872676300000002	1.3322676295501878e-15	10
v30CCCACCACACCACACCAACACCACACACCAACACCACACACACAACAACAACAAAE	30	2.4044140721560014e-07	43.466993469328585	8.881784197001252e-16	10
v30CCCACCACACCACACCAACACCACACACCAACACCACACACACAACACACAABABE	30	2.317607048568741e-07	43.466993469328585	1.1102230246251565e-15	10
v30CCCACCACACCACACCAACACCACACACCAACACCACACACACAACACADEACAAE	30	2.678973869403961e-07	43.466993469328585	8.881784197001252e-16	10
v30CCCACCACACCACACCAACACCACACACCAACACCACACACACAACACCADEABAE	30	1.854654126682374e-07	43.466993469328585	9.992007221626409e-16	10
v30CCCACCACACCACACCAACACCACACACCAACACCACACACACCAABABCACAABE	30	3.4038349984394485e-07	43.466993469328585	9.992007221626409e-16	10
v30CCCACCACACCACACCAACACCACACACCAACACCACACACACCAABACACAABAE	30	2.3127220803709543e-07	43.466993469328585	9.992007221626409e-16	10
v30CCCACCACACCACACCAACACCACACACCAACACCACACACACCAABACCADEABE	30	2.2342327208496048e-07	43.466993469328585	4.440892098500626e-16	10
v30CCCACCACACCACACCAACACCACACACCAACACCACACACACCAACAACAADEBE	30	3.4415697093621964e-07	21.872676300000002	1.1102230246251565e-15	10
v30CCCACCACACCACACCAACACCACACACCAACACCACACACACCAACACADEAABE	30	6.508995948969058e-07	43.466993469328585	6.661338147750939e-16	10
v30CCCACCACACCACACCAACACCACACACCAACACCACACACACCAACACADEABAE	30	1.3037683501007447e-06	2.1000000000000014	1.3322676295501878e-15	10
v30CCCACCACACCACACCAACACCACACACCAACACCACACACACDEACACAACAAAE	30	4.337767490805756e-07	2.1000000000000014	1.3322676295501878e-15	10
v30CCCACCACACCACACCAACACCACACACCAACACCACACACACDEACACAACADEE	30	3.013829407455369e-07	43.466993469328585	1.2212453270876722e-15	10
v30CCCACCACACCACACCAACACCACACACCAACACCACACACACDEACCACAABABE	30	2.0752650340384495e-07	43.466993469328585	1.3322676295501878e-15	10
v30CCCACCACACCACACCAACACCACACACDEACCACACACAACCACACACAAACAAE	30	6.184835955895236e-07	21.872676300000002	9.992007221626409e-16	10
v30CCCACCACACCACACCACACAACACACCACACAACACACCACACAACAACAACAAE	30	2.916808110701786e-07	43.466993469328585	2.7755575615628914e-15	10
v30CCCACCACACCACACCACACAACACACCACACAACACACCACACAACAACACAAAE	30	3.054195701116939e-07	43.466993469328585	1.5543122344752192e-15	10
v30CCCACCACACCACACCACACACACACACCACACACACACACACCAACACADEABAE	30	3.264413420466673e-07	43.466993469328585	6.661338147750939e-16	10
v30CCCACCACACCACACCACACACCACACAACACACACCACACAACACAACACAAABE	30	8.853498352708746e-07	21.872676300000002	6.661338147750939e-16	10
v30CCCACCACACCACACCACACACCACACACAACACACACACACAACACACAACAAAE	30	3.523913950974745e-07	21.872676300000002	8.881784197001252e-16	10
v30CCCACCACACCACACCACACACCACACACAACACACCACACACAAACACACAADEE	30	1.7421078808602585e-07	43.466993469328585	6.661338147750939e-16	10
v30CCCACCACACCACACCACACACCACACACAACACACCACACACAACAACACAAAAE	30	6.907851456877838e-07	21.872676300000002	8.881784197001252e-16	10
v30CCCACCACACCACACCACACACCACACACAACACACCACACACAACAACACAABAE	30	7.010275085344264e-07	21.872676300000002	8.881784197001252e-16	10
v30CCCACCACACCACACCACACACCACACACAACACACCACACACAACACAACAADEE	30	2.3404673738313116e-07	43.466993469328585	6.661338147750939e-16	10
v30CCCACCACACCACACCACACACCACACACAACACACCACACACAACACACADEAAE	30	2.661306450914623e-07	43.466993469328585	1.2212453270876722e-15	10
v30CCCACCACACCACACCACACACCACACACACAACACACACACACAACACAACAAAE	30	1.6535388238736898e-07	21.872676300000002	8.881784197001252e-16	10
v30CCCACCACACCACACCACACACCACACACACAACACACACACACAACACAACADEE	30	4.4964291160553244e-07	2.1000000000000014	8.881784197001252e-16	10
v30CCCACCACACCACACCACACACCACACACACAACACCACACACAAACACACAADEE	30	1.6536973764766977e-07	43.466993469328585	1.3322676295501878e-15	10
v30CCCACCACACCACACCACACACCACACACACAACACCACACACACAAABCACAABE	30	1.3988533974434486e-07	43.466993469328585	9.992007221626409e-16	10
v30CCCACCACACCACACCACACACCACACACACAACACCACACACACAAACACAABAE	30	3.540451171815548e-07	43.466993469328585	1.7763568394002505e-15	10
v30CCCACCACACCACACCACACACCACACACACAACACCACACACACAAACCADEABE	30	2.3192718332268224e-07	43.466993469328585	1.1102230246251565e-15	10
v30CCCACCACACCACACCACACACCACACACACAACACCACACACACAACAACAAABE	30	1.430119818938874e-07	43.466993469328585	8.881784197001252e-16	10
v30CCCACCACACCACACCACACACCACACACACAACACCACACACACAACACADEAAE	30	1.4588508891309348e-07	43.466993469328585	1.3322676295501878e-15	10
v30CCCACCACACCACACCACACACCACACACACAACACCACACACACAACACADEABE	30	1.460265402971729e-07	43.466993469328585	1.3322676295501878e-15	10
v30CCCACCACACCACACCACACACCACACACACACAACACACAACACAACACAACAAE	30	7.335770048341183e-06	21.872676300000002	1.9984014443252818e-15	10
v30CCCACCACACCACACCACACACCACACACACACAACCACACACAACAACACAABAE	30	6.889447576616831e-06	21.872676300000002	9.992007221626409e-16	10
v30CCCACCACACCACACCACACACCACACACACACAACCACACACACAAABCACAABE	30	1.4140628350077327e-06	21.872676300000002	1.3322676295501878e-15	10
v30CCCACCACACCACACCACACACCACACACACACAACCACACACACAAACACAABAE	30	6.78978667942266e-06	21.872676300000002	1.2212453270876722e-15	10
v30CCCACCACACCACACCACACACCACACACACACAACCACACACACAAACCADEABE	30	2.550211832959354e-06	21.872676300000002	1.4432899320127035e-15	10
v30CCCACCACACCACACCACACACCACACACACACAACCACACACACACAABCADEAE	30	3.61393734236996e-06	21.872676300000002	1.2212453270876722e-15	10
v30CCCACCACACCACACCACACACCACACACACACAACCACACACACACAACADEAAE	30	5.621385113751867e-06	21.872676300000002	9.992007221626409e-16	10
v30CCCACCACACCACACCACACACCACACACACACACACACACACAACAACACAABAE	30	3.114230378678551e-07	43.466993469328585	1.3322676295501878e-15	10
v30CCCACCACACCACACCACACACCACACACACACACACACACACACAAACACAABAE	30	2.3220664181315804e-07	43.466993469328585	1.1102230246251565e-15	10
v30CCCACCACACCACACCACACACCACACACACACACACACACACACAACACADEABE	30	3.147190705018509e-07	43.466993469328585	1.1102230246251565e-15	10
v30CCCACCACACCACACCACACACCACACACACACACACACACACACACAACADEABE	30	2.4156565199695536e-07	49.112965600533286	1.3322676295501878e-15	10
v30CCCACCACACCACACCACACACCACACACACACACACCACACAACACACAAABABE	30	6.204807171527844e-07	21.872676300000002	8.881784197001252e-16	10
v30CCCACCACACCACACCACACACCACACACACACACACCACACACAACAAACADEAE	30	8.09769487761378e-07	21.872676300000002	1.3322676295501878e-15	10
v30CCCACCACACCACACCACACACCACACACACACACACCACACACAACAACAADEAE	30	3.008382109765432e-07	43.466993469328585	8.881784197001252e-16	10
v30CCCACCACACCACACCACACACCACACACACACACACCACACACAACADECADEAE	30	8.633234866486641e-07	43.466993469328585	1.7763568394002505e-15	10
v30CCCACCACACCACACCACACACCACACACACACACACCACACACACAAAABCADEE	30	2.455829295867909e-07	43.466993469328585	7.771561172376096e-16	10
v30CCCACCACACCACACCACACACCACACACACACACACCACACACACAAACAADEAE	30	2.413244503181263e-07	43.466993469328585	1.5543122344752192e-15	10
v30CCCACCACACCACACCACACACCACACACACACACACCACACACACAAACADBAEE	30	2.5313722389584877e-07	43.466993469328585	1.2212453270876722e-15	10
v30CCCACCACACCACACCACACACCACACACACACACACCACACACACAACAABBABE	30	9.943867854690832e-07	21.872676300000002	1.3322676295501878e-15	10
v30CCCACCACACCACACCACACACCACACACACACACACCACACACACAACAADBAEE	30	3.46640008509384e-07	43.466993469328585	1.1102230246251565e-15	10
v30CCCACCACACCACACCACACACCACACACACACACACCACACACACAADECADEAE	30	5.95421526561519e-07	43.466993469328585	8.881784197001252e-16	10
v30CCCACCACACCACACCACACACCACACACACACACACCACACACACACAAABBABE	30	1.0658419831236585e-06	21.872676300000002	8.881784197001252e-16	10
v30CCCACCACACCACACCACACACCACACACACACACACCACACACACACAAADBAEE	30	3.0869974595274354e-07	43.466993469328585	8.881784197001252e-16	10
v30CCCACCACACCACACCACACACCACACACACACACACCACACACACACAABABABE	30	3.019604383932354e-07	43.466993469328585	1.1102230246251565e-15	10
v30CCCACCACACCACACCACACACCACACACACACACACCACACACACACAABABBAE	30	2.974322427196001e-07	43.466993469328585	1.3322676295501878e-15	10
v30CCCACCACACCACACCACACACCACACACACACACACCACACACACADEABCADEE	30	2.3597925706283315e-07	43.466993469328585	1.5543122344752192e-15	10
v30CCCACCACACCACACCACACACCACACACACACACACCACACACACADEACADEAE	30	2.5030764282301204e-07	43.466993469328585	2.220446049250313e-15	10
v30CCCACCACACCACACCACACACCACACACACACACACCACACACADEACAACAABE	30	1.3985407511567893e-07	43.466993469328585	1.5543122344752192e-15	10
v30CCCACCACACCACACCACACACCACACACCAAACACCACACACACDEABCACAABE	30	4.852076776087793e-07	43.466993469328585	7.771561172376096e-16	10
v30CCCACCACACCACACCACACACCACACACCAAACACCACACACACDEACACAABAE	30	3.2176894452946726e-07	43.466993469328585	1.1102230246251565e-15	10
v30CCCACCACACCACACCACACACCACACACCAAACACCACACACACDEACCADEABE	30	2.90727062998813e-07	43.466993469328585	6.661338147750939e-16	10
v30CCCACCACACCACACCACACACCACACACCAACACACACACACACAAACACAABAE	30	2.886621470191812e-07	43.466993469328585	8.881784197001252e-16	10
v30CCCACCACACCACACCACACACCACACACCAACACACACACACACAACACADEAAE	30	5.379606092552222e-07	43.466993469328585	1.9984014443252818e-15	10
v30CCCACCACACCACACCACACACCACACACCAACACACACACACACAACACADEABE	30	2.9082967733325237e-07	43.466993469328585	1.1102230246251565e-15	10
v30CCCACCACACCACACCACACACCACACACCAACACACACACACACCAAACADEAAE	30	5.179386503390245e-07	43.466993469328585	8.881784197001252e-16	10
v30CCCACCACACCACACCACACACCACACACCAACACACACACACACCAABACADEAE	30	4.5499608868343545e-07	43.466993469328585	9.992007221626409e-16	10
v30CCCACCACACCACACCACACACCACACACCAACACACACACACACDEACACAABAE	30	4.655147087673929e-07	43.466993469328585	1.9984014443252818e-15	10
v30CCCACCACACCACACCACACACCACACACCAACACACCACACAACCAAAABACAAE	30	3.9775851089600075e-07	43.466993469328585	1.3322676295501878e-15	10
v30CCCACCACACCACACCACACACCACACACCAACACACCACACAACCAAACADABEE	30	2.6194889485024204e-07	55.27909663310495	1.1102230246251565e-15	10
v30CCCACCACACCACACCACACACCACACACCAACACACCACACAACCAACAABBABE	30	4.868700429695687e-07	43.466993469328585	1.1102230246251565e-15	10
v30CCCACCACACCACACCACACACCACACACCAACACACCACACAACCAACAADABEE	30	7.807354793579793e-07	43.466993469328585	1.1102230246251565e-15	10
v30CCCACCACACCACACCACACACCACACACCAACACACCACACAACCAADEBACAAE	30	3.7313007441723833e-07	43.466993469328585	9.992007221626409e-16	10
v30CCCACCACACCACACCACACACCACACACCAACACACCACACACACAAAABCADEE	30	2.4117327440499763e-07	55.27909663310495	9.992007221626409e-16	10
v30CCCACCACACCACACCACACACCACACACCAACACACCACACACACAAACAADEAE	30	2.7948088079465553e-07	55.27909663310495	1.3322676295501878e-15	10
v30CCCACCACACCACACCACACACCACACACCAACACACCACACACACAAACADBAEE	30	2.531023325152232e-07	55.27909663310495	1.3322676295501878e-15	10
v30CCCACCACACCACACCACACACCACACACCAACACACCACACACACAACAABBABE	30	5.270815722269435e-07	43.466993469328585	5.551115123125783e-16	10
v30CCCACCACACCACACCACACACCACACACCAACACACCACACACACAACAADBAEE	30	2.7726680760544454e-07	55.27909663310495	9.992007221626409e-16	10
v30CCCACCACACCACACCACACACCACACACCAACACACCACACACACAADECADEAE	30	4.803778875220475e-07	43.466993469328585	8.881784197001252e-16	10
v30CCCACCACACCACACCACACACCACACACCAACACACCACACACACCAAAABADEE	30	2.544339851044237e-07	43.466993469328585	9.992007221626409e-16	10
v30CCCACCACACCACACCACACACCACACACCAACACACCACACACACCAAAABBABE	30	4.3734825170961434e-07	43.466993469328585	1.3322676295501878e-15	10
v30CCCACCACACCACACCACACACCACACACCAACACACCACACACACCAAABABABE	30	3.038358452076682e-07	55.27909663310495	7.771561172376096e-16	10
v30CCCACCACACCACACCACACACCACACACCAACACACCACACACACCAAABABBAE	30	2.6986844175048154e-07	55.27909663310495	1.1102230246251565e-15	10
v30CCCACCACACCACACCACACACCACACACCAACACACCACACACACCAABAABABE	30	5.030471039772962e-07	43.466993469328585	1.3322676295501878e-15	10
v30CCCACCACACCACACCACACACCACACACCAACACACCACACACACCAABAABBAE	30	4.4471413899858264e-07	43.466993469328585	1.887379141862766e-15	10
v30CCCACCACACCACACCACACACCACACACCAACACACCACACACACCAABABABAE	30	4.13336468820068e-07	43.466993469328585	1.2212453270876722e-15	10
v30CCCACCACACCACACCACACACCACACACCAACACACCACACACACCAADEBADEE	30	3.900663193680425e-07	43.466993469328585	1.3322676295501878e-15	10
v30CCCACCACACCACACCACACACCACACACCAACACACCACACACACDEAABCADEE	30	4.021005095697833e-07	43.466993469328585	1.1102230246251565e-15	10
v30CCCACCACACCACACCACACACCACACACCAACACACCACACACACDEAACADEAE	30	8.45120474867578e-07	43.466993469328585	6.661338147750939e-16	10
v30CCCACCACACCACACCACACACCACACACCAACACACCACACACACDEACAADEAE	30	6.056258881756401e-07	43.466993469328585	1.1102230246251565e-15	10
v30CCCACCACACCACACCACACACCACACACCAACACACCACACACACDEACADBAEE	30	3.1216305647500144e-07	55.27909663310495	1.5543122344752192e-15	10
v30CCCACCACACCACACCACACACCACACACCAACACACCACACACADBAECACAABE	30	5.226266946904313e-07	43.466993469328585	1.2212453270876722e-15	10
v30CCCACCACACCACACCACACACCACACACCAACACACCACACACADBEACACAABE	30	2.3239894465855697e-07	43.466993469328585	9.992007221626409e-16	10
v30CCCACCACACCACACCACACACCACACACCAACACACCACACACADEACAACAABE	30	2.391447441747237e-07	55.27909663310495	1.3322676295501878e-15	10
v30CCCACCACACCACACCACACACCACACACCACACACACACACAACCACAABABABE	30	3.025991476026712e-07	43.466993469328585	1.2212453270876722e-15	10
v30CCCACCACACCACACCACACACCACACACCACACACACACACAACCADEABACAAE	30	2.869013307784862e-07	43.466993469328585	7.771561172376096e-16	10
v30CCCACCACACCACACCACACACCACACACCACACACACACACACACACAABABABE	30	4.961190955918003e-07	43.466993469328585	1.7763568394002505e-15	10
v30CCCACCACACCACACCACACACCACACACCACACACACACACACACADEACADEAE	30	3.975394595798842e-07	43.466993469328585	8.881784197001252e-16	10
v30CCCACCACACCACACCACACACCACACACCACACACACACACACACCAAAABADEE	30	3.0054531321803413e-07	43.466993469328585	1.1102230246251565e-15	10
v30CCCACCACACCACACCACACACCACACACCACACACACACACACACCAAABABABE	30	2.9789772192638975e-07	43.466993469328585	1.4432899320127035e-15	10
v30CCCACCACACCACACCACACACCACACACCACACACACACACACACCAABAABABE	30	2.9251912941646846e-07	43.466993469328585	1.1102230246251565e-15	10
v30CCCACCACACCACACCACACACCACACACCACACACACACACACACCAABABABAE	30	3.019192176302197e-07	43.466993469328585	1.3322676295501878e-15	10
v30CCCACCACACCACACCACACACCACACACCACACACACACACACACCADEABADEE	30	3.043058953778822e-07	43.466993469328585	1.5543122344752192e-15	10
v30CCCACCACACCACACCACACACCACACACCACACACACACACACACDEAACADEAE	30	4.312542290218517e-07	43.466993469328585	1.5543122344752192e-15	10
v30CCCACCACACCACACCACACACCACACACCACACACACACACACADBEACACAABE	30	2.1849252579248267e-07	43.466993469328585	1.1102230246251565e-15	10
v30CCCACCACACCACACCACACACCACACACCACACACACCACACACAACAAAABBAE	30	2.5708058686325636e-07	43.466993469328585	1.1102230246251565e-15	10
v30CCCACCACACCACACCACACACCACACACCACACACACCACACACAACADEABBAE	30	3.6393387918030784e-07	43.466993469328585	1.4432899320127035e-15	10
v30CCCACCACACCACACCACACACCACACACCACACACACCACACACACAAAABABAE	30	2.7314864192897394e-07	43.466993469328585	8.881784197001252e-16	10
v30CCCACCACACCACACCACACACCACACACCACACACACCACACACACAADEABABE	30	3.05558863221375e-07	55.27909663310495	1.3322676295501878e-15	10
v30CCCACCACACCACACCACACACCACACACCACACACACCACACACACAADEABBAE	30	3.5036440605288664e-07	43.466993469328585	1.1102230246251565e-15	10
v30CCCACCACACCACACCACACACCACACACCACACACACCACACACACADABEADEE	30	5.716695681572469e-07	43.466993469328585	1.5543122344752192e-15	10
v30CCCACCACACCACACCACACACCACACACCACACACACCACACACACADEAABABE	30	4.973964137243865e-07	21.872676300000002	1.1102230246251565e-15	10
v30CCCACCACACCACACCACACACCACACACCACACACACCACACACACADEABABAE	30	3.5721279699373194e-07	43.466993469328585	7.771561172376096e-16	10
v30CCCACCACACCACACCACACACCACACACCACACACACCACACACACDABAEADEE	30	2.980628011671707e-07	43.466993469328585	8.881784197001252e-16	10
v30CCCACCACACCACACCACACACCACACACCACACACACCACACACACDEAABABAE	30	3.1446080639175304e-07	43.466993469328585	8.881784197001252e-16	10
v30CCCACCACACCACACCACACACCACACACCACACACACCACACACADBABECADEE	30	3.9863279190225444e-07	43.466993469328585	1.7763568394002505e-15	10
v30CCCACCACACCACACCACACACCACACACCACACACACCACACADABCACAABEAE	30	2.3066392307602085e-07	43.466993469328585	1.2212453270876722e-15	10
v30CCCACCACACCACACCACACACCACACACCADEACCACACACACDECAACAACAAE	30	8.312836909987935e-07	43.466993469328585	9.992007221626409e-16	10
v30CCCACCACACCACACCACACACCACACACCADEACCACACACACDECACAACAAAE	30	7.927142824442835e-07	43.466993469328585	1.1102230246251565e-15	10
v30CCCACCACACCACACCACACACCACACACCADEACCACACACACDECACAACAABE	30	4.814395463415575e-07	43.466993469328585	1.1102230246251565e-15	10
v30CCCACCACACCACACCACACACCACACACCADEACCACACACACDECACAACADEE	30	6.353695805056183e-07	43.466993469328585	1.1102230246251565e-15	10
v30CCCACCACACCACACCACACACCACACACCADEACCACACACACDECACACAADEE	30	6.199949691203021e-07	43.466993469328585	7.771561172376096e-16	10
v30CCCACCACACCACACCACACACDEACCACACACAACCACACACAACACACACAABE	30	2.0043829037520106e-07	21.872676300000002	1.887379141862766e-15	10
v30CCCACCACCACACACACACACACACACACACACACACACACACACACAACACAABE	30	1.7894318858692537e-06	21.872676300000002	1.1102230246251565e-15	10
v30CCCACCACCACACACACACACACACACACACACACACACACACACACACAACAABE	30	1.4902757751199537e-06	21.872676300000002	1.5543122344752192e-15	10
v30CCCACCACCACACACACACACACACACACACACACACACACACACACACACAAABE	30	1.8266893954505658e-06	21.872676300000002	1.5543122344752192e-15	10
v30CCCACCACCACACACACACACACACACACACACACACACACACACACACACAABAE	30	8.234214545334188e-07	21.872676300000002	7.771561172376096e-16	10
v30CCCACCACCACACACACACCACACACAACACCACACACAACACACACACAACAABE	30	1.3547570844790738e-05	21.872676300000002	1.4432899320127035e-15	10
v30CCCACCACCACACACACACCACACACAACACCACACACAACACCACACACAAADEE	30	2.2203692353524857e-05	21.872676300000002	9.992007221626409e-16	10
v30CCCACCACCACACACACACCACACACACAACCACACACACAACACACACACAAABE	30	1.4670102416933446e-05	21.872676300000002	1.3322676295501878e-15	10
v30CCCACCACCACACACACACCACACACACAACCACACACACAACACACACACAABAE	30	5.666386264874528e-06	21.872676300000002	1.1102230246251565e-15	10
v30CCCACCACCACACACACACCACACACACAACCACACACACAACCAACACAAACAAE	30	1.3915420405744537e-05	21.872676300000002	8.881784197001252e-16	10
v30CCCACCACCACACACACACCACACACACAACCACACACACAACCAACACACAABAE	30	2.3838018236695043e-05	21.872676300000002	1.6653345369377348e-15	10
v30CCCACCACCACACACACACCACACACACAACCACACACACAACCAACACACAABBE	30	3.222126632744266e-05	21.872676300000002	1.1102230246251565e-15	10
v30CCCACCACCACACACACACCACACACACAACCACACACACAACCACAACACAABAE	30	1.713886493031322e-05	21.872676300000002	1.2212453270876722e-15	10
v30CCCACCACCACACACACACCACACACACAACCACACACACAACCACAACACAABBE	30	2.438268411418126e-05	21.872676300000002	1.5543122344752192e-15	10
v30CCCACCACCACACACACACCACACACACAACCACACACACAACCACACACAAADEE	30	1.5003740979640515e-05	21.872676300000002	8.881784197001252e-16	10
v30CCCACCACCACACACACACCACACACACAACCACACACACAACCACACACADEAAE	30	3.337878756410281e-05	21.872676300000002	6.661338147750939e-16	10
v30CCCACCACCACACACACACCACACACACAACCACACACACAACCACACACADEDEE	30	0.0001112645418728675	21.872676300000002	8.881784197001252e-16	10
v30CCCACCACCACACACACACCACACACACACACACACACAACACACACACAACAABE	30	3.6887288370296803e-06	21.872676300000002	1.1102230246251565e-15	10
v30CCCACCACCACACACACACCACACACACACACACACACACAACACACACACAAABE	30	2.3378449206900915e-06	21.872676300000002	1.5543122344752192e-15	10
v30CCCACCACCACACACACACCACACACACACACACACACACAACACACACACAABAE	30	4.546559726716049e-06	21.872676300000002	1.1102230246251565e-15	10
v30CCCACCACCACACACACACCACACACACACACACACACACACAACACACAACAABE	30	1.8717886301992114e-06	21.872676300000002	1.2212453270876722e-15	10
v30CCCACCACCACACACACACCACACACACACACACACACACACAACACACACAAABE	30	1.7219772736856827e-06	21.872676300000002	6.661338147750939e-16	10
v30CCCACCACCACACACACACCACACACACACACACACACACACACACACACAADEAE	30	2.216971292632004e-06	21.872676300000002	1.3322676295501878e-15	10
v30CCCACCACCACACACACACCACACACACACACACACACACACACACACACADEAAE	30	2.816259928249202e-06	21.872676300000002	2.220446049250313e-15	10
v30CCCACCACCACACACACACCACACACACACACCAACACACACACACCAABACAAAE	30	1.0895864509488088e-05	21.872676300000002	9.992007221626409e-16	10
v30CCCACCACCACACACACACCACACACACACACCAACACACACACACCAABACADEE	30	6.704763615522942e-06	21.872676300000002	1.3322676295501878e-15	10
v30CCCACCACCACACACACACCACACACACACACCACAACACACAACACAACACAAAE	30	9.751835044884518e-06	21.872676300000002	5.551115123125783e-16	10
v30CCCACCACCACACACACACCACACACACACACCACACACAACAACACACACAAAAE	30	7.691844765397349e-06	21.872676300000002	9.992007221626409e-16	10
v30CCCACCACCACACACACACCACACACACACACCACACACAACAACCAACACAAAAE	30	3.5586188099770746e-05	21.872676300000002	1.4432899320127035e-15	10
v30CCCACCACCACACACACACCACACACACACACCACACACAACACAACACACAAAAE	30	2.9931434303482417e-05	21.872676300000002	1.9984014443252818e-15	10
v30CCCACCACCACACACACACCACACACACACACCACACACAACACAACACACAADEE	30	6.267930006589615e-05	21.872676300000002	1.2212453270876722e-15	10
v30CCCACCACCACACACACACCACACACACACACCACACACACAAACCAACACADEAE	30	2.1339621812153125e-05	21.872676300000002	8.881784197001252e-16	10
v30CCCACCACCACACACACACCACACACACACACCACACACACAACAACACACAAAAE	30	3.525328006686749e-05	21.872676300000002	8.881784197001252e-16	10
v30CCCACCACCACACACACACCACACACACACACCACACACACAACACAACACADEAE	30	9.755112913297462e-06	21.872676300000002	6.661338147750939e-16	10
v30CCCACCACCACACACACACCACACACACACACCACACACACAACACCAACADABEE	30	1.61421140614361e-05	21.872676300000002	1.9984014443252818e-15	10
v30CCCACCACCACACACACACCACACACACACACCACACACACACAAACACACAADEE	30	7.154604895817404e-05	21.872676300000002	1.1102230246251565e-15	10
v30CCCACCACCACACACACACCACACACACACACCACACACACACAACCAACADABEE	30	1.3908008234758547e-05	21.872676300000002	1.1102230246251565e-15	10
v30CCCACCACCACACACACACCACACACACACACCACACACACADECACACACAAAAE	30	7.634088883431786e-05	21.872676300000002	1.1102230246251565e-15	10
v30CCCACCACCACACACCACACACACAACCACACACACAACCACACACACAABCAAAE	30	3.798074299696109e-07	43.466993469328585	1.3322676295501878e-15	10
v30CCCACCACCACACACCACACACACAACCACACACACAACCACACACACAABCADEE	30	3.580394079589144e-07	43.466993469328585	1.4432899320127035e-15	10
v30CCCACCACCACACACCACACACACACACACACACACACAACACACACACAACAABE	30	1.9282395455434917e-06	21.872676300000002	1.5543122344752192e-15	10
v30CCCACCACCACACACCACACACACACACACACACACACACAACACACACACAAABE	30	1.0677316871915629e-06	21.872676300000002	9.992007221626409e-16	10
v30CCCACCACCACACACCACACACACACACACACACACACACAACACACACACAABAE	30	1.0163589790674264e-06	21.872676300000002	1.2212453270876722e-15	10
v30CCCACCACCACACACCACACACACACACACACACACACACACAACACACACAAABE	30	9.77851342666223e-07	21.872676300000002	9.992007221626409e-16	10
v30CCCACCACCACACACCACACACACACACCAACACACACAACCAACACACAACAABE	30	4.320018435567068e-07	43.466993469328585	1.3322676295501878e-15	10
v30CCCACCACCACACACCACACACACACACCAACACACACACACCAACACACADEAAE	30	3.2014364152162325e-07	43.466993469328585	1.1102230246251565e-15	10
v30CCCACCACCACACACCACACACACACACCAACACACACACACCAACACACADEDEE	30	4.772889813657951e-07	43.466993469328585	1.5543122344752192e-15	10
v30CCCACCACCACACACCACACACACACACCACACACACACAACACAACACACAADEE	30	3.552227047189885e-07	43.466993469328585	9.992007221626409e-16	10
v30CCCACCACCACACACCACACACACACACCACACACACACAACCAAACACACAADEE	30	4.2053762316383834e-07	43.466993469328585	1.4432899320127035e-15	10
v30CCCACCACCACACACCACACACACACACCACACACACACACACACACACADEABAE	30	1.135600373396126e-06	21.872676300000002	8.881784197001252e-16	10
v30CCCACCACCACACACCACACCACACACAACACACACACACAACACACACACAAAAE	30	4.819406929314108e-07	21.872676300000002	1.1102230246251565e-15	10
v30CCCACCACCACACACCACACCACACACAACACACACACACAACACACACACAADEE	30	2.0989848661681577e-06	21.872676300000002	1.5543122344752192e-15	10
v30CCCACCACCACACACCACACCACACACAACACACCAACACAACACACCAACAADEE	30	9.364707792934938e-06	21.872676300000002	1.2212453270876722e-15	10
v30CCCACCACCACACACCACACCACACACAACACACCACACACAACAACCAACADAEE	30	4.143473682873167e-06	21.872676300000002	1.1102230246251565e-15	10
v30CCCACCACCACACACCACACCACACACAACACACCACACACAACACACCAABADEE	30	7.610916749073535e-06	21.872676300000002	1.5543122344752192e-15	10
v30CCCACCACCACACACCACACCACACACACAACACACACACACAACACACACAAAAE	30	1.9260094359937568e-07	21.872676300000002	1.3322676295501878e-15	10
v30CCCACCACCACACACCACACCACACACACAACACCAACACACAACACCAABACAAE	30	1.2710483315972881e-06	21.872676300000002	9.992007221626409e-16	10
v30CCCACCACCACACACCACACCACACACACAACACCACACACADEACCACACADEBE	30	4.252401057346875e-06	21.872676300000002	9.992007221626409e-16	10
v30CCCACCACCACACACCACACCACACACACACAACACACACACACAACACACAADEE	30	1.4095282014361092e-06	21.872676300000002	7.771561172376096e-16	10
v30CCCACCACCACACACCACACCACACACACCACACACCACACACACAACADEDEABE	30	1.3171067333617329e-06	21.872676300000002	1.7763568394002505e-15	10
v30CCCACCACCACACACCACACCACACACACCACACACCADEACACACAACACDEABE	30	8.758773131428136e-07	21.872676300000002	1.1102230246251565e-15	10
v30CCCACCACCACACACCACACCACACACACCACACACCADEACACACACAACDEAAE	30	8.441518519451185e-07	21.872676300000002	1.7763568394002505e-15	10
v30CCCACCACCACACACCACACCACACACACCACACACCADEACACACACAACDEABE	30	8.055364192031918e-07	21.872676300000002	1.1102230246251565e-15	10
v30CCCACCACCACACACCACACCACACACACCACACACCADEACACACACACADEABE	30	9.240128053817604e-07	21.872676300000002	1.2212453270876722e-15	10
v30CCCACCACCACCACAACACCACACCACAACACCACAACCACAACACACAACAAABE	30	4.480865240824954e-07	43.466993469328585	9.992007221626409e-16	10
v30CCCACCACCACCACAACACCACACCACAACACCACACACCAAACACACAAACDEAE	30	4.6239058966748035e-07	43.466993469328585	8.881784197001252e-16	10
v30CCCACCACCACCACAACACCACACCACAACACCACACACCAAACACACAACADEAE	30	6.931409759816352e-07	21.872676300000002	2.886579864025407e-15	10
v30CCCACCACCACCACAACACCACACCACAACACCACACACCAAACACACACAABDEE	30	4.3064899555201335e-07	43.466993469328585	1.5543122344752192e-15	10
v30CCCACCACCACCACAACACCACACCACAACACCACACACCACAACAACAAACAAAE	30	5.348435639924462e-07	43.466993469328585	1.2212453270876722e-15	10
v30CCCACCACCACCACAACACCACACCACAACACCACACACCACAACAACAACAAAAE	30	6.432403433047493e-07	43.466993469328585	6.661338147750939e-16	10
v30CCCACCACCACCACAACACCACACCACAACACCACACACCACAACAACADECAAAE	30	5.863813701453558e-07	21.872676300000002	1.3322676295501878e-15	10
v30CCCACCACCACCACACAACCACACCACACAACCACAACCACACAACCADEBACAAE	30	7.80801868392832e-07	21.872676300000002	8.881784197001252e-16	10
v30CCCACCACCACCACACAACCACACCACACAACCACACACCACACAACCAAAABABE	30	5.043508452232592e-07	43.466993469328585	8.881784197001252e-16	10
v30CCCACCACCACCACACAACCACACCACACAACCACACACCACACAACCADEABABE	30	4.799528312350642e-07	43.466993469328585	8.881784197001252e-16	10
v30CCCACCACCACCACACACAACACCACACACAACACCACACACAACACACAACAAAE	30	1.2194090805332157e-07	21.872676300000002	1.1102230246251565e-15	10
v30CCCACCACCACCACACACAACACCACACACAACACCACACACAACACACAACAABE	30	1.3001601263054518e-07	21.872676300000002	8.881784197001252e-16	10
v30CCCACCACCACCACACACAACACCACACACAACACCACACACAACACCAABACAAE	30	7.59693485669671e-08	43.466993469328585	6.661338147750939e-16	10
v30CCCACCACCACCACACACAACACCACACACAACACCACACACAACACCACAADAEE	30	7.592350393989649e-08	43.466993469328585	8.881784197001252e-16	10
v30CCCACCACCACCACACACACAACCACACACACAACCACACACACAACCACAABABE	30	6.621776372288544e-07	21.872676300000002	6.661338147750939e-16	10
v30CCCACCACCACCACACACACACACCACACACAACACACACACACAACACACAABAE	30	6.801945180090086e-07	43.466993469328585	7.771561172376096e-16	10
v30CCCACCACCACCACACACACACACCACACACAACACACCACACACAAACAACAABE	30	2.6548985744218036e-07	55.27909663310495	1.3322676295501878e-15	10
v30CCCACCACCACCACACACACACACCACACACAACACACCACACACAACAACADEAE	30	3.738086725150635e-07	43.466993469328585	1.1102230246251565e-15	10
v30CCCACCACCACCACACACACACACCACACACAACACACCACACACAACACAADEAE	30	5.85133752839376e-07	43.466993469328585	1.7763568394002505e-15	10
v30CCCACCACCACCACACACACACACCACACACACAACACCACACACAAACAACAABE	30	1.697729687427267e-07	43.466993469328585	1.3322676295501878e-15	10
v30CCCACCACCACCACACACACACACCACACACACAACACCACACACACAAABCADEE	30	1.671687497458288e-07	43.466993469328585	6.661338147750939e-16	10
v30CCCACCACCACCACACACACACACCACACACACAACACCACACACACAAACADEAE	30	1.734285039098328e-07	43.466993469328585	1.7763568394002505e-15	10
v30CCCACCACCACCACACACACACACCACACACACAACACCACACACACAACAADEAE	30	1.668180024921487e-07	43.466993469328585	8.881784197001252e-16	10
v30CCCACCACCACCACACACACACACCACACACACAACACCACACACACAACADBAEE	30	1.640420917812124e-07	43.466993469328585	1.7763568394002505e-15	10
v30CCCACCACCACCACACACACACACCACACACACACAACCACACACAACAACADEAE	30	2.027140306866661e-07	43.466993469328585	1.5543122344752192e-15	10
v30CCCACCACCACCACACACACACACCACACACACACAACCACACACACAAABCADEE	30	1.7228373660445193e-07	43.466993469328585	1.5543122344752192e-15	10
v30CCCACCACCACCACACACACACACCACACACACACAACCACACACACAAACADEAE	30	1.6554450116713417e-07	43.466993469328585	1.2212453270876722e-15	10
v30CCCACCACCACCACACACACACACCACACACACACAACCACACACACACAADBAEE	30	1.727204434200789e-07	43.466993469328585	1.1102230246251565e-15	10
v30CCCACCACCACCACACACACACACCACACACACACAACCACACACACADECADEAE	30	1.9573233271577493e-07	43.466993469328585	9.992007221626409e-16	10
v30CCCACCACCACCACACACACACACCACACACACACACACCACACACAACAAABBAE	30	4.6430719911019344e-07	43.466993469328585	1.1102230246251565e-15	10
v30CCCACCACCACCACACACACACACCACACACACACACACCACACACACAAAABABE	30	3.35114366596039e-07	43.466993469328585	6.661338147750939e-16	10
v30CCCACCACCACCACACACACACACCACACACACACACACCACACACACAAAABBAE	30	3.323347692005115e-07	43.466993469328585	1.1102230246251565e-15	10
v30CCCACCACCACCACACACACACACCACACACACACACACCACACACACAAABABAE	30	2.77934292144529e-07	43.466993469328585	2.55351295663786e-15	10
v30CCCACCACCACCACACACACACACCACACACACACACACCACACACACADEABABE	30	2.2612322217806864e-07	43.466993469328585	1.9984014443252818e-15	10
v30CCCACCACCACCACACACACACACCACACACACACACACCACACACACADEABBAE	30	2.1707121910478697e-07	43.466993469328585	6.661338147750939e-16	10
v30CCCACCACCACCACACACACACACCACACACACACACACCACACACADEACAADEE	30	5.80914192967805e-07	43.466993469328585	1.3322676295501878e-15	10
v30CCCACCACCACCACACACACCACACACACACACACCACACACACAACAACADEABE	30	1.2271983213439088e-05	21.872676300000002	1.1102230246251565e-15	10
v30CCCACCACCACCACACACACCACACCAACAACACCACACACCAAACACACAABABE	30	1.3246315093312592e-06	21.872676300000002	8.881784197001252e-16	10
v30CCCACCACCACCACACACACCACACCAACACAACCACACACCAACAACCADEABAE	30	8.170313334795173e-07	43.466993469328585	1.7763568394002505e-15	10
v30CCCACCACCACCACACACACCACACCAACACAACCACACACCAACAACCADEABBE	30	5.794570799985053e-07	43.466993469328585	1.5543122344752192e-15	10
v30CCCACCACCACCACACACACCACACCAACACACACCACACACCAAACAACADEABE	30	7.970413028088299e-07	21.872676300000002	1.5543122344752192e-15	10
v30CCCACCACCACCACACACACCACACCAACACACACCACACACCAAACAADCADEEE	30	8.591121996967703e-07	43.466993469328585	1.2212453270876722e-15	10
v30CCCACCACCACCACACACACCACACCAACACACACCACACACCAACAAACADEAAE	30	5.344687794625228e-07	43.466993469328585	4.440892098500626e-16	10
v30CCCACCACCACCACACACACCACACCAACACACACCACACACCAACAAADCADEEE	30	8.512792598738358e-07	43.466993469328585	8.881784197001252e-16	10
v30CCCACCACCACCACACACACCACACCAACACACACCACACACCAACAACAADEABE	30	1.913872438073854e-06	21.872676300000002	1.5543122344752192e-15	10
v30CCCACCACCACCACACACACCACACCAACACACACCACACACCAACAACADABEAE	30	4.167498510745728e-07	43.466993469328585	1.1102230246251565e-15	10
v30CCCACCACCACCACACACACCACACCAACACACACCACACACCAACAACADBAEAE	30	4.890243120715244e-07	43.466993469328585	1.1102230246251565e-15	10
v30CCCACCACCACCACACACACCACACCAACACACACCACACACCAACACAADABEAE	30	3.7894842986947546e-07	43.466993469328585	9.992007221626409e-16	10
v30CCCACCACCACCACACACACCACACCAACACACACCACACACCAACACAADBAEAE	30	5.288597795529231e-07	21.872676300000002	1.1102230246251565e-15	10
v30CCCACCACCACCACACACACCACACCACAAACACCACACACCADEACCACAABABE	30	1.7418340080179672e-06	21.872676300000002	1.5543122344752192e-15	10
v30CCCACCACCACCACACACACCACACCACAACAACCACACACACAAACCACAABABE	30	6.270159346690875e-06	21.872676300000002	1.1102230246251565e-15	10
v30CCCACCACCACCACACACACCACACCACAACAACCACACACCACAAABCACAABAE	30	7.754889074742281e-07	21.872676300000002	1.6653345369377348e-15	10
v30CCCACCACCACCACACACACCACACCACAACAACCACACACCACAAACCADEAABE	30	4.2017623466032507e-07	21.872676300000002	1.3322676295501878e-15	10
v30CCCACCACCACCACACACACCACACCACAACAACCACACACCACAAACCADEABAE	30	5.808001726930197e-07	43.466993469328585	1.3322676295501878e-15	10
v30CCCACCACCACCACACACACCACACCACAACACACACACACCACAACACADEABAE	30	2.928672418243068e-07	43.466993469328585	6.661338147750939e-16	10
v30CCCACCACCACCACACACACCACACCACAACACACCACACACACAAACACADEABE	30	4.3842654474982055e-06	21.872676300000002	1.1102230246251565e-15	10
v30CCCACCACCACCACACACACCACACCACAACACACCACACACACAACAACADEABE	30	4.177214492730999e-06	21.872676300000002	1.5543122344752192e-15	10
v30CCCACCACCACCACACACACCACACCACAACACACCACACACCAAABACAACAABE	30	2.0020057201692385e-06	21.872676300000002	1.3322676295501878e-15	10
v30CCCACCACCACCACACACACCACACCACAACACACCACACACCAAACAACADEABE	30	6.71383124095736e-07	21.872676300000002	8.881784197001252e-16	10
v30CCCACCACCACCACACACACCACACCACAACACACCACACACCAAACAADCADEEE	30	5.932643290804969e-07	43.466993469328585	1.1102230246251565e-15	10
v30CCCACCACCACCACACACACCACACCACAACACACCACACACCAAACACAADEABE	30	1.5189218054945145e-06	21.872676300000002	1.7763568394002505e-15	10
v30CCCACCACCACCACACACACCACACCACAACACACCACACACCACAAAABCADEAE	30	6.502266381450003e-07	43.466993469328585	1.1102230246251565e-15	10
v30CCCACCACCACCACACACACCACACCACAACACACCACACACCACAAABABCADEE	30	7.219179651741249e-07	21.872676300000002	9.992007221626409e-16	10
v30CCCACCACCACCACACACACCACACCACAACACACCACACACCACAAACADABEAE	30	3.274746831583884e-07	43.466993469328585	1.2212453270876722e-15	10
v30CCCACCACCACCACACACACCACACCACAACACACCACACACCACAAACADBABEE	30	5.171798552183643e-07	21.872676300000002	6.661338147750939e-16	10
v30CCCACCACCACCACACACACCACACCACAACACACCACACACCACAAACADBAEAE	30	3.1816341265651335e-07	21.872676300000002	1.7763568394002505e-15	10
v30CCCACCACCACCACACACACCACACCACAACACACCACACACCACAABABACADEE	30	2.6244695051030296e-07	21.872676300000002	8.881784197001252e-16	10
v30CCCACCACCACCACACACACCACACCACAACACACCACACACCACAACAADABEAE	30	3.449448549557002e-07	43.466993469328585	1.1102230246251565e-15	10
v30CCCACCACCACCACACACACCACACCACAACACACCACACACCACAACAADBABEE	30	5.542268142752581e-07	21.872676300000002	1.1102230246251565e-15	10
v30CCCACCACCACCACACACACCACACCACAACACACCACACACCACAACAADBAEAE	30	3.9830403532095046e-07	21.872676300000002	1.2212453270876722e-15	10
v30CCCACCACCACCACACACACCACACCACAACACACCACACACCACAACAADBAEBE	30	5.074309575340092e-07	21.872676300000002	1.1102230246251565e-15	10
v30CCCACCACCACCACACACACCACACCACAACACACCACACACCACAADECADEAAE	30	4.7547277727399565e-07	21.872676300000002	1.5543122344752192e-15	10
v30CCCACCACCACCACACACACCACACCACAACACACCACACACCADEACACADEABE	30	6.329821952137109e-07	21.872676300000002	1.4432899320127035e-15	10
v30CCCACCACCACCACACACACCACACCACAACACACCACACACCADEACADCADEEE	30	4.482087894642418e-07	43.466993469328585	1.9984014443252818e-15	10
v30CCCACCACCACCACACACACCACACCACACAACACCACACACACACAACADBABEE	30	2.5974880088876505e-06	21.872676300000002	2.4424906541753444e-15	10
v30CCCACCACCACCACACACACCACACCACACAACACCACACACCAACAAACADEAAE	30	3.7839545290357093e-07	21.872676300000002	1.9984014443252818e-15	10
v30CCCACCACCACCACACACACCACACCACACAACACCACACACCAACAAACDABEAE	30	3.9088959771541705e-07	43.466993469328585	1.2212453270876722e-15	10
v30CCCACCACCACCACACACACCACACCACACAACACCACACACCAACAAADCADEEE	30	5.225632397059305e-07	43.466993469328585	6.661338147750939e-16	10
v30CCCACCACCACCACACACACCACACCACACAACACCACACACCAACAACAADEABE	30	1.2640813493075315e-06	21.872676300000002	1.1102230246251565e-15	10
v30CCCACCACCACCACACACACCACACCACACAACACCACACACCAACAACADABEAE	30	2.850213246425656e-07	43.466993469328585	1.5543122344752192e-15	10
v30CCCACCACCACCACACACACCACACCACACAACACCACACACCAACAACADBAEAE	30	3.3445620124225426e-07	21.872676300000002	1.9984014443252818e-15	10
v30CCCACCACCACCACACACACCACACCACACAACACCACACACCACAAAABCADEAE	30	6.015919498261046e-07	43.466993469328585	1.3322676295501878e-15	10
v30CCCACCACCACCACACACACCACACCACACAACACCACACACCACAAABABCADEE	30	4.866009613882944e-07	21.872676300000002	1.4432899320127035e-15	10
v30CCCACCACCACCACACACACCACACCACACAACACCACACACCACAAACADABEAE	30	2.8125458932828655e-07	43.466993469328585	1.9984014443252818e-15	10
v30CCCACCACCACCACACACACCACACCACACAACACCACACACCACAAACADBABEE	30	4.198647954682809e-07	21.872676300000002	1.1102230246251565e-15	10
v30CCCACCACCACCACACACACCACACCACACAACACCACACACCACAAACADBAEAE	30	3.171787276504001e-07	21.872676300000002	1.4432899320127035e-15	10
v30CCCACCACCACCACACACACCACACCACACAACACCACACACCACADEABCADEAE	30	6.24390075493831e-07	43.466993469328585	1.1102230246251565e-15	10
v30CCCACCACCACCACACACACCACACCACACAACACCACACACCACADEACADEAAE	30	3.9036887083550255e-07	21.872676300000002	1.5543122344752192e-15	10
v30CCCACCACCACCACACACACCACACCACACAACACCACACACCACADEACDABEAE	30	4.150414222660787e-07	43.466993469328585	1.1102230246251565e-15	10
v30CCCACCACCACCACACACACCACACCACACAACACCACACACCACADEADCADEEE	30	5.333678970784208e-07	43.466993469328585	1.3322676295501878e-15	10
v30CCCACCACCACCACACACACCACACCACACACAACAACACCACACACAAACAADEE	30	2.8935296444296195e-07	43.466993469328585	1.9984014443252818e-15	10
v30CCCACCACCACCACACACACCACACCACACACAACCAAACCACACACAADECADEE	30	2.7307085001598257e-07	21.872676300000002	1.4432899320127035e-15	10
v30CCCACCACCACCACACACACCACACCACACACAACCAACACACAACAACAACAAAE	30	1.4104421336862211e-06	21.872676300000002	1.1102230246251565e-15	10
v30CCCACCACCACCACACACACCACACCACACACAACCAACACCACACACAADBEBAE	30	2.787595421404272e-07	21.872676300000002	2.4424906541753444e-15	10
v30CCCACCACCACCACACACACCACACCACACACAACCACACACCAAACAACADEABE	30	5.169229659310243e-07	21.872676300000002	2.7755575615628914e-15	10
v30CCCACCACCACCACACACACCACACCACACACAACCACACACCAAACAADCADEEE	30	3.942324103835682e-07	43.466993469328585	8.881784197001252e-16	10
v30CCCACCACCACCACACACACCACACCACACACAACCACACACCAACAAACDABEAE	30	3.181727897839504e-07	43.466993469328585	1.887379141862766e-15	10
v30CCCACCACCACCACACACACCACACCACACACAACCACACACCAACAAADCADEEE	30	3.828408597097941e-07	43.466993469328585	8.881784197001252e-16	10
v30CCCACCACCACCACACACACCACACCACACACAACCACACACCAACACAADABEAE	30	2.373449451351317e-07	43.466993469328585	1.1102230246251565e-15	10
v30CCCACCACCACCACACACACCACACCACACACAACCACACACCAACACAADBAEAE	30	3.2772461631894236e-07	21.872676300000002	1.5543122344752192e-15	10
v30CCCACCACCACCACACACACCACACCACACACAACCACACACCACAAAABCADEAE	30	4.79168695059186e-07	43.466993469328585	1.5543122344752192e-15	10
v30CCCACCACCACCACACACACCACACCACACACAACCACACACCACAACAADABEAE	30	2.287108476177169e-07	43.466993469328585	1.2212453270876722e-15	10
v30CCCACCACCACCACACACACCACACCACACACAACCACACACCACAACAADBAEAE	30	3.234254644687225e-07	21.872676300000002	1.5543122344752192e-15	10
v30CCCACCACCACCACACACACCACACCACACACAACCACACACCACACAAADBABEE	30	3.230065501359083e-07	43.466993469328585	1.6653345369377348e-15	10
v30CCCACCACCACCACACACACCACACCACACACACAAACACCACACACADEACADEE	30	2.116050723008578e-07	43.466993469328585	1.7763568394002505e-15	10
v30CCCACCACCACCACACACACCACACCACACACACAACAACCACACACACAAABABE	30	1.9125423265199754e-07	43.466993469328585	1.1102230246251565e-15	10
v30CCCACCACCACCACACACACCACACCACACACACAACAACCACACACACAAABBAE	30	1.9576244366206927e-07	43.466993469328585	8.881784197001252e-16	10
v30CCCACCACCACCACACACACCACACCACACACACAACACACACACACACAABABAE	30	6.60197193078476e-06	21.872676300000002	1.3322676295501878e-15	10
v30CCCACCACCACCACACACACCACACCACACACACAACACACACACACADEACADEE	30	3.1285013865386413e-06	21.872676300000002	9.992007221626409e-16	10
v30CCCACCACCACCACACACACCACACCACACACACACCACACACACAADEABCADEE	30	2.0958666635090274e-06	21.872676300000002	1.1102230246251565e-15	10
v30CCCACCACCACCACACACACCACACCACACACACACCACACACACADEAABCADEE	30	1.772991908270702e-06	21.872676300000002	1.7763568394002505e-15	10
v30CCCACCACCACCACACACACCACACCACACACACACCACACACCAAAABACAADEE	30	1.1212769920098867e-06	21.872676300000002	1.3322676295501878e-15	10
v30CCCACCACCACCACACACACCACACCACACACACACCACACACCAAACAAADABEE	30	3.881436132143518e-07	43.466993469328585	1.7763568394002505e-15	10
v30CCCACCACCACCACACACACCACACCACACACACACCACACACCAAACAAADBAEE	30	4.136631993537143e-07	21.872676300000002	8.881784197001252e-16	10
v30CCCACCACCACCACACACACCACACCACACACACACCACACACCAACADEADABEE	30	4.827359641176231e-07	43.466993469328585	3.774758283725532e-15	10
v30CCCACCACCACCACACACACCACACCACACACACACCACACACCAACADEADBAEE	30	3.7466933591054245e-07	21.872676300000002	1.2212453270876722e-15	10
v30CCCACCACCACCACACACACCACACCACACACACACCACACACCAADEABACADEE	30	2.5978849413520807e-07	21.872676300000002	1.7763568394002505e-15	10
v30CCCACCACCACCACACACACCACACCACACACACACCACACACCACAAAABABBAE	30	4.725295593385998e-07	21.872676300000002	2.6645352591003757e-15	10
v30CCCACCACCACCACACACACCACACCACACACACACCACACACCACAAABABAABE	30	4.7235907940739047e-07	43.466993469328585	8.881784197001252e-16	10
v30CCCACCACCACCACACACACCACACCACACACACACCACACACCACADEABABBAE	30	5.882679551305476e-07	21.872676300000002	1.3322676295501878e-15	10
v30CCCACCACCACCACACACACCACACCACACACACACCACACACCADEAABACADEE	30	2.8851689979318597e-07	21.872676300000002	1.1102230246251565e-15	10
v30CCCACCACCACCACACACACCACACCACACACACACCACACACCADEABACAADEE	30	1.0396357983945795e-06	21.872676300000002	9.992007221626409e-16	10
v30CCCACCACCACCACACACACCACACCACACACACACCACACACCADEACAADABEE	30	3.1616334340354555e-07	43.466993469328585	2.220446049250313e-15	10
v30CCCACCACCACCACACACACCACACCACACACACACCACACACCADEACAADBAEE	30	3.980487144616316e-07	21.872676300000002	9.992007221626409e-16	10
v30CCCACCACCACCACACACACCACACCACACACACACCACACACDEACAAACADEAE	30	4.203531551878377e-07	43.466993469328585	8.881784197001252e-16	10
v30CCCACCACCACCACACACACCACACCACACADECACACACCACACAACADECAABE	30	3.254318731072717e-07	43.466993469328585	1.7763568394002505e-15	10
v30CCCACCACCACCACACACACDECACACACACACACACACACACACACACAACAABE	30	6.82976250868916e-07	21.872676300000002	1.4432899320127035e-15	10
v30CCCACCACCACCACACCACAACACCACAACCACAACACCACAACACAACAACAABE	30	1.0004549258862796e-06	21.872676300000002	1.5543122344752192e-15	10
v30CCCACCACCACCACACCACAACACCACAACCACAACACCACAACCAAACAACAABE	30	3.5479448705327285e-07	43.466993469328585	2.220446049250313e-15	10
v30CCCACCACCACCACACCACAACACCACAACCACAACACCACAACCACAACAAAABE	30	4.1991220461527616e-07	43.466993469328585	1.5543122344752192e-15	10
v30CCCACCACCACCACACCACAACACCACAACCACAACACCACAACCACAACAADEBE	30	6.38653277522705e-07	21.872676300000002	7.771561172376096e-16	10
v30CCCACCACCACCACACCACAACACCACACACACAACACACACACACAACACAABAE	30	3.7971454554885663e-06	21.872676300000002	1.1102230246251565e-15	10
v30CCCACCACCACCACACCACAACACCACACACACAACACCACAACACAACAACAABE	30	3.8084235086971354e-07	21.872676300000002	1.1102230246251565e-15	10
v30CCCACCACCACCACACCACAACACCACACACACAACACCACACAACAACAAACAAE	30	2.820777382919964e-07	43.466993469328585	1.2212453270876722e-15	10
v30CCCACCACCACCACACCACAACACCACACACACAACACCACACACAAACAACAABE	30	3.8991190744480507e-07	21.872676300000002	1.3322676295501878e-15	10
v30CCCACCACCACCACACCACAACACCACACACACAACACCACACACACAAABCADEE	30	2.595769035648942e-07	43.466993469328585	1.1102230246251565e-15	10
v30CCCACCACCACCACACCACAACACCACACACACAACACCACACACACAAACADEAE	30	2.6734878247830373e-07	43.466993469328585	9.992007221626409e-16	10
v30CCCACCACCACCACACCACAACACCACACACACAACACCACACACACAACAADEAE	30	2.629549321761161e-07	43.466993469328585	6.661338147750939e-16	10
v30CCCACCACCACCACACCACAACACCACACACACAACACCACACACACAACADBAEE	30	2.534371502276623e-07	43.466993469328585	9.992007221626409e-16	10
v30CCCACCACCACCACACCACAACACCACACACCAAACACCACACACACDEAACAAAE	30	3.475128533433259e-07	43.466993469328585	1.3322676295501878e-15	10
v30CCCACCACCACCACACCACAACACCACACACCAAACACCACACACACDEAACADEE	30	3.5207922210617235e-07	43.466993469328585	1.3322676295501878e-15	10
v30CCCACCACCACCACACCACAACACCACACACCAAACACCACACACACDEABCADEE	30	3.853157536668408e-07	43.466993469328585	1.3322676295501878e-15	10
v30CCCACCACCACCACACCACAACACCACACACCAAACACCACACACACDEACADEAE	30	3.2746539643794127e-07	43.466993469328585	1.3322676295501878e-15	10
v30CCCACCACCACCACACCACAACACCACACACCACAAACCACACAACCADEBACAAE	30	5.02982772619564e-07	43.466993469328585	1.3322676295501878e-15	10
v30CCCACCACCACCACACCACAACACCACACACCACAAACCACACACACADECADEAE	30	5.530156780273128e-07	43.466993469328585	1.1102230246251565e-15	10
v30CCCACCACCACCACACCACAACACCACACACCACAAACCACACACACCADEBADEE	30	4.411614031750128e-07	43.466993469328585	1.2212453270876722e-15	10
v30CCCACCACCACCACACCACAACACCACACACCACAAACCACACACACDAEACAABE	30	2.8650396423178947e-07	43.466993469328585	2.6645352591003757e-15	10
v30CCCACCACCACCACACCACAACACCACACACCACAACACACACACAACAACADEAE	30	1.976176978217688e-06	21.872676300000002	1.5543122344752192e-15	10
v30CCCACCACCACCACACCACAACACCACACACCACAACACACACACACAAACADEAE	30	2.407858029442706e-06	21.872676300000002	7.771561172376096e-16	10
v30CCCACCACCACCACACCACAACACCACACACCACAACACACACACACCAAABADEE	30	8.108923997836825e-07	21.872676300000002	3.1086244689504383e-15	10
v30CCCACCACCACCACACCACAACACCACACACCACAACACCACAACACAAACAAAAE	30	5.179216720392018e-07	43.466993469328585	4.440892098500626e-16	10
v30CCCACCACCACCACACCACAACACCACACACCACAACACCACAACACAAACAADEE	30	6.170480912962061e-07	21.872676300000002	1.5543122344752192e-15	10
v30CCCACCACCACCACACCACAACACCACACACCACAACACCACACAACCAAAABABE	30	2.8037362957684214e-07	55.27909663310495	2.4424906541753444e-15	10
v30CCCACCACCACCACACCACAACACCACACACCACAACACCACACAACCAAABAABE	30	3.520474370458038e-07	55.27909663310495	1.6653345369377348e-15	10
v30CCCACCACCACCACACCACAACACCACACACCACAACACCACACAACCADEAABAE	30	2.7490344721456596e-07	43.466993469328585	8.881784197001252e-16	10
v30CCCACCACCACCACACCACAACACCACACACCACAACACCACACAACCADEABABE	30	2.8345219814048327e-07	43.466993469328585	1.1102230246251565e-15	10
v30CCCACCACCACCACACCACAACACCACACACCACAACACCACACAADCACAABEAE	30	3.486622694069891e-07	55.27909663310495	8.881784197001252e-16	10
v30CCCACCACCACCACACCACAACACCACACACCACAACACCACACACAACAAABBAE	30	3.07807986017777e-07	43.466993469328585	1.5543122344752192e-15	10
v30CCCACCACCACCACACCACAACACCACACACCACAACACCACACACACAAAABABE	30	3.2067032034361466e-07	55.27909663310495	1.5543122344752192e-15	10
v30CCCACCACCACCACACCACAACACCACACACCACAACACCACACACACAAAABBAE	30	3.202898094788113e-07	43.466993469328585	7.771561172376096e-16	10
v30CCCACCACCACCACACCACAACACCACACACCACAACACCACACACACADAEADEE	30	5.770325237855509e-07	43.466993469328585	9.992007221626409e-16	10
v30CCCACCACCACCACACCACAACACCACACACCACAACACCACACACACADEABABE	30	4.1491941851473543e-07	43.466993469328585	1.4432899320127035e-15	10
v30CCCACCACCACCACACCACAACACCACACACCACAACACCACACACACADEABBAE	30	4.4917925829513223e-07	43.466993469328585	1.4432899320127035e-15	10
v30CCCACCACCACCACACCACAACACCACACACCACAACACCACACACADBAECADEE	30	4.139412786913329e-07	43.466993469328585	1.1102230246251565e-15	10
v30CCCACCACCACCACACCACAACACCACACACCACAACACCACACACADBEACADEE	30	2.853411208423203e-07	43.466993469328585	1.5543122344752192e-15	10
v30CCCACCACCACCACACCACAACACCACACACCADEACCACACACACDECAACAABE	30	4.96401915603495e-07	43.466993469328585	7.771561172376096e-16	10
v30CCCACCACCACCACACCACAACACCACACACCADEACCACACACACDECACAABAE	30	4.5000598541930554e-07	43.466993469328585	6.661338147750939e-16	10
v30CCCACCACCACCACACCACACAACCACACACACACAACCACACACACAAABCADEE	30	1.6515088265716126e-06	21.872676300000002	9.992007221626409e-16	10
v30CCCACCACCACCACACCACACAACCACACACCAACAACCACACACACAAABCADEE	30	6.143606883187055e-07	21.872676300000002	9.992007221626409e-16	10
v30CCCACCACCACCACACCACACAACCACACACCAACAACCACACACACAAACADEAE	30	1.998141194735334e-06	21.872676300000002	1.4432899320127035e-15	10
v30CCCACCACCACCACACCACACAACCACACACCACACAACCACACACACDEAABABE	30	4.688357590758752e-07	43.466993469328585	8.881784197001252e-16	10
v30CCCACCACCACCACACCACACACAACACACCACACACAACACACACACACAADEAE	30	2.6313562196161636e-06	21.872676300000002	8.881784197001252e-16	10
v30CCCACCACCACCACACCACACACAACACACCACACACAACACACCAACACAADEAE	30	1.9745560138069785e-07	43.466993469328585	1.1102230246251565e-15	10
v30CCCACCACCACCACACCACACACAACACACCACACACAACACACCACAACAADEBE	30	5.78572016364418e-07	21.872676300000002	1.5543122344752192e-15	10
v30CCCACCACCACCACACCACACACAACACACCACACACAACACACCACACAAADEBE	30	5.60372371490213e-07	21.872676300000002	1.9984014443252818e-15	10
v30CCCACCACCACCACACCACACACACACACACCAACACACACACACACAAACADEAE	30	1.428013592376384e-06	21.872676300000002	1.6653345369377348e-15	10
v30CCCACCACCACCACACCACACACACACACACCAACACACACACACACDEACADEAE	30	4.752960835514815e-07	43.466993469328585	1.1102230246251565e-15	10
v30CCCACCACCACCACACCACACACACCACACACAACACAACCACACACAACAABBAE	30	3.6924056409409114e-07	43.466993469328585	1.1102230246251565e-15	10
v30CCCACCACCACCACACCACACACACCACACACAACACAACCACACACAADECADEE	30	3.6251790094547543e-07	43.466993469328585	5.551115123125783e-16	10
v30CCCACCACCACCACACCACACACACCACACACAACACACACCACACACAAADEBAE	30	2.8009114755641027e-07	43.466993469328585	1.1102230246251565e-15	10
v30CCCACCACCACCACACCACACACACCACACACACAAACACCACACACADEACADEE	30	2.4063002037699734e-07	43.466993469328585	9.992007221626409e-16	10
v30CCCACCACCACCACACCACACACACCACACACACAACAACCACACACACAAABABE	30	3.472346225122943e-07	21.872676300000002	1.1102230246251565e-15	10
v30CCCACCACCACCACACCACACACACCACACACACAACAACCACACACACAAABBAE	30	2.034610187537243e-07	43.466993469328585	1.1102230246251565e-15	10
v30CCCACCACCACCACACCACACACACCACACACACAACACACACACACADEACADEE	30	1.783311715258688e-06	21.872676300000002	8.881784197001252e-16	10
v30CCCACCACCACCACACCACACACACCACACACACAACACACCACACACAAADEBAE	30	2.683910683776679e-07	43.466993469328585	1.3322676295501878e-15	10
v30CCCACCACCACCACACCACACACACCACACACACACAAACCACACACAADECADEE	30	2.9193948105506024e-07	43.466993469328585	1.6653345369377348e-15	10
v30CCCACCACCACCACACCACACACACCACACACACACAAACCACACACACADEBABE	30	2.712891109965806e-07	43.466993469328585	1.1102230246251565e-15	10
v30CCCACCACCACCACACCACACACACCACACACCAAACAACCACACACADBECADEE	30	2.228046173525016e-07	55.27909663310495	6.661338147750939e-16	10
v30CCCACCACCACCACACCACACACACCACACACCAAACACACACACACACDEABABE	30	2.3592567518354437e-07	43.466993469328585	2.220446049250313e-15	10
v30CCCACCACCACCACACCACACACACCACACACCAAACACACACACACADEACADEE	30	5.125710576219917e-07	43.466993469328585	1.1102230246251565e-15	10
v30CCCACCACCACCACACCACACACACCACACACCAACAACACCACACAADCAAAEAE	30	3.46899059584549e-07	55.27909663310495	9.992007221626409e-16	10
v30CCCACCACCACCACACCACACACACCACACACCACAAACACCACACAACDABEABE	30	3.080595694861956e-07	43.466993469328585	1.4432899320127035e-15	10
v30CCCACCACCACCACACCACACACACCACACACCACAAACACCACACAADCADEEAE	30	3.5149608905858555e-07	55.27909663310495	1.5543122344752192e-15	10
v30CCCACCACCACCACACCACACACACCACACACCACAACAACCACACAACDABEABE	30	2.953677255252362e-07	43.466993469328585	1.4432899320127035e-15	10
v30CCCACCACCACCACACCACACACACCACACACCACAACAACCACACACAADAEABE	30	3.343826192157301e-07	43.466993469328585	1.3322676295501878e-15	10
v30CCCACCACCACCACACCACACACACCACACACCACACAAACCACACACAADAEABE	30	3.701027536583487e-07	43.466993469328585	9.992007221626409e-16	10
v30CCCACCACCACCACACCACACACACCACACACCACADEACCAACACACCADEBAAE	30	4.456963158922647e-07	43.466993469328585	1.1102230246251565e-15	10
v30CCCACCACCACCACACCACACACACCACACACCACADEACCACAACACCADEBAAE	30	4.3662136282906846e-07	43.466993469328585	7.771561172376096e-16	10
v30CCCACCACCACCACACCACACACACCACACACCACADEACCACACAACCADEBABE	30	4.81557254936976e-07	43.466993469328585	1.7763568394002505e-15	10
v30CCCACCACCACCACACCACACACACCACACACCACADEACCACACACAADECADEE	30	3.4514004855119657e-07	43.466993469328585	8.881784197001252e-16	10
v30CCCACCACCACCACACCACACACACCACACACCACADEACCACACACACADEBABE	30	4.61481994722714e-07	43.466993469328585	1.1102230246251565e-15	10
v30CCCACCACCACCACACCACACACACCACACACCADEACACACACACACDEACAABE	30	5.985290603639212e-07	21.872676300000002	1.5543122344752192e-15	10
v30CCCACCACCACCACACCACACACACCACACACCADEACACACACACACDEACADEE	30	3.901515241692226e-07	43.466993469328585	6.661338147750939e-16	10
v30CCCACCACCACCACACCACACACACCACACACCADEACACCAACACACDEABCAAE	30	3.6333584429581814e-07	43.466993469328585	1.5543122344752192e-15	10
v30CCCACCACCACCACACCACACACACCACACACCADEACACCACAACACDEABCAAE	30	3.8085871819076616e-07	43.466993469328585	6.661338147750939e-16	10
v30CCCACCACCACCACACCACACACACCACACACCADEACACCACACACACDEAADEE	30	2.7694243997039525e-07	43.466993469328585	8.881784197001252e-16	10
v30CCCACCACCACCACACCACACACACCACACACCADEACACCACACACACDEABABE	30	3.130302980578007e-07	43.466993469328585	5.551115123125783e-16	10
v30CCCACCACCACCACACCACACACACCACACACCADEACACCACACACACDEABBAE	30	2.7125863684893457e-07	43.466993469328585	4.440892098500626e-16	10
v30CCCACCACCACCACACCACACACACCACACACDEACACACACACACAACACADEAE	30	6.815027035634033e-07	43.466993469328585	1.5543122344752192e-15	10
v30CCCACCACCACCACACCACACACACCACACACDEACACACCACAACAACACAAAAE	30	4.710804069622303e-07	43.466993469328585	8.881784197001252e-16	10
v30CCCACCACCACCACACCACACACACCACACACDEACACACCACACACAADECADEE	30	4.89889135390929e-07	43.466993469328585	1.9984014443252818e-15	10
v30CCCACCACCACCACACCACACACACDEACCACACACACAACCAACACACAACAABE	30	2.3276431932324855e-07	55.27909663310495	8.881784197001252e-16	10
v30CCCACCACCACCACACCACACACACDEACCACACACACAACCACAACACAAACAAE	30	2.3949307171693033e-07	43.466993469328585	5.551115123125783e-16	10
v30CCCACCACCACCACACCACACACACDEACCACACACACAACCACACAACAAACAAE	30	2.274189292301679e-07	43.466993469328585	1.5543122344752192e-15	10
v30CCCACCACCACCACACCACACACACDEACCACACACACAACCACACACAAACADEE	30	1.9415383523707612e-07	43.466993469328585	1.4432899320127035e-15	10
v30CCCACCACCACCACACCACACACACDEACCACACACACAACCACACACACAAADEE	30	2.1580337235036585e-07	43.466993469328585	9.992007221626409e-16	10
v30CCCACCACCACCACACCACACCAACAACACCACACACCAAACACACACAACDEABE	30	4.3355452578162995e-07	21.872676300000002	1.2212453270876722e-15	10
v30CCCACCACCACCACACCACACCAACCACACACCAAABCAACCACACACAAACADEE	30	1.9215105263048682e-07	55.27909663310495	6.661338147750939e-16	10
v30CCCACCACCACCACACCACACCAACCACACACCAAACAACCACACACADBECADEE	30	3.3340854672938636e-07	43.466993469328585	1.3322676295501878e-15	10
v30CCCACCACCACCACACCACACCAACCACACACCADECAACCACACACADBECADEE	30	4.027090689769243e-07	43.466993469328585	6.661338147750939e-16	10
v30CCCACCACCACCACACCACACCACAACACACACACACCACAAACACACACAADEAE	30	2.026734503533985e-06	21.872676300000002	1.2212453270876722e-15	10
v30CCCACCACCACCACACCACACCACACCACACAACAACCACACACACAAAABCADEE	30	8.433940745453547e-07	43.466993469328585	1.3322676295501878e-15	10
v30CCCACCACCACCACACCACACCACACCACACACDEACCACACACCADEAABCADEE	30	2.3340543266120262e-07	55.27909663310495	8.881784197001252e-16	10
v30CCCACCACCACCACACCACACCACACDEACCAACACCACACAACCAACACDEAAAE	30	2.1458173178832492e-07	43.466993469328585	1.3322676295501878e-15	10
v30CCCACCACCACCACACCACACCACACDEACCACAACCAACAACCACAACCAAAABE	30	1.706561398655491e-07	43.466993469328585	2.6645352591003757e-15	10
v30CCCACCACCACCACACCACACCACACDEACCACAACCACACAACCACAABCAAAAE	30	1.816628412145856e-07	43.466993469328585	9.992007221626409e-16	10
v30CCCACCACCACCACACCACACCACACDEACCACAACCACACAACCADECACAAAAE	30	2.1781900528772832e-07	43.466993469328585	1.7763568394002505e-15	10
v30CCCACCACCACCACACCACACCACACDEACCACACACCAACAACCAACAACAAAAE	30	1.6291452977649894e-07	43.466993469328585	1.4432899320127035e-15	10
v30CCCACCCACCACCACAACCAACCAACCACAACCAACCAACCACAACCAABCAABBE	30	4.3858550379461956e-07	43.466993469328585	9.992007221626409e-16	10
v30CCCACCCACCACCACAACCAACCACACCACAACCAACCAACACAAACCAABCAABE	30	6.244460991256024e-07	21.872676300000002	1.1102230246251565e-15	10
v30CCCACCCACCACCACAACCAACCACACCACAACCAACCACACACACAAAABCADEE	30	5.255913771225141e-07	43.466993469328585	1.2212453270876722e-15	10
v30CCCACCCACCACCACACACACACCACACCACACACACACACDEACACADEACADEE	30	7.414533913310395e-07	21.872676300000002	8.881784197001252e-16	10
v30CCCACCCACCACCACACCAACAACACCACACACCAAACACCACACACACDEAADEE	30	8.892026960539327e-08	55.27909663310495	6.661338147750939e-16	10
v30CCCACCCACCACCACACCAACACACACACACACCAACACACACACACACDEAADEE	30	1.0391935090753559e-06	21.872676300000002	1.7763568394002505e-15	10
v30CCCACCCACCACCACACCACACACACACACAACCACACACACACACAABCAADEAE	30	9.321792952904169e-07	43.466993469328585	7.771561172376096e-16	10
v30CCCACCCACCACCACACCACCACACCACACCACACAACACDEACDEACDEAACAAE	30	2.1834413649909985e-07	43.466993469328585	1.5543122344752192e-15	10
v30CCCACCCACCACCCACCACCCAACAACCAACCDECDECCAACACAACAADECADEE	30	2.145278269848408e-07	29.9083225384962	None	11
v30CCCACCCACCACCCACCACCCAACAACCAACCDECDECCAACACAACACDEAADEE	30	2.4178028519182587e-07	29.9083225384962	None	11
v30CCCCACCACACCACACACACAACCACACACACAACCACACACACAACACAACAAAE	30	1.948259296449184e-06	21.872676300000002	8.881784197001252e-16	10
v30CCCCACCACACCACCACACCACACACCACACACACACACACAACACAAACAAADEE	30	1.5590439051660953e-06	21.872676300000002	5.551115123125783e-16	10
v326h3013f2c13feab50a	326	0.7731415073518887	2.1000000000000014	1.021405182655144e-14	1
v32CCCACCCACCACCCACCACCAACCAACAACCCAACCDECACACACAABCAACAADECAAE	32	3.0543021035382223e-06	1.8000000000000012	None	11
v32CCCACCCACCACCCACCACCACCDECCACAACCCAACCDEDECCAACDBECAACAAAABE	32	5.60562583310348e-07	29.9083225384962	None	11
v32CCCCACCCACCACCACCACACACCAACCAACCAACCAACACACAACAACAACAAACAAAE	32	2.2459916222868983e-07	43.466993469328585	1.7763568394002505e-15	10
v340hc710a10a3524ab46	340	0.8797538236881249	2.1000000000000014	8.215650382226158e-15	1
v34CCACCCACCACACCACCACACCACACACCACACCACACACCACACACABCACADEACADEADEE	34	5.919007470034233e-07	43.466993469328585	6.661338147750939e-16	10
v34CCCACCCACCACCACACCAACACACACACACACCAACACACACACACACCAACAACAADECAAE	34	5.6445345475207465e-06	21.872676300000002	1.1102230246251565e-15	10
v34CCCACCCACCACCCACCACCACCACACCACAACCDECDECACAACDECCACAACDEACADEBBE	34	9.512245910917693e-07	29.9083225384962	None	11
v352h1f6724b95fe9acdb	352	0.7295562081793248	2.1000000000000014	1.8540724511240114e-14	1
v354h6a0cce6a517ee928	354	0.7455193833018559	2.1000000000000014	2.5979218776228663e-14	1
v35CCCACACCACCACACACCACACCACACACACCACACACCACACACACACCACACACAABABABABE	35	4.119238326389689e-06	21.872676300000002	1.3322676295501878e-15	10
v37CCCACCCACCACCACACCACCACACCACACCACACAACACCAACACDEACCAACAACACCAACAABBAAE	37	2.4224485183781484e-07	55.27909663310495	1.5543122344752192e-15	10
v37CCCACCCACCACCCACCACCACACACACAACCCAACCDECACACACACAACCAACAACAACAADECAAAE	37	2.1581659032327537e-06	29.9083225384962	None	11
v37CCCACCCACCACCCACCACCACCAACCACAACCCAACCDECAACCAACCAAACCAACAACAACDEDEAAE	37	3.7313457453232663e-06	29.9083225384962	None	11
v386h0d9207355457defd	386	0.7679128795228489	2.1000000000000014	2.042810365310288e-14	1
v386h287604456b213e70	386	0.6935356335811643	2.1000000000000014	1.787459069646502e-14	1
v38CCCACCCACCACCACACCAACACACACCACACACCAACACACACCACACACACCAACAACAACAADECAAAE	38	1.5374686657703323e-06	21.872676300000002	1.5543122344752192e-15	10
v38CCCACCCACCACCACACCACCACACCACACCACACACCACAACACAACACAACADECACAACAACAAACAAE	38	4.792115063861156e-06	21.872676300000002	1.5543122344752192e-15	10
v394h12be35569acb08a2	394	0.7210503548081112	2.1000000000000014	3.7414515929867775e-14	1
v394h7a36d28c75939de2	394	0.7300416275407376	2.1000000000000014	1.4432899320127035e-14	1
v40CCACCCACCACACCACCACACCACACACCACACCACACACCACACACACCABACACCACABABACCACABABADEE	40	1.0842932919261577e-06	21.872676300000002	3.6637359812630166e-15	10
v418h89ce987010a54cbd	418	0.9947820855224572	2.1000000000000014	3.785860513971784e-14	1
v42CCCACCCACCACCCACCACCACCACACCACAACCCAACCDECACAACDECCACAACCAACAACACACAACDBECAAADEE	42	1.8007453416776372e-06	29.9083225384962	None	11
v42CCCACCCCACCCACCCACCAACCCAACCAACCDECCAACCAACAACCCACAACAACCAACAACACAACCDEABAACADEE	42	4.347036890508076e-07	51.42857142857143	None	11
v42CCCACCCCACCCACCCACCAACCCAACCAACCDECCAACCAACAACCCACAACACCDECCACAACACAACDDEEDEBDEE	42	3.697138860587241e-07	48.76394654587672	None	11
v42CCCCACCCACCACCACCACACACCACACACACACACACACACACCAACACACACACACAACAACCAACAACAACAAABBE	42	2.687168165970474e-06	21.872676300000002	2.4424906541753444e-15	10
v42CCCCACCCACCACCACCACACCACACACACACACACACAACCACACACACACACACACAACCAACAACAACAADECAAAE	42	4.513444005971133e-06	21.872676300000002	2.220446049250313e-15	10
v443h91956484cfa84d32	443	0.6024934324511968	2.1000000000000014	1.5987211554602254e-14	1
v44CCACCCACCACACCACCACACCACACACCACACCACACACCACACACACCACACABCACACACABCACACACABABCADEADEE	44	5.0195578561134836e-06	21.872676300000002	1.7763568394002505e-15	10
v44CCCACCCACCACCACACCACCACACCACACCACACAACACCAACACCAACACCAACAACACCAACACCAACACCAAAABDAEAE	44	5.291949701335509e-07	43.466993469328585	2.220446049250313e-15	10
v44CCCACCCACCACCACACCACCACACCACACCACACAACACCACACACDEACCACACAACACCACACACAABCACADAEACADEE	44	2.5363703683091014e-06	21.872676300000002	1.7763568394002505e-15	10
v452h66b0eea56a6b673b	452	inf	2.1000000000000014	6.639133687258436e-14	1
v452hd5300f29debcd56d	452	0.6995146920501719	2.1000000000000014	1.5654144647214707e-14	1
v452hdf751e9c22065e97	452	0.7297497484231287	2.1000000000000014	1.6209256159527285e-14	1
v47CCCACCCACCACCACACCACCACACCACACCACACACACACCACACAACACACACACAACACACCACACAACACACADEAABCACAAABE	47	3.6691813213989534e-05	21.872676300000002	1.3322676295501878e-15	10
v47CCCACCCACCACCACACCACCACACCACACCACACACCACAACACACACACAACACAACCACAACACACACAACAACCACAABABACAAE	47	6.942087180150924e-06	21.872676300000002	1.1102230246251565e-15	10
v47CCCACCCACCACCCACCACCACCACACCACAACCCAACCDECACACACAACCACAACCAACAACACACACAACCAAACCAAACAADEDEE	47	2.321153341215613e-05	29.9083225384962	None	11
v47CCCCACCACCACCACCACACCACACCACACACACACACACACAACCACACACACACACACACAACCACACACAACACACADEACAADEAE	47	3.0449881902992327e-05	21.872676300000002	4.107825191113079e-15	10
v48CCCACACCACCACACACCACACCACACACACCACACACCACACACACACCACACACACCACACACACACACCACACACACAABABABABABE	48	1.9870328917450247e-05	21.872676300000002	4.218847493575595e-15	10
v48CCCACCACCACACACACACCACACACACACACCACACACACACACACCACACAACACACACACCACACAACACACACACCACADEACAAAAE	48	0.059283626080722275	21.872676300000002	1.887379141862766e-15	10
v48CCCCACCACACCACCACACCACACACCACACCACACACCACACACACCACACACACACACACACACACAACCAAACACAAACACAAAABDEE	48	3.101429083317364e-05	21.872676300000002	1.5543122344752192e-15	10
v49CCCACCACCACACACCACACCACACACACCAACACCACACACACACCAACACCACACACACACACCAACACCACADEACACACDEACCADEABE	49	1.5022113484641919e-05	21.872676300000002	5.329070518200751e-15	10
v49CCCACCCACCACCACAACCACACCACACCACAACCACACACACACACACAACCACACACACACACACAACCAACACAACACAAACCAACAADEE	49	1.064298558486461e-06	21.872676300000002	1.9984014443252818e-15	10
v49CCCACCCACCACCACACCACCACACCACACCACACACCACACACACACACACACACACAACACAACACACACAACACACAACAACACAAAABAE	49	1.8377176383524504e-06	21.872676300000002	2.220446049250313e-15	10
v49CCCCACCACCACCACCACACCACACCACACACACACACACCACACACCACAACACAACACACACACAACCACAACAACACACAAACACAAABAE	49	4.381333059153611e-05	21.872676300000002	8.881784197001252e-16	10
v4CCAE	4	1.5957649608967645e-09	55.27909663310495	1.1102230246251565e-16	10
v506h1cd81128f5b89efd	506	0.8022229991193983	2.1000000000000014	7.671641100159832e-14	1
v50CCCACCACCACCACACCACACCAACCACACACCACACACCAACCACACACACCACACACACCAACCAACACACACACACACAAAABCAACADEABE	50	6.555561814368549e-06	21.872676300000002	1.5543122344752192e-15	10
v50CCCACCCACCACCACACCACCACACCACACCACACACCACACCACACACCACACACCACACACACDEACCADEACCADEACCADEACAACDEDEBE	50	2.393947577611719e-06	21.872676300000002	2.886579864025407e-15	10
v51CCCACCCACCACCACACCACCACACCACACCACACAACACCAACACCAACACCACACAACACCAACACCAACACCACACAAACCAAACDAEACADEBE	51	7.7131544505972e-07	21.872676300000002	1.5543122344752192e-15	2
v52CCACCCACCACACCACCACACCACACACCACACCACACACCACACACACCACACACCACACACACCACACACACABCACACADEACACADEACADEADEE	52	1.861883565472788e-06	2.1000000000000014	6.661338147750939e-16	1
v52CCCACCCCACCCACCCACCAACCCAACCAACCCAACCCAACCAACAACCCACAACACCCAACAACCCACAACACACACDDEECAACACAACDDEEABDEE	52	4.657817724437694e-06	1.8000000000000012	None	1
v52CCCACCCCACCCACCCACCAACCCAACCAACCCAACCCAACCAACACCCAACAACACCCAACAACCCACAADECCACACADEBCAACACAADBBECAABE	52	3.118598683137688e-06	1.8000000000000012	None	1
v52CCCCACCCACCACCACCACACCACACACACACACACACAACCACACACACACACACACAACCACACACACACACACACAACACAACAACAACAAACAAAE	52	4.6338293117850705e-06	21.872676300000002	1.6653345369377348e-15	2
v54CCCACCCACCACCACACCACCACACCACACCACACACCACACCACACACCACACACCACACACAACACACDEACACDEACACDEACAACACAACAACAAACAAE	54	4.96504687055318e-06	2.1000000000000014	1.5543122344752192e-15	1
v552hbdf5d5a762252e37	552	0.8015715521931094	2.1000000000000014	2.9753977059954195e-14	1
v56CCACCCACCACACCACCACACCACACACCACACCACACACCACACACACCACACACCACACACACCACACACACACCACABABACCACACABABABCACACABABABE	56	2.1397245493773173e-05	2.1000000000000014	3.1086244689504383e-15	1
v56CCCACCCACCACCACACCACCACACCACACCACACACCACAACACACACACACACACAACCACAACACACACACACACAACCACAACACACACACACAABCADEADEE	56	4.230390421557293e-07	2.1000000000000014	4.440892098500626e-15	1
v56CCCACCCACCACCACACCACCACACCACACCACACACCACAACACACCACACAACACACACCACAACACACCACACAACACACACCACAABABACCACACAABABABE	56	3.173384417078413e-06	2.1000000000000014	1.4432899320127035e-15	1
v57CCCACCCCACCCACCCACCAACCCAACCAACCCAACCCAACCAACACACCACAACACCCAACAACCCACAACACACACCAADECCAACACAACCDEAACAACDEADEABE	57	2.4849394666984303e-06	18.74800825714286	None	2
v57CCCACCCCACCCACCCACCAACCCAACCAACCCAACCCAACCAACACCACACAACACCCAACAACCCACAACAACCACACADECCAACACAACCDEAABCAADECADEAE	57	5.665274100480744e-07	1.8000000000000012	None	1
v58CCACCCACCACACCACCACACCACACACCACACCACACACCACACACACCACACACCACACACACCACACACACACCABACACACCACABABACACCACABABACADEADEE	58	4.1436794555791295e-06	2.1000000000000014	4.3298697960381105e-15	1
v5CCACAE	5	2.2020338033224657e-09	55.27909663310495	1.1102230246251565e-16	10
v62CCCACCCACCACCACACCACCACACCACACCACACACCACACCACACACCACACACCACACACACCAACACCADEACCACAACACCADEACACCAACACDECACAACACDEABCAADEAE	62	2.7722310195006446e-06	2.1000000000000014	1.5543122344752192e-15	1
v62CCCACCCCACCCACCCACCAACCCACACACACCDECCACACACACAACCCACACACACACCDECCACACACACACAACCCAACAACAACCDECCAACAACAACAACDCAAAEDEBCAAAE	62	9.59367065617304e-07	1.8000000000000012	None	1
v62CCCACCCCACCCACCCACCAACCCACACACACCDECCACCAACCACAACCCACACACACACCDECCAACCAACCAACAACCCAACAACAACCDECCAACDECAACAACDCAAAEDEBDEE	62	1.3448441492361087e-06	18.74800825714286	None	2
v63CCCACACCACCACACACCACACCACACACACCACACACCACACACACACCACACACACCACACACACACACCACACACACACCACACACACACACACCACACACACACAABABABABABABE	63	3.8265326429004114e-05	2.1000000000000014	4.218847493575595e-15	1
v64CCACCCACCACACCACCACACCACACACCACACCACACACCACACACACCACACACCACACACACCACACACACACCACACACABCACACACACABCACACACACABABCACADEACADEADEE	64	1.8567798476034105e-05	2.1000000000000014	2.4424906541753444e-15	1
v650h05db026f45f32a95	650	0.7518070267618129	2.1000000000000014	7.593925488436071e-14	1
v65CCCACCCACCACCACACCACCACACCACACCACACACCACAACACACACACACACACACACCACAACACACACACACACACACACCACAACACACACACACACACACACCADEACAACADEADEBE	65	8.617315643955716e-06	2.1000000000000014	3.1086244689504383e-15	1
v66CCCACCCACCACCACACCACCACACCACACCACACACCACACCACACACCACACACCACACACACCACACAACACACAACACACAACACADECACACAACACAACACAACAACACAACAACAAACAAE	66	0.002567055209553769	2.1000000000000014	1.9984014443252818e-15	1
v67CCCACCCACCACCACACCACCACACCACACCACACACCACACCACACACCACACACCACACACAACACACCAACACACDEACACCAACACAACACACCAACACAACACCAACAACACADCAACAABEAAE	67	1.509620490163801e-06	21.872676300000002	3.1086244689504383e-15	2
v6CCACACAE	6	5.251902696894228e-09	55.27909663310495	1.1102230246251565e-16	10
v6CCCACAAE	6	6.436227342043924e-09	55.27909663310495	3.3306690738754696e-16	10
v72CCCCACCCACCACCACCACACCACCACACCACACCACACCACACACACACCAACACCAACACCAACACCAACACACACACCAACACCAACACCAACACCAACACACAACCAAACCAAACCAAACCAAACAACDEDEDEBE	72	2.1566258898794637e-06	2.1000000000000014	1.9984014443252818e-15	1
v74CCACCCACCACACCACCACACCACACACCACACCACACACCACACACACCACACACCACACACACCACACACACACCACACACACCACACACACACCACACACACACABCACACACADEACACACADEACACADEACADEADEE	74	0.0002798268609685731	2.1000000000000014	6.661338147750939e-16	1
v74CCCACCCACCACCACACCACACACACACCACACACCACACACACACACCACACACACCACADEACACACCACACACACACCADEACACCACACACACACACDEACCACACACACACACAACCACACACACACACAAACAADEAE	74	8.795054566057428e-05	2.1000000000000014	2.7755575615628914e-15	1
v74CCCACCCACCACCACACCACCACACCACACCACACACCACAACACACACACACACACACACCACAACACACACACACACACACACCACAACACACACACACACACACACCACAACACAACACAACADECACAACAACAAACAAE	74	0.000667596943265565	2.1000000000000014	2.6645352591003757e-15	1
v74CCCACCCACCACCACACCACCACACCACACCACACACCACACCACACACCACACACCACACACACCAACACCACAACACCACAACACCADEACACCAACACCACAACACCACAACACDEACCAACAACAACAACAADECAAAAE	74	8.704590466073473e-05	2.1000000000000014	3.3306690738754696e-15	1
v74CCCACCCACCACCACACCACCACACCACACCACACACCACACCACACACCACACACCACACACACCACACACCADEACCACACACACCADEACACCACACACACDECACACACACACDEABCACACACADEACACADEACADEE	74	8.1846117996998e-05	2.1000000000000014	2.886579864025407e-15	1
v74CCCCACCCACCACCACCACACCACACACCACACACACCACACACCACACACACCACACACACACCACACACACCACACAACACACAACACACACACAACAACCACACAACACAACACACACAAACCAACAACAACAADECAAAE	74	1.0300857269329322e-06	2.1000000000000014	1.2212453270876722e-15	1
v76CCACCCACCACACCACCACACCACACACCACACCACACACCACACACACCACACACCACACACACCACACACACACCACACACACCACACACACACCACACACACACACCACABABACACCACACABABABACCACACABABABADEE	76	0.0011760423648245835	2.1000000000000014	5.995204332975845e-15	1
v78CCCACCCACCACCACACCACCACACCACACCACACACCACACCACACACCACACACCACACACACCACACACCACACACACCACACACACCACACACACACCADEACCACADEACCACADEACCACADEACACDECADECADECADEACAAE	78	2.2739577017345473e-06	2.1000000000000014	3.219646771412954e-15	1
v794hbcdfcb6da5470a44	794	0.6061833178296223	2.1000000000000014	7.294165271787278e-14	1
v7CCACACACAE	7	7.41901311779735e-09	55.27909663310495	2.220446049250313e-16	10
v7CCACACCABE	7	2.253795270547969e-09	43.466993469328585	3.3306690738754696e-16	10
v7CCACCACAAE	7	9.785696325834053e-09	55.27909663310495	1.1102230246251565e-16	10
v7CCCACACAAE	7	1.5115305159631758e-08	55.27909663310495	1.1102230246251565e-16	10
v80CCACCCACCACACCACCACACCACACACCACACCACACACCACACACACCACACACCACACACACCACACACACACCACACACACCACACACACACCACACACACACACCABACACACACCACABABACACACCACABABACACADEACADEADEE	80	0.0008780619043632555	2.1000000000000014	2.886579864025407e-15	1
v80CCCACACCACCACACACCACACCACACACACCACACACCACACACACACCACACACACCACACACACACACCACACACACACCACACACACACACACCACACACACACACCACACACACACACACACCACACACACACACAABABABABABABABE	80	0.0004060518201345472	2.1000000000000014	6.439293542825908e-15	1
v80CCCACCCACCACCACACCACCACACCACACCACACACCACACCACACACCACACACCACACACAACACACCAACACACCAACACACCAACACAACACACCAACACACCAACACACCAACAACACACCAACACACCAACACACCAAAABADBAEBAE	80	2.3776909411248486e-06	2.1000000000000014	2.4424906541753444e-15	1
v80CCCACCCACCACCACACCACCACACCACACCACACACCACACCACACACCACACACCACACACAACACACCACACACACDEACACCACACACAACACACCACACACACAACACCACACACAACACACCACACACACAABABCACADABAEACADEE	80	3.2430978305295378e-06	2.1000000000000014	4.884981308350689e-15	1
v82CCCACCCACCACCACACCACCACACCACACCACACACCACACCACACACCACACACCACACACACCACACAACACACACACACACAACACACAACCACACAACACACACACACAACACAACCACACAACACACACACAACAACCACACAABABABACAAE	82	0.00011022908558024447	2.1000000000000014	2.7755575615628914e-15	1
v83CCCACCCACCACCACACCACCACACCACACCACACACCACAACACACACACACCACACACACCACAACACACACACACCACACACACACCACAACACACACACACCACACACACACACCACAACACAACACAACACAACADECACAACAACAACAAACAAAE	83	0.00013735994555261628	2.1000000000000014	2.886579864025407e-15	1
v86CCCACCCACCACCACACCACCACACCACACCACACACCACACCACACACCACACACCACACACACCAACACCACAACACCACACACACCADEACACCAACACCACAACACCACACACACACDEACCAACACACAACAACACACACADECAACACAAACACACAAADEE	86	0.00020732505767967078	2.1000000000000014	3.1086244689504383e-15	1
v86CCCACCCACCACCACACCACCACACCACACCACACACCACACCACACACCACACACCACACACACCACACACCACACACACCACACACACCACACACACAACACACACDEACACACDEACACACDEACACAACACACAACACAACACAACAACACAACAACAAACAAE	86	0.0003331753932910037	2.1000000000000014	4.218847493575595e-15	1
v88CCACCCACCACACCACCACACCACACACCACACCACACACCACACACACCACACACCACACACACCACACACACACCACACACACCACACACACACCACACACACACACCACACACACABCACACACACACABCACACACACACABABCACACADEACACADEACADEADEE	88	0.007248795865677192	2.1000000000000014	4.218847493575595e-15	1
v8CCACACACACAE	8	7.41901311779735e-09	55.27909663310495	2.220446049250313e-16	10
v8CCACCACACABE	8	9.785696325834053e-09	55.27909663310495	2.220446049250313e-16	10
v8CCACCCABCABE	8	4.363598206697519e-09	55.27909663310495	2.220446049250313e-16	10
v8CCCACACACAAE	8	1.1286159832438815e-08	55.27909663310495	4.440892098500626e-16	10
v8CCCACACCAABE	8	2.6297408367535452e-08	55.27909663310495	2.220446049250313e-16	10
v90CCCACCCACCACCACACCAACACCACACACACACCAACACCACACACACACACDEACCACACACACACACAACCACACACACACACAACCACACACACACACAACCACACACACACACAACCACACACACACACAACCACACACACACACAACCACAACACACAAACCACAABABE	90	0.3863112515349886	2.1000000000000014	4.218847493575595e-15	1
v92CCCCACCCACCACCACCACACCACCACACCACACCACACCACACACCACACACACACACACACACACACACACAACCACACACACACACACACACACACACACAACCACACACACACACACACACACACACACAACCACAACACAACACAACACAACADECACAACAACAACAAACAAAE	92	6.619534888481581e-05	2.1000000000000014	2.4424906541753444e-15	1
v93CCCACCCACCACCACACCACCACACCACACCACACACCACACCACACACCACACACCACACACAACACACCAACACACCAACACACCACACACAACACACCAACACACCAACACACCACACACAACACACCAACACACCAACACACCACACACAAACACCAAACADBAECACACADEADBEE	93	1.4764267883494238e-05	2.1000000000000014	4.218847493575595e-15	1
v97CCCACCCACCACCACACCACCACACCACACCACACACCACACCACACACCACACACCACACACACCACACACCACACACACCACACACACCACACACACACCAACACACCADEACACCACAACACACCADEACACACCAACACACDEACCACAACACACDEACACCAACACAABCACAACACAABABBAE	97	0.00018282965873193602	2.1000000000000014	4.884981308350689e-15	1
v98CCACCCACCACACCACCACACCACACACCACACCACACACCACACACACCACACACCACACACACCACACACACACCACACACACCACACACACACCACACACACACACCACACACACACCACACACACACACCACACACACACACACCACACABABABACCACACACABABABABCACACACABABABABE	98	0.2645481197045225	2.1000000000000014	3.1086244689504383e-15	1
v98CCCACCCACCACCACACCACCACACCACACCACACACCACACCACACACCACACACCACACACACCACACAACACACACACACACACACACACAACCACACAACACACACACACACACACACAACCACACAACACACACACACACACACAACCACACAACACACACACACACACAABCACADEACADEADEE	98	0.004560979103390307	2.1000000000000014	7.549516567451064e-15	1
v98CCCACCCACCACCACACCACCACACCACACCACACACCACACCACACACCACACACCACACACACCACACAACACACACCACACACAACACACACACCACACAACACACACCACACACAACACACACACCACACAACACACACCACACACAACACACACACCACACAABABABACCACACACAABABABABE	98	0.17748700176139437	2.1000000000000014	2.886579864025407e-15	1
v99CCCACACCACCACACACCACACCACACACACCACACACCACACACACACCACACACACCACACACACACACCACACACACACCACACACACACACACCACACACACACACCACACACACACACACACCACACACACACACACCACACACACACACACACACCACACACACACACACAABABABABABABABABE	99	0.02888524522324393	2.1000000000000014	8.104628079763643e-15	1
v9CCACACACACACAE	9	7.41901311779735e-09	55.27909663310495	5.551115123125783e-16	10
v9CCACCACCACABAE	9	1.2386782087202987e-08	55.27909663310495	2.220446049250313e-16	10
v9CCCACAACCACAAE	9	1.8944187502346618e-08	2.1000000000000014	5.551115123125783e-16	10
v9CCCACACACACAAE	9	1.166814446291633e-08	55.27909663310495	3.3306690738754696e-16	10
v9CCCACACACCAABE	9	2.9164698296522107e-08	55.27909663310495	3.3306690738754696e-16	10
v9CCCACCACACAAAE	9	1.8024656105945747e-08	55.27909663310495	2.220446049250313e-16	10
