nid	v	maxdeg	max_ratio	argmax_alpha
v10CCACACACACACACAE	10	6	4.603001640821527e-08	43.466993469328585
v10CCACCACAACCACAAE	10	6	2.211853061348675e-08	55.27909663310495
v10CCACCCACCACAADEE	10	6	3.227466406276901e-08	43.466993469328585
v10CCACCCACCACABDEE	10	6	7.238410889007652e-08	43.466993469328585
v10CCCACACACACACAAE	10	6	3.319267872286884e-08	43.466993469328585
v10CCCACACACCAACAAE	10	6	6.900128990658629e-08	43.466993469328585
v10CCCACACACCACADEE	10	6	2.5261282053467616e-08	49.112965600533286
v10CCCACACCAACACAAE	10	6	4.2662764344675803e-07	2.1000000000000014
v10CCCACACCACACAAAE	10	6	5.154732707649938e-08	43.466993469328585
v10CCCACCACACAACAAE	10	5	2.437991529619638e-07	2.1000000000000014
v10CCCACCACACACAAAE	10	6	3.7573859131116764e-08	43.466993469328585
v11CCACCACAACCACAACAE	11	6	3.026325258199841e-08	55.27909663310495
v11CCACCCACCACAACDEBE	11	6	3.227466406276901e-08	43.466993469328585
v11CCCACACACACACACAAE	11	6	4.013514154224533e-08	49.112965600533286
v11CCCACACACCAACACAAE	11	6	1.066783718202837e-07	43.466993469328585
v11CCCACACACCACACAAAE	11	6	5.239600467748346e-08	43.466993469328585
v11CCCACACCACACAACAAE	11	6	4.7961962653237504e-08	43.466993469328585
v11CCCACACCACACACAAAE	11	6	4.39943593290054e-08	43.466993469328585
v11CCCACACCACACACAABE	11	6	4.3946179037232825e-08	43.466993469328585
v11CCCACACCACCACADAEE	11	6	5.0577676286935303e-08	43.466993469328585
v11CCCACCACACACAACAAE	11	6	3.9731065027330985e-08	43.466993469328585
v11CCCACCACACACACAAAE	11	6	4.5786982252315093e-08	43.466993469328585
v11CCCACCACACCACAADEE	11	6	8.962700352251578e-08	2.1000000000000014
v12CCCACAACCACAACCACAAE	12	6	5.203177629954003e-06	2.1000000000000014
v12CCCACACACACACACACAAE	12	6	4.0371140909595174e-08	49.112965600533286
v12CCCACACACCAACACACAAE	12	6	7.048665397109066e-08	49.112965600533286
v12CCCACACACCACACAACAAE	12	6	4.66576225101923e-08	55.27909663310495
v12CCCACACACCACACACAAAE	12	6	6.459843781071304e-08	49.112965600533286
v12CCCACACACCACACACAABE	12	6	4.299018055458724e-08	43.466993469328585
v12CCCACACCAACACACCAABE	12	6	5.37404944429803e-08	55.27909663310495
v12CCCACACCACACAACACAAE	12	6	5.125518253954398e-08	43.466993469328585
v12CCCACACCACACACAACAAE	12	6	1.5989424296088738e-07	2.1000000000000014
v12CCCACACCACACACACAAAE	12	6	4.712984953945961e-08	43.466993469328585
v12CCCACACCACCACACAAAAE	12	6	9.116119029759774e-08	43.466993469328585
v12CCCACACCACCACACAAABE	12	6	6.482423978344651e-08	43.466993469328585
v12CCCACACCACCACACAABAE	12	6	9.448758626475604e-08	43.466993469328585
v12CCCACCACACACACAACAAE	12	6	3.794719198186729e-08	55.27909663310495
v12CCCACCACACACACACAABE	12	6	5.561093217102697e-08	43.466993469328585
v12CCCACCACACCACAACAABE	12	6	5.6380579960169426e-08	21.872676300000002
v12CCCACCACACCACACAAAAE	12	6	9.93327894480831e-08	2.1000000000000014
v12CCCACCACACCACACAAABE	12	6	1.0170547367784838e-07	2.1000000000000014
v12CCCACCACACCACACDEAAE	12	6	1.5020555557511186e-07	2.1000000000000014
v12CCCACCACACCACACDEABE	12	6	1.5020555557511186e-07	2.1000000000000014
v12CCCACCACCACACAACADEE	12	6	5.716299768552964e-08	43.466993469328585
v12CCCACCACCACACACAAAAE	12	6	7.726995482084231e-08	43.466993469328585
v12CCCCACCACACACAACAAAE	12	5	5.360305505721594e-08	43.466993469328585
v13CCACCACAACCACAACCACAAE	13	6	3.453871633056665e-08	55.27909663310495
v13CCACCCACCACACACAACAAAE	13	6	7.939527017370443e-08	49.112965600533286
v13CCCACACACACACACACACAAE	13	6	6.683260906485947e-08	43.466993469328585
v13CCCACACACCAACACACCAABE	13	6	1.5741097874918964e-07	43.466993469328585
v13CCCACACACCACACAACACAAE	13	6	5.729548402216458e-08	49.112965600533286
v13CCCACACACCACACACAACAAE	13	6	5.554923101298922e-08	43.466993469328585
v13CCCACACACCACACACACAAAE	13	6	5.151750584587018e-08	43.466993469328585
v13CCCACACACCACACACACADEE	13	6	6.603114857507978e-08	49.112965600533286
v13CCCACACCACACACAACACAAE	13	6	4.5414886268430945e-08	43.466993469328585
v13CCCACACCACACACACAACAAE	13	6	4.881460645192752e-08	43.466993469328585
v13CCCACACCACACACACACAABE	13	6	4.9577847433378726e-08	43.466993469328585
v13CCCACACCACACACACCAAABE	13	6	6.108822868943757e-08	43.466993469328585
v13CCCACACCACCACACAAACAAE	13	6	7.690420232226851e-08	43.466993469328585
v13CCCACACCACCACACAACAAAE	13	6	2.001609118878976e-07	2.1000000000000014
v13CCCACACCACCACACAACAABE	13	6	1.491938229208412e-07	49.112965600533286
v13CCCACACCACCACACAACADEE	13	6	8.476274078643966e-08	43.466993469328585
v13CCCACACCACCACACACAAAAE	13	6	7.056028672030018e-08	55.27909663310495
v13CCCACCACACAACCACACAAAE	13	6	2.437991529619638e-07	2.1000000000000014
v13CCCACCACACACACACAACAAE	13	6	7.702443921513125e-08	43.466993469328585
v13CCCACCACACACACACACAAAE	13	6	5.066005115195659e-08	43.466993469328585
v13CCCACCACACACACACACAABE	13	6	4.771908188147246e-08	55.27909663310495
v13CCCACCACACACACCAACADEE	13	6	5.153588074887732e-08	43.466993469328585
v13CCCACCACACCACAACACAAAE	13	6	6.157313990976106e-08	49.112965600533286
v13CCCACCACACCACACAACAAAE	13	6	5.1973870353752436e-08	43.466993469328585
v13CCCACCACACCACACAACADEE	13	6	5.7421542916615866e-08	43.466993469328585
v13CCCACCACACCACACACAAAAE	13	6	1.176013536162409e-07	43.466993469328585
v13CCCACCACACCACACACAAABE	13	6	9.640725343483923e-08	43.466993469328585
v13CCCACCACACCACACACAABBE	13	6	9.798219792359619e-08	21.872676300000002
v13CCCACCACACCACACCAABAAE	13	6	1.0691838249906872e-07	2.1000000000000014
v13CCCACCACACCACACCAABABE	13	6	1.0843534196992505e-07	2.1000000000000014
v13CCCACCACCACACAACAACAAE	13	6	7.47365727648599e-08	43.466993469328585
v13CCCACCACCACACACAACAAAE	13	6	7.808537640925285e-08	43.466993469328585
v13CCCACCACCACCACAACADEBE	13	6	1.1038456182993756e-07	43.466993469328585
v13CCCACCACCACCACACAADEBE	13	6	8.153739904986623e-08	43.466993469328585
v14CCACACACACACACACACACACAE	14	6	2.5442224468262112e-06	2.1000000000000014
v14CCACCACAACCACAACCACAACAE	14	6	6.615165585996767e-08	2.1000000000000014
v14CCCACACACACACACACACACAAE	14	6	7.776675913063809e-08	43.466993469328585
v14CCCACACACCAACACACCAACAAE	14	6	1.5783037839444448e-07	43.466993469328585
v14CCCACACACCACACAACACACAAE	14	6	6.303352925735044e-08	55.27909663310495
v14CCCACACACCACACAACCAACAAE	14	6	6.399388869033107e-08	43.466993469328585
v14CCCACACACCACACACAACACAAE	14	6	7.049075641842941e-08	55.27909663310495
v14CCCACACACCACACACACAACAAE	14	6	5.278785626103561e-08	55.27909663310495
v14CCCACACACCACACACACACAABE	14	6	7.233303789167923e-08	21.872676300000002
v14CCCACACACCACACACACCAAABE	14	6	1.1233195497532552e-07	55.27909663310495
v14CCCACACCAACACACCAACACAAE	14	6	7.527969987142847e-08	55.27909663310495
v14CCCACACCACACAACCACACAAAE	14	6	4.921198965393313e-08	55.27909663310495
v14CCCACACCACACAACCACACAABE	14	6	6.28285364925744e-08	55.27909663310495
v14CCCACACCACACACACAACACAAE	14	6	7.351536434857211e-08	55.27909663310495
v14CCCACACCACACACACACAACAAE	14	6	6.333269277042923e-08	43.466993469328585
v14CCCACACCACACACACACACAAAE	14	6	7.305858723593822e-08	43.466993469328585
v14CCCACACCACACACACACACAABE	14	6	1.0014557677386516e-07	43.466993469328585
v14CCCACACCACACACACACACADEE	14	6	4.852219112584956e-08	43.466993469328585
v14CCCACACCACACACACCAACADEE	14	6	7.871383780446113e-08	43.466993469328585
v14CCCACACCACCACACAACAACAAE	14	6	1.402080172905918e-07	49.112965600533286
v14CCCACACCACCACACAACACAAAE	14	6	9.137120941344207e-08	43.466993469328585
v14CCCACACCACCACACAACACAABE	14	6	9.521810769766968e-08	43.466993469328585
v14CCCACACCACCACACAACACDEAE	14	6	8.752574994909829e-08	2.1000000000000014
v14CCCACACCACCACACACAAACAAE	14	6	7.717719404780927e-08	55.27909663310495
v14CCCACACCACCACACACAABCAAE	14	6	9.250223733807429e-08	55.27909663310495
v14CCCACACCACCACACACAACAAAE	14	6	7.91010009165693e-08	55.27909663310495
v14CCCACACCACCACACACACAAABE	14	6	1.0214485291576894e-07	43.466993469328585
v14CCCACACCACCACACACACAABAE	14	6	2.0783853369309965e-07	49.112965600533286
v14CCCACCACACAACCACACAACAAE	14	6	2.437991529619638e-07	2.1000000000000014
v14CCCACCACACACACACACAACAAE	14	6	5.8299717130889055e-08	43.466993469328585
v14CCCACCACACACACACACACAAAE	14	6	5.849917211379677e-08	43.466993469328585
v14CCCACCACACACACACACACAABE	14	6	8.182004580230015e-08	49.112965600533286
v14CCCACCACACACACCAACACAAAE	14	6	8.48282598580122e-08	55.27909663310495
v14CCCACCACACACACCAACACAABE	14	6	7.831296492496421e-08	43.466993469328585
v14CCCACCACACACACCACACADEAE	14	6	1.5270339986311247e-07	43.466993469328585
v14CCCACCACACACACCACACADEBE	14	6	8.223368871597616e-08	55.27909663310495
v14CCCACCACACCACAACACAACAAE	14	6	7.304591572085704e-08	43.466993469328585
v14CCCACCACACCACACAACAACAAE	14	6	6.114970193344216e-08	43.466993469328585
v14CCCACCACACCACACAACACAAAE	14	6	5.1480676089347847e-08	43.466993469328585
v14CCCACCACACCACACACAAACAAE	14	6	1.3451660755155775e-07	21.872676300000002
v14CCCACCACACCACACACAABCAAE	14	6	8.288381903238475e-08	43.466993469328585
v14CCCACCACACCACACACAACAAAE	14	6	1.506740847046042e-07	21.872676300000002
v14CCCACCACACCACACACAACDEAE	14	6	1.8164558728822932e-07	21.872676300000002
v14CCCACCACACCACACACACAAAAE	14	6	8.348270867396611e-08	43.466993469328585
v14CCCACCACACCACACACACAAABE	14	6	7.192555727892905e-08	55.27909663310495
v14CCCACCACACCACACACACAADEE	14	6	8.222899585132441e-08	43.466993469328585
v14CCCACCACACCACACCAACAAAAE	14	6	8.560112999445655e-08	43.466993469328585
v14CCCACCACACCACACCAACAADEE	14	6	1.1182523831991867e-07	49.112965600533286
v14CCCACCACCACACAACACCAABAE	14	6	1.235042790166227e-07	21.872676300000002
v14CCCACCACCACACACAACAACAAE	14	6	7.220187425394861e-08	43.466993469328585
v14CCCACCACCACACACAACACAABE	14	6	1.0135721113604218e-07	21.872676300000002
v14CCCACCACCACACACAACCAAABE	14	6	8.242805758358411e-08	21.872676300000002
v14CCCACCACCACACACACAACAAAE	14	6	1.7517005823334392e-07	2.1000000000000014
v14CCCACCACCACACACACAACAABE	14	6	1.9723311314446307e-07	21.872676300000002
v14CCCACCACCACACACACAACADEE	14	6	1.4016520598229637e-07	21.872676300000002
v14CCCACCACCACCACAACACDEAAE	14	6	1.6114157809150887e-07	43.466993469328585
v14CCCACCACCACCACACAACAADEE	14	6	9.202274704981828e-08	43.466993469328585
v14CCCACCACCACCACACAACDEDEE	14	6	1.5075139523790773e-07	43.466993469328585
v14CCCACCACCACCACACACAAADEE	14	6	2.186171544712054e-07	43.466993469328585
v14CCCACCCACCACCACAACDEDEBE	14	6	1.0941928298127605e-07	2.1000000000000014
v14CCCCACCACACACACACAACAAAE	14	6	6.180259110902758e-08	55.27909663310495
v15CCCACAACCACAACCACAACCACAAE	15	6	5.203177629954003e-06	2.1000000000000014
v15CCCACACACACACACACACACACAAE	15	6	8.042841012909162e-08	43.466993469328585
v15CCCACACACCAACACACCAACACAAE	15	6	1.9374033958715614e-07	43.466993469328585
v15CCCACACCACCACACACCACAABABE	15	6	2.541438282062664e-07	49.112965600533286
v15CCCACCACACCACACCAACACDEABE	15	6	1.3301130716305855e-07	43.466993469328585
v15CCCCACCACACACACACACAACAAAE	15	6	6.682573678786374e-08	43.466993469328585
v16CCACCCACCACACCABCACABCACABAE	16	6	7.974013521972985e-08	21.872676300000002
v16CCCACACACACACACACACACACACAAE	16	6	1.0462545056129042e-07	43.466993469328585
v16CCCACACACCAACACACCAACACACAAE	16	6	1.7375658032837132e-07	43.466993469328585
v16CCCACACCAACACACCAACACACCAABE	16	6	6.846690570620543e-08	55.27909663310495
v16CCCACCACACCACACACAACACAACAAE	16	6	2.8137599278407374e-07	21.872676300000002
v16CCCACCACCACCACACCACAACAADEBE	16	6	1.7977671171429187e-07	43.466993469328585
v16CCCCACCACACACACACACACAACAAAE	16	6	6.528698132457742e-08	55.27909663310495
v16CCCCACCACACCACACACACAACAAAAE	16	6	7.878340832464582e-08	43.466993469328585
v17CCACCACAACCACAACCACAACCACAACAE	17	6	1.4202798219237745e-06	2.1000000000000014
v17CCCACACACACACACACACACACACACAAE	17	6	1.270939318501811e-07	43.466993469328585
v17CCCACACACCAACACACCAACACACCAABE	17	6	2.4088335546145637e-07	43.466993469328585
v17CCCACCACACACACCACACACACACADEAE	17	6	2.572023232981085e-07	21.872676300000002
v17CCCACCACACCACACAACACCACACAAABE	17	6	8.209136791793896e-08	21.872676300000002
v17CCCACCACCACCACACACACAACAAACAAE	17	6	1.431339316365705e-07	43.466993469328585
v17CCCACCCACCACCACAACCAACAACAAAAE	17	6	1.3437070566753067e-07	43.466993469328585
v17CCCACCCACCACCACAACCAACDECAAAAE	17	6	1.1806808457205573e-07	2.1000000000000014
v17CCCCACCACACACAACCACACACAACAAAE	17	6	1.1303381739998913e-07	43.466993469328585
v17CCCCACCACACACACACACACACAACAAAE	17	6	7.185293425147683e-08	55.27909663310495
v17CCCCACCACACACCACACACACAACAAAAE	17	6	7.71080886354469e-08	55.27909663310495
v18CCCACACACACACACACACACACACACACAAE	18	6	1.453858642322401e-07	43.466993469328585
v18CCCACACACCAACACACCAACACACCAACAAE	18	6	3.185454084130694e-07	21.872676300000002
v18CCCACACACCACACAACCACACAACACACAAE	18	6	1.8614032517558835e-07	21.872676300000002
v18CCCACACACCACACAACCACACAACCAACAAE	18	6	1.3811311216514294e-07	21.872676300000002
v18CCCACACACCACACACACACACAACACACAAE	18	6	6.90172521856904e-08	21.872676300000002
v18CCCACACCACCACACACCACAACADECACAAE	18	6	5.322018909394793e-07	21.872676300000002
v18CCCACCACACCACACAACACCACACAACAAAE	18	6	8.42859032733437e-08	55.27909663310495
v18CCCACCACACCACACCAACACCAACACDEABE	18	6	1.6460330798815378e-07	55.27909663310495
v18CCCACCACACCACACCACACACAACACADEAE	18	6	4.7335201814831473e-07	21.872676300000002
v18CCCACCACCACCACACACACAACCAAACAAAE	18	6	1.6616227769368285e-07	21.872676300000002
v18CCCACCCACCACCACAACCAACACACAAABBE	18	6	4.842480803933161e-07	21.872676300000002
v18CCCACCCACCACCACAACCACAACAACAABBE	18	6	6.537528475901999e-07	2.1000000000000014
v18CCCACCCACCACCACACACAACAACAAACAAE	18	6	1.7023854434463516e-07	43.466993469328585
v18CCCACCCACCACCACACCAACAACAADECAAE	18	6	6.537528475901999e-07	2.1000000000000014
v18CCCCACCACACACACACACACACACAACAAAE	18	6	1.041675328041399e-07	55.27909663310495
v18CCCCACCACACACACACCAACACACAACAAAE	18	6	1.0960349744988887e-07	55.27909663310495
v18CCCCACCACACACACACCACAACACAACAAAE	18	6	1.7089868549280514e-07	43.466993469328585
v18CCCCACCACACACCACACACACAACAACAAAE	18	6	7.48998666642276e-08	55.27909663310495
v18CCCCACCACACACCACACACACAACACAAABE	18	6	7.439753002674715e-08	49.112965600533286
v18CCCCACCACACCACACACACAACACAACAAAE	18	6	1.4032041910755904e-07	43.466993469328585
v19CCCACACACACACACACACACACACACACACAAE	19	6	1.5953420650827028e-07	43.466993469328585
v19CCCACACACCAACACACCAACACACCAACACAAE	19	6	3.583701876104008e-07	43.466993469328585
v19CCCACACACCACACAACCACACAACCACACAAAE	19	6	2.89357094069359e-07	21.872676300000002
v19CCCACACACCACACACACACACACAACACACAAE	19	6	3.57785114019005e-07	21.872676300000002
v19CCCACACACCACACACACACACACACAACACAAE	19	6	1.0329141140425589e-07	21.872676300000002
v19CCCACACACCACACACACACACACACACACAAAE	19	6	1.1440531557677084e-07	21.872676300000002
v19CCCACACCACACACACACACACACACAACACAAE	19	6	1.733116650448643e-07	43.466993469328585
v19CCCACACCACACACACCAACACACACAACACAAE	19	6	2.3170564558658512e-07	21.872676300000002
v19CCCACACCACACACACCAACACACACCAACADEE	19	6	2.7101450686150835e-07	21.872676300000002
v19CCCACACCACCACACACACACCACAACAACAABE	19	6	3.566063818701645e-07	55.27909663310495
v19CCCACCACACCACACAACACCACACAACACAAAE	19	6	8.212582370279373e-08	55.27909663310495
v19CCCACCACACCACACACACACCACAACACAAABE	19	6	2.4339718580420905e-07	21.872676300000002
v19CCCACCACCACACACCACACCACACACAADEDEE	19	6	2.638124325464267e-07	21.872676300000002
v19CCCACCACCACCACACACACACACCAAACAADEE	19	6	2.0112665550172932e-07	43.466993469328585
v19CCCACCCACCACCACACACACAACAACAACAAAE	19	6	6.537528475901999e-07	2.1000000000000014
v19CCCCACCACACACACACACACACACACAACAAAE	19	6	1.4649076190862152e-07	21.872676300000002
v19CCCCACCACACACACACCACACACACAACAAAAE	19	6	1.1595509119538545e-07	43.466993469328585
v19CCCCACCACACACCACACACACAACACAACAAAE	19	6	1.0698841463875596e-07	55.27909663310495
v19CCCCACCACACACCACACACACACACAAACAAAE	19	6	8.389803621309799e-08	55.27909663310495
v19CCCCACCACACCACACACACACACAACAACAAAE	19	6	1.0543924056872557e-07	49.112965600533286
v19CCCCACCACACCACACACACACACAACACAAABE	19	6	1.0586841953958707e-07	55.27909663310495
v20CCACCCACCACACCACCACACCACACABCADEADEE	20	6	2.7608918079186794e-07	21.872676300000002
v20CCCACACACACACACACACACACACACACACACAAE	20	6	2.2774554329459638e-07	43.466993469328585
v20CCCACACACCAACACACCAACACACCAACACACAAE	20	6	4.300275090862839e-07	21.872676300000002
v20CCCACACACCACACACACACACACACACACACAAAE	20	6	1.4566299828326552e-07	21.872676300000002
v20CCCACACACCACACACACACACACACACACACADEE	20	6	2.44291426750792e-07	21.872676300000002
v20CCCACACACCACACACACCACACACAACAACACAAE	20	6	2.7420355459504513e-07	21.872676300000002
v20CCCACACACCACACACACCACACACAACACACAAAE	20	6	2.643759168515205e-07	21.872676300000002
v20CCCACACCAACACACCAACACACCAACACACCAABE	20	6	4.6096236003711334e-07	2.1000000000000014
v20CCCACACCACACACACACACACACACACACACAAAE	20	6	2.853067747713357e-07	21.872676300000002
v20CCCACACCACACACACCAACACACACCAACACAAAE	20	6	6.08880339142784e-07	21.872676300000002
v20CCCACCACACCACAACACACCACAACACACACAABE	20	6	1.5709776776644263e-07	21.872676300000002
v20CCCACCACACCACACAACACCACACAACACAACAAE	20	6	9.975532590015079e-08	43.466993469328585
v20CCCACCACACCACACDEACCACACAACCACACAAAE	20	6	2.537095358908462e-07	2.1000000000000014
v20CCCACCACCACACACCACACCACACACAACAAAABE	20	6	5.820977317070131e-07	21.872676300000002
v20CCCACCACCACCACACACACCACACCAAACAADBEE	20	6	3.4995413655742095e-07	21.872676300000002
v20CCCACCCACCACCACAACCAACCAACCAAACAAAAE	20	6	3.512715402320007e-07	43.466993469328585
v20CCCACCCACCACCACAACCACACAACACAACAADEE	20	6	2.7146792696760547e-07	43.466993469328585
v20CCCACCCACCACCACAACCACACDECACAAACADEE	20	6	2.2469788296220017e-07	21.872676300000002
v20CCCACCCACCACCACACACACACAACACAAACADEE	20	6	3.011755993848622e-07	2.1000000000000014
v20CCCCACCACACACACACACACACACACACAACAAAE	20	6	1.2469221233201255e-07	21.872676300000002
v20CCCCACCACACACACACCAACACACACACAACAAAE	20	6	1.4887057902744894e-07	21.872676300000002
v20CCCCACCACACACACACCACACACACAACAACAAAE	20	6	2.2401628388174095e-07	21.872676300000002
v20CCCCACCACACACACACCACACACACAACACAAABE	20	6	4.6545179405251384e-07	21.872676300000002
v20CCCCACCACACACCACACACACAACACACAACAAAE	20	6	1.7367899688508687e-07	21.872676300000002
v20CCCCACCACACACCACACACACAACCAACACAAABE	20	6	1.7508946997835296e-07	43.466993469328585
v20CCCCACCACACACCACACACACACACAACAACAAAE	20	6	1.3792505768985517e-07	43.466993469328585
v20CCCCACCACACACCACACACACACACAACACAAABE	20	6	1.4000519073324587e-07	43.466993469328585
v20CCCCACCACACACCACACCACACACACAAABCAAAE	20	6	1.4839597379178356e-07	43.466993469328585
v20CCCCACCACACACCACACCACACACACAAACAAAAE	20	6	2.593923731819965e-07	49.112965600533286
v20CCCCACCACACCACACACACACACAACACAACAAAE	20	6	1.8279341018565066e-07	21.872676300000002
v20CCCCACCACACCACACACACACACACAACACAAABE	20	6	1.9201841925547128e-07	43.466993469328585
v20CCCCACCACACCACACACCACACACAACAACAAAAE	20	6	1.353753201143973e-07	43.466993469328585
v20CCCCACCACCACACCACACACACAACACAAACAAAE	20	6	9.522354090263241e-08	55.27909663310495
v20CCCCACCACCACACCACACCAACAACACAAACAAAE	20	6	2.4309277549931226e-07	43.466993469328585
v21CCCACACACACACACACACACACACACACACACACAAE	21	6	3.341546903544787e-07	2.1000000000000014
v21CCCACACACCAACACACCAACACACCAACACACCAABE	21	6	9.919961920838132e-07	2.1000000000000014
v21CCCACACACCACACAACCACACAACCACACAACACAAE	21	6	4.058107667843162e-07	21.872676300000002
v21CCCACACACCACACACACCACACACAACACACACAAAE	21	6	3.6281331478093617e-07	21.872676300000002
v21CCCACACACCACACACACCACACACACAACACACAAAE	21	6	1.476624203999506e-07	43.466993469328585
v21CCCACACACCACACACACCACACACACAACACACADEE	21	6	1.4275908878784855e-07	55.27909663310495
v21CCCACACCACCACACAACACCACACAACACACACAAAE	21	6	1.7512286807014706e-07	21.872676300000002
v21CCCACACCACCACACACCACAACACACACCACAABABE	21	6	1.151448663719509e-06	21.872676300000002
v21CCCACCACACCACAACACACCACAACACACCACAADEE	21	6	1.314705233686334e-07	43.466993469328585
v21CCCACCACACCACACAACACCACACAACACACACAAAE	21	6	1.503216648050934e-07	21.872676300000002
v21CCCACCACACCACACACAACCACACACAACACACAAAE	21	6	2.6207280078540894e-06	21.872676300000002
v21CCCACCACACCACACCAACACCAACACCAACACDEABE	21	6	4.145723907320748e-07	2.1000000000000014
v21CCCACCACCACACACCACACCACACACACACAAAABAE	21	6	1.335674831118588e-06	21.872676300000002
v21CCCACCACCACCACACACACCACACCAAACACAAAABE	21	6	4.055749345092938e-07	21.872676300000002
v21CCCACCCACCACCACACACCACAACAACACAACAAAAE	21	6	6.537528475901999e-07	2.1000000000000014
v21CCCACCCACCACCACACCAACAACACACAACCAAABAE	21	6	6.537528475901999e-07	2.1000000000000014
v21CCCCACCACACACACACACACACACACACACAACAAAE	21	6	4.3280780799859314e-07	21.872676300000002
v21CCCCACCACACACACACCACAACACACACACAACAAAE	21	6	9.58048317514404e-07	21.872676300000002
v21CCCCACCACACACACACCACACACACAACACAACAAAE	21	6	1.8120713708481678e-07	21.872676300000002
v21CCCCACCACACACACACCACACACACACACAAACAAAE	21	6	1.6812670406894813e-07	55.27909663310495
v21CCCCACCACACACCACACACACACACAACACAACAAAE	21	6	1.661496427889821e-07	43.466993469328585
v21CCCCACCACACACCACACACACACACACAACAACAAAE	21	6	1.156268715952425e-07	21.872676300000002
v21CCCCACCACACACCACACACACACACACAACACAAABE	21	6	2.5426078213256953e-07	21.872676300000002
v21CCCCACCACACACCACACCACACACACAAACACAAABE	21	6	4.641433749922017e-07	21.872676300000002
v21CCCCACCACACACCACACCACACACACAACACAAABAE	21	6	1.3101689217826562e-07	55.27909663310495
v21CCCCACCACACCACACACACACACACAACACAACAAAE	21	6	1.8404408780302061e-07	49.112965600533286
v21CCCCACCACACCACACACACACACACACACAACAAAAE	21	6	1.6279794958013647e-07	43.466993469328585
v21CCCCACCACACCACACACACACACCAACACAACAADEE	21	6	3.5964003773129647e-07	21.872676300000002
v21CCCCACCACACCACACACCACACACAACAACCAAABAE	21	6	2.060958253178691e-07	43.466993469328585
v21CCCCACCACACCACACACCACACACACAACACAAAABE	21	6	1.9553892017483243e-07	55.27909663310495
v21CCCCACCACACCACACACCACACACCAAACACAAAABE	21	6	2.4322811899310155e-07	21.872676300000002
v21CCCCACCACACCACCACACCACACACAACAAACAAAAE	21	6	2.0326304274841981e-07	43.466993469328585
v21CCCCACCACCACACCACACACACAACACAACAACAAAE	21	6	1.0796029008851105e-07	43.466993469328585
v22CCCACACACACACACACACACACACACACACACACACAAE	22	6	1.3721433706290782e-06	2.1000000000000014
v22CCCACACACCAACACACCAACACACCAACACACCAACAAE	22	6	1.907454721132118e-06	2.1000000000000014
v22CCCACACACCACACACACACACACACACACACAACACAAE	22	6	2.0365033858831143e-07	21.872676300000002
v22CCCACACACCACACACACACACACACACACACACACADEE	22	6	4.5686130406403124e-07	21.872676300000002
v22CCCACACACCACACACACCACACACACACACACACAABAE	22	6	2.0267128426270039e-07	21.872676300000002
v22CCCACACCACACAACCACACAACCACACAACCACACAABE	22	6	3.118652643865408e-07	21.872676300000002
v22CCCACCACACCACACAACACCACACAACACCACACAAABE	22	6	1.5453757332186833e-07	21.872676300000002
v22CCCACCACACCACACACAACCACACACAACACACACAABE	22	6	9.904215121693136e-05	2.1000000000000014
v22CCCACCACACCACACACAACCACACACAACCACACADEAE	22	6	2.8867771016716326e-06	21.872676300000002
v22CCCACCACACCACACACACACCACAACACAACACAACAAE	22	6	7.226485175710274e-07	21.872676300000002
v22CCCACCACACCACACACACACCACACAACAACACACAAAE	22	6	8.746619794237727e-07	21.872676300000002
v22CCCACCACACCACACACACACCACACACADECACACAAAE	22	6	1.4572860235365053e-07	21.872676300000002
v22CCCACCACACCACACCACACACCACACACACACAAABABE	22	6	5.620209430223297e-07	21.872676300000002
v22CCCACCACCACCACACACACCACACCAAACACACAAADEE	22	6	3.890571106365387e-07	21.872676300000002
v22CCCACCACCACCACACCACACCACACACACAADECAAAAE	22	6	4.704865716687949e-07	43.466993469328585
v22CCCACCCACCACCACACCAACACACAACAACCAABACAAE	22	6	2.419220551462969e-07	49.112965600533286
v22CCCCACCACACACAACCACACACAACCACACACAACAAAE	22	6	2.1982686844010985e-07	21.872676300000002
v22CCCCACCACACACACACACACACACACACACACAACAAAE	22	6	1.8268709247532147e-07	21.872676300000002
v22CCCCACCACACACACACCAACACACACACCAACACAAABE	22	6	2.293094436804772e-07	21.872676300000002
v22CCCCACCACACACACACCACACACACAACACACAACAAAE	22	6	6.098555198027045e-07	21.872676300000002
v22CCCCACCACACACACACCACACACACAACCAACACAAABE	22	6	2.013219336724542e-07	43.466993469328585
v22CCCCACCACACACACACCACACACACACACAACAACAAAE	22	6	4.972097095300053e-07	21.872676300000002
v22CCCCACCACACACACACCACACACACACACAACACAAABE	22	6	1.6946873142465626e-07	21.872676300000002
v22CCCCACCACACACACACCACACACACACACACAAACAAAE	22	6	6.302347618864887e-07	21.872676300000002
v22CCCCACCACACACCACACACACACACAACACACAACAAAE	22	6	2.090737274958848e-07	43.466993469328585
v22CCCCACCACACACCACACACACACACACAACACAACAAAE	22	6	2.0478986257347736e-07	21.872676300000002
v22CCCCACCACACACCACACACACACACACACAACACAAABE	22	6	9.348388680376812e-08	21.872676300000002
v22CCCCACCACACACCACACACACACACACACACAACAAAAE	22	6	1.7095949908432179e-07	21.872676300000002
v22CCCCACCACACACCACACACACACACCAACACAACAADEE	22	6	3.280164993205447e-07	21.872676300000002
v22CCCCACCACACACCACACCACACACACAAACCAACAADEE	22	6	3.9007638918835984e-07	21.872676300000002
v22CCCCACCACACACCACACCACACACACAACACAAACAAAE	22	6	1.528275812643234e-07	55.27909663310495
v22CCCCACCACACACCACACCACACACACAACACAACAAAAE	22	6	2.2608812067681317e-07	43.466993469328585
v22CCCCACCACACACCACACCACACACACAACACAACAADEE	22	6	3.8768253075334804e-07	21.872676300000002
v22CCCCACCACACACCACACCACACACACAACACCAAABABE	22	6	1.6726891864778352e-07	43.466993469328585
v22CCCCACCACACACCACACCACACACACACAACAACAAAAE	22	6	3.0780077871071417e-07	43.466993469328585
v22CCCCACCACACCACACACACAACCACACACACAACAAAAE	22	6	3.048731685340195e-07	21.872676300000002
v22CCCCACCACACCACACACACACACACACAACACAACAAAE	22	6	1.8616070831850368e-07	21.872676300000002
v22CCCCACCACACCACACACACACACACACACAACAACAAAE	22	6	1.8167498241000715e-07	21.872676300000002
v22CCCCACCACACCACACACACACACACACACAACACAAABE	22	6	1.3780119503052013e-07	55.27909663310495
v22CCCCACCACACCACACACACACACACACACACAACAAAAE	22	6	1.2006352684608883e-07	43.466993469328585
v22CCCCACCACACCACACACCACACACAACACACAAACAAAE	22	6	1.8083699398246409e-07	43.466993469328585
v22CCCCACCACACCACACACCACACACACAACACAAACAAAE	22	6	1.7201389963316192e-07	55.27909663310495
v22CCCCACCACACCACACACCACACACACAACACAACAADEE	22	6	2.570875644080596e-07	21.872676300000002
v22CCCCACCACACCACACACCACACACACAACACCAAABABE	22	6	1.5262120806939089e-07	43.466993469328585
v22CCCCACCACACCACACACCACACACACACAACAAACAAAE	22	6	1.1577056056696572e-07	55.27909663310495
v22CCCCACCACACCACACACCACACACACACAACAACAAAAE	22	6	1.5662060138745258e-07	43.466993469328585
v22CCCCACCACACCACACACCACACACACACAACCAAABAAE	22	6	1.2845687793833828e-07	55.27909663310495
v22CCCCACCACACCACACACCACACACCAAACACAACAADEE	22	6	4.804550231996372e-07	21.872676300000002
v22CCCCACCACACCACACACCACACACCAAACACCAAABABE	22	6	2.503473955919123e-07	43.466993469328585
v22CCCCACCACACCACACACCACACACCAACACACAAAABBE	22	6	3.649638593082928e-07	21.872676300000002
v22CCCCACCACACCACCACACCACACACAACCAAABCAAABE	22	6	1.5349880140574129e-07	43.466993469328585
v22CCCCACCACCACACCACACACACAACACACAACACAAABE	22	6	2.630220883442266e-07	21.872676300000002
v22CCCCACCACCACACCACACACACACAACACAACAACAAAE	22	6	2.9242260097474945e-07	21.872676300000002
v22CCCCACCACCACACCACACACACACAACACACAACAAAAE	22	6	1.9805449899003084e-07	55.27909663310495
v22CCCCACCACCACACCACACACACACAACCAACAACAAABE	22	6	3.317032766808485e-07	43.466993469328585
v22CCCCACCACCACACCACACACACACAACCAACAACADEAE	22	6	1.8714782744139473e-07	43.466993469328585
v23CCCACACACACACACACACACACACACACACACACACACAAE	23	6	1.4261206139986992e-06	2.1000000000000014
v23CCCACACACCAACACACCAACACACCAACACACCAACACAAE	23	6	3.827487449042019e-06	2.1000000000000014
v23CCCACACACCACACAACCACACAACCACACAACCACACAABE	23	6	7.018709604622289e-07	2.1000000000000014
v23CCCACACACCACACACACCACACACAACACACACAACACAAE	23	6	7.696397033493504e-07	21.872676300000002
v23CCCACACCACACAACCACACAACCACACAACCACACAACAAE	23	6	3.7718465022154e-07	21.872676300000002
v23CCCACACCACACACACACACACACACACACACACACACAAAE	23	6	4.5833743870083526e-07	43.466993469328585
v23CCCACACCACCACACAACACCACACAACACCACACAACAAAE	23	6	1.1033042149588211e-07	55.27909663310495
v23CCCACCACACCACACAACACCACACAACACCACACAACAAAE	23	6	1.3703957296824688e-07	55.27909663310495
v23CCCACCACACCACACACAACCACACACAACCACACACAAABE	23	6	2.0959064348604313e-05	2.1000000000000014
v23CCCACCACACCACACACACACCACACAACAACCACACAAAAE	23	6	6.152211667511003e-07	21.872676300000002
v23CCCACCACACCACACACACACCACACACAAACCACACADEAE	23	6	3.832750985364954e-07	21.872676300000002
v23CCCACCACACCACACACACACCACACACAACACACACADEAE	23	6	1.10123451427923e-07	55.27909663310495
v23CCCACCACACCACACACACACCACACACADECACACACAABE	23	6	3.388122399729636e-07	21.872676300000002
v23CCCACCACACCACACCAACACCACACACAAACCACACADEAE	23	6	9.125375476136238e-07	21.872676300000002
v23CCCACCACACCACACCAACACCACACACDEACCACACADEAE	23	6	2.018089872678285e-07	43.466993469328585
v23CCCACCACACCACACCACACACCACACAACADECACACAAAE	23	6	1.2100766014765939e-06	21.872676300000002
v23CCCACCACCACCACACACACCACACCAAACACACAAACDEAE	23	6	4.800824965500839e-07	21.872676300000002
v23CCCACCACCACCACACCACACCACACACACAACAAACAAAAE	23	6	3.163638699047268e-07	21.872676300000002
v23CCCACCCACCACCACAACCAACCAACCACAACAACAAACAAE	23	6	3.638396766062475e-07	43.466993469328585
v23CCCACCCACCACCACAACCACACAACCACAACAACAAACAAE	23	6	4.97550952703808e-07	55.27909663310495
v23CCCACCCACCACCACAACCACACACACACAACCAACAAADEE	23	6	8.561257704171548e-07	21.872676300000002
v23CCCACCCACCACCACAACCACACCAACCACAAACACADEABE	23	6	2.0139463525180308e-07	55.27909663310495
v23CCCCACCACACACACACACACACACACACACACACAACAAAE	23	6	2.4895112665449243e-07	21.872676300000002
v23CCCCACCACACACACACCACACACACACACAACACAACAAAE	23	6	2.131904270407543e-07	21.872676300000002
v23CCCCACCACACACACACCACACACACACACACAACAACAAAE	23	6	2.0115259743940784e-07	21.872676300000002
v23CCCCACCACACACACACCACACACACACACACAACACAAABE	23	6	3.5890960631205374e-07	21.872676300000002
v23CCCCACCACACACACACCACACACACACACACACAAACAAAE	23	6	7.406359355081514e-07	21.872676300000002
v23CCCCACCACACACCACACACACAACCACACACACAACAAAAE	23	6	2.497587186882613e-07	21.872676300000002
v23CCCCACCACACACCACACACACACACACAACACACAACAAAE	23	6	1.8171788518434374e-07	21.872676300000002
v23CCCCACCACACACCACACACACACACACACAACACAACAAAE	23	6	1.987066733268321e-07	21.872676300000002
v23CCCCACCACACACCACACACACACACACACACAACAACAAAE	23	6	1.6674651212196232e-07	21.872676300000002
v23CCCCACCACACACCACACACACACACACACACAACACAAABE	23	6	2.572820870097532e-07	21.872676300000002
v23CCCCACCACACACCACACACACACACACACACACAAACAAAE	23	6	6.275601159935649e-07	21.872676300000002
v23CCCCACCACACACCACACACACACACACACACACAACAAAAE	23	6	4.328002353728045e-07	21.872676300000002
v23CCCCACCACACACCACACACACACACCAACACAACAACAAAE	23	6	1.8784249989381617e-07	55.27909663310495
v23CCCCACCACACACCACACCACACACACAACACAACAACAAAE	23	6	2.4501587013212846e-07	21.872676300000002
v23CCCCACCACACACCACACCACACACACAACACAACACAAABE	23	6	2.4346430001667863e-07	55.27909663310495
v23CCCCACCACACACCACACCACACACACAACACACAAACAAAE	23	6	2.628684565028777e-07	43.466993469328585
v23CCCCACCACACACCACACCACACACACAACACACAACAAAAE	23	6	2.4915051514286004e-07	43.466993469328585
v23CCCCACCACACACCACACCACACACACAACACACAACADEAE	23	6	2.2784538054528407e-07	43.466993469328585
v23CCCCACCACACACCACACCACACACACACAACAACAACAAAE	23	6	4.3960223871967986e-07	21.872676300000002
v23CCCCACCACACACCACACCACACACACACAACACAACAAAAE	23	6	2.279033199922819e-07	43.466993469328585
v23CCCCACCACACACCACACCACACACACACAACCAACAADAEE	23	6	4.0122803626011865e-07	43.466993469328585
v23CCCCACCACACCACACACACAACCACACACACAACAACAAAE	23	6	6.4968379831963e-07	21.872676300000002
v23CCCCACCACACCACACACACACACACACACAACACAACAAAE	23	6	1.1154633717592456e-07	55.27909663310495
v23CCCCACCACACCACACACACACACACACACACAACAACAAAE	23	6	1.1831060361048451e-07	43.466993469328585
v23CCCCACCACACCACACACACACACACACACACACAACAAAAE	23	6	2.5045556508340457e-07	21.872676300000002
v23CCCCACCACACCACACACACACACCAACACACACAACAAAAE	23	6	5.341708108824219e-07	21.872676300000002
v23CCCCACCACACCACACACACACACCACAACACACAACAAAAE	23	6	3.6391293326425425e-07	43.466993469328585
v23CCCCACCACACCACACACCACACACAACACACAACACAAABE	23	6	2.276789857951781e-07	43.466993469328585
v23CCCCACCACACCACACACCACACACACAACACAACAACAAAE	23	6	1.888738749661281e-07	43.466993469328585
v23CCCCACCACACCACACACCACACACACAACACAACACAAABE	23	6	2.783014056596177e-07	55.27909663310495
v23CCCCACCACACCACACACCACACACACAACACACAACAAAAE	23	6	2.5023965248708053e-07	43.466993469328585
v23CCCCACCACACCACACACCACACACACACAACAACAACAAAE	23	6	2.682988188751519e-07	21.872676300000002
v23CCCCACCACACCACACACCACACACACACAACACAACAAAAE	23	6	1.7343867324374887e-07	43.466993469328585
v23CCCCACCACACCACACACCACACACACACAACACAACAADEE	23	6	1.6946287329562202e-07	43.466993469328585
v23CCCCACCACACCACACACCACACACACACAACCAAACAADEE	23	6	2.142316712240409e-07	43.466993469328585
v23CCCCACCACACCACACACCACACACACACACACAAACAAAAE	23	6	1.5858925072108052e-07	55.27909663310495
v23CCCCACCACACCACACACCACACACCAACACACAAACADEAE	23	6	2.0893244013485573e-07	21.872676300000002
v23CCCCACCACACCACACACCACACACCAACACACCAAABABBE	23	6	2.4609278229140483e-07	43.466993469328585
v23CCCCACCACACCACCACACCACACACAACAACACAAACAAAE	23	6	1.6743735105364987e-07	55.27909663310495
v23CCCCACCACACCACCACACCACACACAACACAACCAAABAAE	23	6	1.3092554649357588e-07	55.27909663310495
v23CCCCACCACCACACCACACACACAACACCAACACACAAABBE	23	6	1.899153234648633e-07	43.466993469328585
v23CCCCACCACCACACCACACACACACAACACACAACACAAABE	23	6	4.0233339248619755e-07	21.872676300000002
v23CCCCACCACCACACCACACACACACAACACACACAACAAAAE	23	6	2.7503490324989515e-07	21.872676300000002
v23CCCCACCACCACACCACACACACACAACCAACACAACAADEE	23	6	4.038850792439321e-07	43.466993469328585
v23CCCCACCACCACACCACACACACACACACAACACAACAAAAE	23	6	1.838330734806072e-07	55.27909663310495
v24CCCACACACACACACACACACACACACACACACACACACACAAE	24	6	4.5332527333469e-06	2.1000000000000014
v24CCCACACACCAACACACCAACACACCAACACACCAACACACAAE	24	6	9.14198233565144e-06	2.1000000000000014
v24CCCACACCAACACACCAACACACCAACACACCAACACACCAABE	24	6	8.140135000646409e-06	2.1000000000000014
v24CCCACACCACACAACCACACAACCACACAACCACACAACCAABE	24	6	1.2444315112640667e-06	2.1000000000000014
v24CCCACACCACACACACCACACACAACCACACACAACAACACAAE	24	6	5.600228911204141e-07	21.872676300000002
v24CCCACACCACACACACCACACACAACCACACACAACCAACADEE	24	6	8.881820153365462e-07	21.872676300000002
v24CCCACACCACCACACACCACAACACACACCACAACADECACAAE	24	6	2.683595942829922e-06	21.872676300000002
v24CCCACACCACCACACACCACACCACACACACCACACAABABABE	24	6	2.479524421034527e-06	21.872676300000002
v24CCCACCACACCACACAACACCACACAACACCACACAACAACAAE	24	6	1.3891171695598655e-07	55.27909663310495
v24CCCACCACACCACACAACACCACACAACACCACACAACACAAAE	24	6	1.3290218761074985e-07	43.466993469328585
v24CCCACCACACCACACACAACCACACACAACCACACACAACADEE	24	6	8.434305420151192e-06	21.872676300000002
v24CCCACCACACCACACACACACCACACAACACACCACACAADEAE	24	6	1.7641353403449662e-07	21.872676300000002
v24CCCACCACACCACACACACACCACACACAACACACACACAABAE	24	6	1.9577836744023527e-07	21.872676300000002
v24CCCACCACACCACACACACACCACACACAACACCACACADAEAE	24	6	1.1865397209083177e-07	43.466993469328585
v24CCCACCACACCACACACACACCACACACACAACCACACAADEAE	24	6	5.678564995769956e-07	21.872676300000002
v24CCCACCACACCACACACACACCACACACACAACCACACADAEAE	24	6	6.732690636140512e-07	21.872676300000002
v24CCCACCACACCACACCAACACCAACACCAACACCAACACDEABE	24	6	7.961024169415283e-07	2.1000000000000014
v24CCCACCACACCACACCAACACCACACACAACACACACACAAABE	24	6	3.8942640313160064e-07	21.872676300000002
v24CCCACCACACCACACCAACACCACACACAACACACACACAABAE	24	6	1.9419993146136788e-07	21.872676300000002
v24CCCACCACACCACACCAACACCACACACAACACCACACADAEAE	24	6	2.0693939993531868e-07	43.466993469328585
v24CCCACCACACCACACCAACACCACACACCAABACCACACADEAE	24	6	1.9848560371380672e-07	43.466993469328585
v24CCCACCACACCACACCAACACCACACACDEACCACACACAAABE	24	6	2.253831018874457e-07	43.466993469328585
v24CCCACCACCACACACCACACCACACACACACAACCAACAADAEE	24	6	1.6361795630869587e-06	21.872676300000002
v24CCCACCACCACCACAACACCACACCAAACACCACACACDEAABE	24	6	1.2726116940712894e-06	21.872676300000002
v24CCCACCACCACCACACAACACACCACACAACACACACACAAAAE	24	6	1.047224195163205e-06	43.466993469328585
v24CCCACCACCACCACACACACCACACCAAACACACAACACDEAAE	24	6	8.654630068100745e-07	21.872676300000002
v24CCCACCACCACCACACCACACCACACACACACACAAACAAADEE	24	6	1.3193170627958659e-06	21.872676300000002
v24CCCACCCACCACCACACCAACAACACCACACACCAAACAADEAE	24	6	6.537528475901999e-07	2.1000000000000014
v24CCCACCCACCACCACACCACACACACACACAACAACACAAABAE	24	6	2.5706041307073246e-07	21.872676300000002
v24CCCCACCACACACACACACACACACACACACACACACAACAAAE	24	6	3.068253789783422e-07	21.872676300000002
v24CCCCACCACACACACACCAACACACACACCAACACACAACAAAE	24	6	3.398572936481654e-07	21.872676300000002
v24CCCCACCACACACACACCACAACACACACCACAACACAACAAAE	24	6	6.710043511820219e-07	21.872676300000002
v24CCCCACCACACACACACCACACACACAACACACACACAACAAAE	24	6	3.8706256636160627e-07	43.466993469328585
v24CCCCACCACACACACACCACACACACAACCAACACACAACAAAE	24	6	4.2733528101681736e-07	43.466993469328585
v24CCCCACCACACACACACCACACACACAACCACAACACAACAAAE	24	6	4.643442273797734e-07	43.466993469328585
v24CCCCACCACACACACACCACACACACACACAACACACAACAAAE	24	6	2.813936698995063e-07	21.872676300000002
v24CCCCACCACACACACACCACACACACACACACAACACAACAAAE	24	6	2.753917356899752e-07	21.872676300000002
v24CCCCACCACACACACACCACACACACACACACACAACACAAABE	24	6	1.148462944019835e-06	21.872676300000002
v24CCCCACCACACACACACCACACACACACACACACACAACAAAAE	24	6	2.5253979992586553e-07	21.872676300000002
v24CCCCACCACACACACACCACACACACACACCAACACAACAADEE	24	6	2.6219335810577996e-07	43.466993469328585
v24CCCCACCACACACCACACACACAACCACACACACAACAACAAAE	24	6	5.661428937971315e-07	21.872676300000002
v24CCCCACCACACACCACACACACAACCACACACACAACCAAABAE	24	6	2.709020625396789e-07	21.872676300000002
v24CCCCACCACACACCACACACACACACACACAACACACAACAAAE	24	6	3.161393426975114e-07	21.872676300000002
v24CCCCACCACACACCACACACACACACACACACAACACAACAAAE	24	6	2.8808199143284616e-07	21.872676300000002
v24CCCCACCACACACCACACACACACACACACACACAACAACAAAE	24	6	5.970379737860988e-07	21.872676300000002
v24CCCCACCACACACCACACACACACACACACACACACAAACAAAE	24	6	1.9906557575777395e-07	21.872676300000002
v24CCCCACCACACACCACACACACACACACACACACACAACAAAAE	24	6	2.2767066340018704e-07	21.872676300000002
v24CCCCACCACACACCACACACACACACCAACACACACAACAAAAE	24	6	2.2417690633703784e-07	55.27909663310495
v24CCCCACCACACACCACACACACACACCAACACACACAACDEAAE	24	6	3.3604058340340313e-07	43.466993469328585
v24CCCCACCACACACCACACACACACACCACAACACACAACAAAAE	24	6	3.8480627640111e-07	21.872676300000002
v24CCCCACCACACACCACACCACACACACAACACACAACACAAABE	24	6	2.168592610287806e-07	43.466993469328585
v24CCCCACCACACACCACACCACACACACAACACACACAACAAAAE	24	6	3.832598593307356e-07	43.466993469328585
v24CCCCACCACACACCACACCACACACACAACACCAAACACAAABE	24	6	4.301532157761056e-07	21.872676300000002
v24CCCCACCACACACCACACCACACACACAACACCAACAACAAABE	24	6	3.4455816626972083e-07	43.466993469328585
v24CCCCACCACACACCACACCACACACACAACACCAACACAAAABE	24	6	2.862517770986671e-07	43.466993469328585
v24CCCCACCACACACCACACCACACACACACAACAACACAACAAAE	24	6	2.695692376059186e-07	43.466993469328585
v24CCCCACCACACACCACACCACACACACACAACACAACAACAAAE	24	6	2.3277651575686812e-07	43.466993469328585
v24CCCCACCACACACCACACCACACACACACAACACAACACAAABE	24	6	3.691389422841224e-07	21.872676300000002
v24CCCCACCACACACCACACCACACACACACAACACACAACAAAAE	24	6	6.242755253405911e-07	21.872676300000002
v24CCCCACCACACACCACACCACACACACACAACACACAACADEAE	24	6	7.83474567613641e-07	21.872676300000002
v24CCCCACCACACACCACACCACACACACACAACCAACAACAAABE	24	6	4.0901856786473767e-07	43.466993469328585
v24CCCCACCACACACCACACCACACACACACAACCACAACADAEAE	24	6	3.285907680144392e-07	43.466993469328585
v24CCCCACCACACACCACACCACACACACACACACAACACAAAABE	24	6	2.1111409877926526e-07	43.466993469328585
v24CCCCACCACACACCACACCACACACACACACACAACACAAABAE	24	6	2.0040817822281018e-07	55.27909663310495
v24CCCCACCACACACCACACCACACACACCAACACACAACAADBEE	24	6	3.1901039856798224e-07	43.466993469328585
v24CCCCACCACACCACACACACAACCACACACACAACACAACAAAE	24	6	6.260888118067303e-07	21.872676300000002
v24CCCCACCACACCACACACACAACCACACACACAACCAACAADEE	24	6	2.4185951866155013e-06	21.872676300000002
v24CCCCACCACACCACACACACACACACACACACAACACAACAAAE	24	6	1.9222206063736846e-07	55.27909663310495
v24CCCCACCACACCACACACACACACACACACACACAACAACAAAE	24	6	3.7374516070295755e-07	21.872676300000002
v24CCCCACCACACCACACACACACACACACACACACAACACAAABE	24	6	4.1635282705141906e-07	21.872676300000002
v24CCCCACCACACCACACACACACACACACACACACACAACAAAAE	24	6	1.1544076586733914e-07	43.466993469328585
v24CCCCACCACACCACACACACACACCAACACACACAACAACAAAE	24	6	1.0280978552946297e-06	21.872676300000002
v24CCCCACCACACCACACACACACACCAACACACACAACCAAABAE	24	6	7.468303904396547e-07	21.872676300000002
v24CCCCACCACACCACACACACACACCACAACACACAACCAAABAE	24	6	4.048042823019374e-07	43.466993469328585
v24CCCCACCACACCACACACCACACACAACACACAACACAACAAAE	24	6	2.8156486202744556e-07	43.466993469328585
v24CCCCACCACACCACACACCACACACACAACACACAACACAAABE	24	6	2.787005601303015e-07	43.466993469328585
v24CCCCACCACACCACACACCACACACACAACACACACAACAAAAE	24	6	3.805156977541468e-07	43.466993469328585
v24CCCCACCACACCACACACCACACACACAACACCAACAACAAABE	24	6	3.13468561539642e-07	43.466993469328585
v24CCCCACCACACCACACACCACACACACACAACAACACAACAAAE	24	6	1.8322900026593127e-07	55.27909663310495
v24CCCCACCACACCACACACCACACACACACAACACAACAACAAAE	24	6	1.7811270423909984e-07	43.466993469328585
v24CCCCACCACACCACACACCACACACACACAACACAACACAAABE	24	6	1.9130222812607787e-07	21.872676300000002
v24CCCCACCACACCACACACCACACACACACAACACACAAACAAAE	24	6	4.923353364397656e-07	21.872676300000002
v24CCCCACCACACCACACACCACACACACACAACACACAACAAAAE	24	6	3.775008929603142e-07	21.872676300000002
v24CCCCACCACACCACACACCACACACACACAACCAAACACAAABE	24	6	4.065320405752406e-07	21.872676300000002
v24CCCCACCACACCACACACCACACACACACAACCAACACAAAABE	24	6	2.2282647405784302e-07	43.466993469328585
v24CCCCACCACACCACACACCACACACACACAACCAACACAADEBE	24	6	1.809425038825575e-07	43.466993469328585
v24CCCCACCACACCACACACCACACACACACACACAACAAACAAAE	24	6	2.454928228244313e-07	21.872676300000002
v24CCCCACCACACCACACACCACACACACACACACAACAACAAAAE	24	6	2.3546147719307958e-07	21.872676300000002
v24CCCCACCACACCACACACCACACACACACACACAACAACAAABE	24	6	2.241894290893559e-07	55.27909663310495
v24CCCCACCACACCACACACCACACACACACACACAACACAAAABE	24	6	2.048647416337005e-07	55.27909663310495
v24CCCCACCACACCACACACCACACACACACACACACAAACAAAAE	24	6	2.1496538976811327e-07	21.872676300000002
v24CCCCACCACACCACACACCACACACCAACACACAACAACAAAAE	24	6	5.996274940466436e-07	43.466993469328585
v24CCCCACCACACCACACACCACACACCAACACACAACAACAAABE	24	6	5.655247305963056e-07	43.466993469328585
v24CCCCACCACACCACACACCACACACCAACACACAACAACDEAAE	24	6	4.1767541458877806e-07	21.872676300000002
v24CCCCACCACACCACACACCACACACCAACACACAACACADEABE	24	6	2.0933392986082184e-07	21.872676300000002
v24CCCCACCACACCACCACACCACACACAACACAACACAACAAAAE	24	6	1.626475299405735e-07	43.466993469328585
v24CCCCACCACACCACCACACCACACACAACACAACACAACAADEE	24	6	1.6904251198426588e-07	43.466993469328585
v24CCCCACCACACCACCACACCACACACAACACAACCAAACAADEE	24	6	2.4755870089635565e-07	43.466993469328585
v24CCCCACCACACCACCACACCACACACAACACAACCAACAAADEE	24	6	2.003331411575914e-07	49.112965600533286
v24CCCCACCACACCACCACACCACACACAACACACACAAACAAAAE	24	6	1.6197104311813554e-07	55.27909663310495
v24CCCCACCACACCACCACACCACACACAACCAAACCAAACAADEE	24	6	3.225744251636938e-07	21.872676300000002
v24CCCCACCACACCACCACACCACACACACACAACACAACAAADEE	24	6	5.210955172874645e-07	21.872676300000002
v24CCCCACCACCACACCACACACACAACACACACACACAACAAAAE	24	6	3.5940869112718806e-07	21.872676300000002
v24CCCCACCACCACACCACACACACACACACAACACAACAACAAAE	24	6	1.6219832081531022e-07	55.27909663310495
v24CCCCACCACCACACCACACACACACACACAACACAACACAAABE	24	6	2.3730960823230663e-07	55.27909663310495
v24CCCCACCACCACACCACACACACACACACAACACACAACAAAAE	24	6	3.3851626505479233e-07	43.466993469328585
v24CCCCACCACCACACCACACACACACACACACAACAACAACAAAE	24	6	1.8570740442254312e-07	43.466993469328585
v24CCCCACCACCACACCACACACACACACACACAACACAACAADEE	24	6	1.9005637510499516e-07	21.872676300000002
v24CCCCACCACCACACCACACACACACACACCAACACACAAAABBE	24	6	2.545022388346814e-07	43.466993469328585
v24CCCCACCACCACACCACACACACACACACCACAACACAAAABAE	24	6	2.1707155373599904e-07	43.466993469328585
v24CCCCACCACCACACCACACACACCAACACACAACAACAACAAAE	24	6	1.6067559123925438e-07	21.872676300000002
v24CCCCACCACCACACCACACACACCAACACACAACAACCAAABAE	24	6	1.5219977834804167e-07	21.872676300000002
v24CCCCACCACCACACCACACACACCAACACACACAAACCAAABAE	24	6	1.53312603905721e-07	43.466993469328585
v24CCCCACCACCACACCACACACACCAACACCACAACACADBEABE	24	6	2.725617167312824e-07	21.872676300000002
v24CCCCACCACCACACCACACACACCAACACCACAACACADEABAE	24	6	1.8245583085676125e-07	43.466993469328585
v24CCCCACCACCACACCACACCAACACACACACAACAACAACAAAE	24	6	2.423518660791393e-07	43.466993469328585
v24CCCCACCACCACACCACACCAACACACACACAACCAACAAADEE	24	6	2.3293004454426648e-07	43.466993469328585
v24CCCCACCACCACACCACACCACACACACACAAACCAAACAADEE	24	6	2.277531304525634e-07	21.872676300000002
v25CCCACACACACACACACACACACACACACACACACACACACACAAE	25	6	7.50043272286562e-06	2.1000000000000014
v25CCCACACACCAACACACCAACACACCAACACACCAACACACCAABE	25	6	1.576707592819278e-05	2.1000000000000014
v25CCCACACACCACACAACCACACAACCACACAACCACACAACCAABE	25	6	6.889801781576538e-07	21.872676300000002
v25CCCACACACCACACACACCACACACAACCACACACAACCAACADEE	25	6	8.196258637102584e-07	21.872676300000002
v25CCCACACACCACACACACCACACACACACACACACACAACACAABE	25	6	1.0236242161504896e-06	21.872676300000002
v25CCCACACCACACACACACACACACACACACACACACACAACACAAE	25	6	1.0815963502384483e-06	21.872676300000002
v25CCCACACCACACACACACACACACACACACACACACACACACADEE	25	6	6.470996912552304e-07	21.872676300000002
v25CCCACACCACACACACCACACACAACCACACACAACACACACAAAE	25	6	1.2240117265545442e-06	21.872676300000002
v25CCCACACCACACACACCACACACAACCACACACAACCAACACAAAE	25	6	2.751004118087336e-06	2.1000000000000014
v25CCCACACCACACACACCACACACACACACACACAACACACACAAAE	25	6	2.205410879530141e-07	43.466993469328585
v25CCCACACCACACACACCACACACACACACACACACAACACACAAAE	25	6	2.3018778860044262e-07	21.872676300000002
v25CCCACACCACACACACCACACACACACACACACACAACACACADEE	25	6	2.7223060602833666e-07	21.872676300000002
v25CCCACACCACACACACCACACACACACCACACACADECAACACAAE	25	6	2.558951910512793e-06	21.872676300000002
v25CCCACACCACCACACAACACCACACAACACCACACAACAACACAAE	25	6	1.1310164355764845e-07	2.1000000000000014
v25CCCACACCACCACACACACACCACAACACACACCACAACAACAABE	25	6	8.936905871454171e-07	43.466993469328585
v25CCCACCACACACACACACACACACACACACACACACACACACAAAE	25	6	3.1156006880931097e-07	43.466993469328585
v25CCCACCACACCACACACAACCACACACAACCACACACAACACAABE	25	6	9.749258857782871e-06	21.872676300000002
v25CCCACCACACCACACACACACCACAACACACACCACAACACAAABE	25	6	3.2236222196343676e-07	21.872676300000002
v25CCCACCACACCACACACACACCACACAACACACCACACAACAAABE	25	6	1.602673350333731e-07	43.466993469328585
v25CCCACCACACCACACACACACCACACACAACACACACACAACADEE	25	6	3.94235759460853e-07	21.872676300000002
v25CCCACCACACCACACACACACCACACACAACACCACACACAAAABE	25	6	1.492121338516524e-07	43.466993469328585
v25CCCACCACACCACACACACACCACACACAACACCACACACAAABAE	25	6	1.132439952123749e-07	43.466993469328585
v25CCCACCACACCACACACACACCACACACACAACCACACAACAAABE	25	6	1.6808491570575239e-06	21.872676300000002
v25CCCACCACACCACACACACACCACACACACAACCACACACAAAABE	25	6	2.5401909088380534e-06	21.872676300000002
v25CCCACCACACCACACACACACCACACACACAACCACACACAAABAE	25	6	1.2352392550341122e-06	21.872676300000002
v25CCCACCACACCACACACACACCACACACACAACCACACACADEABE	25	6	1.8519219265899639e-06	21.872676300000002
v25CCCACCACACCACACACACACCACACACACAACCACACACADEBAE	25	6	1.156466337988009e-06	21.872676300000002
v25CCCACCACACCACACACACACCACACACACACACACACACAAABAE	25	6	1.9324050865852809e-07	21.872676300000002
v25CCCACCACACCACACACACACCACACACACACACCACACAADAEAE	25	6	1.9131856921256505e-07	43.466993469328585
v25CCCACCACACCACACACACACCACACACACACACCACACADABEAE	25	6	1.6553707749400991e-07	21.872676300000002
v25CCCACCACACCACACCAACACCACACACAACACACACACAACADEE	25	6	3.79767055016678e-07	21.872676300000002
v25CCCACCACACCACACCAACACCACACACAACACCACACACAAAABE	25	6	2.0081442250985595e-07	43.466993469328585
v25CCCACCACACCACACCAACACCACACACAACACCACACACAAABAE	25	6	2.001932148059431e-07	21.872676300000002
v25CCCACCACACCACACCAACACCACACACCAACACACACAACDEABE	25	6	1.0341804626910148e-06	2.1000000000000014
v25CCCACCACACCACACCAACACCACACACCAACACACACACAAAABE	25	6	3.800727237069891e-07	21.872676300000002
v25CCCACCACACCACACCAACACCACACACCAACACACACACAAABAE	25	6	2.803141056930359e-07	43.466993469328585
v25CCCACCACACCACACCAACACCACACACCAACACACACACADEABE	25	6	2.1205188484753045e-06	21.872676300000002
v25CCCACCACACCACACCAACACCACACACCAACACCACACADABEAE	25	6	3.752497798649937e-07	2.1000000000000014
v25CCCACCACACCACACCAACACCACACACDEACCACACACAACADEE	25	6	2.424803404957819e-07	43.466993469328585
v25CCCACCACACCACACCACACACCACACAACACAACCACACAADEAE	25	6	1.6284814043957103e-06	21.872676300000002
v25CCCACCACACCACACCACACACCACACACAAACACCACACADEAAE	25	6	2.4465562019699526e-07	43.466993469328585
v25CCCACCACACCACACCACACACCACACACAACAACCACACADAEAE	25	6	1.2526862011292523e-06	21.872676300000002
v25CCCACCACACCACACCACACACCACACACAACACACACACADEAAE	25	6	2.932386733980743e-07	43.466993469328585
v25CCCACCACACCACACCACACACCACACACCADEACCACACAADBEE	25	6	9.357467651954174e-07	43.466993469328585
v25CCCACCACACCACACCACACACCACACACCADEACCACACAADEAE	25	6	6.255684678964103e-07	43.466993469328585
v25CCCACCACACCACACCACACACCACACACCADEACCACACADAEAE	25	6	4.1027993785422476e-07	43.466993469328585
v25CCCACCACACCACACCACACACDEACCACACACAACCAACACAAAE	25	6	3.869402070593305e-07	43.466993469328585
v25CCCACCACCACCACACACAACACCACACACAACACACACACAABAE	25	6	5.394465573997487e-07	21.872676300000002
v25CCCACCACCACCACACACACCACACCADEACACCACACACDEAABE	25	6	3.7176925498650358e-06	21.872676300000002
v25CCCACCACCACCACACACACCACACCADEACACCACACACDEABAE	25	6	1.715237643325597e-06	21.872676300000002
v25CCCACCACCACCACACCACACCAACCACACACACAADECACAAABE	25	6	3.8581824006959473e-07	21.872676300000002
v25CCCACCCACCACCACACACACACAACCACACACACACAAACADEAE	25	6	5.345394908556746e-07	43.466993469328585
v25CCCACCCACCACCACACCAACAACACCACACACCAAACACAAAABE	25	6	6.537528475901999e-07	2.1000000000000014
v25CCCACCCACCACCACACCACACACCACACACACACAAAABCAAAAE	25	6	2.9820154012346774e-07	49.112965600533286
v25CCCACCCACCACCCACCAACCACACDECCAACAACAACADEBCAAE	25	7	5.758335625184366e-07	29.9083225384962
v25CCCCACCACACACACACACACACACACACACACACACACAACAAAE	25	6	7.673817698453469e-07	21.872676300000002
v25CCCCACCACACACACACCACACACACAACCACACACACAACAAAAE	25	6	4.766332297398462e-07	43.466993469328585
v25CCCCACCACACACACACCACACACACACACACAACACACAACAAAE	25	6	4.36478127521086e-07	21.872676300000002
v25CCCCACCACACACACACCACACACACACACACACAACACAACAAAE	25	6	1.4852316668317619e-06	21.872676300000002
v25CCCCACCACACACACACCACACACACACACACACACAACAACAAAE	25	6	4.7649280944434763e-07	21.872676300000002
v25CCCCACCACACACACACCACACACACACACACACACAACACAAABE	25	6	6.274381315701484e-07	21.872676300000002
v25CCCCACCACACACACACCACACACACACACACACACACAAACAAAE	25	6	4.741658563040849e-07	21.872676300000002
v25CCCCACCACACACACACCACACACACACACACACACACAACAAAAE	25	6	3.412384467956934e-07	21.872676300000002
v25CCCCACCACACACACACCACACACACACACCAACAACACAACAAAE	25	6	5.559462439021144e-07	21.872676300000002
v25CCCCACCACACACACACCACACACACACACCAACACAACAACAAAE	25	6	3.764917152295727e-07	43.466993469328585
v25CCCCACCACACACCACACACACAACCACACACACAACACAACAAAE	25	6	1.269223885967504e-06	21.872676300000002
v25CCCCACCACACACCACACACACACACACACACAACACACAACAAAE	25	6	7.276505350585595e-07	21.872676300000002
v25CCCCACCACACACCACACACACACACACACACACAACACAACAAAE	25	6	1.3518655802320904e-06	21.872676300000002
v25CCCCACCACACACCACACACACACACACACACACACAACAACAAAE	25	6	2.6863294574304624e-07	21.872676300000002
v25CCCCACCACACACCACACACACACACACACACACACAACACAAABE	25	6	3.990283557842866e-07	21.872676300000002
v25CCCCACCACACACCACACACACACACACACACACACACAAACAAAE	25	6	3.8117362512561545e-07	21.872676300000002
v25CCCCACCACACACCACACACACACACACACACACACACAACAAAAE	25	6	2.8760124183662356e-07	21.872676300000002
v25CCCCACCACACACCACACACACACACCAACACACACAACAACAAAE	25	6	3.3290443256990347e-07	43.466993469328585
v25CCCCACCACACACCACACACACACACCAACACACACAACCAAABAE	25	6	2.8718175377798416e-07	43.466993469328585
v25CCCCACCACACACCACACACACACACCACAACACACAACACAAABE	25	6	5.90384423945285e-07	21.872676300000002
v25CCCCACCACACACCACACACACACACCACAACACACAACCAAABAE	25	6	2.636617580420429e-07	21.872676300000002
v25CCCCACCACACACCACACCACACACACAACACAACACACAACAAAE	25	6	2.2660008572659965e-07	55.27909663310495
v25CCCCACCACACACCACACCACACACACAACACACAACACAACAAAE	25	6	2.5835004742610124e-07	43.466993469328585
v25CCCCACCACACACCACACCACACACACAACACACACAACAACAAAE	25	6	4.872407311310729e-07	21.872676300000002
v25CCCCACCACACACCACACCACACACACAACACCAACACACAAABBE	25	6	3.7831005802875873e-07	21.872676300000002
v25CCCCACCACACACCACACCACACACACAACACCACAACACAAABAE	25	6	3.161276985164747e-07	43.466993469328585
v25CCCCACCACACACCACACCACACACACACAACACACAACACAAABE	25	6	9.933134166557497e-07	21.872676300000002
v25CCCCACCACACACCACACCACACACACACAACACACACAACAAAAE	25	6	3.6187034981859947e-07	43.466993469328585
v25CCCCACCACACACCACACCACACACACACAACCAACACACAAABBE	25	6	4.082999092383184e-07	43.466993469328585
v25CCCCACCACACACCACACCACACACACACAACCACAACACAAABAE	25	6	4.0057194153223585e-07	43.466993469328585
v25CCCCACCACACACCACACCACACACACACACACAACACAAACAAAE	25	6	2.1561552585941867e-07	21.872676300000002
v25CCCCACCACACACCACACCACACACACACACACAACACAACAAAAE	25	6	2.604491040402632e-07	43.466993469328585
v25CCCCACCACACACCACACCACACACACACACACACAACAAACAAAE	25	6	2.5145563063123307e-07	55.27909663310495
v25CCCCACCACACACCACACCACACACACACACACACAACAACAAAAE	25	6	2.4817680214886756e-07	21.872676300000002
v25CCCCACCACACACCACACCACACACACACACACACAACAACAAABE	25	6	3.34265906394386e-07	21.872676300000002
v25CCCCACCACACACCACACCACACACACACACACACAACACAAAABE	25	6	4.3866493650259176e-07	21.872676300000002
v25CCCCACCACACACCACACCACACACACACACACACAACACAAABAE	25	6	4.4779861666288415e-07	21.872676300000002
v25CCCCACCACACACCACACCACACACACACACACACACAAACAAAAE	25	6	8.657605808565235e-07	21.872676300000002
v25CCCCACCACACACCACACCACACACACCAACACACAACAACAAAAE	25	6	2.5721670573284675e-07	43.466993469328585
v25CCCCACCACACACCACACCACACACACCAACACACAACAACAAABE	25	6	2.196175615507746e-07	43.466993469328585
v25CCCCACCACACACCACACCACACACACCAACACACAACACADEABE	25	6	3.5994858555645326e-07	43.466993469328585
v25CCCCACCACACACCACACCACACACACCAACACCACAACADABEAE	25	6	5.285154817345355e-07	43.466993469328585
v25CCCCACCACACCACACACACACACACACACACACAACACAACAAAE	25	6	5.143707711722442e-07	21.872676300000002
v25CCCCACCACACCACACACACACACACACACACACACAACAACAAAE	25	6	1.4968874976572276e-07	43.466993469328585
v25CCCCACCACACCACACACACACACACACACACACACAACACAAABE	25	6	2.2215703844539756e-07	21.872676300000002
v25CCCCACCACACCACACACACACACACACACACACACACAACAAAAE	25	6	2.4707383596597373e-07	43.466993469328585
v25CCCCACCACACCACACACACACACCAACACACACAACCAACAADEE	25	6	4.536471012692928e-06	21.872676300000002
v25CCCCACCACACCACACACACACACCAACACACACACACAACAAAAE	25	6	2.7354166496782763e-07	43.466993469328585
v25CCCCACCACACCACACACACACACCACAACACACAACACAACAAAE	25	6	3.995392892325109e-07	43.466993469328585
v25CCCCACCACACCACACACACACACCACACACACACAACAAACAAAE	25	6	3.5862404858563433e-07	21.872676300000002
v25CCCCACCACACCACACACACACACCACACACACACAACAACAAAAE	25	6	4.645792917587327e-07	21.872676300000002
v25CCCCACCACACCACACACACACACCACACACACACAACAACAAABE	25	6	6.710003829483029e-07	21.872676300000002
v25CCCCACCACACCACACACCACACACAACACACACACACAACAAAAE	25	6	3.262791390690576e-07	43.466993469328585
v25CCCCACCACACCACACACCACACACACAACACACAACACAACAAAE	25	6	3.406774689407647e-07	49.112965600533286
v25CCCCACCACACCACACACCACACACACAACACCAACACACAAABBE	25	6	3.017343264873064e-07	43.466993469328585
v25CCCCACCACACCACACACCACACACACAACACCACAACACAAABAE	25	6	2.7821657084096227e-07	43.466993469328585
v25CCCCACCACACCACACACCACACACACACAACACACAACACAAABE	25	6	6.291052801676357e-07	21.872676300000002
v25CCCCACCACACCACACACCACACACACACAACACACACAACAAAAE	25	6	2.1096748150205137e-07	49.112965600533286
v25CCCCACCACACCACACACCACACACACACAACCAACACAACAADEE	25	6	2.1577789517149477e-07	55.27909663310495
v25CCCCACCACACCACACACCACACACACACAACCAACACACAAABBE	25	6	2.0342892857945748e-07	43.466993469328585
v25CCCCACCACACCACACACCACACACACACACACAACAACAACAAAE	25	6	3.275361188572503e-07	21.872676300000002
v25CCCCACCACACCACACACCACACACACACACACAACACAAACAAAE	25	6	1.6920205612571989e-07	55.27909663310495
v25CCCCACCACACCACACACCACACACACACACACAACACAACAAAAE	25	6	1.7186570757105104e-07	55.27909663310495
v25CCCCACCACACCACACACCACACACACACACACAACACAACAADEE	25	6	1.600871033472349e-07	55.27909663310495
v25CCCCACCACACCACACACCACACACACACACACACAACAACAAAAE	25	6	2.0923925908260657e-07	55.27909663310495
v25CCCCACCACACCACACACCACACACACACACACACAACAACAAABE	25	6	1.6916044584560645e-07	43.466993469328585
v25CCCCACCACACCACACACCACACACACACACACACAACACAAAABE	25	6	1.6825644664221085e-07	43.466993469328585
v25CCCCACCACACCACACACCACACACACACACACACAACACAAABAE	25	6	2.0369015348917454e-07	55.27909663310495
v25CCCCACCACACCACACACCACACACACACACACCAAACACAAAABE	25	6	4.3208237399222686e-07	21.872676300000002
v25CCCCACCACACCACACACCACACACACACACACCAACAACAAAABE	25	6	2.882186926373215e-07	43.466993469328585
v25CCCCACCACACCACACACCACACACCAACACACAACAACAACAAAE	25	6	8.867481066787186e-07	21.872676300000002
v25CCCCACCACACCACACACCACACACCAACACACAACAACCAAABAE	25	6	7.53864253639363e-07	21.872676300000002
v25CCCCACCACACCACACACCACACACCAACACACACAAACCAAABAE	25	6	9.283061809378008e-07	21.872676300000002
v25CCCCACCACACCACACACCACACACCAACACACACAACACAAAABE	25	6	3.8837165781721326e-07	21.872676300000002
v25CCCCACCACACCACACACCACACACCAACACACACAACACAAABAE	25	6	3.538051325503597e-07	43.466993469328585
v25CCCCACCACACCACACACCACACACCAACACACACAACACDEAABE	25	6	4.150992653857862e-07	21.872676300000002
v25CCCCACCACACCACACACCACACACCAACACACACACAACDEAAAE	25	6	7.907803386618729e-07	21.872676300000002
v25CCCCACCACACCACACACCACACACCAACACACCAAACACAAAABE	25	6	3.349666218738856e-07	21.872676300000002
v25CCCCACCACACCACACACCACACACCAACACACCAACAACAAAABE	25	6	5.220418840016168e-07	43.466993469328585
v25CCCCACCACACCACACACCACACACCAACACACCAACAADCAAAEE	25	6	5.739455753078837e-07	21.872676300000002
v25CCCCACCACACCACACACCACACACCACACACACAAACACAAAABE	25	6	2.084669428341961e-07	55.27909663310495
v25CCCCACCACACCACACACCACACACCACACACACAACAACAAAABE	25	6	2.4312288973175417e-07	21.872676300000002
v25CCCCACCACACCACACACCACACACCACACACACCAAABACAAAAE	25	6	2.232160589469552e-07	43.466993469328585
v25CCCCACCACACCACCACACCACACACAACACAACAACACAACAAAE	25	6	1.6510645101410195e-07	43.466993469328585
v25CCCCACCACACCACCACACCACACACAACACAACACAACAACAAAE	25	6	1.6207460083404026e-07	43.466993469328585
v25CCCCACCACACCACCACACCACACACAACACAACCAACACAADEBE	25	6	1.4719550945271892e-07	43.466993469328585
v25CCCCACCACACCACCACACCACACACAACACAACCACAACAADEAE	25	6	1.859475117881949e-07	43.466993469328585
v25CCCCACCACACCACCACACCACACACAACCAAACCAACACAADEBE	25	6	2.8225232658367134e-07	43.466993469328585
v25CCCCACCACACCACCACACCACACACAACCAACACAACADECAAAE	25	6	1.6098002738549753e-07	55.27909663310495
v25CCCCACCACACCACCACACCACACACAACCAACACACAACAADBEE	25	6	1.9844112813488884e-07	43.466993469328585
v25CCCCACCACACCACCACACCACACACAACCACAACAACADECAAAE	25	6	1.6504656613473978e-07	43.466993469328585
v25CCCCACCACACCACCACACCACACACAACCACAACCAACADEDAEE	25	6	1.5992857849470012e-07	43.466993469328585
v25CCCCACCACACCACCACACCACACACACACAACACAACAAACAAAE	25	6	3.325565392393805e-07	21.872676300000002
v25CCCCACCACACCACCACACCACACACACACAACACAACAACAAAAE	25	6	1.5867729269408205e-07	43.466993469328585
v25CCCCACCACACCACCACACCACACACACACAACACACAAACAAAAE	25	6	2.2860991598539892e-07	43.466993469328585
v25CCCCACCACACCACCACACCACACACACACAACACACAAACADEAE	25	6	2.4820603966082064e-07	43.466993469328585
v25CCCCACCACCACACCACACACACAACACCACACACACAAACAAAAE	25	6	4.672043130576752e-07	21.872676300000002
v25CCCCACCACCACACCACACACACACAACACACACACACAACAAAAE	25	6	4.5814507203901103e-07	21.872676300000002
v25CCCCACCACCACACCACACACACACAACCAACACACACAACAAAAE	25	6	5.395933015030979e-07	43.466993469328585
v25CCCCACCACCACACCACACACACACAACCACACAACACAACAAAAE	25	6	4.400964357192594e-07	43.466993469328585
v25CCCCACCACCACACCACACACACACAACCACACACAACAACAAAAE	25	6	3.972949393562772e-07	49.112965600533286
v25CCCCACCACCACACCACACACACACACACAACACACAACACAAABE	25	6	4.037833095460118e-07	43.466993469328585
v25CCCCACCACCACACCACACACACACACACAACACACACAACAAAAE	25	6	1.7466336958497919e-07	43.466993469328585
v25CCCCACCACCACACCACACACACACACACACAACACAACAACAAAE	25	6	2.260967260416997e-07	21.872676300000002
v25CCCCACCACCACACCACACACACACACACACAACACAACACAAABE	25	6	2.950345687421883e-07	21.872676300000002
v25CCCCACCACCACACCACACACACACACACACACAACAACAACAAAE	25	6	3.1653081162574084e-07	21.872676300000002
v25CCCCACCACCACACCACACACACACACACACACAACACAAACAAAE	25	6	1.818940020758559e-07	43.466993469328585
v25CCCCACCACCACACCACACACACACACACACACAACACAACAAAAE	25	6	2.0868611683783453e-07	43.466993469328585
v25CCCCACCACCACACCACACACACACACACACACACAACAACAAAAE	25	6	1.97834971375606e-07	43.466993469328585
v25CCCCACCACCACACCACACACACACACACACACACACAAACAAAAE	25	6	3.8726281397688784e-07	21.872676300000002
v25CCCCACCACCACACCACACACACACACACCAACACACAAACADEAE	25	6	2.6747061778520797e-07	43.466993469328585
v25CCCCACCACCACACCACACACACACACACCAACACACAACAADEAE	25	6	3.56212256881588e-07	43.466993469328585
v25CCCCACCACCACACCACACACACCAACACACACAACACCAAABABE	25	6	1.7227792379489872e-07	43.466993469328585
v25CCCCACCACCACACCACACCAACCACACACAACACAACAAACAAAE	25	6	2.0710602748187696e-07	55.27909663310495
v25CCCCACCACCACACCACACCAACCACACACACAACCAACAAADAEE	25	6	2.997800504757043e-07	43.466993469328585
v25CCCCACCACCACACCACACCACACACACACAACACAACAACAAAAE	25	6	1.9353195730674284e-07	43.466993469328585
v26CCACCCACCACACCACCACACCACACACCABACCACABABCACABABE	26	6	3.064845810480559e-07	21.872676300000002
v26CCCACACACCAACACACCAACACACCAACACACCAACACACCAACAAE	26	6	3.378966093379924e-05	2.1000000000000014
v26CCCACACACCACACACACCACACACAACCACACACAACACACACAAAE	26	6	3.2153135352939946e-06	21.872676300000002
v26CCCACACACCACACACACCACACACACACACACACAACACACACAAAE	26	6	5.225780482176648e-07	21.872676300000002
v26CCCACACACCACACACACCACACACACACACACACACAACACACAAAE	26	6	1.515093831731671e-06	21.872676300000002
v26CCCACACACCACACACACCACACACACACCACACACACAAACACAABE	26	6	7.568068539156365e-07	21.872676300000002
v26CCCACACCACACAACCACACAACCACACAACCACACAACCACACAAAE	26	6	1.8146415216199135e-06	2.1000000000000014
v26CCCACACCACACACACACACACACACACACACACACACACACACAABE	26	6	1.4026706307837457e-06	21.872676300000002
v26CCCACACCACACACACCACACACAACCACACACAACACACACAACAAE	26	6	1.0680993345006796e-06	21.872676300000002
v26CCCACACCACACACACCACACACAACCACACACAACCACACACAAAAE	26	6	3.6550744035772944e-06	21.872676300000002
v26CCCACACCACACACACCACACACACACACACACAACACACACAACAAE	26	6	7.318447324494716e-07	21.872676300000002
v26CCCACACCACACACACCACACACACACACACACACAACACACACAABE	26	6	3.0611667704145253e-07	43.466993469328585
v26CCCACACCACACACACCACACACACACACACACACACACACACAAAAE	26	6	3.2498627496518593e-07	21.872676300000002
v26CCCACACCACACACACCACACACACACACACACACACACACACAADEE	26	6	1.1142257135386493e-06	21.872676300000002
v26CCCACACCACACACACCACACACACACACACACACACACACACADEAE	26	6	3.3001717118112846e-07	21.872676300000002
v26CCCACACCACACACACCACACACACACCAACACACACACCAABACAAE	26	6	1.8417903354896766e-06	21.872676300000002
v26CCCACACCACACACACCACACACACACCACACACACAAACACACADEE	26	6	6.1159724446773544e-06	21.872676300000002
v26CCCACACCACACACACCACACACACACCACACACACAACAACACAAAE	26	6	1.4697297640273999e-06	21.872676300000002
v26CCCACACCACACACACCACACACACACCACACACADECACACACAAAE	26	6	8.44607548990091e-06	2.1000000000000014
v26CCCACACCACCACACAACACCACACAACACCACACAACACACACAABE	26	6	3.4046253274671544e-07	2.1000000000000014
v26CCCACCACACCACACACAACCACACACAACCACACACAACACAACAAE	26	6	1.5937449645795986e-05	2.1000000000000014
v26CCCACCACACCACACACACACCACACACAACACACACACAACACAABE	26	6	2.54065741489049e-07	21.872676300000002
v26CCCACCACACCACACACACACCACACACAACACCACACACAAACADEE	26	6	1.807814970530038e-07	21.872676300000002
v26CCCACCACACCACACACACACCACACACAACACCACACACAACAADEE	26	6	1.4373519240196776e-07	55.27909663310495
v26CCCACCACACCACACACACACCACACACACAACCACACAACAAACAAE	26	6	2.501539632830186e-06	21.872676300000002
v26CCCACCACACCACACACACACCACACACACAACCACACACAAACADEE	26	6	2.3038156838505724e-06	21.872676300000002
v26CCCACCACACCACACACACACCACACACACAACCACACACACAAADEE	26	6	2.286854026984469e-06	21.872676300000002
v26CCCACCACACCACACACACACCACACACACAACCACACACACAABABE	26	6	3.2932669212538376e-06	21.872676300000002
v26CCCACCACACCACACACACACCACACACACAACCACACACACAABBAE	26	6	1.2009733265289024e-06	21.872676300000002
v26CCCACCACACCACACACACACCACACACACAACCACACACADECADEE	26	6	1.6967583206520862e-06	21.872676300000002
v26CCCACCACACCACACACACACCACACACACACACACACACAAACADEE	26	6	4.167970411005952e-07	21.872676300000002
v26CCCACCACACCACACACACACCACACACACACACCACACAACAAAABE	26	6	1.9814547550841814e-07	43.466993469328585
v26CCCACCACACCACACACACACCACACACACACACCACACAACADEABE	26	6	2.1350352444567554e-07	21.872676300000002
v26CCCACCACACCACACACACACCACACACACACACCACACACAAAABAE	26	6	1.964621479170713e-07	43.466993469328585
v26CCCACCACACCACACACACACCACACACACACACCACACACAADEABE	26	6	1.7963972147687048e-07	21.872676300000002
v26CCCACCACACCACACACACACCACACACACACACCACACACAADEBAE	26	6	1.7272723990112932e-07	43.466993469328585
v26CCCACCACACCACACACACACCACACACACACACCACACACADAEABE	26	6	1.9658763095122416e-07	43.466993469328585
v26CCCACCACACCACACACACACCACACACACACACCACACACADEAABE	26	6	1.6514483140206617e-07	21.872676300000002
v26CCCACCACACCACACACACACCACACACACACACCACACACADEABAE	26	6	1.639477032673905e-07	21.872676300000002
v26CCCACCACACCACACCAACACCACACACAACACACACACAACACAABE	26	6	2.5086972968759085e-07	21.872676300000002
v26CCCACCACACCACACCAACACCACACACAACACCACACACAAACADEE	26	6	2.614844501272988e-07	21.872676300000002
v26CCCACCACACCACACCAACACCACACACAACACCACACACAACAADEE	26	6	1.9677681737521282e-07	21.872676300000002
v26CCCACCACACCACACCAACACCACACACCAACACACACAACCAABABE	26	6	6.164035772353402e-07	2.1000000000000014
v26CCCACCACACCACACCAACACCACACACCAACACACACAACDEACAAE	26	6	1.534435316112405e-06	2.1000000000000014
v26CCCACCACACCACACCAACACCACACACCAACACACACACAAACADEE	26	6	3.862662746884789e-07	21.872676300000002
v26CCCACCACACCACACCAACACCACACACCAACACACACACACAAADEE	26	6	9.89815094110853e-07	21.872676300000002
v26CCCACCACACCACACCAACACCACACACCAACACACACACACAABABE	26	6	5.344274425705128e-07	21.872676300000002
v26CCCACCACACCACACCAACACCACACACCAACACACACACACDEADEE	26	6	5.276093140309707e-06	2.1000000000000014
v26CCCACCACACCACACCAACACCACACACCAACACCACACACAAAABAE	26	6	2.3737688404193313e-07	43.466993469328585
v26CCCACCACACCACACCAACACCACACACCAACACCACACACADBEABE	26	6	4.934026115441364e-07	21.872676300000002
v26CCCACCACACCACACCAACACCACACACCAACACCACACACADBEBAE	26	6	7.115869694430504e-07	2.1000000000000014
v26CCCACCACACCACACCAACACCACACACDEACCACACACAACACAABE	26	6	2.4002954748555805e-07	43.466993469328585
v26CCCACCACACCACACCACACAACACACCACACAACACACCAACAADEE	26	6	5.950718326393851e-07	43.466993469328585
v26CCCACCACACCACACCACACAACACACCACACAACACACCACAAADEE	26	6	5.853015534573071e-07	43.466993469328585
v26CCCACCACACCACACCACACACCACACAACACAACCACACAACAAABE	26	6	3.259186380050578e-06	21.872676300000002
v26CCCACCACACCACACCACACACCACACAACACACACCACACAADAEAE	26	6	5.704229814892296e-07	43.466993469328585
v26CCCACCACACCACACCACACACCACACACAACAACCACACACAAAABE	26	6	2.644263540712534e-06	21.872676300000002
v26CCCACCACACCACACCACACACCACACACAACAACCACACACAAABAE	26	6	2.1204170160034533e-06	21.872676300000002
v26CCCACCACACCACACCACACACCACACACAACACACACACACAAAABE	26	6	6.029149807073462e-07	21.872676300000002
v26CCCACCACACCACACCACACACCACACACAACACACACACACAAABAE	26	6	3.8371573980538275e-07	43.466993469328585
v26CCCACCACACCACACCACACACCACACACACAACACACACACAAAABE	26	6	4.729234665742457e-07	21.872676300000002
v26CCCACCACACCACACCACACACCACACACACAACACACACACAAABAE	26	6	3.9891030256633285e-07	43.466993469328585
v26CCCACCACACCACACCACACACCACACACACAACACACACACADEABE	26	6	2.0256971178222208e-06	21.872676300000002
v26CCCACCACACCACACCACACACCACACACACAACACCACACADABEAE	26	6	3.563331031553349e-07	43.466993469328585
v26CCCACCACACCACACCACACACCACACACACACAACCACACADABEAE	26	6	2.4483396323786425e-06	21.872676300000002
v26CCCACCACACCACACCACACACCACACACCAAACACACACAACDEABE	26	6	1.1623951810142868e-06	21.872676300000002
v26CCCACCACACCACACCACACACCACACACCAAACACACACACADEABE	26	6	3.448134019474998e-06	21.872676300000002
v26CCCACCACACCACACCACACACCACACACCAAACACCACACADABEAE	26	6	4.653626370973136e-07	21.872676300000002
v26CCCACCACACCACACCACACACCACACACCADEACCACACAACDEABE	26	6	6.190020428834028e-07	43.466993469328585
v26CCCACCACACCACACCACACACCACACACCADEACCACACACADEABE	26	6	6.556631972865533e-07	43.466993469328585
v26CCCACCACACCACACCACACACCACACACCADEACCACACACADEBAE	26	6	6.328557860237681e-07	55.27909663310495
v26CCCACCACACCACACCACACACDEACCACACACAACCACACACAAAAE	26	6	3.820198255599414e-07	43.466993469328585
v26CCCACCACCACACACAACCACACACAACCACACACAACCAACACAAAE	26	6	2.7806612571787526e-05	21.872676300000002
v26CCCACCACCACCACAACACCACACCACAACACCACAACCAAACAAAAE	26	6	5.662629844805171e-07	21.872676300000002
v26CCCACCACCACCACAACACCACACCACAACACCACAACCAAACAADEE	26	6	1.6110897629369729e-06	21.872676300000002
v26CCCACCACCACCACAACACCACACCACAACACCACACACAAACAADEE	26	6	9.601245000696194e-06	21.872676300000002
v26CCCACCACCACCACACACAACACCACACACAACACACACACAACADEE	26	6	6.653039662706528e-07	21.872676300000002
v26CCCACCACCACCACACACAACACCACACACAACACCACACACAAAABE	26	6	2.4354122424478433e-07	43.466993469328585
v26CCCACCACCACCACACACAACACCACACACAACACCACACACAAABAE	26	6	2.444757718508484e-07	43.466993469328585
v26CCCACCACCACCACACACACCACACCAAACACACCACACACDEAAABE	26	6	2.0049938125245487e-06	21.872676300000002
v26CCCACCCACCACCACACACCAACCAACCACACACACAACAAACADEAE	26	6	2.483676276249342e-07	43.466993469328585
v26CCCACCCACCACCACACACCACACACACACACACACDEACACADEAAE	26	6	4.914492959019556e-07	43.466993469328585
v26CCCACCCACCACCACACACCACACCAACCACACAACACACADEABABE	26	6	2.396016958655305e-07	43.466993469328585
v26CCCACCCACCACCACACCAACACACACACAACCAACACACACAABDEE	26	6	5.686606892376087e-07	21.872676300000002
v26CCCACCCACCACCACACCAACACACACCACAACCAACAACAADECAAE	26	6	5.808316060529993e-07	21.872676300000002
v26CCCACCCACCACCACACCAACACCACAACACACCAABACCACAABABE	26	6	2.0666400406913676e-06	21.872676300000002
v26CCCACCCACCACCACACCACACACCACACACACACAAACAACAAAABE	26	6	1.3224468180145377e-06	21.872676300000002
v26CCCACCCACCACCCACCACCAACCAACAACCDECDECACAACAABDEE	26	7	3.2349121755666074e-05	1.8000000000000012
v26CCCACCCACCACCCACCACCACCDECCACAACCDECDEDECDEDBEBE	26	7	2.252243356338186e-06	18.74800825714286
v26CCCCACCACACACCACACACACAACCACACACACAACACACAACAAAE	26	6	1.9624125395578223e-06	21.872676300000002
v26CCCCACCACCACACCACACACACCACAACCACACAACACCADEABABE	26	6	6.665914813862291e-07	21.872676300000002
v26CCCCACCACCACACCACACCAACAACACCACACACCAAACACAAAABE	26	6	5.755368068540021e-07	43.466993469328585
v27CCCACACACACACACACACACACACACACACACACACACACACACACAAE	27	6	2.657453510584859e-05	2.1000000000000014
v27CCCACACACCACACACACACACACACACACACACACACACACACACAAAE	27	6	9.298043277600431e-07	21.872676300000002
v27CCCACACACCACACACACCACACACAACCACACACAACCACACACAAAAE	27	6	6.121309743074606e-06	21.872676300000002
v27CCCACACACCACACACACCACACACACACACACACACACACACACADEAE	27	6	1.5001477459484384e-06	21.872676300000002
v27CCCACACACCACACACACCACACACACACCACACACACAACACACAABAE	27	6	1.2238971532816651e-06	21.872676300000002
v27CCCACACACCACACACACCACACACACACCACACACACACAACACAABAE	27	6	2.610847916032411e-07	43.466993469328585
v27CCCACACACCACACACACCACACACACACCACACACADECACACACAAAE	27	6	3.0016949849590454e-07	2.1000000000000014
v27CCCACACCACACAACCACACAACCACACAACCACACAACCACACAACAAE	27	6	1.971038985868868e-06	2.1000000000000014
v27CCCACACCACACACACACACACACACACACACACACACACACACAACAAE	27	6	1.6975562165475355e-06	21.872676300000002
v27CCCACACCACACACACCACACACAACCACACACAACACACACAACACAAE	27	6	1.144264388709845e-06	21.872676300000002
v27CCCACACCACACACACCACACACAACCACACACAACCACACACAAACAAE	27	6	1.1481587936858104e-05	2.1000000000000014
v27CCCACACCACACACACCACACACAACCACACACAACCACACACAACAAAE	27	6	4.613333362451183e-06	21.872676300000002
v27CCCACACCACACACACCACACACAACCACACACAACCACACACAACAABE	27	6	2.964140057522181e-06	21.872676300000002
v27CCCACACCACACACACCACACACACACACACACAACACACACAACACAAE	27	6	4.510112995893945e-07	21.872676300000002
v27CCCACACCACACACACCACACACACACACACACACACACACACAACAAAE	27	6	1.0061976017270368e-06	21.872676300000002
v27CCCACACCACACACACCACACACACACACACACACACACACACAACAABE	27	6	5.783650225474351e-07	21.872676300000002
v27CCCACACCACACACACCACACACACACACACACACACACACACACAAABE	27	6	4.0824193507385e-07	21.872676300000002
v27CCCACACCACACACACCACACACACACACACACACACACACACACAABAE	27	6	1.4755316866497112e-06	21.872676300000002
v27CCCACACCACACACACCACACACACACCACACACACAACACACACAAAAE	27	6	1.6664566545480313e-06	21.872676300000002
v27CCCACACCACACACACCACACACACACCACACACACAACACACACADEAE	27	6	5.919195737100125e-06	21.872676300000002
v27CCCACACCACACACACCACACACACACCACACACACAACCAACACAAAAE	27	6	6.812023559508271e-06	21.872676300000002
v27CCCACACCACACACACCACACACACACCACACACACAACCAACACAAABE	27	6	4.861652427139832e-06	21.872676300000002
v27CCCACACCACACACACCACACACACACCACACACACACAACACACAAAAE	27	6	1.2412939905767756e-05	21.872676300000002
v27CCCACACCACACACACCACACACACACCACACACACACAACACACAADEE	27	6	8.767537152173377e-06	21.872676300000002
v27CCCACACCACACACACCACACACACACCACACACADECACACACAACAAE	27	6	8.394426414804623e-06	21.872676300000002
v27CCCACACCACCACACAACACCACACAACACCACACAACACACACAACAAE	27	6	4.88521211822266e-07	2.1000000000000014
v27CCCACACCACCACACACAACCACACACAACCACACACAACACACACAAAE	27	6	3.5934186174199867e-06	21.872676300000002
v27CCCACACCACCACACACCACAACACACACCACAACACACACCACAABABE	27	6	2.0295821753276043e-05	21.872676300000002
v27CCCACCACACACACCACACACAACCACACACAACCACACACAACAACAAE	27	6	2.8455291127002607e-07	43.466993469328585
v27CCCACCACACCACACACAACCACACACAACCACACACAACCAACACAABE	27	6	3.479434893793479e-05	2.1000000000000014
v27CCCACCACACCACACACAACCACACACAACCACACACAACCACAACAAAE	27	6	3.987873934926784e-05	21.872676300000002
v27CCCACCACACCACACACAACCACACACAACCACACACAACCACAACAABE	27	6	4.057374203520869e-05	21.872676300000002
v27CCCACCACACCACACACACACCACACAACACACCACACAACAACACAAAE	27	6	2.6776843166596705e-07	21.872676300000002
v27CCCACCACACCACACACACACCACACACAACACACACACAACACAACAAE	27	6	3.917346232917615e-07	21.872676300000002
v27CCCACCACACCACACACACACCACACACAACACCAACACAACACAACAAE	27	6	1.3531764290597132e-07	43.466993469328585
v27CCCACCACACCACACACACACCACACACAACACCACACACAAACACAABE	27	6	2.561719118832248e-07	21.872676300000002
v27CCCACCACACCACACACACACCACACACAACACCACACACAACAACAABE	27	6	1.4294463742390616e-07	55.27909663310495
v27CCCACCACACCACACACACACCACACACAACACCACACACAACACADEAE	27	6	2.3508696634938982e-07	43.466993469328585
v27CCCACCACACCACACACACACCACACACACAACCACACAACAACACAAAE	27	6	1.862185937226755e-06	21.872676300000002
v27CCCACCACACCACACACACACCACACACACAACCACACACAAACACAABE	27	6	3.3659349060624636e-06	21.872676300000002
v27CCCACCACACCACACACACACCACACACACAACCACACACACAABCADEE	27	6	3.673049504090974e-06	21.872676300000002
v27CCCACCACACCACACACACACCACACACACAACCACACACACAACADEAE	27	6	2.4977262562346626e-06	21.872676300000002
v27CCCACCACACCACACACACACCACACACACAACCACACACADECACAABE	27	6	2.7191368614799443e-06	21.872676300000002
v27CCCACCACACCACACACACACCACACACACACACACACACAAACACAABE	27	6	2.6373959129528993e-07	21.872676300000002
v27CCCACCACACCACACACACACCACACACACACACACACACAACACADEAE	27	6	5.170787498448481e-07	21.872676300000002
v27CCCACCACACCACACACACACCACACACACACACACACACACAACADEAE	27	6	4.404875081205182e-07	21.872676300000002
v27CCCACCACACCACACACACACCACACACACACACCACACAACACAABABE	27	6	2.5948512317414954e-07	21.872676300000002
v27CCCACCACACCACACACACACCACACACACACACCACACAACADEACAAE	27	6	2.153460044300663e-07	21.872676300000002
v27CCCACCACACCACACACACACCACACACACACACCACACACAAACAADEE	27	6	1.9065312474180992e-07	43.466993469328585
v27CCCACCACACCACACACACACCACACACACACACCACACACAACAAADEE	27	6	1.6660148690459893e-07	43.466993469328585
v27CCCACCACACCACACACACACCACACACACACACCACACACAACAABBAE	27	6	1.959596919804205e-07	43.466993469328585
v27CCCACCACACCACACACACACCACACACACACACCACACACAADECADEE	27	6	1.7415468165489543e-07	43.466993469328585
v27CCCACCACACCACACACACACCACACACACACACCACACACACAAABABE	27	6	2.0728369155482072e-07	43.466993469328585
v27CCCACCACACCACACACACACCACACACACACACCACACACACAAABBAE	27	6	2.0447966448224917e-07	43.466993469328585
v27CCCACCACACCACACACACACCACACACACACACCACACACACAABABAE	27	6	1.907835566400112e-07	43.466993469328585
v27CCCACCACACCACACACACACCACACACACACACCACACACACADEADEE	27	6	2.5159078259999375e-07	55.27909663310495
v27CCCACCACACCACACACACACCACACACACACACCACACACACADEBABE	27	6	2.3725430366374857e-07	21.872676300000002
v27CCCACCACACCACACACACACCACACACACACACCACACACADEACADEE	27	6	1.645941827238549e-07	21.872676300000002
v27CCCACCACACCACACCAACACCAACACCAACACCAACACCAACACDEABE	27	6	1.2499620717516247e-06	2.1000000000000014
v27CCCACCACACCACACCAACACCACACACAACACCACACACAAACACAABE	27	6	3.52707746853372e-07	21.872676300000002
v27CCCACCACACCACACCAACACCACACACAACACCACACACAACAACAABE	27	6	1.9574185666759835e-07	21.872676300000002
v27CCCACCACACCACACCAACACCACACACAACACCACACACAACACADEAE	27	6	2.2053207032925946e-07	43.466993469328585
v27CCCACCACACCACACCAACACCACACACCAACACACACAACCAABACAAE	27	6	6.014939343041112e-07	2.1000000000000014
v27CCCACCACACCACACCAACACCACACACCAACACACACACAAACACAABE	27	6	2.9002409376112684e-07	21.872676300000002
v27CCCACCACACCACACCAACACCACACACCAACACACACACACAACADEAE	27	6	5.844420273732106e-07	21.872676300000002
v27CCCACCACACCACACCAACACCACACACCAACACACACACACCAABADEE	27	6	9.680798872342096e-07	2.1000000000000014
v27CCCACCACACCACACCAACACCACACACCAACACACACACACDEACAABE	27	6	1.1427263071242385e-05	2.1000000000000014
v27CCCACCACACCACACCAACACCACACACCAACACCACACACAAACAADEE	27	6	2.3926574821225823e-07	43.466993469328585
v27CCCACCACACCACACCAACACCACACACCAACACCACACACACAAABABE	27	6	8.000704174175094e-07	21.872676300000002
v27CCCACCACACCACACCAACACCACACACCAACACCACACACACAABABAE	27	6	4.177861191189231e-07	43.466993469328585
v27CCCACCACACCACACCAACACCACACACCAACACCACACACACDEAADEE	27	6	4.7093196647687535e-07	2.1000000000000014
v27CCCACCACACCACACCAACACCACACACCAACACCACACACACDEABABE	27	6	2.1505300061527092e-06	2.1000000000000014
v27CCCACCACACCACACCAACACCACACACCAACACCACACACADBECADEE	27	6	1.0511673038914197e-06	2.1000000000000014
v27CCCACCACACCACACCACACAACACACCACACAACACACCACACAADEAE	27	6	5.650408269583625e-07	55.27909663310495
v27CCCACCACACCACACCACACAACACACCACACAACACACCACACAADEBE	27	6	6.106371419333321e-07	43.466993469328585
v27CCCACCACACCACACCACACACACACACCAACACACACACACAACADEAE	27	6	8.592688478697434e-07	21.872676300000002
v27CCCACCACACCACACCACACACCACACAACACAACCACACAACAAACAAE	27	6	5.222100949042502e-06	21.872676300000002
v27CCCACCACACCACACCACACACCACACAACACACACCACACAACAAAABE	27	6	8.558289938466381e-07	21.872676300000002
v27CCCACCACACCACACCACACACCACACAACACACACCACACAACADEABE	27	6	6.957919792957343e-07	21.872676300000002
v27CCCACCACACCACACCACACACCACACACAACAACCACACACAAACADEE	27	6	3.1538288538593634e-06	21.872676300000002
v27CCCACCACACCACACCACACACCACACACAACACACACACACAAACADEE	27	6	4.3939272682071077e-07	43.466993469328585
v27CCCACCACACCACACCACACACCACACACAACACACCACACACAAAABAE	27	6	4.4427242182538516e-07	43.466993469328585
v27CCCACCACACCACACCACACACCACACACAACACACCACACACAADEABE	27	6	5.239773672414874e-07	43.466993469328585
v27CCCACCACACCACACCACACACCACACACAACACACCACACACAADEBAE	27	6	4.968773127752535e-07	21.872676300000002
v27CCCACCACACCACACCACACACCACACACACAACACACACACAAACADEE	27	6	4.1935428283344794e-07	43.466993469328585
v27CCCACCACACCACACCACACACCACACACACAACACACACACACAABABE	27	6	2.53875149662407e-06	2.1000000000000014
v27CCCACCACACCACACCACACACCACACACACAACACCACACACAAAABAE	27	6	4.558822728329509e-07	43.466993469328585
v27CCCACCACACCACACCACACACCACACACACAACACCACACACADAEABE	27	6	4.729180430665403e-07	43.466993469328585
v27CCCACCACACCACACCACACACCACACACACAACACCACACACADEAABE	27	6	4.52309714411718e-07	43.466993469328585
v27CCCACCACACCACACCACACACCACACACACAACACCACACACADEABAE	27	6	3.895090889348305e-07	43.466993469328585
v27CCCACCACACCACACCACACACCACACACACACAACACACAACACAAABE	27	6	1.2310394258990798e-05	21.872676300000002
v27CCCACCACACCACACCACACACCACACACACACAACCACACACAAAABAE	27	6	2.6773831767818893e-06	21.872676300000002
v27CCCACCACACCACACCACACACCACACACACACAACCACACACAADEABE	27	6	3.081707194842669e-06	21.872676300000002
v27CCCACCACACCACACCACACACCACACACACACACACACACACAAAABAE	27	6	5.164418581305853e-07	43.466993469328585
v27CCCACCACACCACACCACACACCACACACACACACACACACACADEAABE	27	6	5.414221749025631e-07	43.466993469328585
v27CCCACCACACCACACCACACACCACACACACACACACACACACADEABAE	27	6	5.168227436115541e-07	43.466993469328585
v27CCCACCACACCACACCACACACCACACACACACACACCACACADABAEAE	27	6	5.706977197246913e-07	43.466993469328585
v27CCCACCACACCACACCACACACCACACACCAAACACACACAACDEACAAE	27	6	1.5756449224375278e-06	21.872676300000002
v27CCCACCACACCACACCACACACCACACACCAAACACACACACACDEADEE	27	6	3.3538555331518867e-06	21.872676300000002
v27CCCACCACACCACACCACACACCACACACCAAACACCACACACADBEABE	27	6	7.321866185294711e-07	21.872676300000002
v27CCCACCACACCACACCACACACCACACACCAAACACCACACACADBEBAE	27	6	7.33040428444402e-07	2.1000000000000014
v27CCCACCACACCACACCACACACCACACACCAACACACACACACAAAABAE	27	6	4.2133207805971794e-07	43.466993469328585
v27CCCACCACACCACACCACACACCACACACCAACACACACACACADBEABE	27	6	6.27774186010724e-07	43.466993469328585
v27CCCACCACACCACACCACACACCACACACCAACACACACACACADEAABE	27	6	6.894038264009942e-07	21.872676300000002
v27CCCACCACACCACACCACACACCACACACCAACACACACACACADEABAE	27	6	4.3636531327184085e-07	43.466993469328585
v27CCCACCACACCACACCACACACCACACACCAACACACCACACAADBAEAE	27	6	4.918584681403756e-07	43.466993469328585
v27CCCACCACACCACACCACACACCACACACCAACACACCACACAADDEEAE	27	6	4.346362859223201e-07	43.466993469328585
v27CCCACCACACCACACCACACACCACACACCAACACACCACACADABAEAE	27	6	5.780835037690312e-07	43.466993469328585
v27CCCACCACACCACACCACACACCACACACCAACACACCACACADABBEAE	27	6	5.931385936071279e-07	43.466993469328585
v27CCCACCACACCACACCACACACCACACACCADEACCACACAACDEACAAE	27	6	5.841243753486839e-07	43.466993469328585
v27CCCACCACACCACACCACACACCACACACCADEACCACACACACDEADEE	27	6	6.959346786992146e-07	55.27909663310495
v27CCCACCACACCACACCACACACCACACACCADEACCACACACADECADEE	27	6	5.888985721417447e-07	55.27909663310495
v27CCCACCACACCACACCACACACDEACCACACACAACCACACACAAACAAE	27	6	3.900300655638214e-07	43.466993469328585
v27CCCACCACCACACAACACCACACAACACCACACAACACCACACAACADEE	27	6	5.446758998551346e-06	21.872676300000002
v27CCCACCACCACACACAACCACACACAACCACACACAACCACACACAAAAE	27	6	4.716319780237195e-05	21.872676300000002
v27CCCACCACCACACACACACACACACACACACACACACACACACACAADEE	27	6	1.7756248293711467e-06	21.872676300000002
v27CCCACCACCACCACAACACCACACCACAACACCACAACCAAACAACAABE	27	6	1.2808032473354084e-06	21.872676300000002
v27CCCACCACCACCACAACACCACACCACAACACCACAACCACAACAADEBE	27	6	1.2434698812515664e-06	21.872676300000002
v27CCCACCACCACCACAACACCACACCACAACACCACACACAAACAACAABE	27	6	7.566930718293615e-06	21.872676300000002
v27CCCACCACCACCACAACACCACACCACAACACCACACACCAAACAADAEE	27	6	1.858939955666917e-06	21.872676300000002
v27CCCACCACCACCACAACACCACACCACAACACCACACACCAAACAADEAE	27	6	1.2866690378217777e-06	21.872676300000002
v27CCCACCACCACCACACAACCACACCACACAACCAAACCACACAACDEABE	27	6	6.635263277087862e-07	21.872676300000002
v27CCCACCACCACCACACACAACACCACACACAACACCACACACAAACADEE	27	6	2.4386943231866584e-07	43.466993469328585
v27CCCACCACCACCACACACAACACCACACACAACACCACACACAACAADEE	27	6	2.567180643532634e-07	43.466993469328585
v27CCCACCACCACCACACACACACACCACACACAACAACCACACACAAAABE	27	6	3.183422894957333e-07	43.466993469328585
v27CCCACCACCACCACACACACACACCACACACAACAACCACACACAAABAE	27	6	3.5113246979902847e-07	43.466993469328585
v27CCCACCACCACCACACACACACACCACACACAACACACACACACAAABAE	27	6	1.412936363571769e-06	21.872676300000002
v27CCCACCACCACCACACACACACACCACACACACAAACCACACACADEABE	27	6	3.8282045152797446e-07	43.466993469328585
v27CCCACCACCACCACACACACACACCACACACACAAACCACACACADEBAE	27	6	4.1610080947049615e-07	43.466993469328585
v27CCCACCACCACCACACACACACACCACACACACAACACACACACAAABAE	27	6	3.706282919392052e-06	21.872676300000002
v27CCCACCACCACCACACACACCACACCAAACACACCACACACDEAACADEE	27	6	1.0973557011937749e-06	21.872676300000002
v27CCCACCACCACCACACACACCACACCAACAACACCACACACCAAAABABE	27	6	1.5163962074461461e-06	21.872676300000002
v27CCCACCACCACCACACACACCACACCAACAACACCACACACCAAAABBAE	27	6	1.408302125695587e-06	21.872676300000002
v27CCCACCACCACCACACACACCACACCAACAACACCACACACCAAABAABE	27	6	1.8887706803048764e-06	21.872676300000002
v27CCCACCACCACCACACACACCACACCAACACAACCACACACCAAAABBAE	27	6	1.2326633970148332e-06	21.872676300000002
v27CCCACCACCACCACACACACCACACCACAAACACCACACACADEACADEE	27	6	4.506843151637399e-06	21.872676300000002
v27CCCACCACCACCACACACACCACACCACAAACACCACACACCADEABABE	27	6	1.3673579585038635e-06	21.872676300000002
v27CCCACCACCACCACACACACCACACCACAAACACCACACACCADEABBAE	27	6	1.4539725857174445e-06	21.872676300000002
v27CCCACCACCACCACACACACCACACCACAACAACCACACACCAAAABABE	27	6	1.1155737039062636e-06	21.872676300000002
v27CCCACCACCACCACACACACCACACCACAACAACCACACACCAAAABBAE	27	6	1.0995165819227642e-06	21.872676300000002
v27CCCACCACCACCACACACACCACACCACACAAACCACACACCAADEBABE	27	6	1.0303352464818464e-06	21.872676300000002
v27CCCACCACCACCACACCACAACACCACACACACAAACCACACACADEBAE	27	6	6.257795383532574e-07	43.466993469328585
v27CCCACCACCACCACACCACAACACCACACACACAACACACACACAAAABE	27	6	7.3701632827823634e-06	21.872676300000002
v27CCCACCACCACCACACCACAACACCACACACCAAACACACACAACDEABE	27	6	9.466047599990033e-07	43.466993469328585
v27CCCACCACCACCACACCACAACACCACACACCADEACCACACAACDEABE	27	6	6.136108912376513e-07	43.466993469328585
v27CCCACCACCACCACACCACAACACCACACACCADEACCACACACADEBAE	27	6	6.413857572300309e-07	55.27909663310495
v27CCCACCACCACCACACCACACCAACDEACCACACACCAAACCAACAABBE	27	6	2.747249294920959e-07	43.466993469328585
v27CCCACCCACCACCACACCAACAACACCACACACCAAACACACAACADEAE	27	6	6.537528475901999e-07	2.1000000000000014
v27CCCACCCACCACCACACCACACACCACACACACACCAAACAACAAADEBE	27	6	1.2649759879725628e-06	21.872676300000002
v27CCCCACCACACACAACCACACACAACCACACACAACCACACACAACAAAE	27	6	2.734322988099414e-07	43.466993469328585
v27CCCCACCACACACACACCACAACACACACCACAACACACACACAACAAAE	27	6	2.357389978568152e-06	21.872676300000002
v27CCCCACCACACCACACACCACACACCACACACACACACAACAACAAAABE	27	6	7.735167574066884e-07	21.872676300000002
v27CCCCACCACCACCACCACACCACACAACCAACCAAACCAACAACAADEAE	27	6	4.469903575049412e-07	43.466993469328585
v28CCACCCACCACACCACCACACCACACACCACABCACACABCACACABABDEE	28	6	7.841286044980479e-07	21.872676300000002
v28CCCACACACCACACACACACACACACACACACACACACACACAACACACAAE	28	6	1.6169431163174875e-06	2.1000000000000014
v28CCCACACACCACACACACCACACACAACCACACACAACACACACAACACAAE	28	6	6.203150831645429e-06	21.872676300000002
v28CCCACACACCACACACACCACACACAACCACACACAACCACACACAACAABE	28	6	1.3237026735910058e-05	21.872676300000002
v28CCCACACACCACACACACCACACACACACACACACAACACACACAACACAAE	28	6	5.865839588866844e-07	21.872676300000002
v28CCCACACACCACACACACCACACACACACACACACACACACACACAACAABE	28	6	2.3442578797860046e-06	21.872676300000002
v28CCCACACACCACACACACCACACACACACACACACACACACACACACAABAE	28	6	1.0520368015835223e-06	21.872676300000002
v28CCCACACACCACACACACCACACACACACCACACACACAACACACACADEAE	28	6	1.2806887738737032e-06	21.872676300000002
v28CCCACACACCACACACACCACACACACACCACACACACACAACACACAADEE	28	6	2.478199334903079e-07	43.466993469328585
v28CCCACACACCACACACACCACACACACACCACACACACACACACACAABABE	28	6	3.6630617843773467e-07	43.466993469328585
v28CCCACACCAACACACCAACACACCAACACACCAACACACCAACACACCAABE	28	6	0.0002089427353672391	2.1000000000000014
v28CCCACACCACACAACCACACAACCACACAACCACACAACCACACAACACAAE	28	6	3.2015679115913494e-06	2.1000000000000014
v28CCCACACCACACACACCACACACAACCACACACAACCACACACAACAACAAE	28	6	3.7349665015549376e-06	2.1000000000000014
v28CCCACACCACACACACCACACACAACCACACACAACCACACACAACACAAAE	28	6	3.807344245253306e-06	21.872676300000002
v28CCCACACCACACACACCACACACACACACACACACACACACACAACAACAAE	28	6	7.26702083291963e-07	21.872676300000002
v28CCCACACCACACACACCACACACACACACACACACACACACACACAACADEE	28	6	6.45496664293066e-07	21.872676300000002
v28CCCACACCACACACACCACACACACACACACACACACACACACACACAADEE	28	6	6.549947142781771e-07	21.872676300000002
v28CCCACACCACACACACCACACACACACCACACACACAACACACACACAAABE	28	6	4.4668740687962016e-06	21.872676300000002
v28CCCACACCACACACACCACACACACACCACACACACAACACACACACAABAE	28	6	3.3339138438295153e-06	21.872676300000002
v28CCCACACCACACACACCACACACACACCACACACACAACCAACACAAACAAE	28	6	8.016971642378888e-06	21.872676300000002
v28CCCACACCACACACACCACACACACACCACACACACAACCAACACACAABAE	28	6	9.405055390486826e-06	21.872676300000002
v28CCCACACCACACACACCACACACACACCACACACACACAACACACAACAAAE	28	6	2.284983529155713e-05	2.1000000000000014
v28CCCACACCACACACACCACACACACACCACACACACACAACACACAACAABE	28	6	1.628076022801353e-05	21.872676300000002
v28CCCACACCACACACACCACACACACACCACACACACACAACACACACAAABE	28	6	3.661991000008153e-05	21.872676300000002
v28CCCACACCACACACACCACACACACACCACACACACACACAACACACAABAE	28	6	7.1492387021931e-06	21.872676300000002
v28CCCACACCACACACACCACACACACACCACACACACACACACACACAADEAE	28	6	7.589105095755887e-06	21.872676300000002
v28CCCACACCACACACACCACACACACACCACACACACACACCAACACAADEAE	28	6	1.459132522099213e-05	21.872676300000002
v28CCCACACCACACACACCACACACACACCACACACADECACACACAACACAAE	28	6	8.39801840519006e-06	21.872676300000002
v28CCCACACCACCACACACACACCACACACACAACCACACACACAABCACAABE	28	6	3.678866418829848e-07	43.466993469328585
v28CCCACCACACACACACACACACACACACACACACACACACACACACACAABE	28	6	6.756285664079857e-07	2.1000000000000014
v28CCCACCACACACACCACACACAACCACACACAACCACACACAACCACAADEE	28	6	3.6440809319796265e-07	21.872676300000002
v28CCCACCACACCACACACAACCACACACAACCACACACAACCACACACAABAE	28	6	4.443000313112506e-05	21.872676300000002
v28CCCACCACACCACACACAACCACACACAACCACACACAACCACACACAABBE	28	6	6.74911773639878e-05	21.872676300000002
v28CCCACCACACCACACACACACACACACACACACACACACAACACACACAAAE	28	6	6.803859629968608e-07	21.872676300000002
v28CCCACCACACCACACACACACACACACACACACACACACACAACACACAAAE	28	6	6.450548681137123e-06	21.872676300000002
v28CCCACCACACCACACACACACCACAACACACACCACAACACAACACAACAAE	28	6	1.6085203996227337e-06	21.872676300000002
v28CCCACCACACCACACACACACCACACAACACACCACACAACACACACAAABE	28	6	2.4372178465201714e-07	43.466993469328585
v28CCCACCACACCACACACACACCACACACAACACCACACACAACAACAACAAE	28	6	1.8539122883464295e-07	43.466993469328585
v28CCCACCACACCACACACACACCACACACAACACCACACACAACACACAABAE	28	6	2.419104740856319e-07	43.466993469328585
v28CCCACCACACCACACACACACCACACACAACACCACACACAACACACAADEE	28	6	1.5097328740291742e-07	55.27909663310495
v28CCCACCACACCACACACACACCACACACAACACCACACACAACACDEACAAE	28	6	2.164557435150697e-07	43.466993469328585
v28CCCACCACACCACACACACACCACACACACAACCAACACACAACCAACADEE	28	6	3.099982280653227e-07	43.466993469328585
v28CCCACCACACCACACACACACCACACACACAACCACACACACAABCACAABE	28	6	2.3010696647706513e-06	21.872676300000002
v28CCCACCACACCACACACACACCACACACACAACCACACACACAACACAABAE	28	6	2.963483811753037e-06	21.872676300000002
v28CCCACCACACCACACACACACCACACACACAACCACACACACAACCADEABE	28	6	3.0349044500850876e-06	21.872676300000002
v28CCCACCACACCACACACACACCACACACACAACCACACACADECACAACAAE	28	6	3.4639043579957758e-06	21.872676300000002
v28CCCACCACACCACACACACACCACACACACACACACACACAACACACAABAE	28	6	8.916254035085829e-07	21.872676300000002
v28CCCACCACACCACACACACACCACACACACACACACACACACAACACAABAE	28	6	5.498386056138944e-07	21.872676300000002
v28CCCACCACACCACACACACACCACACACACACACACACACACACACADEABE	28	6	1.1556464763222397e-06	21.872676300000002
v28CCCACCACACCACACACACACCACACACACACACCACACAACADECACAAAE	28	6	2.175110419660151e-07	21.872676300000002
v28CCCACCACACCACACACACACCACACACACACACCACACACAAACAACAABE	28	6	1.9039829601175014e-07	43.466993469328585
v28CCCACCACACCACACACACACCACACACACACACCACACACAACAACADEAE	28	6	2.481301534363812e-07	43.466993469328585
v28CCCACCACACCACACACACACCACACACACACACCACACACAACACAADEAE	28	6	2.0505641024241226e-07	43.466993469328585
v28CCCACCACACCACACACACACCACACACACACACCACACACAADECACAABE	28	6	2.3338455472194346e-07	21.872676300000002
v28CCCACCACACCACACACACACCACACACACACACCACACACACAAABCADEE	28	6	2.0596553336732032e-07	43.466993469328585
v28CCCACCACACCACACACACACCACACACACACACCACACACACAAACADEAE	28	6	2.6427133138571496e-07	21.872676300000002
v28CCCACCACACCACACACACACCACACACACACACCACACACACAACAADEAE	28	6	1.979009446130017e-07	43.466993469328585
v28CCCACCACACCACACACACACCACACACACACACCACACACACAACADBAEE	28	6	1.9730399761521805e-07	43.466993469328585
v28CCCACCACACCACACACACACCACACACACACACCACACACACACAABBABE	28	6	2.1759244864896265e-07	21.872676300000002
v28CCCACCACACCACACACACACCACACACACACACCACACACACACAADBAEE	28	6	1.8980559243199522e-07	43.466993469328585
v28CCCACCACACCACACACACACCACACACACACACCACACACACADECADEAE	28	6	2.714036614667504e-07	21.872676300000002
v28CCCACCACACCACACACACACCACACACACACACCACACACADEACACAABE	28	6	1.7352209148220106e-07	21.872676300000002
v28CCCACCACACCACACCAACACCACACACAACACCACACACAACAACAACAAE	28	6	1.9563847499618456e-07	21.872676300000002
v28CCCACCACACCACACCAACACCACACACAACACCACACACAACACACAABAE	28	6	2.285482078572294e-07	43.466993469328585
v28CCCACCACACCACACCAACACCACACACAACACCACACACAACACACAADEE	28	6	1.9579091170286474e-07	21.872676300000002
v28CCCACCACACCACACCAACACCACACACCAACACACACACACAACACAABAE	28	6	7.050708167217956e-07	21.872676300000002
v28CCCACCACACCACACCAACACCACACACCAACACACACACACCAACADEAAE	28	6	9.365303356373589e-07	21.872676300000002
v28CCCACCACACCACACCAACACCACACACCAACACACACACACDEACAACAAE	28	6	1.2946097228460844e-05	2.1000000000000014
v28CCCACCACACCACACCAACACCACACACCAACACCACACACAAACAACAABE	28	6	2.411379930103451e-07	43.466993469328585
v28CCCACCACACCACACCAACACCACACACCAACACCACACACACAAABCADEE	28	6	5.154308378792919e-07	21.872676300000002
v28CCCACCACACCACACCAACACCACACACCAACACCACACACACAAACADEAE	28	6	1.0426153057081233e-06	21.872676300000002
v28CCCACCACACCACACCAACACCACACACCAACACCACACACACAACAADEAE	28	6	5.364620928254567e-07	21.872676300000002
v28CCCACCACACCACACCAACACCACACACCAACACCACACACACAACADBAEE	28	6	5.062517475858025e-07	21.872676300000002
v28CCCACCACACCACACCAACACCACACACCAACACCACACACACCAABABABE	28	6	4.5031111954460163e-07	43.466993469328585
v28CCCACCACACCACACCAACACCACACACCAACACCACACACACDEABCADEE	28	6	7.547709589952882e-07	2.1000000000000014
v28CCCACCACACCACACCAACACCACACACCAACACCACACACACDEACADEAE	28	6	1.2086066424147327e-06	2.1000000000000014
v28CCCACCACACCACACCAACACCACACACCAACACCACACACADBECACAABE	28	6	1.3579400669523232e-06	21.872676300000002
v28CCCACCACACCACACCAACACCACACACDEACCACACACAACCAACACAAAE	28	6	2.363154097718678e-07	43.466993469328585
v28CCCACCACACCACACCAACACCACACACDEACCACACACAACCACAACAAAE	28	6	8.112926887029485e-07	21.872676300000002
v28CCCACCACACCACACCACACAACACACCACACAACACACCACACAACAAAAE	28	6	8.653606189078573e-07	43.466993469328585
v28CCCACCACACCACACCACACAACACACCACACAACACACCACACAADECAAE	28	6	6.392704848214331e-07	43.466993469328585
v28CCCACCACACCACACCACACACACACACCACACACACACACACDEACADEAE	28	6	6.299984398603882e-07	43.466993469328585
v28CCCACCACACCACACCACACACCACACAACACAACCACACAACAACACAAAE	28	6	8.161855209727917e-06	21.872676300000002
v28CCCACCACACCACACCACACACCACACAACACACACCACACAACACAABABE	28	6	2.7640701891678782e-06	21.872676300000002
v28CCCACCACACCACACCACACACCACACAACACACACCACACAACADEACAAE	28	6	7.000014280768676e-07	21.872676300000002
v28CCCACCACACCACACCACACACCACACACAACAACCACACACAAACACAABE	28	6	4.946417664914965e-06	21.872676300000002
v28CCCACCACACCACACCACACACCACACACAACACACACACACAAACACAABE	28	6	4.1871827493808043e-07	43.466993469328585
v28CCCACCACACCACACCACACACCACACACAACACACACACACAACAACAABE	28	6	2.043284085990565e-06	21.872676300000002
v28CCCACCACACCACACCACACACCACACACAACACACACACACAACACADEAE	28	6	6.647930340662611e-07	43.466993469328585
v28CCCACCACACCACACCACACACCACACACAACACACCACACACAAACAADEE	28	6	4.2609961438169884e-07	43.466993469328585
v28CCCACCACACCACACCACACACCACACACAACACACCACACACAACAAADEE	28	6	9.318085417840228e-07	21.872676300000002
v28CCCACCACACCACACCACACACCACACACAACACACCACACACAACAABBAE	28	6	6.361892531949696e-07	21.872676300000002
v28CCCACCACACCACACCACACACCACACACAACACACCACACACAADECADEE	28	6	6.553092801772832e-07	21.872676300000002
v28CCCACCACACCACACCACACACCACACACACAACACACACACAAACACAABE	28	6	4.1677043323613804e-07	43.466993469328585
v28CCCACCACACCACACCACACACCACACACACAACACACACACACAACADEAE	28	6	3.9747954170774326e-07	43.466993469328585
v28CCCACCACACCACACCACACACCACACACACAACACCACACACAAACAADEE	28	6	4.3788586228667887e-07	43.466993469328585
v28CCCACCACACCACACCACACACCACACACACAACACCACACACACAAABABE	28	6	1.1452878898391707e-06	21.872676300000002
v28CCCACCACACCACACCACACACCACACACACAACACCACACACACAAABBAE	28	6	4.3940373280084653e-07	43.466993469328585
v28CCCACCACACCACACCACACACCACACACACAACACCACACACACAABABAE	28	6	1.5726450478684364e-06	2.1000000000000014
v28CCCACCACACCACACCACACACCACACACACAACACCACACACADEACADEE	28	6	4.2720160651888213e-07	43.466993469328585
v28CCCACCACACCACACCACACACCACACACACACAACCACACACAACAAADEE	28	6	8.502634151403196e-06	21.872676300000002
v28CCCACCACACCACACCACACACCACACACACACAACCACACACAACAABBAE	28	6	5.025912339523594e-06	21.872676300000002
v28CCCACCACACCACACCACACACCACACACACACAACCACACACAADECAAAE	28	6	4.175102586568907e-06	21.872676300000002
v28CCCACCACACCACACCACACACCACACACACACAACCACACACAADECADEE	28	6	3.7235557038270736e-06	21.872676300000002
v28CCCACCACACCACACCACACACCACACACACACAACCACACACACAAABABE	28	6	1.3662454094701095e-05	21.872676300000002
v28CCCACCACACCACACCACACACCACACACACACACACACACACACAABABAE	28	6	7.904006059290831e-07	43.466993469328585
v28CCCACCACACCACACCACACACCACACACACACACACACACACADEACADEE	28	6	5.303306940087972e-07	43.466993469328585
v28CCCACCACACCACACCACACACCACACACACACACACCACACACAAADEBAE	28	6	6.427780844088747e-07	21.872676300000002
v28CCCACCACACCACACCACACACCACACACACACACACCACACACAADAEABE	28	6	7.558298186863841e-07	43.466993469328585
v28CCCACCACACCACACCACACACCACACACACACACACCACACACAADEABAE	28	6	6.969158469952336e-07	43.466993469328585
v28CCCACCACACCACACCACACACCACACACACACACACCACACACADABEABE	28	6	7.081410437113847e-07	21.872676300000002
v28CCCACCACACCACACCACACACCACACACACACACACCACACACADEAABAE	28	6	5.615383766520423e-07	43.466993469328585
v28CCCACCACACCACACCACACACCACACACCAAACACACACACACDEACAABE	28	6	4.381767640746873e-06	21.872676300000002
v28CCCACCACACCACACCACACACCACACACCAAACACCACACACACDEAADEE	28	6	6.084385174223801e-07	43.466993469328585
v28CCCACCACACCACACCACACACCACACACCAAACACCACACACACDEABABE	28	6	7.256664084523395e-07	21.872676300000002
v28CCCACCACACCACACCACACACCACACACCAAACACCACACACADBECADEE	28	6	1.2395385738050555e-06	21.872676300000002
v28CCCACCACACCACACCACACACCACACACCAACACACACACACACAAABABE	28	6	6.346796049636745e-07	43.466993469328585
v28CCCACCACACCACACCACACACCACACACCAACACACACACACACAABABAE	28	6	7.913186803901317e-07	43.466993469328585
v28CCCACCACACCACACCACACACCACACACCAACACACACACACACDEAADEE	28	6	1.5036469331906076e-06	43.466993469328585
v28CCCACCACACCACACCACACACCACACACCAACACACACACACACDEABABE	28	6	5.047756647032358e-07	43.466993469328585
v28CCCACCACACCACACCACACACCACACACCAACACACACACACADEACADEE	28	6	4.7181988062670257e-07	43.466993469328585
v28CCCACCACACCACACCACACACCACACACCAACACACCACACAACDEAAABE	28	6	8.519462427852386e-07	43.466993469328585
v28CCCACCACACCACACCACACACCACACACCAACACACCACACAADCAAAEAE	28	6	6.332314035042495e-07	43.466993469328585
v28CCCACCACACCACACCACACACCACACACCAACACACCACACACAAADEBAE	28	6	4.93971997783025e-07	43.466993469328585
v28CCCACCACACCACACCACACACCACACACCAACACACCACACACADBAEABE	28	6	7.788129858903849e-07	2.1000000000000014
v28CCCACCACACCACACCACACACCACACACCAACACACCACACACADBAEBAE	28	6	4.758708253002216e-07	43.466993469328585
v28CCCACCACACCACACCACACACCACACACCAACACACCACACACADBEAABE	28	6	5.726095965475905e-07	43.466993469328585
v28CCCACCACACCACACCACACACCACACACCAACACACCACACACADBEABAE	28	6	5.466245263147503e-07	43.466993469328585
v28CCCACCACACCACACCACACACCACACACCAACACACCACACACADDEEABE	28	6	5.494051454488647e-07	43.466993469328585
v28CCCACCACACCACACCACACACCACACACCAACACACCACACACADEAABAE	28	6	4.234274481163523e-07	43.466993469328585
v28CCCACCACACCACACCACACACCACACACCAACACACCACACADABCAAEAE	28	6	5.560524731370461e-07	43.466993469328585
v28CCCACCACACCACACCACACACCACACACCACACACACACACACAADEABAE	28	6	5.798278230564285e-07	43.466993469328585
v28CCCACCACACCACACCACACACCACACACCACACACACACACACADBAEABE	28	6	6.075507068145619e-07	43.466993469328585
v28CCCACCACACCACACCACACACCACACACCACACACACACACACADBEAABE	28	6	7.124704220835775e-07	21.872676300000002
v28CCCACCACACCACACCACACACCACACACCACACACACACACACADBEABAE	28	6	3.708131777649436e-07	43.466993469328585
v28CCCACCACACCACACCACACACCACACACCACACACACACACACADEAABAE	28	6	4.805336848696155e-07	43.466993469328585
v28CCCACCACACCACACCACACACCACACACCACACACACCACACADABDEEAE	28	6	4.1049435441064643e-07	43.466993469328585
v28CCCACCACACCACACCACACACCACACACCADEACCACACACACDEACAABE	28	6	6.88252876888137e-07	55.27909663310495
v28CCCACCACACCACACCACACACCACACACCADEACCACACACACDECAAAAE	28	6	7.631717614136005e-07	43.466993469328585
v28CCCACCACACCACACCACACACCACACACCADEACCACACACACDECAADEE	28	6	7.649696766847176e-07	43.466993469328585
v28CCCACCACACCACACCACACACCACACACCADEACCACACACACDECADEAE	28	6	1.0815657562255645e-06	43.466993469328585
v28CCCACCACACCACACCACACACCACACACCADEACCACACACADECACAABE	28	6	6.413846232934653e-07	21.872676300000002
v28CCCACCACACCACACCACACACDEACCACACACAACCACACACAACACAAAE	28	6	3.6929680063732685e-07	43.466993469328585
v28CCCACCACACCACACDEACCACACAACCACACAACCACACAACCACACAABE	28	6	5.86778829949912e-06	2.1000000000000014
v28CCCACCACCACACACACACACACACACACACACACACACACACACAACAABE	28	6	3.958279044128698e-06	21.872676300000002
v28CCCACCACCACACACACACACACACACACACACACACACACACACACAAABE	28	6	4.172422197618253e-06	21.872676300000002
v28CCCACCACCACACACACACACACACACACACACACACACACACACACAABAE	28	6	2.617494977132402e-06	21.872676300000002
v28CCCACCACCACACACACACCACACACAACACCACACACAACACAACACAAAE	28	6	2.6528881303406894e-05	21.872676300000002
v28CCCACCACCACACACACACCACACACAACACCACACACAACACCAACADAEE	28	6	5.915550914389913e-05	21.872676300000002
v28CCCACCACCACACACACACCACACACACAACACACACACAACACACACAABE	28	6	3.979497892307021e-06	21.872676300000002
v28CCCACCACCACACACACACCACACACACAACCACACACAAACCACACADEBE	28	6	4.387617467305463e-05	21.872676300000002
v28CCCACCACCACACACACACCACACACACAACCACACACACAACCAACADAEE	28	6	4.7301053962206834e-05	21.872676300000002
v28CCCACCACCACACACACACCACACACACACACCACACACAAACACAACADEE	28	6	1.5620879824730272e-05	21.872676300000002
v28CCCACCACCACACACCACACACACAACCACACACACAACCAACACACAABAE	28	6	5.66489914033857e-07	43.466993469328585
v28CCCACCACCACCACAACACCACACCACAACACCACAACCACAACAACAABBE	28	6	1.2116359528550846e-06	21.872676300000002
v28CCCACCACCACCACAACACCACACCACAACACCACAACCACAACAADECAAE	28	6	1.2992771811987435e-06	21.872676300000002
v28CCCACCACCACCACAACACCACACCACAACACCACACACCAAACAACAAABE	28	6	1.343532347358057e-06	21.872676300000002
v28CCCACCACCACCACAACACCACACCACAACACCACACACCAAACAACADEBE	28	6	3.3447116541906003e-06	21.872676300000002
v28CCCACCACCACCACAACACCACACCACAACACCACACACCACAACAADEABE	28	6	2.4428571334265927e-06	21.872676300000002
v28CCCACCACCACCACACAACCACACCACACAACCAACACCACACAACDEAABE	28	6	7.100169103795965e-07	43.466993469328585
v28CCCACCACCACCACACACAACACCACACACAACACCACACACAACAAACAAE	28	6	7.400325568376022e-07	2.1000000000000014
v28CCCACCACCACCACACACAACACCACACACAACACCACACACAACAACAAAE	28	6	2.6068815775972415e-07	43.466993469328585
v28CCCACCACCACCACACACAACACCACACACAACACCACACACAACAACAABE	28	6	3.6041153197665533e-07	2.1000000000000014
v28CCCACCACCACCACACACACACACCACACACAACAACCACACACAAACADEE	28	6	3.340537481079157e-07	43.466993469328585
v28CCCACCACCACCACACACACACACCACACACAACACACACACACAAACADEE	28	6	2.206094132054907e-06	21.872676300000002
v28CCCACCACCACCACACACACACACCACACACAACACACCACACACAAAABAE	28	6	6.235029238247582e-07	43.466993469328585
v28CCCACCACCACCACACACACACACCACACACAACACACCACACACAADEABE	28	6	8.105533425898632e-07	43.466993469328585
v28CCCACCACCACCACACACACACACCACACACAACACACCACACACAADEBAE	28	6	5.144573936871285e-07	43.466993469328585
v28CCCACCACCACCACACACACACACCACACACACAAACCACACACADECADEE	28	6	3.8601244447324194e-07	43.466993469328585
v28CCCACCACCACCACACACACACACCACACACACAACACACACACAAACADEE	28	6	8.24077691820163e-06	21.872676300000002
v28CCCACCACCACCACACACACACACCACACACACAACACCACACACAAAABAE	28	6	4.768024583887672e-07	43.466993469328585
v28CCCACCACCACCACACACACACACCACACACACAACACCACACACADEAABE	28	6	4.7594788149862094e-07	43.466993469328585
v28CCCACCACCACCACACACACACACCACACACACAACACCACACACADEABAE	28	6	4.7606318402881844e-07	43.466993469328585
v28CCCACCACCACCACACACACACACCACACACACACAACCACACACAAAABAE	28	6	3.4595642125647575e-07	43.466993469328585
v28CCCACCACCACCACACACACACACCACACACACACAACCACACACAADEABE	28	6	4.1136863555810824e-07	43.466993469328585
v28CCCACCACCACCACACACACACACCACACACACACAACCACACACAADEBAE	28	6	3.966960979267248e-07	43.466993469328585
v28CCCACCACCACCACACACACACACCACACACACACACACACACACADEABAE	28	6	3.8889047050229315e-06	21.872676300000002
v28CCCACCACCACCACACACACCACACACAACACACCACACACAACAACADEAE	28	6	2.7974733256746327e-05	21.872676300000002
v28CCCACCACCACCACACACACCACACCAACAACACCACACACCAAAABCADEE	28	6	1.4571242805463652e-06	21.872676300000002
v28CCCACCACCACCACACACACCACACCAACAACACCACACACCAAABACADEE	28	6	1.1872565822116203e-06	21.872676300000002
v28CCCACCACCACCACACACACCACACCAACAACACCACACACCAAACAADEAE	28	6	2.3181605081911334e-06	21.872676300000002
v28CCCACCACCACCACACACACCACACCAACAACACCACACACCAAACADABEE	28	6	1.3803663183381645e-06	21.872676300000002
v28CCCACCACCACCACACACACCACACCAACAACACCACACACCAAACADBAEE	28	6	1.3165420619820333e-06	21.872676300000002
v28CCCACCACCACCACACACACCACACCAACACAACCACACACCAAAABCADEE	28	6	1.1771605501012983e-06	21.872676300000002
v28CCCACCACCACCACACACACCACACCAACACAACCACACACCAACAADBAEE	28	6	1.1747514389921136e-06	21.872676300000002
v28CCCACCACCACCACACACACCACACCAACACAACCACACACCAADECADEAE	28	6	1.6041721761607566e-06	21.872676300000002
v28CCCACCACCACCACACACACCACACCAACACACACCACACACCAAAABAABE	28	6	2.101543639440644e-06	21.872676300000002
v28CCCACCACCACCACACACACCACACCAACACACACCACACACCAADEABABE	28	6	1.6785513552254016e-06	21.872676300000002
v28CCCACCACCACCACACACACCACACCAACACACACCACACACCAADEABBAE	28	6	1.6982229866386286e-06	21.872676300000002
v28CCCACCACCACCACACACACCACACCACAAACACCACACACCADEABCADEE	28	6	1.5311359685459685e-06	21.872676300000002
v28CCCACCACCACCACACACACCACACCACAACAACCACACACACAAABCADEE	28	6	4.0862861604162285e-06	21.872676300000002
v28CCCACCACCACCACACACACCACACCACAACAACCACACACCAAAABCADEE	28	6	1.0487448702446948e-06	21.872676300000002
v28CCCACCACCACCACACACACCACACCACAACAACCACACACCACAAABBABE	28	6	1.1954455560398882e-06	21.872676300000002
v28CCCACCACCACCACACACACCACACCACAACAACCACACACCACAAADABEE	28	6	1.064901443815042e-06	21.872676300000002
v28CCCACCACCACCACACACACCACACCACAACAACCACACACCACAAADBAEE	28	6	1.071923516576168e-06	21.872676300000002
v28CCCACCACCACCACACACACCACACCACAACACACACACACCAAABACADEE	28	6	6.154677599185678e-07	21.872676300000002
v28CCCACCACCACCACACACACCACACCACAACACACACACACCADEACADEAE	28	6	9.089111700715896e-07	21.872676300000002
v28CCCACCACCACCACACACACCACACCACAACACACCACACACADEACAADEE	28	6	2.998362864426445e-05	21.872676300000002
v28CCCACCACCACCACACACACCACACCACAACACACCACACACCAAAABAABE	28	6	1.7624748049203379e-06	21.872676300000002
v28CCCACCACCACCACACACACCACACCACAACACACCACACACCAAADEBABE	28	6	2.0693280382114526e-06	21.872676300000002
v28CCCACCACCACCACACACACCACACCACAACACACCACACACCADEAABABE	28	6	1.5376152215125042e-06	21.872676300000002
v28CCCACCACCACCACACACACCACACCACAACACACCACACACCADEAABBAE	28	6	1.4358454977476839e-06	21.872676300000002
v28CCCACCACCACCACACACACCACACCACAACACACCACACACCADEABAABE	28	6	1.80170820319297e-06	21.872676300000002
v28CCCACCACCACCACACACACCACACCACACAAACCACACACCAADECADEAE	28	6	1.1526869946435337e-06	43.466993469328585
v28CCCACCACCACCACACACACCACACCACACAACACCACACACCAAAABAABE	28	6	1.4750589838905787e-06	21.872676300000002
v28CCCACCACCACCACACACACCACACCACACAACACCACACACCAADEABBAE	28	6	1.1421558016427554e-06	21.872676300000002
v28CCCACCACCACCACACACACCACACCACACACAACCACACACCADEAABBAE	28	6	1.0608034705201176e-06	21.872676300000002
v28CCCACCACCACCACACACACCACACCACACACAACDEACCACACACAAAABE	28	6	4.1351638424560183e-07	21.872676300000002
v28CCCACCACCACCACACACACDECACACACACACACACACACACACAACAABE	28	6	3.0564222567088793e-06	21.872676300000002
v28CCCACCACCACCACACACACDECACACACACACACACACACACACACAABAE	28	6	4.2506152918173e-06	21.872676300000002
v28CCCACCACCACCACACCACAACACCACAACCACAACACCACAACCADEAABE	28	6	6.909165438045749e-07	43.466993469328585
v28CCCACCACCACCACACCACAACACCACACACACAAACCACACACADECADEE	28	6	5.731718732978527e-07	43.466993469328585
v28CCCACCACCACCACACCACAACACCACACACACAACACACACACAAACADEE	28	6	8.24458187269773e-06	21.872676300000002
v28CCCACCACCACCACACCACAACACCACACACACAACACACACACACAABABE	28	6	8.64739520815999e-06	21.872676300000002
v28CCCACCACCACCACACCACAACACCACACACACAACACCACACACADEAABE	28	6	5.672415962004252e-07	43.466993469328585
v28CCCACCACCACCACACCACAACACCACACACCAAACACACACACACDEADEE	28	6	1.634229774363589e-06	21.872676300000002
v28CCCACCACCACCACACCACAACACCACACACCAAACACCACACAACDEAABE	28	6	5.779280746953977e-07	55.27909663310495
v28CCCACCACCACCACACCACAACACCACACACCAAACACCACACACADBEBAE	28	6	4.847964074458096e-07	43.466993469328585
v28CCCACCACCACCACACCACAACACCACACACCAAACACCACACACADEAABE	28	6	5.917775236744129e-07	43.466993469328585
v28CCCACCACCACCACACCACAACACCACACACCACAAACCACACAACDAEABE	28	6	4.724347836150065e-07	43.466993469328585
v28CCCACCACCACCACACCACAACACCACACACCACAAACCACACACAADEABE	28	6	6.310627711729715e-07	43.466993469328585
v28CCCACCACCACCACACCACAACACCACACACCACAAACCACACACAADEBAE	28	6	6.027585691986674e-07	43.466993469328585
v28CCCACCACCACCACACCACAACACCACACACCACAACACACACACAADEABE	28	6	1.7735249215050033e-06	21.872676300000002
v28CCCACCACCACCACACCACAACACCACACACCACAACACCACACAADABEAE	28	6	6.730859090488563e-07	43.466993469328585
v28CCCACCACCACCACACCACACAACCACACACAACAACCACACACAAACADEE	28	6	3.207058542163748e-06	21.872676300000002
v28CCCACCACCACCACACCACACACACCACACACCADEACACACACAACDEABE	28	6	6.66858181598404e-07	43.466993469328585
v28CCCACCACCACCACACCACACACACDEACCACACACACAACCAACACAAAAE	28	6	4.6692368900818254e-07	43.466993469328585
v28CCCACCCACCACCACAACCACACCAACCACAACACACACDECACAAACADEE	28	6	9.537377713835443e-07	21.872676300000002
v28CCCACCCACCACCACACACCACACCAACCACACACAACACAAACCAAABAAE	28	6	4.0077104758035277e-07	21.872676300000002
v28CCCCACCACACACCACACCACACACACCAACACCACAACACACDEACADEAE	28	6	1.323860202733312e-06	21.872676300000002
v28CCCCACCACACCACACACACAACCACACACACAACCACACACACAACAAAAE	28	6	4.0128160317018856e-06	21.872676300000002
v28CCCCACCACACCACCACACCACACACACACACACACACAACACAAACAAAAE	28	6	2.356856597642212e-07	43.466993469328585
v28CCCCACCACCACACCACACCACACCACACACAAACCACAACAACADECAAAE	28	6	2.5192589727870984e-07	43.466993469328585
v29CCCACACACACACACACACACACACACACACACACACACACACACACACACAAE	29	6	0.0001099187894244124	2.1000000000000014
v29CCCACACACCACACAACCACACAACCACACAACCACACAACCACACAACACAAE	29	6	7.371993653803173e-06	2.1000000000000014
v29CCCACACACCACACACACACACACACACACACACACACACACACAACACACAAE	29	6	2.508559671180418e-06	2.1000000000000014
v29CCCACACACCACACACACACACACACACACACACACACACACACACAACACAAE	29	6	3.7832595877748076e-06	2.1000000000000014
v29CCCACACACCACACACACACACACACACACACACACACACACACACACACAAAE	29	6	1.1703102590217898e-06	2.1000000000000014
v29CCCACACACCACACACACACACACACACACACACACACACACACACACACADEE	29	6	2.5862218019398386e-06	2.1000000000000014
v29CCCACACACCACACACACCACACACAACCACACACAACACACACAACACACAAE	29	6	9.648651434615555e-06	21.872676300000002
v29CCCACACACCACACACACCACACACAACCACACACAACCAACACAACCAACAAE	29	6	2.1154550156536285e-06	2.1000000000000014
v29CCCACACACCACACACACCACACACAACCACACACAACCACACACAACAACAAE	29	6	1.1274327557877963e-05	21.872676300000002
v29CCCACACACCACACACACCACACACACACACACACACACACACACAACAACAAE	29	6	3.1553271183918315e-06	21.872676300000002
v29CCCACACACCACACACACCACACACACACACACACACACACACACACAACADEE	29	6	1.554484815340904e-06	21.872676300000002
v29CCCACACACCACACACACCACACACACACACACACACACACACACACACAADEE	29	6	6.376957856264079e-06	21.872676300000002
v29CCCACACACCACACACACCACACACACACCACACACACAACACACACACAAABE	29	6	3.1266306962534507e-06	21.872676300000002
v29CCCACACACCACACACACCACACACACACCACACACACAACACACACACAABAE	29	6	2.2833408168252816e-06	21.872676300000002
v29CCCACACACCACACACACCACACACACACCACACACACACAACACACAACAABE	29	6	4.6769688248457765e-07	2.1000000000000014
v29CCCACACACCACACACACCACACACACACCACACACADECACACACAACACAAE	29	6	1.4349109093057225e-06	2.1000000000000014
v29CCCACACCACACACACCAACACACACCAACACACACCAACACACACAACACAAE	29	6	6.074540686607188e-06	21.872676300000002
v29CCCACACCACACACACCAACACACACCAACACACACCAACACACACCAACADEE	29	6	1.1803607367817424e-05	21.872676300000002
v29CCCACACCACACACACCACACACAACCACACACAACCACACACAACAACACAAE	29	6	4.471579353061819e-06	21.872676300000002
v29CCCACACCACACACACCACACACAACCACACACAACCACACACAACACACAAAE	29	6	4.179214546709593e-06	21.872676300000002
v29CCCACACCACACACACCACACACAACCACACACAACCACACACAACCACAAAAE	29	6	8.138495572247404e-06	21.872676300000002
v29CCCACACCACACACACCACACACAACCACACACAACCACACACAACCACAADEE	29	6	1.6221969621946444e-05	21.872676300000002
v29CCCACACCACACACACCACACACACACACACACACACACACACAACAACACAAE	29	6	8.234784083581053e-07	21.872676300000002
v29CCCACACCACACACACCACACACACACACACACACACACACACAACACACAAAE	29	6	1.2160542633928368e-06	21.872676300000002
v29CCCACACCACACACACCACACACACACACACACACACACACACACAACACAABE	29	6	6.078332606035869e-07	21.872676300000002
v29CCCACACCACACACACCACACACACACACACACACACACACACACACAACAABE	29	6	8.309615970140298e-07	21.872676300000002
v29CCCACACCACACACACCACACACACACACACACACACACACACACACACAAABE	29	6	2.437973909016313e-06	21.872676300000002
v29CCCACACCACACACACCACACACACACACACACACACACACACACACACADEAE	29	6	1.125404501872362e-06	21.872676300000002
v29CCCACACCACACACACCACACACACACCACACACACAACACACACACAACADEE	29	6	3.5109400045336257e-06	21.872676300000002
v29CCCACACCACACACACCACACACACACCACACACACAACCAACACACAABCAAE	29	6	1.273311512525033e-05	21.872676300000002
v29CCCACACCACACACACCACACACACACCACACACACAACCACACACACAAAABE	29	6	1.686383014077221e-05	21.872676300000002
v29CCCACACCACACACACCACACACACACCACACACACAACCACACACACAABDEE	29	6	1.5739771905672664e-05	21.872676300000002
v29CCCACACCACACACACCACACACACACCACACACACACAACACACAACAACAAE	29	6	2.9177033842664157e-05	2.1000000000000014
v29CCCACACCACACACACCACACACACACCACACACACACAACACACACACAADEE	29	6	6.834829576949706e-05	2.1000000000000014
v29CCCACACCACACACACCACACACACACCACACACACACACACACACAACAAABE	29	6	1.2629282419980113e-05	21.872676300000002
v29CCCACACCACACACACCACACACACACCACACACACACACACACACAACADEAE	29	6	7.746944988757757e-06	21.872676300000002
v29CCCACACCACACACACCACACACACACCACACACACACACACACACACAAAABE	29	6	7.335918617877224e-06	21.872676300000002
v29CCCACACCACACACACCACACACACACCACACACACACACACACACACADEABE	29	6	3.082282799125557e-05	21.872676300000002
v29CCCACACCACACACACCACACACACACCACACACACACACCAACACAADECAAE	29	6	1.8375931323102364e-05	21.872676300000002
v29CCCACACCACACACACCACACACACACCACACACACACACCAACACACADEBAE	29	6	3.69963746520587e-05	21.872676300000002
v29CCCACACCACCACACACAACCACACACAACCACACACAACCACACACAACAABE	29	6	1.4855937692975964e-05	21.872676300000002
v29CCCACACCACCACACACACACCACACACACAACCACACACACAACACACAABAE	29	6	1.3824766769671452e-06	21.872676300000002
v29CCCACACCACCACACACACACCACACACACAACCACACACACAACCACAABABE	29	6	3.5634605563667244e-07	43.466993469328585
v29CCCACACCACCACACACACACCACACACACACACACACACAACAACACACAAAE	29	6	2.2245091186674754e-06	21.872676300000002
v29CCCACACCACCACACACACACCACACACACACACCACACACACAAABCACAABE	29	6	6.110429863034739e-07	43.466993469328585
v29CCCACACCACCACACACCACACCACACACAACACACCAACACAACACACAADEE	29	6	1.5770508701906366e-06	21.872676300000002
v29CCCACACCACCACACACCACACCACACACAACACACCACACAAACACACAADEE	29	6	1.6501252441320278e-06	21.872676300000002
v29CCCACACCACCACACACCACACCACACACACACACACCACACADEACAACAABE	29	6	8.897895903024043e-07	43.466993469328585
v29CCCACACCACCACACACCACACCACACACACACACACCADEACACACAACDEAE	29	6	1.1437931592446257e-06	21.872676300000002
v29CCCACACCACCACACACCACACCACACACACCACACAACACADECACACAABAE	29	6	1.9101590643109622e-05	21.872676300000002
v29CCCACCACACACACACACACACACACACACACACACACACACACACACAACAAE	29	6	6.426164479791116e-07	2.1000000000000014
v29CCCACCACACACACCACACACAACCACACACAACCACACACAACCACACAAABE	29	6	8.090569410697623e-07	21.872676300000002
v29CCCACCACACACACCACACACACACCACACACACAACACACACACAACACAABE	29	6	3.310497185469717e-06	21.872676300000002
v29CCCACCACACCACACACAACCACACACAACCACACACAACCACACACAABCAAE	29	6	5.989015654091664e-05	2.1000000000000014
v29CCCACCACACCACACACACACACACACACACACACACACACACACACACAADEE	29	6	1.7002740553014142e-06	21.872676300000002
v29CCCACCACACCACACACACACACACACACACACACACACACACACACACADEAE	29	6	4.506384060195406e-06	21.872676300000002
v29CCCACCACACCACACACACACCAACACACACACCAACACACACACCAABACAAE	29	6	7.730086774977285e-07	21.872676300000002
v29CCCACCACACCACACACACACCACACACAACACCACACACAACACACAACAAAE	29	6	2.8231339774394526e-07	21.872676300000002
v29CCCACCACACCACACACACACCACACACAACACCACACACAACACACAACAABE	29	6	2.0820376401762183e-07	43.466993469328585
v29CCCACCACACCACACACACACCACACACAACACCACACACAACACCAABACAAE	29	6	2.1438497613352642e-07	43.466993469328585
v29CCCACCACACCACACACACACCACACACAACACCACACACAACACCACAADAEE	29	6	1.8101492862223508e-07	43.466993469328585
v29CCCACCACACCACACACACACCACACACACAACACACACACAACACACACAAAE	29	6	2.687966346113297e-05	21.872676300000002
v29CCCACCACACCACACACACACCACACACACAACCAACACACAACCAACACAAAE	29	6	2.8081448597156675e-07	43.466993469328585
v29CCCACCACACCACACACACACCACACACACAACCACACACACAACACAACAAAE	29	6	7.38902178253583e-06	21.872676300000002
v29CCCACCACACCACACACACACCACACACACAACCACACACACAACACAACADEE	29	6	6.937260721200434e-06	21.872676300000002
v29CCCACCACACCACACACACACCACACACACAACCACACACACAACCACAABABE	29	6	3.415640324838116e-06	21.872676300000002
v29CCCACCACACCACACACACACCACACACACAACCACACACACAACCACAADAEE	29	6	8.009595240561467e-06	21.872676300000002
v29CCCACCACACCACACACACACCACACACACACAACACACACACAACACACAAAE	29	6	4.658457703103078e-07	21.872676300000002
v29CCCACCACACCACACACACACCACACACACACACACACACAACACACAACAAAE	29	6	5.970617696734732e-07	21.872676300000002
v29CCCACCACACCACACACACACCACACACACACACACACACACAACACAACAAAE	29	6	5.277618507607995e-07	21.872676300000002
v29CCCACCACACCACACACACACCACACACACACACACACACACAACACAACADEE	29	6	1.4677864379478015e-06	21.872676300000002
v29CCCACCACACCACACACACACCACACACACACACACACACACACACACAABABE	29	6	6.80643156931163e-07	21.872676300000002
v29CCCACCACACCACACACACACCACACACACACACCAACACACAAACCAACADEE	29	6	3.188751895522529e-07	43.466993469328585
v29CCCACCACACCACACACACACCACACACACACACCACACAACACAACACAAABE	29	6	3.116624487969164e-07	21.872676300000002
v29CCCACCACACCACACACACACCACACACACACACCACACACAAACACACAADEE	29	6	1.9061891955511635e-07	43.466993469328585
v29CCCACCACACCACACACACACCACACACACACACCACACACAACAACACAABAE	29	6	2.4780453986379116e-07	43.466993469328585
v29CCCACCACACCACACACACACCACACACACACACCACACACAACACACADEAAE	29	6	2.8129518834347247e-07	43.466993469328585
v29CCCACCACACCACACACACACCACACACACACACCACACACACAAABCACAABE	29	6	2.3524694182212387e-07	43.466993469328585
v29CCCACCACACCACACACACACCACACACACACACCACACACACAAACACAABAE	29	6	2.9618092024600214e-07	21.872676300000002
v29CCCACCACACCACACACACACCACACACACACACCACACACACAAACCADEABE	29	6	2.056651696478091e-07	43.466993469328585
v29CCCACCACACCACACACACACCACACACACACACCACACACACAACACADEAAE	29	6	2.5482761310194013e-07	43.466993469328585
v29CCCACCACACCACACACACACCACACACACACACCACACACACAACACADEABE	29	6	2.3832948188663157e-07	21.872676300000002
v29CCCACCACACCACACACACACCACACACACACACCACACACACACAABCADEAE	29	6	2.1505137008368866e-07	21.872676300000002
v29CCCACCACACCACACACACACCACACACACACACCACACACACACAACADEAAE	29	6	2.036391413705182e-07	43.466993469328585
v29CCCACCACACCACACACACACCACACACACACACCACACACACACAACADEABE	29	6	2.925339408426275e-07	21.872676300000002
v29CCCACCACACCACACACACACCACACACACACACCACACACACACACAADEABE	29	6	1.9431154018454696e-07	43.466993469328585
v29CCCACCACACCACACACACACCACACACACACACCACACACACACACADBAEAE	29	6	2.3550864246789538e-07	43.466993469328585
v29CCCACCACACCACACACACACCACACACACACACCACACACACADECACAABAE	29	6	3.7769927286799294e-07	21.872676300000002
v29CCCACCACACCACACCAACACCACACACAACACCACACACAACACACAACAAAE	29	6	2.9357584372966057e-07	21.872676300000002
v29CCCACCACACCACACCAACACCACACACAACACCACACACAACACACAACAABE	29	6	2.033244570644452e-07	21.872676300000002
v29CCCACCACACCACACCAACACCACACACAACACCACACACAACACCACAADAEE	29	6	1.977916639933425e-07	21.872676300000002
v29CCCACCACACCACACCAACACCACACACCAACACACACACACAACACAACAAAE	29	6	7.140864804495649e-07	21.872676300000002
v29CCCACCACACCACACCAACACCACACACCAACACACACACACAACACAACADEE	29	6	2.208080275600638e-06	2.1000000000000014
v29CCCACCACACCACACCAACACCACACACCAACACACACACACCAACACAADEBE	29	6	4.803933276884184e-06	2.1000000000000014
v29CCCACCACACCACACCAACACCACACACCAACACCACACACAAACACACAADEE	29	6	2.4125433821951635e-07	43.466993469328585
v29CCCACCACACCACACCAACACCACACACCAACACCACACACACAAABCACAABE	29	6	5.132929674859673e-07	21.872676300000002
v29CCCACCACACCACACCAACACCACACACCAACACCACACACACAAACACAABAE	29	6	1.0982004846290515e-06	21.872676300000002
v29CCCACCACACCACACCAACACCACACACCAACACCACACACACAAACCADEABE	29	6	5.428539624620006e-07	21.872676300000002
v29CCCACCACACCACACCAACACCACACACCAACACCACACACACAACACADEAAE	29	6	6.275819698184217e-07	21.872676300000002
v29CCCACCACACCACACCAACACCACACACCAACACCACACACACAACACADEABE	29	6	6.870227036874584e-07	21.872676300000002
v29CCCACCACACCACACCAACACCACACACCAACACCACACACACCAABABCADEE	29	6	6.72369815833773e-07	2.1000000000000014
v29CCCACCACACCACACCAACACCACACACCAACACCACACACACCAABACADEAE	29	6	6.520959940816133e-07	2.1000000000000014
v29CCCACCACACCACACCAACACCACACACCAACACCACACACACCAACADBABEE	29	6	1.0258748148979025e-06	2.1000000000000014
v29CCCACCACACCACACCAACACCACACACCAACACCACACACACDEABCACAABE	29	6	8.191284606896714e-07	21.872676300000002
v29CCCACCACACCACACCAACACCACACACCAACACCACACACACDEACACAABAE	29	6	1.4680790782214814e-06	2.1000000000000014
v29CCCACCACACCACACCAACACCACACACCAACACCACACACACDEACCADEABE	29	6	8.055985648543793e-07	2.1000000000000014
v29CCCACCACACCACACCAACACCACACACDEACCACACACAACCACACACAAAAE	29	6	1.195531927760945e-06	21.872676300000002
v29CCCACCACACCACACCACACAACACACCACACAACACACCACACAACAAACAAE	29	6	8.607082789466848e-07	43.466993469328585
v29CCCACCACACCACACCACACACACACACCACACACACACACACCAABACADEAE	29	6	6.289512566651709e-07	43.466993469328585
v29CCCACCACACCACACCACACACCACACAACACACACCACACAACADECACAAAE	29	6	1.2321779883674887e-06	21.872676300000002
v29CCCACCACACCACACCACACACCACACACAACACACACACACAACACACAABAE	29	6	7.757805736959733e-07	21.872676300000002
v29CCCACCACACCACACCACACACCACACACAACACACACACACAACACACAADEE	29	6	5.827837409818913e-07	21.872676300000002
v29CCCACCACACCACACCACACACCACACACAACACACCACACACAAACAACAABE	29	6	4.2333595347798367e-07	43.466993469328585
v29CCCACCACACCACACCACACACCACACACAACACACCACACACAACAAACAAAE	29	6	1.7342333449156385e-06	21.872676300000002
v29CCCACCACACCACACCACACACCACACACAACACACCACACACAACAACADEAE	29	6	1.8617534840735254e-06	21.872676300000002
v29CCCACCACACCACACCACACACCACACACAACACACCACACACAACACAADEAE	29	6	5.999592107325711e-07	43.466993469328585
v29CCCACCACACCACACCACACACCACACACAACACACCACACACAADECACAABE	29	6	9.028822893818146e-07	21.872676300000002
v29CCCACCACACCACACCACACACCACACACACAACACACACACACAACACAABAE	29	6	4.205561794971095e-07	2.1000000000000014
v29CCCACCACACCACACCACACACCACACACACAACACCACACACAAACAACAABE	29	6	4.3672288204908485e-07	43.466993469328585
v29CCCACCACACCACACCACACACCACACACACAACACCACACACACAAABCADEE	29	6	4.409680025005274e-07	43.466993469328585
v29CCCACCACACCACACCACACACCACACACACAACACCACACACACAAACADEAE	29	6	9.963935915518526e-07	21.872676300000002
v29CCCACCACACCACACCACACACCACACACACAACACCACACACACAACAADEAE	29	6	4.209523744979757e-07	43.466993469328585
v29CCCACCACACCACACCACACACCACACACACAACACCACACACACAACADBAEE	29	6	4.1386295649208327e-07	43.466993469328585
v29CCCACCACACCACACCACACACCACACACACAACACCACACACADEACACAABE	29	6	4.254863408513804e-07	43.466993469328585
v29CCCACCACACCACACCACACACCACACACACACAACCACACACAACAACADEAE	29	6	1.3055252776660016e-05	21.872676300000002
v29CCCACCACACCACACCACACACCACACACACACAACCACACACAADECACAABE	29	6	6.3966486474123135e-06	21.872676300000002
v29CCCACCACACCACACCACACACCACACACACACAACCACACACACAAABCAAAE	29	6	5.1353242385339186e-06	21.872676300000002
v29CCCACCACACCACACCACACACCACACACACACAACCACACACACAAABCADEE	29	6	5.076204139600721e-06	21.872676300000002
v29CCCACCACACCACACCACACACCACACACACACAACCACACACACAAACADEAE	29	6	1.409152343401129e-05	21.872676300000002
v29CCCACCACACCACACCACACACCACACACACACAACCACACACACACAABBABE	29	6	1.563662548392202e-05	21.872676300000002
v29CCCACCACACCACACCACACACCACACACACACACACACACACAACAACADEAE	29	6	8.140934542877791e-07	43.466993469328585
v29CCCACCACACCACACCACACACCACACACACACACACACACACACAAACADEAE	29	6	6.071699417618917e-07	43.466993469328585
v29CCCACCACACCACACCACACACCACACACACACACACACACACADEACACAABE	29	6	5.264251875442343e-07	43.466993469328585
v29CCCACCACACCACACCACACACCACACACACACACACCACACACAAACAAADEE	29	6	1.2398002085427064e-06	21.872676300000002
v29CCCACCACACCACACCACACACCACACACACACACACCACACACAACAAABBAE	29	6	7.752435768608885e-07	21.872676300000002
v29CCCACCACACCACACCACACACCACACACACACACACCACACACAACADEADEE	29	6	1.5224310765592326e-06	43.466993469328585
v29CCCACCACACCACACCACACACCACACACACACACACCACACACACAAAABABE	29	6	2.0210461813350417e-06	2.1000000000000014
v29CCCACCACACCACACCACACACCACACACACACACACCACACACACAAAABBAE	29	6	5.799535450886809e-07	43.466993469328585
v29CCCACCACACCACACCACACACCACACACACACACACCACACACACAAABABAE	29	6	5.102662675386008e-07	43.466993469328585
v29CCCACCACACCACACCACACACCACACACACACACACCACACACACAADEBABE	29	6	1.1611699528158628e-06	21.872676300000002
v29CCCACCACACCACACCACACACCACACACACACACACCACACACACADEABABE	29	6	6.912809083960764e-07	21.872676300000002
v29CCCACCACACCACACCACACACCACACACACACACACCACACACACADEABBAE	29	6	6.988774219375694e-07	43.466993469328585
v29CCCACCACACCACACCACACACCACACACACACACACCACACACADEACAADEE	29	6	5.466178579867816e-07	43.466993469328585
v29CCCACCACACCACACCACACACCACACACCAAACACACACACACDEACAACAAE	29	6	1.2506740341757607e-05	2.1000000000000014
v29CCCACCACACCACACCACACACCACACACCAAACACCACACACACDEABCADEE	29	6	8.925925351609662e-07	21.872676300000002
v29CCCACCACACCACACCACACACCACACACCAAACACCACACACACDEACADEAE	29	6	1.0568225883740372e-06	2.1000000000000014
v29CCCACCACACCACACCACACACCACACACCAAACACCACACACADBECACAABE	29	6	1.7423170807553926e-06	21.872676300000002
v29CCCACCACACCACACCACACACCACACACCAACACACACACACACAAACADEAE	29	6	7.163993908274081e-07	43.466993469328585
v29CCCACCACACCACACCACACACCACACACCAACACACACACACACAACAADEAE	29	6	1.8168491023090486e-06	21.872676300000002
v29CCCACCACACCACACCACACACCACACACCAACACACACACACACCAAABADEE	29	6	8.651623339358097e-07	43.466993469328585
v29CCCACCACACCACACCACACACCACACACCAACACACACACACACCAABABABE	29	6	5.408922346739592e-07	43.466993469328585
v29CCCACCACACCACACCACACACCACACACCAACACACACACACACDEACADEAE	29	6	9.721785633613733e-07	43.466993469328585
v29CCCACCACACCACACCACACACCACACACCAACACACACACACADEACACAABE	29	6	4.708244337928401e-07	43.466993469328585
v29CCCACCACACCACACCACACACCACACACCAACACACCACACAACCAAAABABE	29	6	1.6246781670930222e-06	43.466993469328585
v29CCCACCACACCACACCACACACCACACACCAACACACCACACAACCAAABAABE	29	6	6.736152207595732e-07	43.466993469328585
v29CCCACCACACCACACCACACACCACACACCAACACACCACACAACCAADEBABE	29	6	7.017133013300394e-07	43.466993469328585
v29CCCACCACACCACACCACACACCACACACCAACACACCACACACAAACAAADEE	29	6	7.087963691469204e-07	43.466993469328585
v29CCCACCACACCACACCACACACCACACACCAACACACCACACACACAAAABABE	29	6	8.862533058067665e-07	21.872676300000002
v29CCCACCACACCACACCACACACCACACACCAACACACCACACACACAAAABBAE	29	6	5.528812184815382e-07	43.466993469328585
v29CCCACCACACCACACCACACACCACACACCAACACACCACACACACAAABABAE	29	6	5.811310976630811e-07	43.466993469328585
v29CCCACCACACCACACCACACACCACACACCAACACACCACACACACAADEBABE	29	6	1.3319089936880614e-06	21.872676300000002
v29CCCACCACACCACACCACACACCACACACCAACACACCACACACACDEAABABE	29	6	9.67792093386727e-07	43.466993469328585
v29CCCACCACACCACACCACACACCACACACCAACACACCACACACACDEAABBAE	29	6	7.467349918512073e-07	43.466993469328585
v29CCCACCACACCACACCACACACCACACACCAACACACCACACACACDEABABAE	29	6	5.560565887006855e-07	43.466993469328585
v29CCCACCACACCACACCACACACCACACACCAACACACCACACACADBAECADEE	29	6	9.31555082691079e-07	43.466993469328585
v29CCCACCACACCACACCACACACCACACACCAACACACCACACACADBEACADEE	29	6	5.759590453997653e-07	21.872676300000002
v29CCCACCACACCACACCACACACCACACACCAACACACCACACACADCAAAEABE	29	6	7.658423175164533e-07	21.872676300000002
v29CCCACCACACCACACCACACACCACACACCAACACACCACACACADEACAADEE	29	6	4.1951480455821757e-07	43.466993469328585
v29CCCACCACACCACACCACACACCACACACCACACACACACACACACAAAABABE	29	6	5.575965206351628e-07	43.466993469328585
v29CCCACCACACCACACCACACACCACACACCACACACACACACACACAAABABAE	29	6	6.030397899614542e-07	43.466993469328585
v29CCCACCACACCACACCACACACCACACACCACACACACACACACACADEABABE	29	6	8.921266742074421e-07	43.466993469328585
v29CCCACCACACCACACCACACACCACACACCACACACACACACACACDEAABABE	29	6	4.306387309644462e-07	43.466993469328585
v29CCCACCACACCACACCACACACCACACACCACACACACACACACACDEABABAE	29	6	4.852333318295652e-07	43.466993469328585
v29CCCACCACACCACACCACACACCACACACCACACACACACACACADBEACADEE	29	6	4.0053263611638755e-07	43.466993469328585
v29CCCACCACACCACACCACACACCACACACCACACACACCACACACAADABEABE	29	6	7.046478789764425e-07	43.466993469328585
v29CCCACCACACCACACCACACACCACACACCACACACACCACACACADABAEABE	29	6	7.319749459303145e-07	43.466993469328585
v29CCCACCACACCACACCACACACCACACACCACACACACCACACACADBABEABE	29	6	7.07682828963161e-07	43.466993469328585
v29CCCACCACACCACACCACACACCACACACCACACACACCACACACADBABEBAE	29	6	4.4140180063060744e-07	43.466993469328585
v29CCCACCACACCACACCACACACCACACACCACACACACCACACADABCAAAEAE	29	6	5.615140670288669e-07	43.466993469328585
v29CCCACCACACCACACCACACACCACACACCACACACACCACACADABCADEEAE	29	6	5.983872209138994e-07	43.466993469328585
v29CCCACCACACCACACCACACACCACACACCADEACCACACACACDEACAACAAE	29	6	6.66587713777693e-07	55.27909663310495
v29CCCACCACACCACACCACACACCACACACCADEACCACACACACDECAACAABE	29	6	9.57380400779561e-07	21.872676300000002
v29CCCACCACACCACACCACACACCACACACCADEACCACACACACDECACAAABE	29	6	9.361013288468601e-07	43.466993469328585
v29CCCACCACACCACACCACACACCACACACCADEACCACACACACDECACAABAE	29	6	7.698940182240653e-07	43.466993469328585
v29CCCACCACACCACACCACACACCACACACCADEACCACACACACDECACAADEE	29	6	7.143433065882253e-07	55.27909663310495
v29CCCACCACCACACACAACCACACACAACCACACACAACCACACACAACAACAAE	29	6	3.9117044344522356e-05	21.872676300000002
v29CCCACCACCACACACACACACACACACACACACACACACACACACAACAACAAE	29	6	6.483036803090831e-06	21.872676300000002
v29CCCACCACCACACACACACACACACACACACACACACACACACACACAACADEE	29	6	6.0684169714535015e-06	21.872676300000002
v29CCCACCACCACACACACACACACACACACACACACACACACACACACACAADEE	29	6	4.293139264902705e-06	21.872676300000002
v29CCCACCACCACACACACACCACACACAACACCACACACAACACACACACAAAAE	29	6	2.3962372966196605e-05	21.872676300000002
v29CCCACCACCACACACACACCACACACAACACCACACACAACACACACACAADEE	29	6	3.5868512218903126e-05	21.872676300000002
v29CCCACCACCACACACACACCACACACAACACCACACACAACACCAACACAAAAE	29	6	6.437607465471398e-05	21.872676300000002
v29CCCACCACCACACACACACCACACACACAACCACACACACAACACACACAAAAE	29	6	1.3608964139859301e-05	21.872676300000002
v29CCCACCACCACACACACACCACACACACAACCACACACACAACCAACACAAAAE	29	6	4.1920209989079475e-05	21.872676300000002
v29CCCACCACCACACACACACCACACACACAACCACACACACAACCAACACADEAE	29	6	8.180567362347267e-05	21.872676300000002
v29CCCACCACCACACACACACCACACACACACACACACACAACACACACACAAAAE	29	6	8.613594682364638e-06	21.872676300000002
v29CCCACCACCACACACACACCACACACACACACACACACAACACACACACAADEE	29	6	3.561970727177562e-05	21.872676300000002
v29CCCACCACCACACACACACCACACACACACACACACACACAACACACACAAAAE	29	6	6.190402568419506e-06	21.872676300000002
v29CCCACCACCACACACACACCACACACACACACACACACACACAACACACAAAAE	29	6	5.748917468708681e-06	21.872676300000002
v29CCCACCACCACACACACACCACACACACACACACACACACACAACACACAADEE	29	6	1.62608530889751e-05	21.872676300000002
v29CCCACCACCACACACACACCACACACACACACCAACACACAACACCAABACAAE	29	6	2.1428491094066243e-05	21.872676300000002
v29CCCACCACCACACACACACCACACACACACACCAACACACACACACCAABABAE	29	6	2.6776593360026097e-05	21.872676300000002
v29CCCACCACCACACACACACCACACACACACACCACACACAACAACAACACAAAE	29	6	2.4738035255179797e-05	21.872676300000002
v29CCCACCACCACACACACACCACACACACACACCACACACAACAACCAACADAEE	29	6	4.524612811062848e-05	21.872676300000002
v29CCCACCACCACACACCACACACACAACCACACACACAACCAACACACAABCAAE	29	6	5.950142240342049e-07	43.466993469328585
v29CCCACCACCACACACCACACACACAACCACACACACAACCACACACACAABABE	29	6	6.339340237311047e-07	43.466993469328585
v29CCCACCACCACACACCACACACACACACACACACACACAACACACACACAAAAE	29	6	2.936189136922725e-06	21.872676300000002
v29CCCACCACCACACACCACACACACACACACACACACACAACACACACACAADEE	29	6	3.3293196310738073e-06	21.872676300000002
v29CCCACCACCACACACCACACACACACACACACACACACACACAACACACAADEE	29	6	1.4052969265084533e-06	21.872676300000002
v29CCCACCACCACACACCACACACACACACCAACACACACAACCAACACACAAAAE	29	6	5.572891761776027e-07	43.466993469328585
v29CCCACCACCACACACCACACACACACACCAACACACACAACCAACACACAADEE	29	6	6.824317299621572e-07	43.466993469328585
v29CCCACCACCACACACCACACACACACACCAACACACACACACAACACACAADEE	29	6	1.0457437610017644e-06	43.466993469328585
v29CCCACCACCACACACCACACCACACACAACAACCACACACAAACCACACADEBE	29	6	1.2437097428040228e-05	21.872676300000002
v29CCCACCACCACACACCACACCACACACACAACACCACACACAAACACAACADEE	29	6	2.414141524932921e-06	21.872676300000002
v29CCCACCACCACACACCACACCACACACACACACACCADEACACACACACDEABE	29	6	1.6380391535723404e-05	21.872676300000002
v29CCCACCACCACACACCACACCACACACACCACACACADEACACCACACADEAAE	29	6	4.3350131068018556e-07	21.872676300000002
v29CCCACCACCACACACCACACCACACACACCACACACCADEACACACACAADBEE	29	6	3.812006595423367e-06	21.872676300000002
v29CCCACCACCACCACAACACCACACCACAACACCACAACCACAACAACAACAAAE	29	6	1.1352422870003317e-06	21.872676300000002
v29CCCACCACCACCACAACACCACACCACAACACCACACACACAACAACAACAAAE	29	6	1.0231625188611825e-05	21.872676300000002
v29CCCACCACCACCACAACACCACACCACAACACCACACACCAAACACACAAADEE	29	6	1.027342506164632e-06	21.872676300000002
v29CCCACCACCACCACAACACCACACCACAACACCACACACCACAACAACAAABBE	29	6	1.3324699776503292e-06	21.872676300000002
v29CCCACCACCACCACACAACCACACCACACAACCAACACCACACAACCAAABABE	29	6	8.853404092728929e-07	21.872676300000002
v29CCCACCACCACCACACAACCACACCACACAACCAACACCACACAACCAABAABE	29	6	1.2666201748675241e-06	21.872676300000002
v29CCCACCACCACCACACACAACACCACACACAACACCACACACAACAACAACAAE	29	6	2.733658018589961e-07	21.872676300000002
v29CCCACCACCACCACACACAACACCACACACAACACCACACACAACAACACAAAE	29	6	2.8989762860263725e-07	2.1000000000000014
v29CCCACCACCACCACACACAACACCACACACAACACCACACACAACACACAABAE	29	6	3.7909618774533143e-07	2.1000000000000014
v29CCCACCACCACCACACACACACACCACACACAACACACACACACAACACADEAE	29	6	1.5094719124422453e-06	43.466993469328585
v29CCCACCACCACCACACACACACACCACACACAACACACCACACACAAACAADEE	29	6	7.943579775522971e-07	43.466993469328585
v29CCCACCACCACCACACACACACACCACACACAACACACCACACACAACAAADEE	29	6	6.24442490758599e-07	55.27909663310495
v29CCCACCACCACCACACACACACACCACACACAACACACCACACACAACAABBAE	29	6	6.61447362438019e-07	55.27909663310495
v29CCCACCACCACCACACACACACACCACACACAACACACCACACACAADECADEE	29	6	9.368308951235831e-07	43.466993469328585
v29CCCACCACCACCACACACACACACCACACACACAACACCACACACAAACAADEE	29	6	4.994853945373331e-07	43.466993469328585
v29CCCACCACCACCACACACACACACCACACACACAACACCACACACACAAABABE	29	6	4.6003046500565354e-07	43.466993469328585
v29CCCACCACCACCACACACACACACCACACACACAACACCACACACACAAABBAE	29	6	4.6893139279468845e-07	43.466993469328585
v29CCCACCACCACCACACACACACACCACACACACAACACCACACACACAABABAE	29	6	4.792562709542025e-07	43.466993469328585
v29CCCACCACCACCACACACACACACCACACACACAACACCACACACADEACADEE	29	6	4.7562627985316296e-07	43.466993469328585
v29CCCACCACCACCACACACACACACCACACACACACAACCACACACAACAABBAE	29	6	5.268587129142168e-07	43.466993469328585
v29CCCACCACCACCACACACACACACCACACACACACAACCACACACAADECADEE	29	6	3.9146312161256314e-07	43.466993469328585
v29CCCACCACCACCACACACACACACCACACACACACAACCACACACACAAABABE	29	6	4.2538684289997246e-07	43.466993469328585
v29CCCACCACCACCACACACACACACCACACACACACAACCACACACACAAABBAE	29	6	4.233606323300293e-07	43.466993469328585
v29CCCACCACCACCACACACACACACCACACACACACACACACACACACAABABAE	29	6	1.170365890869298e-06	43.466993469328585
v29CCCACCACCACCACACACACACACCACACACACACACACACACACADEACADEE	29	6	4.878181632947633e-06	21.872676300000002
v29CCCACCACCACCACACACACACACCACACACACACACACCACACAACADEAABE	29	6	6.350818594524257e-07	43.466993469328585
v29CCCACCACCACCACACACACACACCACACACACACACACCACACACAADEABAE	29	6	5.052869982336348e-07	43.466993469328585
v29CCCACCACCACCACACACACACACCACACACACACACACCACACACADEAABAE	29	6	6.796287375274392e-07	21.872676300000002
v29CCCACCACCACCACACACACCACACCAAACACACCACACACDEACACACAABAE	29	6	4.350309588214767e-06	21.872676300000002
v29CCCACCACCACCACACACACCACACCAACAACACCACACACCAAACACADEABE	29	6	2.0871805437929193e-06	21.872676300000002
v29CCCACCACCACCACACACACCACACCAACAACACCACACACCAAACADCADEEE	29	6	1.5351639653593188e-06	21.872676300000002
v29CCCACCACCACCACACACACCACACCAACACAACCACACACCAACAADCADEEE	29	6	1.3063287526785922e-06	43.466993469328585
v29CCCACCACCACCACACACACCACACCAACACACACCACACACAACAAACADEAE	29	6	9.0758095030214e-06	21.872676300000002
v29CCCACCACCACCACACACACCACACCAACACACACCACACACCAAAABACADEE	29	6	1.4018941895719845e-06	21.872676300000002
v29CCCACCACCACCACACACACCACACCAACACACACCACACACCAAACAADABEE	29	6	1.5553536647520977e-06	21.872676300000002
v29CCCACCACCACCACACACACCACACCAACACACACCACACACCAAACAADBAEE	29	6	1.5754366927696665e-06	21.872676300000002
v29CCCACCACCACCACACACACCACACCAACACACACCACACACCAACAAADABEE	29	6	1.5628740136403209e-06	21.872676300000002
v29CCCACCACCACCACACACACCACACCAACACACACCACACACCAACAAADBAEE	29	6	1.4539706725261513e-06	21.872676300000002
v29CCCACCACCACCACACACACCACACCAACACACACCACACACCAADEABCADEE	29	6	1.7716126073443576e-06	21.872676300000002
v29CCCACCACCACCACACACACCACACCACAAACACCACACACCADEACACAABAE	29	6	4.457759914162972e-06	21.872676300000002
v29CCCACCACCACCACACACACCACACCACAACAACCACACACACAAACCADEABE	29	6	9.76672209409345e-06	21.872676300000002
v29CCCACCACCACCACACACACCACACCACAACAACCACACACCACAAABCADEAE	29	6	1.5204177450652065e-06	21.872676300000002
v29CCCACCACCACCACACACACCACACCACAACAACCACACACCACAAACADEAAE	29	6	1.364419145409846e-06	21.872676300000002
v29CCCACCACCACCACACACACCACACCACAACAACCACACACCACAAACDABEAE	29	6	1.1338837595623146e-06	21.872676300000002
v29CCCACCACCACCACACACACCACACCACAACAACCACACACCACAAADCADEEE	29	6	1.0727427111746596e-06	21.872676300000002
v29CCCACCACCACCACACACACCACACCACAACACACACACACCADEACACAABAE	29	6	1.3886876729702363e-06	21.872676300000002
v29CCCACCACCACCACACACACCACACCACAACACACCACACACACAAAABCADEE	29	6	8.860562742700034e-06	21.872676300000002
v29CCCACCACCACCACACACACCACACCACAACACACCACACACACAACAABBABE	29	6	5.233300414070344e-06	21.872676300000002
v29CCCACCACCACCACACACACCACACCACAACACACCACACACCAAAABACADEE	29	6	1.2122346220782335e-06	21.872676300000002
v29CCCACCACCACCACACACACCACACCACAACACACCACACACCAAABACAADEE	29	6	4.021476773966151e-06	21.872676300000002
v29CCCACCACCACCACACACACCACACCACAACACACCACACACCAAACAADABEE	29	6	1.3858216204155387e-06	21.872676300000002
v29CCCACCACCACCACACACACCACACCACAACACACCACACACCAAACAADBAEE	29	6	1.2829033199105957e-06	21.872676300000002
v29CCCACCACCACCACACACACCACACCACAACACACCACACACCACAAAABBABE	29	6	1.6162386181744858e-06	21.872676300000002
v29CCCACCACCACCACACACACCACACCACAACACACCACACACCACAAABABABE	29	6	1.519783834588552e-06	21.872676300000002
v29CCCACCACCACCACACACACCACACCACAACACACCACACACCACAAABABBAE	29	6	1.4586862050385044e-06	21.872676300000002
v29CCCACCACCACCACACACACCACACCACAACACACCACACACCACAABABAABE	29	6	1.601617323593381e-06	21.872676300000002
v29CCCACCACCACCACACACACCACACCACAACACACCACACACCACAADEDABEE	29	6	2.4716698549016578e-06	21.872676300000002
v29CCCACCACCACCACACACACCACACCACAACACACCACACACCADEAABCADEE	29	6	1.5309085999562648e-06	21.872676300000002
v29CCCACCACCACCACACACACCACACCACAACACACCACACACCADEABACADEE	29	6	1.313178998855599e-06	21.872676300000002
v29CCCACCACCACCACACACACCACACCACAACACACCACACACCADEACAADEAE	29	6	2.1423972441362603e-06	21.872676300000002
v29CCCACCACCACCACACACACCACACCACAACACACCACACACCADEACADABEE	29	6	1.4239453137469727e-06	21.872676300000002
v29CCCACCACCACCACACACACCACACCACAACACACCACACACCADEACADBAEE	29	6	1.4983903453100786e-06	21.872676300000002
v29CCCACCACCACCACACACACCACACCACACAAACCACACACCACADECADEABE	29	6	1.077145257244463e-06	43.466993469328585
v29CCCACCACCACCACACACACCACACCACACAACACCACACACACAAAABCADEE	29	6	6.683705699307428e-06	21.872676300000002
v29CCCACCACCACCACACACACCACACCACACAACACCACACACCAAAABACADEE	29	6	9.640713792995564e-07	21.872676300000002
v29CCCACCACCACCACACACACCACACCACACAACACCACACACCAACAAABBABE	29	6	1.3280299424332601e-06	21.872676300000002
v29CCCACCACCACCACACACACCACACCACACAACACCACACACCAACAAADABEE	29	6	1.1563533816384183e-06	21.872676300000002
v29CCCACCACCACCACACACACCACACCACACAACACCACACACCAACAAADBAEE	29	6	1.0477642466975296e-06	21.872676300000002
v29CCCACCACCACCACACACACCACACCACACAACACCACACACCAADEABCADEE	29	6	1.2475564662253544e-06	21.872676300000002
v29CCCACCACCACCACACACACCACACCACACAACACCACACACCACAAABABBAE	29	6	1.163347154734343e-06	21.872676300000002
v29CCCACCACCACCACACACACCACACCACACAACACCACACACCACADEADABEE	29	6	1.2272226577734955e-06	21.872676300000002
v29CCCACCACCACCACACACACCACACCACACAACACCACACACCACADEADBAEE	29	6	1.1526863726527961e-06	21.872676300000002
v29CCCACCACCACCACACACACCACACCACACACAACCACACACACAAAABCADEE	29	6	4.4401640039266314e-06	21.872676300000002
v29CCCACCACCACCACACACACCACACCACACACAACCACACACCAAACAADABEE	29	6	9.561548292984897e-07	21.872676300000002
v29CCCACCACCACCACACACACCACACCACACACAACCACACACCAAACAADBAEE	29	6	9.073567835104602e-07	21.872676300000002
v29CCCACCACCACCACACACACCACACCACACACAACCACACACCAACAAABBABE	29	6	1.076674724676162e-06	21.872676300000002
v29CCCACCACCACCACACACACCACACCACACACAACCACACACCAACAAADABEE	29	6	9.516892849938906e-07	21.872676300000002
v29CCCACCACCACCACACACACCACACCACACACAACCACACACCAACAAADBAEE	29	6	9.044867007768661e-07	21.872676300000002
v29CCCACCACCACCACACACACCACACCACACACAACCACACACCADEAABCADEE	29	6	1.0146474243807041e-06	21.872676300000002
v29CCCACCACCACCACACACACCACACCACACACAACDEACCACACACAAACADEE	29	6	4.079913702178872e-07	21.872676300000002
v29CCCACCACCACCACACACACCACACCACACACACAAACACCACACACADEAABE	29	6	4.3174855679756097e-07	43.466993469328585
v29CCCACCACCACCACACACACCACACCACACACACACCACACACCAADEABAABE	29	6	1.6320641878451777e-06	21.872676300000002
v29CCCACCACCACCACACACACCACACCACACACACACCACACACCADEAABAABE	29	6	1.733227947259094e-06	21.872676300000002
v29CCCACCACCACCACACACACCACACCACACACACACCACACACCADEADEBABE	29	6	1.95104835997451e-06	21.872676300000002
v29CCCACCACCACCACACACACDECACACACACACACACACACACACACAACADEE	29	6	8.498701085934745e-06	21.872676300000002
v29CCCACCACCACCACACCACAACACCACAACCACAACACCACAACCAAACAAAAE	29	6	7.168831642903502e-07	43.466993469328585
v29CCCACCACCACCACACCACAACACCACACACACAACACACACACACAACADEAE	29	6	9.64022369858638e-06	21.872676300000002
v29CCCACCACCACCACACCACAACACCACACACACAACACCACACACAAACAADEE	29	6	1.0199512028051239e-06	43.466993469328585
v29CCCACCACCACCACACCACAACACCACACACACAACACCACACACACAAABABE	29	6	7.981623681295412e-07	21.872676300000002
v29CCCACCACCACCACACCACAACACCACACACACAACACCACACACACAAABBAE	29	6	7.577219369276419e-07	21.872676300000002
v29CCCACCACCACCACACCACAACACCACACACACAACACCACACACADEACADEE	29	6	5.379927490728538e-07	43.466993469328585
v29CCCACCACCACCACACCACAACACCACACACCAAACACACACACACDEACAABE	29	6	1.89455395199511e-06	21.872676300000002
v29CCCACCACCACCACACCACAACACCACACACCAAACACCACAACACDEAACAAE	29	6	5.933437420122286e-07	55.27909663310495
v29CCCACCACCACCACACCACAACACCACACACCAAACACCACACAACDEAACAAE	29	6	5.747685591992439e-07	55.27909663310495
v29CCCACCACCACCACACCACAACACCACACACCAAACACCACACACACDEAAABE	29	6	5.710711481619902e-07	55.27909663310495
v29CCCACCACCACCACACCACAACACCACACACCAAACACCACACACACDEAABAE	29	6	5.908187157771942e-07	55.27909663310495
v29CCCACCACCACCACACCACAACACCACACACCAAACACCACACACACDEAADEE	29	6	5.549366161991212e-07	55.27909663310495
v29CCCACCACCACCACACCACAACACCACACACCAAACACCACACACACDEABABE	29	6	5.79512937718081e-07	43.466993469328585
v29CCCACCACCACCACACCACAACACCACACACCAAACACCACACACACDEABBAE	29	6	5.571915420664222e-07	43.466993469328585
v29CCCACCACCACCACACCACAACACCACACACCAAACACCACACACADBECADEE	29	6	9.538779737624945e-07	43.466993469328585
v29CCCACCACCACCACACCACAACACCACACACCAAACACCACACACADEACADEE	29	6	5.817955868522884e-07	43.466993469328585
v29CCCACCACCACCACACCACAACACCACACACCACAAACCACACAACCADEBABE	29	6	7.971106339279733e-07	43.466993469328585
v29CCCACCACCACCACACCACAACACCACACACCACAAACCACACACAADECADEE	29	6	6.638713942328463e-07	43.466993469328585
v29CCCACCACCACCACACCACAACACCACACACCACAAACCACACACACADEADEE	29	6	1.1590554383921269e-06	43.466993469328585
v29CCCACCACCACCACACCACAACACCACACACCACAAACCACACACACADEBABE	29	6	8.7559956161629e-07	43.466993469328585
v29CCCACCACCACCACACCACAACACCACACACCACAACACACACACACAAABABE	29	6	7.602090420700242e-06	21.872676300000002
v29CCCACCACCACCACACCACAACACCACACACCACAACACACACACACADEADEE	29	6	3.527607330431465e-06	21.872676300000002
v29CCCACCACCACCACACCACAACACCACACACCACAACACCAACAACCAAABAAE	29	6	5.897142774401315e-07	43.466993469328585
v29CCCACCACCACCACACCACAACACCACACACCACAACACCACACAACADEAABE	29	6	7.801204537630982e-07	43.466993469328585
v29CCCACCACCACCACACCACAACACCACACACCACAACACCACACAACDABEABE	29	6	7.169490698379765e-07	43.466993469328585
v29CCCACCACCACCACACCACAACACCACACACCACAACACCACACAADCAAAEAE	29	6	4.617134281791237e-07	43.466993469328585
v29CCCACCACCACCACACCACAACACCACACACCACAACACCACACAADCADEEAE	29	6	5.21453775031069e-07	43.466993469328585
v29CCCACCACCACCACACCACAACACCACACACCACAACACCACACACAADAEABE	29	6	6.900918035005652e-07	43.466993469328585
v29CCCACCACCACCACACCACAACACCACACACCACAACACCACACACADBAEBAE	29	6	4.695205086869185e-07	43.466993469328585
v29CCCACCACCACCACACCACAACACCACACACCACAACACCACACACADBEAABE	29	6	5.16104727252906e-07	43.466993469328585
v29CCCACCACCACCACACCACAACACCACACACCADEACCACACACACDEACAABE	29	6	6.947981027014053e-07	55.27909663310495
v29CCCACCACCACCACACCACACAACCACACACCAACAACCACACACACAAABABE	29	6	6.117799524090972e-06	21.872676300000002
v29CCCACCACCACCACACCACACAACCACACACCAACAACCACACACACAAABBAE	29	6	2.1153668373929106e-06	21.872676300000002
v29CCCACCACCACCACACCACACAACCACACACCAACAACCACACACADBECADEE	29	6	1.8265815365898036e-06	43.466993469328585
v29CCCACCACCACCACACCACACACACCACAACCACACACACACCACAABABABAE	29	6	6.230721440324217e-07	43.466993469328585
v29CCCACCACCACCACACCACACACACCACACACAACAACACACACACAAACADEE	29	6	6.940436810516049e-06	21.872676300000002
v29CCCACCACCACCACACCACACACACCACACACAACACAACCACACACAADEABE	29	6	5.72276187947286e-07	43.466993469328585
v29CCCACCACCACCACACCACACACACCACACACAACACAACCACACACAADEBAE	29	6	5.262729491576193e-07	21.872676300000002
v29CCCACCACCACCACACCACACACACCACACACACACAAACCACACACAADEBAE	29	6	5.784536954790322e-07	43.466993469328585
v29CCCACCACCACCACACCACACACACCACACACACADEACCACACACADECADEE	29	6	5.764526738463919e-07	43.466993469328585
v29CCCACCACCACCACACCACACACACCACACACCACADEACCACACAACDAEABE	29	6	4.676797381122691e-07	43.466993469328585
v29CCCACCACCACCACACCACACACACCACACACCACADEACCACACACAADEABE	29	6	6.032772870563519e-07	43.466993469328585
v29CCCACCACCACCACACCACACACACCACACACCACADEACCACACACAADEBAE	29	6	5.758098326631837e-07	43.466993469328585
v29CCCACCACCACCACACCACACACACCACACACDEACAACCACACACAAACADEE	29	6	5.011770162158209e-07	21.872676300000002
v29CCCACCACCACCACACCACACACACCACACACDEACACACACACACAAACADEE	29	6	2.105766971566224e-06	21.872676300000002
v29CCCACCACCACCACACCACACACACCACACACDEACACACCACACACAADEBAE	29	6	5.37098136168623e-07	43.466993469328585
v29CCCACCACCACCACACCACACCAACCACACACADECAACCACACACAAACADEE	29	6	5.558528423201548e-07	43.466993469328585
v29CCCACCACCACCACACCACACCAACCACACACDEACAACCACACACAAACADEE	29	6	4.146894502789333e-07	21.872676300000002
v29CCCACCACCACCACACCACACCAACDEACCACACACCAAACCACACAACDEABE	29	6	2.5511078684472103e-07	43.466993469328585
v29CCCACCACCACCACACCACACCACACDEACCAACACACACAACCAACACAAAAE	29	6	2.89871140837277e-07	55.27909663310495
v29CCCACCACCACCACACCACACCACACDEACCAACACCAACAACCAACACAAAAE	29	6	3.686083577271299e-07	43.466993469328585
v29CCCACCACCACCACACCACACCACACDEACCACACACAACAACCAACACAAAAE	29	6	3.4498590089160183e-07	43.466993469328585
v29CCCACCACCACCACACCACACCACACDEACCACACACCACAAACCACAAABABE	29	6	2.3181550065278156e-07	43.466993469328585
v29CCCACCACCACCACACCACACCACACDEACCACACACCACAAACCACADEBABE	29	6	2.9464963708648525e-07	43.466993469328585
v29CCCACCCACCACCACAACCAACCACACACAACCAACCAACACAACCAABCAABE	29	6	8.239125508088969e-07	43.466993469328585
v29CCCACCCACCACCACAACCAACCACACCAAACCAACCACACACDECAABCAAAE	29	6	4.619881268920564e-07	43.466993469328585
v29CCCACCCACCACCACAACCAACCACACCAAACCAACCACACACDECAABCADEE	29	6	4.7061444886751525e-07	43.466993469328585
v29CCCACCCACCACCACAACCACACCACACCACAACCACACAACACAACAABBABE	29	6	1.175505464131991e-06	2.1000000000000014
v29CCCACCCACCACCACACACACACCACACCAACACACAACCADECAACACAAAAE	29	6	4.3273536592492437e-07	43.466993469328585
v29CCCACCCACCACCACACCAACACACACCACAACCAACAACACACAACCAAABAE	29	6	2.230246662275435e-06	21.872676300000002
v29CCCCACCACACACCACACCACACACACCACACACACACACAACACACAAABABE	29	6	1.9595525043273464e-06	21.872676300000002
v30CCCACACACCAACACACCAACACACCAACACACCAACACACCAACACACCAACAAE	30	6	0.0007300867318563291	2.1000000000000014
v30CCCACACACCACACACACACACACACACACACACACACACACACACACACACAAAE	30	6	1.8696382255579655e-06	2.1000000000000014
v30CCCACACACCACACACACACACACACACACACACACACACACACACACACACAABE	30	6	1.013523154534033e-06	2.1000000000000014
v30CCCACACACCACACACACACACACACACACACACACACACACACACACACACADEE	30	6	3.432607915501236e-06	2.1000000000000014
v30CCCACACACCACACACACCACACACAACCACACACAACCACACACAACACACAAAE	30	6	2.1889822869612798e-05	21.872676300000002
v30CCCACACACCACACACACCACACACAACCACACACAACCACACACAACCACAADEE	30	6	2.0492292322605917e-05	21.872676300000002
v30CCCACACACCACACACACCACACACACACACACACACAACACACACAACACACAAE	30	6	8.98048862731784e-06	21.872676300000002
v30CCCACACACCACACACACCACACACACACACACACACACACACACACAACACAABE	30	6	1.7026370718290626e-06	21.872676300000002
v30CCCACACACCACACACACCACACACACACACACACACACACACACACACACADEAE	30	6	1.6878581601647905e-06	21.872676300000002
v30CCCACACACCACACACACCACACACACACCAACACACAACCAACACAACCAACAAE	30	6	1.6057920194598054e-06	2.1000000000000014
v30CCCACACACCACACACACCACACACACACCACACACACAACACACACACAACADEE	30	6	3.08655422044897e-06	21.872676300000002
v30CCCACACACCACACACACCACACACACACCACACACACAACCACACACACAAAABE	30	6	2.0256133347836143e-06	21.872676300000002
v30CCCACACACCACACACACCACACACACACCACACACACAACCACACACACAABDEE	30	6	6.6067605519996934e-06	21.872676300000002
v30CCCACACACCACACACACCACACACACACCACACACACACAACACACAACAACAAE	30	6	2.7077474654550975e-07	43.466993469328585
v30CCCACACACCACACACACCACACACACACCACACACACACAACACACACACAADEE	30	6	4.7414411387002844e-07	2.1000000000000014
v30CCCACACACCACACACACCACACACACACCACACACACACACACACACAACAAABE	30	6	9.566643392441759e-07	21.872676300000002
v30CCCACACACCACACACACCACACACACACCACACACACACACACACACACAAAABE	30	6	1.1482192893034318e-06	21.872676300000002
v30CCCACACACCACACACACCACACACACACCACACACADECACACACAACACACAAE	30	6	1.6274417076991917e-06	2.1000000000000014
v30CCCACACCACACAACCACACAACCACACAACCACACAACCACACAACCACACAAAE	30	6	3.3914471005561614e-05	2.1000000000000014
v30CCCACACCACACAACCACACAACCACACAACCACACAACCACACAACCACACAABE	30	6	1.4372316424744444e-05	2.1000000000000014
v30CCCACACCACACACACCAACACACACCAACACACACCAACACACACCAACACAAAE	30	6	1.0404936361742592e-05	21.872676300000002
v30CCCACACCACACACACCACACACAACCACACACAACCACACACAACACACACAAAE	30	6	9.32181111528848e-06	21.872676300000002
v30CCCACACCACACACACCACACACAACCACACACAACCACACACAACACACACAABE	30	6	7.356456594332884e-06	21.872676300000002
v30CCCACACCACACACACCACACACAACCACACACAACCACACACAACCACAACAABE	30	6	1.251196248734872e-05	21.872676300000002
v30CCCACACCACACACACCACACACAACCACACACAACCACACACAACCACACAAAAE	30	6	1.4233104669804685e-05	21.872676300000002
v30CCCACACCACACACACCACACACAACCACACACAACCACACACAACCACACAAABE	30	6	1.4228954121536263e-05	21.872676300000002
v30CCCACACCACACACACCACACACACACACACACACACACACACACAACACAACAAE	30	6	1.0154322022690873e-06	21.872676300000002
v30CCCACACCACACACACCACACACACACACACACACACACACACACAACACACADEE	30	6	5.955182889671544e-07	21.872676300000002
v30CCCACACCACACACACCACACACACACACACACACACACACACACACAACAACAAE	30	6	7.991947817032903e-07	21.872676300000002
v30CCCACACCACACACACCACACACACACACACACACACACACACACACACAAACAAE	30	6	2.52738592627469e-06	21.872676300000002
v30CCCACACCACACACACCACACACACACACACACACACACACACACACACACAABAE	30	6	1.3726160108668428e-06	21.872676300000002
v30CCCACACCACACACACCACACACACACACACACACACACACACACACACACAADEE	30	6	1.7755480318689337e-06	21.872676300000002
v30CCCACACCACACACACCACACACACACCACACACACAACACACACACAACACAABE	30	6	3.897952061050614e-06	21.872676300000002
v30CCCACACCACACACACCACACACACACCACACACACAACCAACACACAACCAAABE	30	6	1.6827293372050157e-05	21.872676300000002
v30CCCACACCACACACACCACACACACACCACACACACAACCACACACACAAACAAAE	30	6	1.675205317489372e-05	21.872676300000002
v30CCCACACCACACACACCACACACACACCACACACACAACCACACACACAAACADEE	30	6	2.6056326135901257e-05	21.872676300000002
v30CCCACACCACACACACCACACACACACCACACACACAACCACACACACAACAADEE	30	6	1.7772824715513463e-05	21.872676300000002
v30CCCACACCACACACACCACACACACACCACACACACACAACACACAACAACACAAE	30	6	5.9250551357410205e-05	2.1000000000000014
v30CCCACACCACACACACCACACACACACCACACACACACAACACACACACAACAABE	30	6	7.895735350269592e-05	21.872676300000002
v30CCCACACCACACACACCACACACACACCACACACACACACACACACAACAAACAAE	30	6	1.4510293202729467e-05	21.872676300000002
v30CCCACACCACACACACCACACACACACCACACACACACACACACACAACACAABAE	30	6	1.2996918045774138e-05	21.872676300000002
v30CCCACACCACACACACCACACACACACCACACACACACACACACACACAAACAAAE	30	6	2.984188682487378e-06	21.872676300000002
v30CCCACACCACACACACCACACACACACCACACACACACACACACACACAAACADEE	30	6	3.3591346783557945e-06	21.872676300000002
v30CCCACACCACACACACCACACACACACCACACACACACACACACACACAACAADEE	30	6	3.000315240443675e-05	21.872676300000002
v30CCCACACCACACACACCACACACACACCACACACACACACACACACACACAAADEE	30	6	2.8287752883909566e-05	21.872676300000002
v30CCCACACCACACACACCACACACACACCACACACACACACACACACACACAABABE	30	6	6.039740462683159e-06	21.872676300000002
v30CCCACACCACACACACCACACACACACCACACACACACACCAACACAACAACAAAE	30	6	1.773322413914998e-05	21.872676300000002
v30CCCACACCACACACACCACACACACACCACACACACACACCAACACACACAABBAE	30	6	3.173160188281529e-05	21.872676300000002
v30CCCACACCACACACACCACACACACACCACACACACACACCACACACACADEAABE	30	6	3.22650352306839e-05	21.872676300000002
v30CCCACACCACCACACACAACCACACACAACCACACACAACCACACACAACAACAAE	30	6	1.2651047646926262e-05	21.872676300000002
v30CCCACACCACCACACACACACCACACACACAACCACACACACAACACACACADEAE	30	6	1.6365357486216362e-06	21.872676300000002
v30CCCACACCACCACACACACACCACACACACACACACACACACAACACACACADEAE	30	6	1.740899379596077e-05	21.872676300000002
v30CCCACACCACCACACACACACCACACACACACACCACACACACAAACCACAABABE	30	6	6.07275408330358e-07	43.466993469328585
v30CCCACACCACCACACACACACCACACACACACACCACACACACADECACACAABAE	30	6	1.6737063424601448e-06	21.872676300000002
v30CCCACACCACCACACACCACAACACACACCACAACACACACCACAACADECACAAE	30	6	7.90124726464366e-05	21.872676300000002
v30CCCACACCACCACACACCACACCACACACAACACACACACACAACAACACACAAAE	30	6	1.7416303385975417e-05	21.872676300000002
v30CCCACACCACCACACACCACACCACACACAACACACCACAACAACACACACAAABE	30	6	4.881311579966282e-06	21.872676300000002
v30CCCACACCACCACACACCACACCACACACAACACACCACACACAACACACAAADEE	30	6	1.0993139126477315e-06	21.872676300000002
v30CCCACACCACCACACACCACACCACACACACAAACCACACACADECACACACAAAE	30	6	2.69957975539258e-07	43.466993469328585
v30CCCACACCACCACACACCACACCACACACACACACACCADEACACACACACDEABE	30	6	9.79713074760242e-07	21.872676300000002
v30CCCACACCACCACACACCACACCACACACACCAACACCADEACACCAACACDEABE	30	6	5.776338010142658e-07	43.466993469328585
v30CCCACACCACCACACACCACACCACACACACCACACACCADEACACCAABACADEE	30	6	5.574158132388213e-07	43.466993469328585
v30CCCACCACACACACCACACACAACCACACACAACCACACACAACCACACACAABBE	30	6	1.2280854242491376e-06	2.1000000000000014
v30CCCACCACACACACCACACACACACCACACACACAACCACACACACAAACACAABE	30	6	5.965168301586206e-07	43.466993469328585
v30CCCACCACACACACCACACACACACCACACACACACACACACACACAAACACAABE	30	6	4.135599273933315e-06	21.872676300000002
v30CCCACCACACCACAACACACCACAACACACCACAACACACCACAACACACACAABE	30	6	2.2133102073214476e-06	2.1000000000000014
v30CCCACCACACCACACACAACCACACACAACCACACACAACCACACACAACACAAAE	30	6	8.914580806624868e-05	21.872676300000002
v30CCCACCACACCACACACAACCACACACAACCACACACAACCACACACAACCAAABE	30	6	5.758327450721116e-05	21.872676300000002
v30CCCACCACACCACACACACACACACACACACACACACACACACACACACAACAABE	30	6	2.2036628285804984e-06	21.872676300000002
v30CCCACCACACCACACACACACACACACACACACACACACACACACACACACAAABE	30	6	1.2142423895342994e-06	21.872676300000002
v30CCCACCACACCACACACACACACACACACACACACACACACACACACACACAABAE	30	6	1.2268841075417825e-06	21.872676300000002
v30CCCACCACACCACACACACACCACACACAACACCACACACAACACACAACAACAAE	30	6	2.7549408324764075e-07	43.466993469328585
v30CCCACCACACCACACACACACCACACACAACACCACACACAACACACACACAABAE	30	6	2.461914446452292e-07	21.872676300000002
v30CCCACCACACCACACACACACCACACACAACACCACACACAACACCAACACAABAE	30	6	2.2163536758244285e-07	43.466993469328585
v30CCCACCACACCACACACACACCACACACAACACCACACACAACACCACAACAAAAE	30	6	2.0939552519809782e-07	43.466993469328585
v30CCCACCACACCACACACACACCACACACACAACCACACACACAACAACACACAAAE	30	6	1.536021297293519e-05	21.872676300000002
v30CCCACCACACCACACACACACCACACACACAACCACACACACAACACAACACAAAE	30	6	1.1044387342987101e-05	21.872676300000002
v30CCCACCACACCACACACACACCACACACACAACCACACACACAACACAACACAABE	30	6	1.6378923974837913e-05	21.872676300000002
v30CCCACCACACCACACACACACCACACACACAACCACACACACAACCACAACAAAAE	30	6	1.56037030352108e-05	21.872676300000002
v30CCCACCACACCACACACACACCACACACACAACCACACACACAACCACAACADEAE	30	6	1.1319255279855866e-05	21.872676300000002
v30CCCACCACACCACACACACACCACACACACAACCACACACACAACCACAACADEBE	30	6	1.4498069101541733e-05	21.872676300000002
v30CCCACCACACCACACACACACCACACACACACACACACACACAACAACACACAAAE	30	6	1.3943434861948107e-06	21.872676300000002
v30CCCACCACACCACACACACACCACACACACACACACACACACAACACAACACAABE	30	6	1.0427367615190243e-06	21.872676300000002
v30CCCACCACACCACACACACACCACACACACACACACACACACACACACAACADEAE	30	6	7.254934284871742e-07	21.872676300000002
v30CCCACCACACCACACACACACCACACACACACACCAACACACAACACAACACAAAE	30	6	3.039203493859763e-07	43.466993469328585
v30CCCACCACACCACACACACACCACACACACACACCAACACACAACACCAACADAEE	30	6	2.599696993443466e-07	43.466993469328585
v30CCCACCACACCACACACACACCACACACACACACCAACACACACAACAACACAAAE	30	6	5.294200825169213e-07	21.872676300000002
v30CCCACCACACCACACACACACCACACACACACACCACACACAACAACACAACAAAE	30	6	4.968948260652278e-07	21.872676300000002
v30CCCACCACACCACACACACACCACACACACACACCACACACAACAACCACAADAEE	30	6	2.557584029019142e-07	43.466993469328585
v30CCCACCACACCACACACACACCACACACACACACCACACACAACACAACAACAAAE	30	6	2.0432854168310593e-07	43.466993469328585
v30CCCACCACACCACACACACACCACACACACACACCACACACACAAACACAACADEE	30	6	8.628115241032594e-07	21.872676300000002
v30CCCACCACACCACACACACACCACACACACACACCACACACACAAACCACAABABE	30	6	2.2783620277485313e-07	43.466993469328585
v30CCCACCACACCACACACACACCACACACACACACCACACACACAAACCACAADAEE	30	6	4.899060405832646e-07	21.872676300000002
v30CCCACCACACCACACACACACCACACACACACACCACACACACAACAACAACAAAE	30	6	2.01806770672399e-07	43.466993469328585
v30CCCACCACACCACACACACACCACACACACACACCACACACACAACACACAABABE	30	6	2.4278373041547314e-07	21.872676300000002
v30CCCACCACACCACACACACACCACACACACACACCACACACACAACACADEACAAE	30	6	3.4443584041434637e-07	43.466993469328585
v30CCCACCACACCACACACACACCACACACACACACCACACACACAACACCADEABAE	30	6	2.3676747053058274e-07	43.466993469328585
v30CCCACCACACCACACACACACCACACACACACACCACACACACACAABCACAABAE	30	6	3.564871909554332e-07	21.872676300000002
v30CCCACCACACCACACACACACCACACACACACACCACACACACACAACACAABABE	30	6	4.887902891419475e-07	2.1000000000000014
v30CCCACCACACCACACACACACCACACACACACACCACACACACACAACADEACAAE	30	6	2.772234666071881e-07	21.872676300000002
v30CCCACCACACCACACACACACCACACACACACACCACACACACACAACCADEAABE	30	6	1.9239695169655726e-07	43.466993469328585
v30CCCACCACACCACACACACACCACACACACACACCACACACACACAACCADEABAE	30	6	1.8792526147499628e-07	43.466993469328585
v30CCCACCACACCACACACACACCACACACACACACCACACACACACACACADEAABE	30	6	2.3539097181020578e-07	21.872676300000002
v30CCCACCACACCACACACACACCACACACACACACCACACACACACACACADEABAE	30	6	3.137651340076339e-07	21.872676300000002
v30CCCACCACACCACACACACACCACACACACACACCACACACACACACACADEADEE	30	6	3.3723044166616073e-07	43.466993469328585
v30CCCACCACACCACACACACACCACACACACACACCACACACACADECACAACAAAE	30	6	8.760464148392665e-07	21.872676300000002
v30CCCACCACACCACACACACACCACACACACACACCACACACACADECACAACADEE	30	6	7.780725974095828e-07	21.872676300000002
v30CCCACCACACCACACCAACACCAACACCAACACCAACACCAACACCAACACDEABE	30	6	2.596459810662554e-06	2.1000000000000014
v30CCCACCACACCACACCAACACCACACACAACACCACACACAACACACAACAACAAE	30	6	2.6041428881212733e-07	21.872676300000002
v30CCCACCACACCACACCAACACCACACACAACACCACACACAACACACACACAAAAE	30	6	3.26813146691312e-07	21.872676300000002
v30CCCACCACACCACACCAACACCACACACAACACCACACACAACACCACAACAAAAE	30	6	2.0374335955252118e-07	43.466993469328585
v30CCCACCACACCACACCAACACCACACACCAACACACACACACAACACAACACAABE	30	6	1.1451380200259246e-06	21.872676300000002
v30CCCACCACACCACACCAACACCACACACCAACACACACACACCAACACAACAAAAE	30	6	9.996018234974445e-07	21.872676300000002
v30CCCACCACACCACACCAACACCACACACCAACACACACACACCAACACAACAADEE	30	6	5.517472686119157e-06	2.1000000000000014
v30CCCACCACACCACACCAACACCACACACCAACACCACACACACAAACACAACADEE	30	6	1.4665211241427494e-06	2.1000000000000014
v30CCCACCACACCACACCAACACCACACACCAACACCACACACACAAACCACAABABE	30	6	7.40199070827347e-07	21.872676300000002
v30CCCACCACACCACACCAACACCACACACCAACACCACACACACAACAACAACAAAE	30	6	5.580079526002302e-07	43.466993469328585
v30CCCACCACACCACACCAACACCACACACCAACACCACACACACAACACACAABABE	30	6	6.083119726760148e-07	21.872676300000002
v30CCCACCACACCACACCAACACCACACACCAACACCACACACACAACACADEACAAE	30	6	6.104422530849413e-07	21.872676300000002
v30CCCACCACACCACACCAACACCACACACCAACACCACACACACAACACCADEABAE	30	6	1.5675064752051513e-06	2.1000000000000014
v30CCCACCACACCACACCAACACCACACACCAACACCACACACACCAABABCACAABE	30	6	6.80424451518831e-07	2.1000000000000014
v30CCCACCACACCACACCAACACCACACACCAACACCACACACACCAABACACAABAE	30	6	6.506781371611583e-07	2.1000000000000014
v30CCCACCACACCACACCAACACCACACACCAACACCACACACACCAABACCADEABE	30	6	6.7903477216353e-07	2.1000000000000014
v30CCCACCACACCACACCAACACCACACACCAACACCACACACACCAACAACAADEBE	30	6	1.0508388907882726e-06	21.872676300000002
v30CCCACCACACCACACCAACACCACACACCAACACCACACACACCAACACADEAABE	30	6	3.907435320932754e-06	2.1000000000000014
v30CCCACCACACCACACCAACACCACACACCAACACCACACACACCAACACADEABAE	30	6	1.1225420787316896e-05	2.1000000000000014
v30CCCACCACACCACACCAACACCACACACCAACACCACACACACDEACACAACAAAE	30	6	2.4385431887719054e-06	2.1000000000000014
v30CCCACCACACCACACCAACACCACACACCAACACCACACACACDEACACAACADEE	30	6	1.7549887969780314e-06	2.1000000000000014
v30CCCACCACACCACACCAACACCACACACCAACACCACACACACDEACCACAABABE	30	6	7.885084441823175e-07	2.1000000000000014
v30CCCACCACACCACACCAACACCACACACDEACCACACACAACCACACACAAACAAE	30	6	2.066248571308045e-06	21.872676300000002
v30CCCACCACACCACACCACACAACACACCACACAACACACCACACAACAACAACAAE	30	6	8.184332341314162e-07	43.466993469328585
v30CCCACCACACCACACCACACAACACACCACACAACACACCACACAACAACACAAAE	30	6	8.407995832266545e-07	43.466993469328585
v30CCCACCACACCACACCACACACACACACCACACACACACACACCAACACADEABAE	30	6	5.461657986397856e-07	43.466993469328585
v30CCCACCACACCACACCACACACCACACAACACACACCACACAACACAACACAAABE	30	6	2.7428203496438537e-06	21.872676300000002
v30CCCACCACACCACACCACACACCACACACAACACACACACACAACACACAACAAAE	30	6	9.055350436314845e-07	21.872676300000002
v30CCCACCACACCACACCACACACCACACACAACACACCACACACAAACACACAADEE	30	6	4.2268429389172366e-07	43.466993469328585
v30CCCACCACACCACACCACACACCACACACAACACACCACACACAACAACACAAAAE	30	6	2.331546743600291e-06	21.872676300000002
v30CCCACCACACCACACCACACACCACACACAACACACCACACACAACAACACAABAE	30	6	2.236904815208933e-06	21.872676300000002
v30CCCACCACACCACACCACACACCACACACAACACACCACACACAACACAACAADEE	30	6	4.2279304706054007e-07	43.466993469328585
v30CCCACCACACCACACCACACACCACACACAACACACCACACACAACACACADEAAE	30	6	8.277380115705135e-07	21.872676300000002
v30CCCACCACACCACACCACACACCACACACACAACACACACACACAACACAACAAAE	30	6	4.676159325548995e-07	43.466993469328585
v30CCCACCACACCACACCACACACCACACACACAACACACACACACAACACAACADEE	30	6	4.681080269269551e-06	2.1000000000000014
v30CCCACCACACCACACCACACACCACACACACAACACCACACACAAACACACAADEE	30	6	4.3623845309974834e-07	43.466993469328585
v30CCCACCACACCACACCACACACCACACACACAACACCACACACACAAABCACAABE	30	6	4.954837354140765e-07	43.466993469328585
v30CCCACCACACCACACCACACACCACACACACAACACCACACACACAAACACAABAE	30	6	9.506108006556639e-07	21.872676300000002
v30CCCACCACACCACACCACACACCACACACACAACACCACACACACAAACCADEABE	30	6	4.468269866352252e-07	43.466993469328585
v30CCCACCACACCACACCACACACCACACACACAACACCACACACACAACAACAAABE	30	6	4.206045244928591e-07	43.466993469328585
v30CCCACCACACCACACCACACACCACACACACAACACCACACACACAACACADEAAE	30	6	4.946655818438132e-07	43.466993469328585
v30CCCACCACACCACACCACACACCACACACACAACACCACACACACAACACADEABE	30	6	1.2306304688427502e-06	2.1000000000000014
v30CCCACCACACCACACCACACACCACACACACACAACACACAACACAACACAACAAE	30	6	3.317806084496942e-05	21.872676300000002
v30CCCACCACACCACACCACACACCACACACACACAACCACACACAACAACACAABAE	30	6	1.7161621662005237e-05	21.872676300000002
v30CCCACCACACCACACCACACACCACACACACACAACCACACACACAAABCACAABE	30	6	5.308945938864955e-06	21.872676300000002
v30CCCACCACACCACACCACACACCACACACACACAACCACACACACAAACACAABAE	30	6	1.7608888727602312e-05	21.872676300000002
v30CCCACCACACCACACCACACACCACACACACACAACCACACACACAAACCADEABE	30	6	7.4477928550740155e-06	21.872676300000002
v30CCCACCACACCACACCACACACCACACACACACAACCACACACACACAABCADEAE	30	6	9.75294206839669e-06	21.872676300000002
v30CCCACCACACCACACCACACACCACACACACACAACCACACACACACAACADEAAE	30	6	1.6870303764794076e-05	21.872676300000002
v30CCCACCACACCACACCACACACCACACACACACACACACACACAACAACACAABAE	30	6	7.792850847738687e-07	43.466993469328585
v30CCCACCACACCACACCACACACCACACACACACACACACACACACAAACACAABAE	30	6	5.728333148960803e-07	43.466993469328585
v30CCCACCACACCACACCACACACCACACACACACACACACACACACAACACADEABE	30	6	9.126994903159643e-07	21.872676300000002
v30CCCACCACACCACACCACACACCACACACACACACACACACACACACAACADEABE	30	6	8.63271797985417e-07	21.872676300000002
v30CCCACCACACCACACCACACACCACACACACACACACCACACAACACACAAABABE	30	6	3.0414946592809365e-06	21.872676300000002
v30CCCACCACACCACACCACACACCACACACACACACACCACACACAACAAACADEAE	30	6	2.4517781200010654e-06	21.872676300000002
v30CCCACCACACCACACCACACACCACACACACACACACCACACACAACAACAADEAE	30	6	9.082835026528302e-07	43.466993469328585
v30CCCACCACACCACACCACACACCACACACACACACACCACACACAACADECADEAE	30	6	2.0029832996472287e-06	21.872676300000002
v30CCCACCACACCACACCACACACCACACACACACACACCACACACACAAAABCADEE	30	6	6.928017004047102e-07	43.466993469328585
v30CCCACCACACCACACCACACACCACACACACACACACCACACACACAAACAADEAE	30	6	6.2080145016171e-07	43.466993469328585
v30CCCACCACACCACACCACACACCACACACACACACACCACACACACAAACADBAEE	30	6	6.666205165356484e-07	43.466993469328585
v30CCCACCACACCACACCACACACCACACACACACACACCACACACACAACAABBABE	30	6	3.7894294857191464e-06	21.872676300000002
v30CCCACCACACCACACCACACACCACACACACACACACCACACACACAACAADBAEE	30	6	1.0082524523474451e-06	21.872676300000002
v30CCCACCACACCACACCACACACCACACACACACACACCACACACACAADECADEAE	30	6	1.2411862043349844e-06	21.872676300000002
v30CCCACCACACCACACCACACACCACACACACACACACCACACACACACAAABBABE	30	6	3.5415730894317846e-06	21.872676300000002
v30CCCACCACACCACACCACACACCACACACACACACACCACACACACACAAADBAEE	30	6	8.442256527626875e-07	21.872676300000002
v30CCCACCACACCACACCACACACCACACACACACACACCACACACACACAABABABE	30	6	8.428797020279148e-07	21.872676300000002
v30CCCACCACACCACACCACACACCACACACACACACACCACACACACACAABABBAE	30	6	8.628459559741348e-07	43.466993469328585
v30CCCACCACACCACACCACACACCACACACACACACACCACACACACADEABCADEE	30	6	6.951294419606298e-07	21.872676300000002
v30CCCACCACACCACACCACACACCACACACACACACACCACACACACADEACADEAE	30	6	7.204154662358647e-07	43.466993469328585
v30CCCACCACACCACACCACACACCACACACACACACACCACACACADEACAACAABE	30	6	5.43872899706741e-07	43.466993469328585
v30CCCACCACACCACACCACACACCACACACCAAACACCACACACACDEABCACAABE	30	6	1.1258632114227367e-06	21.872676300000002
v30CCCACCACACCACACCACACACCACACACCAAACACCACACACACDEACACAABAE	30	6	1.3321740476484051e-06	2.1000000000000014
v30CCCACCACACCACACCACACACCACACACCAAACACCACACACACDEACCADEABE	30	6	7.756326858158154e-07	43.466993469328585
v30CCCACCACACCACACCACACACCACACACCAACACACACACACACAAACACAABAE	30	6	6.794357049492456e-07	43.466993469328585
v30CCCACCACACCACACCACACACCACACACCAACACACACACACACAACACADEAAE	30	6	1.415254385747245e-06	21.872676300000002
v30CCCACCACACCACACCACACACCACACACCAACACACACACACACAACACADEABE	30	6	9.691550655891355e-07	21.872676300000002
v30CCCACCACACCACACCACACACCACACACCAACACACACACACACCAAACADEAAE	30	6	1.8270439078660209e-06	21.872676300000002
v30CCCACCACACCACACCACACACCACACACCAACACACACACACACCAABACADEAE	30	6	9.656741662900645e-07	43.466993469328585
v30CCCACCACACCACACCACACACCACACACCAACACACACACACACDEACACAABAE	30	6	1.0671602794358956e-06	21.872676300000002
v30CCCACCACACCACACCACACACCACACACCAACACACCACACAACCAAAABACAAE	30	6	9.397313134658178e-07	21.872676300000002
v30CCCACCACACCACACCACACACCACACACCAACACACCACACAACCAAACADABEE	30	6	6.337751964101562e-07	43.466993469328585
v30CCCACCACACCACACCACACACCACACACCAACACACCACACAACCAACAABBABE	30	6	1.0637769592491285e-06	43.466993469328585
v30CCCACCACACCACACCACACACCACACACCAACACACCACACAACCAACAADABEE	30	6	1.1139192158668692e-06	43.466993469328585
v30CCCACCACACCACACCACACACCACACACCAACACACCACACAACCAADEBACAAE	30	6	9.16587863034888e-07	43.466993469328585
v30CCCACCACACCACACCACACACCACACACCAACACACCACACACACAAAABCADEE	30	6	5.691338214312389e-07	43.466993469328585
v30CCCACCACACCACACCACACACCACACACCAACACACCACACACACAAACAADEAE	30	6	7.398070247093131e-07	43.466993469328585
v30CCCACCACACCACACCACACACCACACACCAACACACCACACACACAAACADBAEE	30	6	7.846462742651719e-07	43.466993469328585
v30CCCACCACACCACACCACACACCACACACCAACACACCACACACACAACAABBABE	30	6	1.3267069709497887e-06	21.872676300000002
v30CCCACCACACCACACCACACACCACACACCAACACACCACACACACAACAADBAEE	30	6	8.104119810267056e-07	43.466993469328585
v30CCCACCACACCACACCACACACCACACACCAACACACCACACACACAADECADEAE	30	6	1.388386200160676e-06	21.872676300000002
v30CCCACCACACCACACCACACACCACACACCAACACACCACACACACCAAAABADEE	30	6	8.078991326074133e-07	43.466993469328585
v30CCCACCACACCACACCACACACCACACACCAACACACCACACACACCAAAABBABE	30	6	1.4589812559426522e-06	21.872676300000002
v30CCCACCACACCACACCACACACCACACACCAACACACCACACACACCAAABABABE	30	6	7.939639933101503e-07	43.466993469328585
v30CCCACCACACCACACCACACACCACACACCAACACACCACACACACCAAABABBAE	30	6	7.89259981800425e-07	43.466993469328585
v30CCCACCACACCACACCACACACCACACACCAACACACCACACACACCAABAABABE	30	6	1.1140599355026724e-06	43.466993469328585
v30CCCACCACACCACACCACACACCACACACCAACACACCACACACACCAABAABBAE	30	6	7.593774647029056e-07	43.466993469328585
v30CCCACCACACCACACCACACACCACACACCAACACACCACACACACCAABABABAE	30	6	5.994391591267602e-07	43.466993469328585
v30CCCACCACACCACACCACACACCACACACCAACACACCACACACACCAADEBADEE	30	6	8.91526885019142e-07	43.466993469328585
v30CCCACCACACCACACCACACACCACACACCAACACACCACACACACDEAABCADEE	30	6	9.392735818631918e-07	43.466993469328585
v30CCCACCACACCACACCACACACCACACACCAACACACCACACACACDEAACADEAE	30	6	1.7583704388199947e-06	43.466993469328585
v30CCCACCACACCACACCACACACCACACACCAACACACCACACACACDEACAADEAE	30	6	1.2289606115330266e-06	43.466993469328585
v30CCCACCACACCACACCACACACCACACACCAACACACCACACACACDEACADBAEE	30	6	9.801337111254294e-07	43.466993469328585
v30CCCACCACACCACACCACACACCACACACCAACACACCACACACADBAECACAABE	30	6	1.0358411399660681e-06	43.466993469328585
v30CCCACCACACCACACCACACACCACACACCAACACACCACACACADBEACACAABE	30	6	6.608058001195183e-07	43.466993469328585
v30CCCACCACACCACACCACACACCACACACCAACACACCACACACADEACAACAABE	30	6	4.327476235429253e-07	43.466993469328585
v30CCCACCACACCACACCACACACCACACACCACACACACACACAACCACAABABABE	30	6	5.354472656845672e-07	43.466993469328585
v30CCCACCACACCACACCACACACCACACACCACACACACACACAACCADEABACAAE	30	6	5.785433467387306e-07	43.466993469328585
v30CCCACCACACCACACCACACACCACACACCACACACACACACACACACAABABABE	30	6	6.703986960472275e-07	43.466993469328585
v30CCCACCACACCACACCACACACCACACACCACACACACACACACACADEACADEAE	30	6	8.730391663844038e-07	43.466993469328585
v30CCCACCACACCACACCACACACCACACACCACACACACACACACACCAAAABADEE	30	6	8.722934666079811e-07	43.466993469328585
v30CCCACCACACCACACCACACACCACACACCACACACACACACACACCAAABABABE	30	6	4.4134068585209185e-07	43.466993469328585
v30CCCACCACACCACACCACACACCACACACCACACACACACACACACCAABAABABE	30	6	5.325262361281906e-07	43.466993469328585
v30CCCACCACACCACACCACACACCACACACCACACACACACACACACCAABABABAE	30	6	4.872114931503375e-07	43.466993469328585
v30CCCACCACACCACACCACACACCACACACCACACACACACACACACCADEABADEE	30	6	8.119552136276486e-07	43.466993469328585
v30CCCACCACACCACACCACACACCACACACCACACACACACACACACDEAACADEAE	30	6	8.58206858966047e-07	43.466993469328585
v30CCCACCACACCACACCACACACCACACACCACACACACACACACADBEACACAABE	30	6	3.9841461941964316e-07	43.466993469328585
v30CCCACCACACCACACCACACACCACACACCACACACACCACACACAACAAAABBAE	30	6	6.052173505022724e-07	43.466993469328585
v30CCCACCACACCACACCACACACCACACACCACACACACCACACACAACADEABBAE	30	6	8.560791229332677e-07	43.466993469328585
v30CCCACCACACCACACCACACACCACACACCACACACACCACACACACAAAABABAE	30	6	5.289382798800494e-07	43.466993469328585
v30CCCACCACACCACACCACACACCACACACCACACACACCACACACACAADEABABE	30	6	7.648634116959757e-07	21.872676300000002
v30CCCACCACACCACACCACACACCACACACCACACACACCACACACACAADEABBAE	30	6	9.74684055316412e-07	21.872676300000002
v30CCCACCACACCACACCACACACCACACACCACACACACCACACACACADABEADEE	30	6	1.2102802735447093e-06	21.872676300000002
v30CCCACCACACCACACCACACACCACACACCACACACACCACACACACADEAABABE	30	6	1.6964156231822345e-06	21.872676300000002
v30CCCACCACACCACACCACACACCACACACCACACACACCACACACACADEABABAE	30	6	8.488438135619705e-07	43.466993469328585
v30CCCACCACACCACACCACACACCACACACCACACACACCACACACACDABAEADEE	30	6	7.787100985539007e-07	43.466993469328585
v30CCCACCACACCACACCACACACCACACACCACACACACCACACACACDEAABABAE	30	6	4.953366750773323e-07	43.466993469328585
v30CCCACCACACCACACCACACACCACACACCACACACACCACACACADBABECADEE	30	6	8.682275255426311e-07	43.466993469328585
v30CCCACCACACCACACCACACACCACACACCACACACACCACACADABCACAABEAE	30	6	7.3624527668933e-07	43.466993469328585
v30CCCACCACACCACACCACACACCACACACCADEACCACACACACDECAACAACAAE	30	6	1.8150068605107222e-06	21.872676300000002
v30CCCACCACACCACACCACACACCACACACCADEACCACACACACDECACAACAAAE	30	6	1.1476425627055645e-06	43.466993469328585
v30CCCACCACACCACACCACACACCACACACCADEACCACACACACDECACAACAABE	30	6	1.162804645804976e-06	43.466993469328585
v30CCCACCACACCACACCACACACCACACACCADEACCACACACACDECACAACADEE	30	6	1.092374098297398e-06	21.872676300000002
v30CCCACCACACCACACCACACACCACACACCADEACCACACACACDECACACAADEE	30	6	1.598332389343975e-06	21.872676300000002
v30CCCACCACACCACACCACACACDEACCACACACAACCACACACAACACACACAABE	30	6	1.1487382336282697e-06	2.1000000000000014
v30CCCACCACCACACACACACACACACACACACACACACACACACACACAACACAABE	30	6	8.740405031306374e-06	21.872676300000002
v30CCCACCACCACACACACACACACACACACACACACACACACACACACACAACAABE	30	6	6.508385768064591e-06	21.872676300000002
v30CCCACCACCACACACACACACACACACACACACACACACACACACACACACAAABE	30	6	7.99361654177607e-06	21.872676300000002
v30CCCACCACCACACACACACACACACACACACACACACACACACACACACACAABAE	30	6	4.369016333115124e-06	21.872676300000002
v30CCCACCACCACACACACACCACACACAACACCACACACAACACACACACAACAABE	30	6	6.119426767749235e-05	21.872676300000002
v30CCCACCACCACACACACACCACACACAACACCACACACAACACCACACACAAADEE	30	6	9.534997336847009e-05	21.872676300000002
v30CCCACCACCACACACACACCACACACACAACCACACACACAACACACACACAAABE	30	6	6.580414548792812e-05	21.872676300000002
v30CCCACCACCACACACACACCACACACACAACCACACACACAACACACACACAABAE	30	6	2.75130771338664e-05	21.872676300000002
v30CCCACCACCACACACACACCACACACACAACCACACACACAACCAACACAAACAAE	30	6	4.728772281597786e-05	21.872676300000002
v30CCCACCACCACACACACACCACACACACAACCACACACACAACCAACACACAABAE	30	6	9.048364846197729e-05	21.872676300000002
v30CCCACCACCACACACACACCACACACACAACCACACACACAACCAACACACAABBE	30	6	0.0001407827874533475	21.872676300000002
v30CCCACCACCACACACACACCACACACACAACCACACACACAACCACAACACAABAE	30	6	6.08884738286175e-05	21.872676300000002
v30CCCACCACCACACACACACCACACACACAACCACACACACAACCACAACACAABBE	30	6	9.497588648617931e-05	21.872676300000002
v30CCCACCACCACACACACACCACACACACAACCACACACACAACCACACACAAADEE	30	6	5.411503612251619e-05	21.872676300000002
v30CCCACCACCACACACACACCACACACACAACCACACACACAACCACACACADEAAE	30	6	0.00011629877568129841	21.872676300000002
v30CCCACCACCACACACACACCACACACACAACCACACACACAACCACACACADEDEE	30	6	0.0003850108200326782	21.872676300000002
v30CCCACCACCACACACACACCACACACACACACACACACAACACACACACAACAABE	30	6	1.1639005113890427e-05	21.872676300000002
v30CCCACCACCACACACACACCACACACACACACACACACACAACACACACACAAABE	30	6	7.6112182448599415e-06	21.872676300000002
v30CCCACCACCACACACACACCACACACACACACACACACACAACACACACACAABAE	30	6	2.6724342286589955e-05	21.872676300000002
v30CCCACCACCACACACACACCACACACACACACACACACACACAACACACAACAABE	30	6	7.453501895943614e-06	21.872676300000002
v30CCCACCACCACACACACACCACACACACACACACACACACACAACACACACAAABE	30	6	6.493269645630063e-06	21.872676300000002
v30CCCACCACCACACACACACCACACACACACACACACACACACACACACACAADEAE	30	6	9.213748334218258e-06	21.872676300000002
v30CCCACCACCACACACACACCACACACACACACACACACACACACACACACADEAAE	30	6	1.0331414690790963e-05	21.872676300000002
v30CCCACCACCACACACACACCACACACACACACCAACACACACACACCAABACAAAE	30	6	2.9043989255585505e-05	21.872676300000002
v30CCCACCACCACACACACACCACACACACACACCAACACACACACACCAABACADEE	30	6	2.8368839158140423e-05	21.872676300000002
v30CCCACCACCACACACACACCACACACACACACCACAACACACAACACAACACAAAE	30	6	3.591820054719773e-05	21.872676300000002
v30CCCACCACCACACACACACCACACACACACACCACACACAACAACACACACAAAAE	30	6	2.698950615874656e-05	21.872676300000002
v30CCCACCACCACACACACACCACACACACACACCACACACAACAACCAACACAAAAE	30	6	0.00011465547143019339	21.872676300000002
v30CCCACCACCACACACACACCACACACACACACCACACACAACACAACACACAAAAE	30	6	0.00012820512174565254	21.872676300000002
v30CCCACCACCACACACACACCACACACACACACCACACACAACACAACACACAADEE	30	6	0.00023097709930259771	21.872676300000002
v30CCCACCACCACACACACACCACACACACACACCACACACACAAACCAACACADEAE	30	6	6.601867735849367e-05	21.872676300000002
v30CCCACCACCACACACACACCACACACACACACCACACACACAACAACACACAAAAE	30	6	0.0001264469849334512	21.872676300000002
v30CCCACCACCACACACACACCACACACACACACCACACACACAACACAACACADEAE	30	6	3.196295341670882e-05	21.872676300000002
v30CCCACCACCACACACACACCACACACACACACCACACACACAACACCAACADABEE	30	6	5.854960041316006e-05	21.872676300000002
v30CCCACCACCACACACACACCACACACACACACCACACACACACAAACACACAADEE	30	6	0.00026360548590454835	21.872676300000002
v30CCCACCACCACACACACACCACACACACACACCACACACACACAACCAACADABEE	30	6	5.177991896332442e-05	21.872676300000002
v30CCCACCACCACACACACACCACACACACACACCACACACACADECACACACAAAAE	30	6	0.00021040949316779837	21.872676300000002
v30CCCACCACCACACACCACACACACAACCACACACACAACCACACACACAABCAAAE	30	6	7.210939978749117e-07	43.466993469328585
v30CCCACCACCACACACCACACACACAACCACACACACAACCACACACACAABCADEE	30	6	7.084464429980522e-07	43.466993469328585
v30CCCACCACCACACACCACACACACACACACACACACACAACACACACACAACAABE	30	6	6.077409523584964e-06	21.872676300000002
v30CCCACCACCACACACCACACACACACACACACACACACACAACACACACACAAABE	30	6	5.2769661607748375e-06	21.872676300000002
v30CCCACCACCACACACCACACACACACACACACACACACACAACACACACACAABAE	30	6	3.3106500732499484e-06	21.872676300000002
v30CCCACCACCACACACCACACACACACACACACACACACACACAACACACACAAABE	30	6	3.7983213220660743e-06	21.872676300000002
v30CCCACCACCACACACCACACACACACACCAACACACACAACCAACACACAACAABE	30	6	7.37605626159738e-07	43.466993469328585
v30CCCACCACCACACACCACACACACACACCAACACACACACACCAACACACADEAAE	30	6	6.913520445688079e-07	43.466993469328585
v30CCCACCACCACACACCACACACACACACCAACACACACACACCAACACACADEDEE	30	6	1.193613700735839e-06	21.872676300000002
v30CCCACCACCACACACCACACACACACACCACACACACACAACACAACACACAADEE	30	6	1.3709737210091888e-06	21.872676300000002
v30CCCACCACCACACACCACACACACACACCACACACACACAACCAAACACACAADEE	30	6	7.29227775042419e-07	43.466993469328585
v30CCCACCACCACACACCACACACACACACCACACACACACACACACACACADEABAE	30	6	2.839285457641175e-06	21.872676300000002
v30CCCACCACCACACACCACACCACACACAACACACACACACAACACACACACAAAAE	30	6	1.8236329214034207e-06	21.872676300000002
v30CCCACCACCACACACCACACCACACACAACACACACACACAACACACACACAADEE	30	6	8.935117998504217e-06	21.872676300000002
v30CCCACCACCACACACCACACCACACACAACACACCAACACAACACACCAACAADEE	30	6	3.871204579536001e-05	21.872676300000002
v30CCCACCACCACACACCACACCACACACAACACACCACACACAACAACCAACADAEE	30	6	1.969224635492044e-05	21.872676300000002
v30CCCACCACCACACACCACACCACACACAACACACCACACACAACACACCAABADEE	30	6	3.098277252749223e-05	21.872676300000002
v30CCCACCACCACACACCACACCACACACACAACACACACACACAACACACACAAAAE	30	6	9.621338075322965e-07	21.872676300000002
v30CCCACCACCACACACCACACCACACACACAACACCAACACACAACACCAABACAAE	30	6	3.815492005032192e-06	21.872676300000002
v30CCCACCACCACACACCACACCACACACACAACACCACACACADEACCACACADEBE	30	6	1.3923369888320469e-05	21.872676300000002
v30CCCACCACCACACACCACACCACACACACACAACACACACACACAACACACAADEE	30	6	4.676486721848123e-06	21.872676300000002
v30CCCACCACCACACACCACACCACACACACCACACACCACACACACAACADEDEABE	30	6	6.693497381876036e-06	21.872676300000002
v30CCCACCACCACACACCACACCACACACACCACACACCADEACACACAACACDEABE	30	6	3.280870056872805e-06	21.872676300000002
v30CCCACCACCACACACCACACCACACACACCACACACCADEACACACACAACDEAAE	30	6	2.799302935996163e-06	21.872676300000002
v30CCCACCACCACACACCACACCACACACACCACACACCADEACACACACAACDEABE	30	6	3.170247019545994e-06	21.872676300000002
v30CCCACCACCACACACCACACCACACACACCACACACCADEACACACACACADEABE	30	6	2.3895593044097028e-06	21.872676300000002
v30CCCACCACCACCACAACACCACACCACAACACCACAACCACAACACACAACAAABE	30	6	9.091561569644443e-07	21.872676300000002
v30CCCACCACCACCACAACACCACACCACAACACCACACACCAAACACACAAACDEAE	30	6	1.3891471140920975e-06	21.872676300000002
v30CCCACCACCACCACAACACCACACCACAACACCACACACCAAACACACAACADEAE	30	6	2.444749631796136e-06	21.872676300000002
v30CCCACCACCACCACAACACCACACCACAACACCACACACCAAACACACACAABDEE	30	6	1.525044404396422e-06	21.872676300000002
v30CCCACCACCACCACAACACCACACCACAACACCACACACCACAACAACAAACAAAE	30	6	1.332687736092417e-06	21.872676300000002
v30CCCACCACCACCACAACACCACACCACAACACCACACACCACAACAACAACAAAAE	30	6	2.4091067672644073e-06	21.872676300000002
v30CCCACCACCACCACAACACCACACCACAACACCACACACCACAACAACADECAAAE	30	6	2.297421115369226e-06	21.872676300000002
v30CCCACCACCACCACACAACCACACCACACAACCACAACCACACAACCADEBACAAE	30	6	2.995737287720717e-06	21.872676300000002
v30CCCACCACCACCACACAACCACACCACACAACCACACACCACACAACCAAAABABE	30	6	9.395885303061216e-07	21.872676300000002
v30CCCACCACCACCACACAACCACACCACACAACCACACACCACACAACCADEABABE	30	6	1.0838802927481406e-06	21.872676300000002
v30CCCACCACCACCACACACAACACCACACACAACACCACACACAACACACAACAAAE	30	6	4.416277633288967e-07	21.872676300000002
v30CCCACCACCACCACACACAACACCACACACAACACCACACACAACACACAACAABE	30	6	3.7204532911896016e-07	21.872676300000002
v30CCCACCACCACCACACACAACACCACACACAACACCACACACAACACCAABACAAE	30	6	2.6087473814832787e-07	43.466993469328585
v30CCCACCACCACCACACACAACACCACACACAACACCACACACAACACCACAADAEE	30	6	2.6120282707462706e-07	2.1000000000000014
v30CCCACCACCACCACACACACAACCACACACACAACCACACACACAACCACAABABE	30	6	3.32186303607108e-06	21.872676300000002
v30CCCACCACCACCACACACACACACCACACACAACACACACACACAACACACAABAE	30	6	2.553537694423311e-06	21.872676300000002
v30CCCACCACCACCACACACACACACCACACACAACACACCACACACAAACAACAABE	30	6	8.133532887300475e-07	43.466993469328585
v30CCCACCACCACCACACACACACACCACACACAACACACCACACACAACAACADEAE	30	6	8.963044744416859e-07	21.872676300000002
v30CCCACCACCACCACACACACACACCACACACAACACACCACACACAACACAADEAE	30	6	1.2886268873448913e-06	43.466993469328585
v30CCCACCACCACCACACACACACACCACACACACAACACCACACACAAACAACAABE	30	6	5.051930687840618e-07	43.466993469328585
v30CCCACCACCACCACACACACACACCACACACACAACACCACACACACAAABCADEE	30	6	4.636285197613441e-07	43.466993469328585
v30CCCACCACCACCACACACACACACCACACACACAACACCACACACACAAACADEAE	30	6	4.704574806688723e-07	43.466993469328585
v30CCCACCACCACCACACACACACACCACACACACAACACCACACACACAACAADEAE	30	6	4.927244691245927e-07	43.466993469328585
v30CCCACCACCACCACACACACACACCACACACACAACACCACACACACAACADBAEE	30	6	4.750882355183032e-07	43.466993469328585
v30CCCACCACCACCACACACACACACCACACACACACAACCACACACAACAACADEAE	30	6	4.870196799743168e-07	43.466993469328585
v30CCCACCACCACCACACACACACACCACACACACACAACCACACACACAAABCADEE	30	6	4.25041538146509e-07	43.466993469328585
v30CCCACCACCACCACACACACACACCACACACACACAACCACACACACAAACADEAE	30	6	4.395497635225402e-07	21.872676300000002
v30CCCACCACCACCACACACACACACCACACACACACAACCACACACACACAADBAEE	30	6	5.492900924095809e-07	43.466993469328585
v30CCCACCACCACCACACACACACACCACACACACACAACCACACACACADECADEAE	30	6	4.704667811135571e-07	43.466993469328585
v30CCCACCACCACCACACACACACACCACACACACACACACCACACACAACAAABBAE	30	6	8.024989044694577e-07	43.466993469328585
v30CCCACCACCACCACACACACACACCACACACACACACACCACACACACAAAABABE	30	6	6.166541824053046e-07	43.466993469328585
v30CCCACCACCACCACACACACACACCACACACACACACACCACACACACAAAABBAE	30	6	6.082594836918576e-07	43.466993469328585
v30CCCACCACCACCACACACACACACCACACACACACACACCACACACACAAABABAE	30	6	7.054038540039008e-07	43.466993469328585
v30CCCACCACCACCACACACACACACCACACACACACACACCACACACACADEABABE	30	6	4.887300068962847e-07	43.466993469328585
v30CCCACCACCACCACACACACACACCACACACACACACACCACACACACADEABBAE	30	6	4.826477706262272e-07	43.466993469328585
v30CCCACCACCACCACACACACACACCACACACACACACACCACACACADEACAADEE	30	6	1.4371766701021823e-06	21.872676300000002
v30CCCACCACCACCACACACACCACACACACACACACCACACACACAACAACADEABE	30	6	3.663520658080111e-05	21.872676300000002
v30CCCACCACCACCACACACACCACACCAACAACACCACACACCAAACACACAABABE	30	6	4.130436102570907e-06	21.872676300000002
v30CCCACCACCACCACACACACCACACCAACACAACCACACACCAACAACCADEABAE	30	6	1.9340662860462786e-06	21.872676300000002
v30CCCACCACCACCACACACACCACACCAACACAACCACACACCAACAACCADEABBE	30	6	1.328102638300783e-06	21.872676300000002
v30CCCACCACCACCACACACACCACACCAACACACACCACACACCAAACAACADEABE	30	6	2.021499853598724e-06	21.872676300000002
v30CCCACCACCACCACACACACCACACCAACACACACCACACACCAAACAADCADEEE	30	6	2.161909982609398e-06	21.872676300000002
v30CCCACCACCACCACACACACCACACCAACACACACCACACACCAACAAACADEAAE	30	6	2.156546365691321e-06	21.872676300000002
v30CCCACCACCACCACACACACCACACCAACACACACCACACACCAACAAADCADEEE	30	6	2.000916200642627e-06	21.872676300000002
v30CCCACCACCACCACACACACCACACCAACACACACCACACACCAACAACAADEABE	30	6	5.6184981505449614e-06	21.872676300000002
v30CCCACCACCACCACACACACCACACCAACACACACCACACACCAACAACADABEAE	30	6	1.5640369851854847e-06	21.872676300000002
v30CCCACCACCACCACACACACCACACCAACACACACCACACACCAACAACADBAEAE	30	6	1.7875939528222042e-06	21.872676300000002
v30CCCACCACCACCACACACACCACACCAACACACACCACACACCAACACAADABEAE	30	6	1.5624794691548853e-06	21.872676300000002
v30CCCACCACCACCACACACACCACACCAACACACACCACACACCAACACAADBAEAE	30	6	1.5851513482255608e-06	21.872676300000002
v30CCCACCACCACCACACACACCACACCACAAACACCACACACCADEACCACAABABE	30	6	7.86132283875021e-06	21.872676300000002
v30CCCACCACCACCACACACACCACACCACAACAACCACACACACAAACCACAABABE	30	6	2.0030965273672137e-05	21.872676300000002
v30CCCACCACCACCACACACACCACACCACAACAACCACACACCACAAABCACAABAE	30	6	2.895345932460091e-06	21.872676300000002
v30CCCACCACCACCACACACACCACACCACAACAACCACACACCACAAACCADEAABE	30	6	1.6498200476965606e-06	21.872676300000002
v30CCCACCACCACCACACACACCACACCACAACAACCACACACCACAAACCADEABAE	30	6	1.6719874463794968e-06	21.872676300000002
v30CCCACCACCACCACACACACCACACCACAACACACACACACCACAACACADEABAE	30	6	7.030010956147037e-07	21.872676300000002
v30CCCACCACCACCACACACACCACACCACAACACACCACACACACAAACACADEABE	30	6	1.2235048325465097e-05	21.872676300000002
v30CCCACCACCACCACACACACCACACCACAACACACCACACACACAACAACADEABE	30	6	1.1531266368902635e-05	21.872676300000002
v30CCCACCACCACCACACACACCACACCACAACACACCACACACCAAABACAACAABE	30	6	4.285779382347127e-06	21.872676300000002
v30CCCACCACCACCACACACACCACACCACAACACACCACACACCAAACAACADEABE	30	6	1.7063828915572566e-06	21.872676300000002
v30CCCACCACCACCACACACACCACACCACAACACACCACACACCAAACAADCADEEE	30	6	1.7326206599175338e-06	21.872676300000002
v30CCCACCACCACCACACACACCACACCACAACACACCACACACCAAACACAADEABE	30	6	4.676063606589553e-06	21.872676300000002
v30CCCACCACCACCACACACACCACACCACAACACACCACACACCACAAAABCADEAE	30	6	2.480999002103796e-06	21.872676300000002
v30CCCACCACCACCACACACACCACACCACAACACACCACACACCACAAABABCADEE	30	6	2.452356798336893e-06	21.872676300000002
v30CCCACCACCACCACACACACCACACCACAACACACCACACACCACAAACADABEAE	30	6	1.4351514237573427e-06	21.872676300000002
v30CCCACCACCACCACACACACCACACCACAACACACCACACACCACAAACADBABEE	30	6	1.6325733958202781e-06	21.872676300000002
v30CCCACCACCACCACACACACCACACCACAACACACCACACACCACAAACADBAEAE	30	6	1.416129997345229e-06	21.872676300000002
v30CCCACCACCACCACACACACCACACCACAACACACCACACACCACAABABACADEE	30	6	1.1417869838098468e-06	21.872676300000002
v30CCCACCACCACCACACACACCACACCACAACACACCACACACCACAACAADABEAE	30	6	1.4368148494204235e-06	21.872676300000002
v30CCCACCACCACCACACACACCACACCACAACACACCACACACCACAACAADBABEE	30	6	1.6239989709939473e-06	21.872676300000002
v30CCCACCACCACCACACACACCACACCACAACACACCACACACCACAACAADBAEAE	30	6	1.2746057805562013e-06	21.872676300000002
v30CCCACCACCACCACACACACCACACCACAACACACCACACACCACAACAADBAEBE	30	6	1.2377355804337663e-06	21.872676300000002
v30CCCACCACCACCACACACACCACACCACAACACACCACACACCACAADECADEAAE	30	6	2.4423440042878335e-06	21.872676300000002
v30CCCACCACCACCACACACACCACACCACAACACACCACACACCADEACACADEABE	30	6	1.8555250000418027e-06	21.872676300000002
v30CCCACCACCACCACACACACCACACCACAACACACCACACACCADEACADCADEEE	30	6	1.639849544960047e-06	21.872676300000002
v30CCCACCACCACCACACACACCACACCACACAACACCACACACACACAACADBABEE	30	6	1.4141074420559085e-05	21.872676300000002
v30CCCACCACCACCACACACACCACACCACACAACACCACACACCAACAAACADEAAE	30	6	1.5428424164403961e-06	21.872676300000002
v30CCCACCACCACCACACACACCACACCACACAACACCACACACCAACAAACDABEAE	30	6	1.2493584265578468e-06	21.872676300000002
v30CCCACCACCACCACACACACCACACCACACAACACCACACACCAACAAADCADEEE	30	6	1.1809141283439473e-06	21.872676300000002
v30CCCACCACCACCACACACACCACACCACACAACACCACACACCAACAACAADEABE	30	6	3.4060285810961674e-06	21.872676300000002
v30CCCACCACCACCACACACACCACACCACACAACACCACACACCAACAACADABEAE	30	6	1.1518202048368052e-06	21.872676300000002
v30CCCACCACCACCACACACACCACACCACACAACACCACACACCAACAACADBAEAE	30	6	1.0379735470885722e-06	21.872676300000002
v30CCCACCACCACCACACACACCACACCACACAACACCACACACCACAAAABCADEAE	30	6	1.8605731761503383e-06	21.872676300000002
v30CCCACCACCACCACACACACCACACCACACAACACCACACACCACAAABABCADEE	30	6	1.6473157178770817e-06	21.872676300000002
v30CCCACCACCACCACACACACCACACCACACAACACCACACACCACAAACADABEAE	30	6	1.1614786294943823e-06	21.872676300000002
v30CCCACCACCACCACACACACCACACCACACAACACCACACACCACAAACADBABEE	30	6	1.2963645486589124e-06	21.872676300000002
v30CCCACCACCACCACACACACCACACCACACAACACCACACACCACAAACADBAEAE	30	6	1.057314915202581e-06	21.872676300000002
v30CCCACCACCACCACACACACCACACCACACAACACCACACACCACADEABCADEAE	30	6	1.966593246589968e-06	21.872676300000002
v30CCCACCACCACCACACACACCACACCACACAACACCACACACCACADEACADEAAE	30	6	1.5665155520458993e-06	21.872676300000002
v30CCCACCACCACCACACACACCACACCACACAACACCACACACCACADEACDABEAE	30	6	1.2936904947779579e-06	21.872676300000002
v30CCCACCACCACCACACACACCACACCACACAACACCACACACCACADEADCADEEE	30	6	1.403358354633274e-06	21.872676300000002
v30CCCACCACCACCACACACACCACACCACACACAACAACACCACACACAAACAADEE	30	6	8.598841638894085e-07	43.466993469328585
v30CCCACCACCACCACACACACCACACCACACACAACCAAACCACACACAADECADEE	30	6	7.635127193319243e-07	21.872676300000002
v30CCCACCACCACCACACACACCACACCACACACAACCAACACACAACAACAACAAAE	30	6	3.912428309976192e-06	21.872676300000002
v30CCCACCACCACCACACACACCACACCACACACAACCAACACCACACACAADBEBAE	30	6	7.003322195615812e-07	21.872676300000002
v30CCCACCACCACCACACACACCACACCACACACAACCACACACCAAACAACADEABE	30	6	1.2013199133902469e-06	21.872676300000002
v30CCCACCACCACCACACACACCACACCACACACAACCACACACCAAACAADCADEEE	30	6	9.201678711516298e-07	21.872676300000002
v30CCCACCACCACCACACACACCACACCACACACAACCACACACCAACAAACDABEAE	30	6	1.0154613647537817e-06	21.872676300000002
v30CCCACCACCACCACACACACCACACCACACACAACCACACACCAACAAADCADEEE	30	6	9.276102573365923e-07	21.872676300000002
v30CCCACCACCACCACACACACCACACCACACACAACCACACACCAACACAADABEAE	30	6	9.537946557441208e-07	21.872676300000002
v30CCCACCACCACCACACACACCACACCACACACAACCACACACCAACACAADBAEAE	30	6	9.039104340667728e-07	21.872676300000002
v30CCCACCACCACCACACACACCACACCACACACAACCACACACCACAAAABCADEAE	30	6	1.2622114367114898e-06	21.872676300000002
v30CCCACCACCACCACACACACCACACCACACACAACCACACACCACAACAADABEAE	30	6	9.605424421235027e-07	21.872676300000002
v30CCCACCACCACCACACACACCACACCACACACAACCACACACCACAACAADBAEAE	30	6	9.345076913218876e-07	21.872676300000002
v30CCCACCACCACCACACACACCACACCACACACAACCACACACCACACAAADBABEE	30	6	1.0918860268578144e-06	21.872676300000002
v30CCCACCACCACCACACACACCACACCACACACACAAACACCACACACADEACADEE	30	6	4.165101717528923e-07	43.466993469328585
v30CCCACCACCACCACACACACCACACCACACACACAACAACCACACACACAAABABE	30	6	6.346298342431115e-07	43.466993469328585
v30CCCACCACCACCACACACACCACACCACACACACAACAACCACACACACAAABBAE	30	6	6.481059875937726e-07	43.466993469328585
v30CCCACCACCACCACACACACCACACCACACACACAACACACACACACACAABABAE	30	6	2.5058669795051314e-05	21.872676300000002
v30CCCACCACCACCACACACACCACACCACACACACAACACACACACACADEACADEE	30	6	1.595715465727038e-05	21.872676300000002
v30CCCACCACCACCACACACACCACACCACACACACACCACACACACAADEABCADEE	30	6	9.833077614557616e-06	21.872676300000002
v30CCCACCACCACCACACACACCACACCACACACACACCACACACACADEAABCADEE	30	6	7.87452104663959e-06	21.872676300000002
v30CCCACCACCACCACACACACCACACCACACACACACCACACACCAAAABACAADEE	30	6	3.7055450791503976e-06	21.872676300000002
v30CCCACCACCACCACACACACCACACCACACACACACCACACACCAAACAAADABEE	30	6	1.2512874284197573e-06	21.872676300000002
v30CCCACCACCACCACACACACCACACCACACACACACCACACACCAAACAAADBAEE	30	6	1.0619514819045573e-06	21.872676300000002
v30CCCACCACCACCACACACACCACACCACACACACACCACACACCAACADEADABEE	30	6	1.2705323483134964e-06	21.872676300000002
v30CCCACCACCACCACACACACCACACCACACACACACCACACACCAACADEADBAEE	30	6	1.078961827681239e-06	21.872676300000002
v30CCCACCACCACCACACACACCACACCACACACACACCACACACCAADEABACADEE	30	6	1.0591203232055153e-06	21.872676300000002
v30CCCACCACCACCACACACACCACACCACACACACACCACACACCACAAAABABBAE	30	6	1.278838619562859e-06	21.872676300000002
v30CCCACCACCACCACACACACCACACCACACACACACCACACACCACAAABABAABE	30	6	1.5590045937737727e-06	21.872676300000002
v30CCCACCACCACCACACACACCACACCACACACACACCACACACCACADEABABBAE	30	6	1.483562445937183e-06	21.872676300000002
v30CCCACCACCACCACACACACCACACCACACACACACCACACACCADEAABACADEE	30	6	1.101399568842677e-06	21.872676300000002
v30CCCACCACCACCACACACACCACACCACACACACACCACACACCADEABACAADEE	30	6	3.431272690208812e-06	21.872676300000002
v30CCCACCACCACCACACACACCACACCACACACACACCACACACCADEACAADABEE	30	6	1.2878498637965715e-06	21.872676300000002
v30CCCACCACCACCACACACACCACACCACACACACACCACACACCADEACAADBAEE	30	6	1.1663196974164356e-06	21.872676300000002
v30CCCACCACCACCACACACACCACACCACACACACACCACACACDEACAAACADEAE	30	6	1.6383714559982963e-06	21.872676300000002
v30CCCACCACCACCACACACACCACACCACACADECACACACCACACAACADECAABE	30	6	1.2262943554319516e-06	21.872676300000002
v30CCCACCACCACCACACACACDECACACACACACACACACACACACACACAACAABE	30	6	3.4301590544289457e-06	21.872676300000002
v30CCCACCACCACCACACCACAACACCACAACCACAACACCACAACACAACAACAABE	30	6	2.378306107188167e-06	21.872676300000002
v30CCCACCACCACCACACCACAACACCACAACCACAACACCACAACCAAACAACAABE	30	6	1.3722333328616375e-06	43.466993469328585
v30CCCACCACCACCACACCACAACACCACAACCACAACACCACAACCACAACAAAABE	30	6	7.310736382990034e-07	55.27909663310495
v30CCCACCACCACCACACCACAACACCACAACCACAACACCACAACCACAACAADEBE	30	6	1.570391396739414e-06	21.872676300000002
v30CCCACCACCACCACACCACAACACCACACACACAACACACACACACAACACAABAE	30	6	1.3681380799698205e-05	21.872676300000002
v30CCCACCACCACCACACCACAACACCACACACACAACACCACAACACAACAACAABE	30	6	1.0393792602217309e-06	43.466993469328585
v30CCCACCACCACCACACCACAACACCACACACACAACACCACACAACAACAAACAAE	30	6	1.194681240150474e-06	43.466993469328585
v30CCCACCACCACCACACCACAACACCACACACACAACACCACACACAAACAACAABE	30	6	1.0283517374541866e-06	43.466993469328585
v30CCCACCACCACCACACCACAACACCACACACACAACACCACACACACAAABCADEE	30	6	7.799512539107019e-07	21.872676300000002
v30CCCACCACCACCACACCACAACACCACACACACAACACCACACACACAAACADEAE	30	6	8.489193309825103e-07	43.466993469328585
v30CCCACCACCACCACACCACAACACCACACACACAACACCACACACACAACAADEAE	30	6	1.035079934696808e-06	43.466993469328585
v30CCCACCACCACCACACCACAACACCACACACACAACACCACACACACAACADBAEE	30	6	7.628252024534029e-07	43.466993469328585
v30CCCACCACCACCACACCACAACACCACACACCAAACACCACACACACDEAACAAAE	30	6	5.728773941948013e-07	55.27909663310495
v30CCCACCACCACCACACCACAACACCACACACCAAACACCACACACACDEAACADEE	30	6	5.868019430592117e-07	55.27909663310495
v30CCCACCACCACCACACCACAACACCACACACCAAACACCACACACACDEABCADEE	30	6	7.572973751984363e-07	43.466993469328585
v30CCCACCACCACCACACCACAACACCACACACCAAACACCACACACACDEACADEAE	30	6	6.765236877641732e-07	21.872676300000002
v30CCCACCACCACCACACCACAACACCACACACCACAAACCACACAACCADEBACAAE	30	6	8.905442992542715e-07	43.466993469328585
v30CCCACCACCACCACACCACAACACCACACACCACAAACCACACACACADECADEAE	30	6	1.096137165787591e-06	21.872676300000002
v30CCCACCACCACCACACCACAACACCACACACCACAAACCACACACACCADEBADEE	30	6	8.512481952594516e-07	43.466993469328585
v30CCCACCACCACCACACCACAACACCACACACCACAAACCACACACACDAEACAABE	30	6	5.092395337066695e-07	55.27909663310495
v30CCCACCACCACCACACCACAACACCACACACCACAACACACACACAACAACADEAE	30	6	5.8664475362168175e-06	21.872676300000002
v30CCCACCACCACCACACCACAACACCACACACCACAACACACACACACAAACADEAE	30	6	7.706833808947157e-06	21.872676300000002
v30CCCACCACCACCACACCACAACACCACACACCACAACACACACACACCAAABADEE	30	6	2.3132305458455124e-06	21.872676300000002
v30CCCACCACCACCACACCACAACACCACACACCACAACACCACAACACAAACAAAAE	30	6	1.470277441236881e-06	21.872676300000002
v30CCCACCACCACCACACCACAACACCACACACCACAACACCACAACACAAACAADEE	30	6	1.6289003583051434e-06	21.872676300000002
v30CCCACCACCACCACACCACAACACCACACACCACAACACCACACAACCAAAABABE	30	6	6.698505696679166e-07	43.466993469328585
v30CCCACCACCACCACACCACAACACCACACACCACAACACCACACAACCAAABAABE	30	6	5.846526164694712e-07	43.466993469328585
v30CCCACCACCACCACACCACAACACCACACACCACAACACCACACAACCADEAABAE	30	6	5.318755598691238e-07	43.466993469328585
v30CCCACCACCACCACACCACAACACCACACACCACAACACCACACAACCADEABABE	30	6	6.300215419214785e-07	43.466993469328585
v30CCCACCACCACCACACCACAACACCACACACCACAACACCACACAADCACAABEAE	30	6	4.945371387218393e-07	43.466993469328585
v30CCCACCACCACCACACCACAACACCACACACCACAACACCACACACAACAAABBAE	30	6	8.159208730916082e-07	43.466993469328585
v30CCCACCACCACCACACCACAACACCACACACCACAACACCACACACACAAAABABE	30	6	8.203242591492287e-07	21.872676300000002
v30CCCACCACCACCACACCACAACACCACACACCACAACACCACACACACAAAABBAE	30	6	1.0329586819902633e-06	21.872676300000002
v30CCCACCACCACCACACCACAACACCACACACCACAACACCACACACACADAEADEE	30	6	1.1685261055476293e-06	21.872676300000002
v30CCCACCACCACCACACCACAACACCACACACCACAACACCACACACACADEABABE	30	6	9.678463510432181e-07	43.466993469328585
v30CCCACCACCACCACACCACAACACCACACACCACAACACCACACACACADEABBAE	30	6	9.398790692097389e-07	43.466993469328585
v30CCCACCACCACCACACCACAACACCACACACCACAACACCACACACADBAECADEE	30	6	8.930771215790242e-07	43.466993469328585
v30CCCACCACCACCACACCACAACACCACACACCACAACACCACACACADBEACADEE	30	6	6.174938572050345e-07	43.466993469328585
v30CCCACCACCACCACACCACAACACCACACACCADEACCACACACACDECAACAABE	30	6	1.0071930921152575e-06	21.872676300000002
v30CCCACCACCACCACACCACAACACCACACACCADEACCACACACACDECACAABAE	30	6	7.701003343000826e-07	43.466993469328585
v30CCCACCACCACCACACCACACAACCACACACACACAACCACACACACAAABCADEE	30	6	5.58547714384739e-06	21.872676300000002
v30CCCACCACCACCACACCACACAACCACACACCAACAACCACACACACAAABCADEE	30	6	2.3413398010841e-06	21.872676300000002
v30CCCACCACCACCACACCACACAACCACACACCAACAACCACACACACAAACADEAE	30	6	6.195285991766921e-06	21.872676300000002
v30CCCACCACCACCACACCACACAACCACACACCACACAACCACACACACDEAABABE	30	6	1.084954622934986e-06	43.466993469328585
v30CCCACCACCACCACACCACACACAACACACCACACACAACACACACACACAADEAE	30	6	1.0500350960306465e-05	21.872676300000002
v30CCCACCACCACCACACCACACACAACACACCACACACAACACACCAACACAADEAE	30	6	8.855221635339343e-07	21.872676300000002
v30CCCACCACCACCACACCACACACAACACACCACACACAACACACCACAACAADEBE	30	6	1.5474003216667316e-06	21.872676300000002
v30CCCACCACCACCACACCACACACAACACACCACACACAACACACCACACAAADEBE	30	6	1.7138665668067693e-06	21.872676300000002
v30CCCACCACCACCACACCACACACACACACACCAACACACACACACACAAACADEAE	30	6	3.712480179636234e-06	21.872676300000002
v30CCCACCACCACCACACCACACACACACACACCAACACACACACACACDEACADEAE	30	6	1.9350455368023114e-06	21.872676300000002
v30CCCACCACCACCACACCACACACACCACACACAACACAACCACACACAACAABBAE	30	6	6.755777463915145e-07	21.872676300000002
v30CCCACCACCACCACACCACACACACCACACACAACACAACCACACACAADECADEE	30	6	6.337697177661768e-07	21.872676300000002
v30CCCACCACCACCACACCACACACACCACACACAACACACACCACACACAAADEBAE	30	6	5.076717349646274e-07	43.466993469328585
v30CCCACCACCACCACACCACACACACCACACACACAAACACCACACACADEACADEE	30	6	5.846856573343711e-07	43.466993469328585
v30CCCACCACCACCACACCACACACACCACACACACAACAACCACACACACAAABABE	30	6	1.2595589037961113e-06	21.872676300000002
v30CCCACCACCACCACACCACACACACCACACACACAACAACCACACACACAAABBAE	30	6	4.489892886223973e-07	43.466993469328585
v30CCCACCACCACCACACCACACACACCACACACACAACACACACACACADEACADEE	30	6	8.203267481358557e-06	21.872676300000002
v30CCCACCACCACCACACCACACACACCACACACACAACACACCACACACAAADEBAE	30	6	4.971778724892264e-07	43.466993469328585
v30CCCACCACCACCACACCACACACACCACACACACACAAACCACACACAADECADEE	30	6	6.093220364675606e-07	43.466993469328585
v30CCCACCACCACCACACCACACACACCACACACACACAAACCACACACACADEBABE	30	6	5.716464340781657e-07	43.466993469328585
v30CCCACCACCACCACACCACACACACCACACACCAAACAACCACACACADBECADEE	30	6	4.2904763741122867e-07	43.466993469328585
v30CCCACCACCACCACACCACACACACCACACACCAAACACACACACACACDEABABE	30	6	4.81188059191371e-07	43.466993469328585
v30CCCACCACCACCACACCACACACACCACACACCAAACACACACACACADEACADEE	30	6	1.4145275901803993e-06	43.466993469328585
v30CCCACCACCACCACACCACACACACCACACACCAACAACACCACACAADCAAAEAE	30	6	4.4722947739359236e-07	43.466993469328585
v30CCCACCACCACCACACCACACACACCACACACCACAAACACCACACAACDABEABE	30	6	6.087757329981314e-07	43.466993469328585
v30CCCACCACCACCACACCACACACACCACACACCACAAACACCACACAADCADEEAE	30	6	5.196062260752659e-07	43.466993469328585
v30CCCACCACCACCACACCACACACACCACACACCACAACAACCACACAACDABEABE	30	6	5.408178619621679e-07	43.466993469328585
v30CCCACCACCACCACACCACACACACCACACACCACAACAACCACACACAADAEABE	30	6	4.703020104903553e-07	43.466993469328585
v30CCCACCACCACCACACCACACACACCACACACCACACAAACCACACACAADAEABE	30	6	5.653638812795657e-07	43.466993469328585
v30CCCACCACCACCACACCACACACACCACACACCACADEACCAACACACCADEBAAE	30	6	7.067364620092967e-07	43.466993469328585
v30CCCACCACCACCACACCACACACACCACACACCACADEACCACAACACCADEBAAE	30	6	6.969961309784341e-07	43.466993469328585
v30CCCACCACCACCACACCACACACACCACACACCACADEACCACACAACCADEBABE	30	6	7.800826068082602e-07	43.466993469328585
v30CCCACCACCACCACACCACACACACCACACACCACADEACCACACACAADECADEE	30	6	6.643908168709292e-07	43.466993469328585
v30CCCACCACCACCACACCACACACACCACACACCACADEACCACACACACADEBABE	30	6	8.447765258111019e-07	43.466993469328585
v30CCCACCACCACCACACCACACACACCACACACCADEACACACACACACDEACAABE	30	6	1.8891525217414167e-06	21.872676300000002
v30CCCACCACCACCACACCACACACACCACACACCADEACACACACACACDEACADEE	30	6	1.102453980547189e-06	21.872676300000002
v30CCCACCACCACCACACCACACACACCACACACCADEACACCAACACACDEABCAAE	30	6	5.895956932133133e-07	43.466993469328585
v30CCCACCACCACCACACCACACACACCACACACCADEACACCACAACACDEABCAAE	30	6	6.722181299781964e-07	43.466993469328585
v30CCCACCACCACCACACCACACACACCACACACCADEACACCACACACACDEAADEE	30	6	5.045107643350995e-07	55.27909663310495
v30CCCACCACCACCACACCACACACACCACACACCADEACACCACACACACDEABABE	30	6	5.174224597959604e-07	43.466993469328585
v30CCCACCACCACCACACCACACACACCACACACCADEACACCACACACACDEABBAE	30	6	4.7192787488727933e-07	21.872676300000002
v30CCCACCACCACCACACCACACACACCACACACDEACACACACACACAACACADEAE	30	6	1.5847902795664726e-06	43.466993469328585
v30CCCACCACCACCACACCACACACACCACACACDEACACACCACAACAACACAAAAE	30	6	8.166864739304777e-07	43.466993469328585
v30CCCACCACCACCACACCACACACACCACACACDEACACACCACACACAADECADEE	30	6	9.917463384270678e-07	43.466993469328585
v30CCCACCACCACCACACCACACACACDEACCACACACACAACCAACACACAACAABE	30	6	5.320608328622116e-07	43.466993469328585
v30CCCACCACCACCACACCACACACACDEACCACACACACAACCACAACACAAACAAE	30	6	4.530469873843652e-07	43.466993469328585
v30CCCACCACCACCACACCACACACACDEACCACACACACAACCACACAACAAACAAE	30	6	4.3577338271840573e-07	55.27909663310495
v30CCCACCACCACCACACCACACACACDEACCACACACACAACCACACACAAACADEE	30	6	4.986387379239174e-07	21.872676300000002
v30CCCACCACCACCACACCACACACACDEACCACACACACAACCACACACACAAADEE	30	6	4.779447350898833e-07	43.466993469328585
v30CCCACCACCACCACACCACACCAACAACACCACACACCAAACACACACAACDEABE	30	6	1.4152377397881997e-06	21.872676300000002
v30CCCACCACCACCACACCACACCAACCACACACCAAABCAACCACACACAAACADEE	30	6	4.174630984318725e-07	55.27909663310495
v30CCCACCACCACCACACCACACCAACCACACACCAAACAACCACACACADBECADEE	30	6	6.86882472581249e-07	43.466993469328585
v30CCCACCACCACCACACCACACCAACCACACACCADECAACCACACACADBECADEE	30	6	8.558679009783031e-07	43.466993469328585
v30CCCACCACCACCACACCACACCACAACACACACACACCACAAACACACACAADEAE	30	6	6.189123612746068e-06	21.872676300000002
v30CCCACCACCACCACACCACACCACACCACACAACAACCACACACACAAAABCADEE	30	6	1.9854733319441794e-06	43.466993469328585
v30CCCACCACCACCACACCACACCACACCACACACDEACCACACACCADEAABCADEE	30	6	4.0583479037613614e-07	55.27909663310495
v30CCCACCACCACCACACCACACCACACDEACCAACACCACACAACCAACACDEAAAE	30	6	4.555861095071731e-07	43.466993469328585
v30CCCACCACCACCACACCACACCACACDEACCACAACCAACAACCACAACCAAAABE	30	6	3.11187012280964e-07	43.466993469328585
v30CCCACCACCACCACACCACACCACACDEACCACAACCACACAACCACAABCAAAAE	30	6	3.9319452301119167e-07	43.466993469328585
v30CCCACCACCACCACACCACACCACACDEACCACAACCACACAACCADECACAAAAE	30	6	4.7370485683061957e-07	43.466993469328585
v30CCCACCACCACCACACCACACCACACDEACCACACACCAACAACCAACAACAAAAE	30	6	3.216426828599296e-07	43.466993469328585
v30CCCACCCACCACCACAACCAACCAACCACAACCAACCAACCACAACCAABCAABBE	30	6	8.834853358079765e-07	43.466993469328585
v30CCCACCCACCACCACAACCAACCACACCACAACCAACCAACACAAACCAABCAABE	30	6	1.8739110858804508e-06	21.872676300000002
v30CCCACCCACCACCACAACCAACCACACCACAACCAACCACACACACAAAABCADEE	30	6	1.6953772704384857e-06	21.872676300000002
v30CCCACCCACCACCACACACACACCACACCACACACACACACDEACACADEACADEE	30	6	2.4163615825810778e-06	21.872676300000002
v30CCCACCCACCACCACACCAACAACACCACACACCAAACACCACACACACDEAADEE	30	6	6.537528475901999e-07	2.1000000000000014
v30CCCACCCACCACCACACCAACACACACACACACCAACACACACACACACDEAADEE	30	6	3.5367114130141215e-06	21.872676300000002
v30CCCACCCACCACCACACCACACACACACACAACCACACACACACACAABCAADEAE	30	6	1.56337061903363e-06	43.466993469328585
v30CCCACCCACCACCACACCACCACACCACACCACACAACACDEACDEACDEAACAAE	30	6	5.59664398386988e-07	43.466993469328585
v30CCCACCCACCACCCACCACCCAACAACCAACCDECDECCAACACAACAADECADEE	30	7	1.2680891580519052e-06	1.8000000000000012
v30CCCACCCACCACCCACCACCCAACAACCAACCDECDECCAACACAACACDEAADEE	30	7	1.4999582144653043e-06	1.8000000000000012
v30CCCCACCACACCACACACACAACCACACACACAACCACACACACAACACAACAAAE	30	6	6.277870448242729e-06	21.872676300000002
v30CCCCACCACACCACCACACCACACACCACACACACACACACAACACAAACAAADEE	30	6	4.566107124309821e-06	21.872676300000002
v32CCCACCCACCACCCACCACCAACCAACAACCCAACCDECACACACAABCAACAADECAAE	32	7	1.8596451964459466e-05	1.8000000000000012
v32CCCACCCACCACCCACCACCACCDECCACAACCCAACCDEDECCAACDBECAACAAAABE	32	7	1.8100858391791356e-06	1.8000000000000012
v32CCCCACCCACCACCACCACACACCAACCAACCAACCAACACACAACAACAACAAACAAAE	32	6	5.021968511739301e-07	21.872676300000002
v34CCACCCACCACACCACCACACCACACACCACACCACACACCACACACABCACADEACADEADEE	34	6	1.1092644574008126e-06	21.872676300000002
v34CCCACCCACCACCACACCAACACACACACACACCAACACACACACACACCAACAACAADECAAE	34	6	2.151773523269151e-05	21.872676300000002
v34CCCACCCACCACCCACCACCACCACACCACAACCDECDECACAACDECCACAACDEACADEBBE	34	7	2.6360934544193497e-06	29.9083225384962
v35CCCACACCACCACACACCACACCACACACACCACACACCACACACACACCACACACAABABABABE	35	6	1.3582479593833009e-05	21.872676300000002
v37CCCACCCACCACCACACCACCACACCACACCACACAACACCAACACDEACCAACAACACCAACAABBAAE	37	6	6.80742026452937e-07	43.466993469328585
v37CCCACCCACCACCCACCACCACACACACAACCCAACCDECACACACACAACCAACAACAACAADECAAAE	37	7	4.572518748082215e-06	18.74800825714286
v37CCCACCCACCACCCACCACCACCAACCACAACCCAACCDECAACCAACCAAACCAACAACAACDEDEAAE	37	7	1.4596039713131567e-05	1.8000000000000012
v38CCCACCCACCACCACACCAACACACACCACACACCAACACACACCACACACACCAACAACAACAADECAAAE	38	6	5.144663144408949e-06	21.872676300000002
v38CCCACCCACCACCACACCACCACACCACACCACACACCACAACACAACACAACADECACAACAACAAACAAE	38	6	1.4159193947309809e-05	2.1000000000000014
v40CCACCCACCACACCACCACACCACACACCACACCACACACCACACACACCABACACCACABABACCACABABADEE	40	6	4.353896043238969e-06	21.872676300000002
v42CCCACCCACCACCCACCACCACCACACCACAACCCAACCDECACAACDECCACAACCAACAACACACAACDBECAAADEE	42	7	7.084986368067489e-06	29.9083225384962
v42CCCACCCCACCCACCCACCAACCCAACCAACCDECCAACCAACAACCCACAACAACCAACAACACAACCDEABAACADEE	42	7	8.687884647159166e-07	48.76394654587672
v42CCCACCCCACCCACCCACCAACCCAACCAACCDECCAACCAACAACCCACAACACCDECCACAACACAACDDEEDEBDEE	42	7	1.1034135402352033e-06	29.9083225384962
v42CCCCACCCACCACCACCACACACCACACACACACACACACACACCAACACACACACACAACAACCAACAACAACAAABBE	42	6	6.550204764594743e-06	21.872676300000002
v42CCCCACCCACCACCACCACACCACACACACACACACACAACCACACACACACACACACAACCAACAACAACAADECAAAE	42	6	1.1765953052542559e-05	21.872676300000002
v44CCACCCACCACACCACCACACCACACACCACACCACACACCACACACACCACACABCACACACABCACACACABABCADEADEE	44	6	1.2696873882976977e-05	21.872676300000002
v44CCCACCCACCACCACACCACCACACCACACCACACAACACCAACACCAACACCAACAACACCAACACCAACACCAAAABDAEAE	44	6	1.133414586351021e-06	43.466993469328585
v44CCCACCCACCACCACACCACCACACCACACCACACAACACCACACACDEACCACACAACACCACACACAABCACADAEACADEE	44	6	8.602173777751029e-06	21.872676300000002
v47CCCACCCACCACCACACCACCACACCACACCACACACACACCACACAACACACACACAACACACCACACAACACACADEAABCACAAABE	47	6	0.0001133500519463186	21.872676300000002
v47CCCACCCACCACCACACCACCACACCACACCACACACCACAACACACACACAACACAACCACAACACACACAACAACCACAABABACAAE	47	6	2.7114508031892513e-05	21.872676300000002
v47CCCACCCACCACCCACCACCACCACACCACAACCCAACCDECACACACAACCACAACCAACAACACACACAACCAAACCAAACAADEDEE	47	7	5.832110882248415e-05	18.74800825714286
v47CCCCACCACCACCACCACACCACACCACACACACACACACACAACCACACACACACACACACAACCACACACAACACACADEACAADEAE	47	6	9.893992132842516e-05	21.872676300000002
v48CCCACACCACCACACACCACACCACACACACCACACACCACACACACACCACACACACCACACACACACACCACACACACAABABABABABE	48	6	8.092056089540397e-05	21.872676300000002
v48CCCACCACCACACACACACCACACACACACACCACACACACACACACCACACAACACACACACCACACAACACACACACCACADEACAAAAE	48	6	0.21701563773677698	21.872676300000002
v48CCCCACCACACCACCACACCACACACCACACCACACACCACACACACCACACACACACACACACACACAACCAAACACAAACACAAAABDEE	48	6	6.342095281232292e-05	21.872676300000002
v49CCCACCACCACACACCACACCACACACACCAACACCACACACACACCAACACCACACACACACACCAACACCACADEACACACDEACCADEABE	49	6	4.9202022809794697e-05	21.872676300000002
v49CCCACCCACCACCACAACCACACCACACCACAACCACACACACACACACAACCACACACACACACACAACCAACACAACACAAACCAACAADEE	49	6	4.265640649904922e-06	2.1000000000000014
v49CCCACCCACCACCACACCACCACACCACACCACACACCACACACACACACACACACACAACACAACACACACAACACACAACAACACAAAABAE	49	6	5.599853253249489e-06	21.872676300000002
v49CCCCACCACCACCACCACACCACACCACACACACACACACCACACACCACAACACAACACACACACAACCACAACAACACACAAACACAAABAE	49	6	8.688497095958024e-05	21.872676300000002
v4CCAE	4	3	5.393745080765477e-09	43.466993469328585
v50CCCACCACCACCACACCACACCAACCACACACCACACACCAACCACACACACCACACACACCAACCAACACACACACACACAAAABCAACADEABE	50	6	1.7599328619828125e-05	21.872676300000002
v50CCCACCCACCACCACACCACCACACCACACCACACACCACACCACACACCACACACCACACACACDEACCADEACCADEACCADEACAACDEDEBE	50	6	1.9945803081242345e-05	2.1000000000000014
v5CCACAE	5	4	1.1720555788271213e-08	43.466993469328585
v6CCACACAE	6	5	2.2573250642541667e-08	43.466993469328585
v6CCCACAAE	6	4	5.203177629954003e-06	2.1000000000000014
v7CCACACACAE	7	6	2.823871229440883e-08	43.466993469328585
v7CCACACCABE	7	6	2.8094838591082893e-08	43.466993469328585
v7CCACCACAAE	7	5	3.5876317069663254e-08	43.466993469328585
v7CCCACACAAE	7	5	2.4485333330069732e-08	43.466993469328585
v8CCACACACACAE	8	6	3.3678813378762015e-08	49.112965600533286
v8CCACCACACABE	8	6	3.5876317069663254e-08	43.466993469328585
v8CCACCCABCABE	8	6	2.716462339055818e-08	43.466993469328585
v8CCCACACACAAE	8	5	2.202887252110818e-08	55.27909663310495
v8CCCACACCAABE	8	6	4.150769709889202e-08	55.27909663310495
v9CCACACACACACAE	9	6	5.804683810644056e-08	49.112965600533286
v9CCACCACCACABAE	9	6	3.616962902548243e-08	43.466993469328585
v9CCCACAACCACAAE	9	6	5.203177629954003e-06	2.1000000000000014
v9CCCACACACACAAE	9	6	3.540790713193841e-08	43.466993469328585
v9CCCACACACCAABE	9	6	6.215885606715991e-08	43.466993469328585
v9CCCACCACACAAAE	9	5	1.7260856787331394e-07	2.1000000000000014
