nid	v	maxdeg	max_rel	argmax_alpha	new_solves	solve_fail
v10CCACACACACACACAE	10	6	1.2440029527249614e-08	43.466993469328585	0	False
v10CCACCACAACCACAAE	10	6	1.0048925837523378e-08	43.466993469328585	0	False
v10CCACCCACCACAADEE	10	6	2.3734917891930518e-08	21.872676300000002	0	False
v10CCACCCACCACABDEE	10	6	1.0529269665391325e-08	43.466993469328585	0	False
v10CCCACACACACACAAE	10	6	2.324105526077695e-08	43.466993469328585	0	False
v10CCCACACACCAACAAE	10	6	2.792288976593423e-08	43.466993469328585	0	False
v10CCCACACACCACADEE	10	6	9.906761035619501e-09	55.27909663310495	0	False
v10CCCACACCAACACAAE	10	6	6.859606706854358e-08	2.1000000000000014	0	False
v10CCCACACCACACAAAE	10	6	2.6333112992428215e-08	43.466993469328585	0	False
v10CCCACCACACAACAAE	10	5	1.749655828699832e-08	21.872676300000002	0	False
v10CCCACCACACACAAAE	10	6	2.0847227645162454e-08	43.466993469328585	0	False
v11CCACCACAACCACAACAE	11	6	7.3425241156736015e-09	43.466993469328585	0	False
v11CCACCCACCACAACDEBE	11	6	2.3685592086317012e-08	21.872676300000002	0	False
v11CCCACACACACACACAAE	11	6	1.1556475692376467e-08	43.466993469328585	0	False
v11CCCACACACCAACACAAE	11	6	2.144248005952009e-08	43.466993469328585	0	False
v11CCCACACACCACACAAAE	11	6	3.2329200928270046e-08	43.466993469328585	0	False
v11CCCACACCACACAACAAE	11	6	1.0366538722202649e-08	43.466993469328585	0	False
v11CCCACACCACACACAAAE	11	6	2.3268646007510176e-08	43.466993469328585	0	False
v11CCCACACCACACACAABE	11	6	2.341872075910334e-08	43.466993469328585	0	False
v11CCCACACCACCACADAEE	11	6	1.6228278761742143e-08	43.466993469328585	0	False
v11CCCACCACACACAACAAE	11	6	2.1159822668242115e-08	21.872676300000002	0	False
v11CCCACCACACACACAAAE	11	6	3.04784969613432e-08	43.466993469328585	0	False
v11CCCACCACACCACAADEE	11	6	2.870981076229786e-08	21.872676300000002	0	False
v12CCCACAACCACAACCACAAE	12	6	1.128417064521141e-07	2.1000000000000014	0	False
v12CCCACACACACACACACAAE	12	6	1.556646691948084e-08	43.466993469328585	0	False
v12CCCACACACCAACACACAAE	12	6	1.819137087173299e-08	43.466993469328585	0	False
v12CCCACACACCACACAACAAE	12	6	1.5801083286005066e-08	21.872676300000002	0	False
v12CCCACACACCACACACAAAE	12	6	1.9079330695543084e-08	43.466993469328585	0	False
v12CCCACACACCACACACAABE	12	6	1.1753945995550046e-08	43.466993469328585	0	False
v12CCCACACCAACACACCAABE	12	6	1.0877461012298025e-08	43.466993469328585	0	False
v12CCCACACCACACAACACAAE	12	6	2.1518310261938832e-08	43.466993469328585	0	False
v12CCCACACCACACACAACAAE	12	6	7.797594157550225e-08	2.1000000000000014	0	False
v12CCCACACCACACACACAAAE	12	6	1.527839758989875e-08	43.466993469328585	0	False
v12CCCACACCACCACACAAAAE	12	6	2.643197521872495e-08	43.466993469328585	0	False
v12CCCACACCACCACACAAABE	12	6	6.269777214332788e-08	43.466993469328585	0	False
v12CCCACACCACCACACAABAE	12	6	2.5089845185979228e-08	43.466993469328585	0	False
v12CCCACCACACACACAACAAE	12	6	1.20392145348359e-08	43.466993469328585	0	False
v12CCCACCACACACACACAABE	12	6	3.209285645304357e-08	21.872676300000002	0	False
v12CCCACCACACCACAACAABE	12	6	2.894660879593974e-08	21.872676300000002	0	False
v12CCCACCACACCACACAAAAE	12	6	3.810570880504996e-08	43.466993469328585	0	False
v12CCCACCACACCACACAAABE	12	6	8.197715661370814e-08	21.872676300000002	0	False
v12CCCACCACACCACACDEAAE	12	6	5.109658141010128e-08	43.466993469328585	0	False
v12CCCACCACACCACACDEABE	12	6	5.1284285076084026e-08	43.466993469328585	0	False
v12CCCACCACCACACAACADEE	12	6	2.795428552855265e-08	43.466993469328585	0	False
v12CCCACCACCACACACAAAAE	12	6	5.482022737062627e-08	21.872676300000002	0	False
v12CCCCACCACACACAACAAAE	12	5	3.143356086845189e-08	43.466993469328585	0	False
v13CCACCACAACCACAACCACAAE	13	6	2.264398690638607e-08	2.1000000000000014	0	False
v13CCACCCACCACACACAACAAAE	13	6	2.5992376447839828e-08	49.112965600533286	0	False
v13CCCACACACACACACACACAAE	13	6	3.442194190708223e-08	43.466993469328585	0	False
v13CCCACACACCAACACACCAABE	13	6	4.732543798018068e-08	43.466993469328585	0	False
v13CCCACACACCACACAACACAAE	13	6	2.2201518842468596e-08	21.872676300000002	0	False
v13CCCACACACCACACACAACAAE	13	6	2.6760473926662215e-08	43.466993469328585	0	False
v13CCCACACACCACACACACAAAE	13	6	1.4742419737694801e-08	21.872676300000002	0	False
v13CCCACACACCACACACACADEE	13	6	1.4965640784073237e-08	21.872676300000002	0	False
v13CCCACACCACACACAACACAAE	13	6	2.3701378389115332e-08	43.466993469328585	0	False
v13CCCACACCACACACACAACAAE	13	6	1.8959098598301722e-08	43.466993469328585	0	False
v13CCCACACCACACACACACAABE	13	6	2.6344431913915095e-08	21.872676300000002	0	False
v13CCCACACCACACACACCAAABE	13	6	2.2041469121508437e-08	43.466993469328585	0	False
v13CCCACACCACCACACAAACAAE	13	6	3.923069187790054e-08	21.872676300000002	0	False
v13CCCACACCACCACACAACAAAE	13	6	2.8345980292229032e-08	21.872676300000002	0	False
v13CCCACACCACCACACAACAABE	13	6	4.272219848389849e-08	43.466993469328585	0	False
v13CCCACACCACCACACAACADEE	13	6	3.10575231980884e-08	43.466993469328585	0	False
v13CCCACACCACCACACACAAAAE	13	6	2.8352873202551563e-08	43.466993469328585	0	False
v13CCCACCACACAACCACACAAAE	13	6	4.011535371322577e-08	43.466993469328585	0	False
v13CCCACCACACACACACAACAAE	13	6	3.6349957328962636e-08	21.872676300000002	0	False
v13CCCACCACACACACACACAAAE	13	6	2.232563738884289e-08	21.872676300000002	0	False
v13CCCACCACACACACACACAABE	13	6	1.676217593430094e-08	49.112965600533286	0	False
v13CCCACCACACACACCAACADEE	13	6	2.306565875980103e-08	43.466993469328585	0	False
v13CCCACCACACCACAACACAAAE	13	6	2.612717755469033e-08	43.466993469328585	0	False
v13CCCACCACACCACACAACAAAE	13	6	2.3372317015834716e-08	43.466993469328585	0	False
v13CCCACCACACCACACAACADEE	13	6	2.7642862411727873e-08	21.872676300000002	0	False
v13CCCACCACACCACACACAAAAE	13	6	5.230001260403931e-08	43.466993469328585	0	False
v13CCCACCACACCACACACAAABE	13	6	8.020949151775438e-08	21.872676300000002	0	False
v13CCCACCACACCACACACAABBE	13	6	5.714040760802151e-08	21.872676300000002	0	False
v13CCCACCACACCACACCAABAAE	13	6	2.5080795056793194e-08	2.1000000000000014	0	False
v13CCCACCACACCACACCAABABE	13	6	4.279202397766065e-08	2.1000000000000014	0	False
v13CCCACCACCACACAACAACAAE	13	6	4.010518822758463e-08	21.872676300000002	0	False
v13CCCACCACCACACACAACAAAE	13	6	6.247438331159807e-08	21.872676300000002	0	False
v13CCCACCACCACCACAACADEBE	13	6	3.792282269628665e-08	43.466993469328585	0	False
v13CCCACCACCACCACACAADEBE	13	6	6.798275959869224e-08	43.466993469328585	0	False
v14CCACACACACACACACACACACAE	14	6	1.4724991285505596e-07	2.1000000000000014	0	False
v14CCACCACAACCACAACCACAACAE	14	6	2.00620813753878e-08	2.1000000000000014	0	False
v14CCCACACACACACACACACACAAE	14	6	4.3865884911054874e-08	43.466993469328585	0	False
v14CCCACACACCAACACACCAACAAE	14	6	8.467214040615752e-08	43.466993469328585	0	False
v14CCCACACACCACACAACACACAAE	14	6	5.378845055668719e-08	21.872676300000002	0	False
v14CCCACACACCACACAACCAACAAE	14	6	4.376209276168302e-08	43.466993469328585	0	False
v14CCCACACACCACACACAACACAAE	14	6	4.084758528955643e-08	43.466993469328585	0	False
v14CCCACACACCACACACACAACAAE	14	6	1.6444335828638733e-08	21.872676300000002	0	False
v14CCCACACACCACACACACACAABE	14	6	6.8539438915025e-08	21.872676300000002	0	False
v14CCCACACACCACACACACCAAABE	14	6	1.9036811817417012e-08	49.112965600533286	0	False
v14CCCACACCAACACACCAACACAAE	14	6	1.4576725365566182e-08	2.1000000000000014	0	False
v14CCCACACCACACAACCACACAAAE	14	6	1.7372551112425825e-08	21.872676300000002	0	False
v14CCCACACCACACAACCACACAABE	14	6	2.1008030575091224e-08	43.466993469328585	0	False
v14CCCACACCACACACACAACACAAE	14	6	3.248902111785571e-08	43.466993469328585	0	False
v14CCCACACCACACACACACAACAAE	14	6	3.7952296578474385e-08	43.466993469328585	0	False
v14CCCACACCACACACACACACAAAE	14	6	4.360391697140483e-08	43.466993469328585	0	False
v14CCCACACCACACACACACACAABE	14	6	4.119047738124824e-08	43.466993469328585	0	False
v14CCCACACCACACACACACACADEE	14	6	3.301176504990279e-08	21.872676300000002	0	False
v14CCCACACCACACACACCAACADEE	14	6	4.3262422792133595e-08	43.466993469328585	0	False
v14CCCACACCACCACACAACAACAAE	14	6	1.0787616286880732e-07	21.872676300000002	0	False
v14CCCACACCACCACACAACACAAAE	14	6	4.42573185036489e-08	21.872676300000002	0	False
v14CCCACACCACCACACAACACAABE	14	6	4.2434884580903856e-08	21.872676300000002	0	False
v14CCCACACCACCACACAACACDEAE	14	6	4.770562939388151e-08	43.466993469328585	0	False
v14CCCACACCACCACACACAAACAAE	14	6	2.8525785628377676e-08	43.466993469328585	0	False
v14CCCACACCACCACACACAABCAAE	14	6	9.185710724922239e-08	21.872676300000002	0	False
v14CCCACACCACCACACACAACAAAE	14	6	4.2890149743228815e-08	21.872676300000002	0	False
v14CCCACACCACCACACACACAAABE	14	6	5.469978036681803e-08	43.466993469328585	0	False
v14CCCACACCACCACACACACAABAE	14	6	7.082916460491155e-08	43.466993469328585	0	False
v14CCCACCACACAACCACACAACAAE	14	6	2.658473824565543e-08	21.872676300000002	0	False
v14CCCACCACACACACACACAACAAE	14	6	2.3892407864970756e-08	43.466993469328585	0	False
v14CCCACCACACACACACACACAAAE	14	6	2.79842558380267e-08	21.872676300000002	0	False
v14CCCACCACACACACACACACAABE	14	6	3.0137134328650044e-08	21.872676300000002	0	False
v14CCCACCACACACACCAACACAAAE	14	6	2.8681237720284032e-08	43.466993469328585	0	False
v14CCCACCACACACACCAACACAABE	14	6	3.4342735447264204e-08	43.466993469328585	0	False
v14CCCACCACACACACCACACADEAE	14	6	6.342341005632641e-08	43.466993469328585	0	False
v14CCCACCACACACACCACACADEBE	14	6	5.7003663489306145e-08	21.872676300000002	0	False
v14CCCACCACACCACAACACAACAAE	14	6	3.025957264736485e-08	43.466993469328585	0	False
v14CCCACCACACCACACAACAACAAE	14	6	2.0971950882729935e-08	43.466993469328585	0	False
v14CCCACCACACCACACAACACAAAE	14	6	2.1396035131121607e-08	21.872676300000002	0	False
v14CCCACCACACCACACACAAACAAE	14	6	8.105937153743313e-08	21.872676300000002	0	False
v14CCCACCACACCACACACAABCAAE	14	6	4.71221757881222e-08	21.872676300000002	0	False
v14CCCACCACACCACACACAACAAAE	14	6	9.139591554223867e-08	21.872676300000002	0	False
v14CCCACCACACCACACACAACDEAE	14	6	8.960439729310529e-08	21.872676300000002	0	False
v14CCCACCACACCACACACACAAAAE	14	6	3.3721598543969866e-08	43.466993469328585	0	False
v14CCCACCACACCACACACACAAABE	14	6	4.6018879432694116e-08	43.466993469328585	0	False
v14CCCACCACACCACACACACAADEE	14	6	5.428709844415539e-08	21.872676300000002	0	False
v14CCCACCACACCACACCAACAAAAE	14	6	3.674827614990076e-08	43.466993469328585	0	False
v14CCCACCACACCACACCAACAADEE	14	6	5.94594232812673e-08	43.466993469328585	0	False
v14CCCACCACCACACAACACCAABAE	14	6	1.1619612804557284e-07	21.872676300000002	0	False
v14CCCACCACCACACACAACAACAAE	14	6	4.342559469540145e-08	21.872676300000002	0	False
v14CCCACCACCACACACAACACAABE	14	6	1.0139050628724095e-07	21.872676300000002	0	False
v14CCCACCACCACACACAACCAAABE	14	6	5.38468317640186e-08	21.872676300000002	0	False
v14CCCACCACCACACACACAACAAAE	14	6	1.0052752226136226e-07	21.872676300000002	0	False
v14CCCACCACCACACACACAACAABE	14	6	2.5467938177588936e-07	21.872676300000002	0	False
v14CCCACCACCACACACACAACADEE	14	6	1.3513744373424807e-07	21.872676300000002	0	False
v14CCCACCACCACCACAACACDEAAE	14	6	4.1214935840443796e-08	21.872676300000002	0	False
v14CCCACCACCACCACACAACAADEE	14	6	5.0280667495766394e-08	43.466993469328585	0	False
v14CCCACCACCACCACACAACDEDEE	14	6	7.754865490485854e-08	21.872676300000002	0	False
v14CCCACCACCACCACACACAAADEE	14	6	1.0947526915476539e-07	43.466993469328585	0	False
v14CCCACCCACCACCACAACDEDEBE	14	6	2.7232797501196662e-08	43.466993469328585	0	False
v14CCCCACCACACACACACAACAAAE	14	6	2.206128255402014e-08	43.466993469328585	0	False
v15CCCACAACCACAACCACAACCACAAE	15	6	1.2010026847607195e-07	2.1000000000000014	0	False
v15CCCACACACACACACACACACACAAE	15	6	1.9984712116698906e-08	43.466993469328585	0	False
v15CCCACACACCAACACACCAACACAAE	15	6	7.505241468398781e-08	43.466993469328585	0	False
v15CCCACACCACCACACACCACAABABE	15	6	8.147675857110436e-08	21.872676300000002	0	False
v15CCCACCACACCACACCAACACDEABE	15	6	9.36098015998419e-08	21.872676300000002	0	False
v15CCCCACCACACACACACACAACAAAE	15	6	2.614193912214837e-08	43.466993469328585	0	False
v16CCACCCACCACACCABCACABCACABAE	16	6	3.861417098360516e-08	21.872676300000002	0	False
v16CCCACACACACACACACACACACACAAE	16	6	4.315857885355698e-08	43.466993469328585	0	False
v16CCCACACACCAACACACCAACACACAAE	16	6	5.294941859549267e-08	43.466993469328585	0	False
v16CCCACACCAACACACCAACACACCAABE	16	6	1.7353997506330362e-08	43.466993469328585	0	False
v16CCCACCACACCACACACAACACAACAAE	16	6	2.127575628871958e-07	21.872676300000002	0	False
v16CCCACCACCACCACACCACAACAADEBE	16	6	1.3975409653878522e-07	21.872676300000002	0	False
v16CCCCACCACACACACACACACAACAAAE	16	6	3.5040936368571453e-08	43.466993469328585	0	False
v16CCCCACCACACCACACACACAACAAAAE	16	6	5.9336443471998735e-08	43.466993469328585	0	False
v17CCACCACAACCACAACCACAACCACAACAE	17	6	3.710959953024471e-07	2.1000000000000014	0	False
v17CCCACACACACACACACACACACACACAAE	17	6	6.446177034853095e-08	43.466993469328585	0	False
v17CCCACACACCAACACACCAACACACCAABE	17	6	8.085688435968845e-08	43.466993469328585	0	False
v17CCCACCACACACACCACACACACACADEAE	17	6	1.0633741670764324e-07	21.872676300000002	0	False
v17CCCACCACACCACACAACACCACACAAABE	17	6	5.3269936331298454e-08	21.872676300000002	0	False
v17CCCACCACCACCACACACACAACAAACAAE	17	6	9.379391548236858e-08	21.872676300000002	0	False
v17CCCACCCACCACCACAACCAACAACAAAAE	17	6	9.575547839462991e-08	43.466993469328585	0	False
v17CCCACCCACCACCACAACCAACDECAAAAE	17	6	5.947192432935505e-08	43.466993469328585	0	False
v17CCCCACCACACACAACCACACACAACAAAE	17	6	7.880394379663721e-08	21.872676300000002	0	False
v17CCCCACCACACACACACACACACAACAAAE	17	6	4.032735861561087e-08	21.872676300000002	0	False
v17CCCCACCACACACCACACACACAACAAAAE	17	6	4.961492517232681e-08	21.872676300000002	0	False
v18CCCACACACACACACACACACACACACACAAE	18	6	1.009334716519732e-07	43.466993469328585	0	False
v18CCCACACACCAACACACCAACACACCAACAAE	18	6	2.1528119525493778e-07	21.872676300000002	0	False
v18CCCACACACCACACAACCACACAACACACAAE	18	6	1.8454917170675106e-07	21.872676300000002	0	False
v18CCCACACACCACACAACCACACAACCAACAAE	18	6	9.229677618325055e-08	21.872676300000002	0	False
v18CCCACACACCACACACACACACAACACACAAE	18	6	4.018820102730656e-08	21.872676300000002	0	False
v18CCCACACCACCACACACCACAACADECACAAE	18	6	2.2401165126203249e-07	21.872676300000002	0	False
v18CCCACCACACCACACAACACCACACAACAAAE	18	6	2.8668288886062533e-08	43.466993469328585	0	False
v18CCCACCACACCACACCAACACCAACACDEABE	18	6	1.320422399380612e-07	43.466993469328585	0	False
v18CCCACCACACCACACCACACACAACACADEAE	18	6	2.228386178339393e-07	21.872676300000002	0	False
v18CCCACCACCACCACACACACAACCAAACAAAE	18	6	2.045571328605325e-07	21.872676300000002	0	False
v18CCCACCCACCACCACAACCAACACACAAABBE	18	6	6.769312999844887e-07	21.872676300000002	0	False
v18CCCACCCACCACCACAACCACAACAACAABBE	18	6	1.0243823612964206e-07	2.1000000000000014	0	False
v18CCCACCCACCACCACACACAACAACAAACAAE	18	6	9.127769390345993e-08	21.872676300000002	0	False
v18CCCACCCACCACCACACCAACAACAADECAAE	18	6	1.3869128790671996e-07	21.872676300000002	0	False
v18CCCCACCACACACACACACACACACAACAAAE	18	6	8.247336488341895e-08	21.872676300000002	0	False
v18CCCCACCACACACACACCAACACACAACAAAE	18	6	1.3112564670645048e-07	21.872676300000002	0	False
v18CCCCACCACACACACACCACAACACAACAAAE	18	6	1.1170459216533015e-07	43.466993469328585	0	False
v18CCCCACCACACACCACACACACAACAACAAAE	18	6	6.021447310414342e-08	21.872676300000002	0	False
v18CCCCACCACACACCACACACACAACACAAABE	18	6	7.861302090578569e-08	21.872676300000002	0	False
v18CCCCACCACACCACACACACAACACAACAAAE	18	6	7.588035086916691e-08	43.466993469328585	0	False
v19CCCACACACACACACACACACACACACACACAAE	19	6	4.3936446897166935e-08	43.466993469328585	0	False
v19CCCACACACCAACACACCAACACACCAACACAAE	19	6	1.632937649923403e-07	43.466993469328585	0	False
v19CCCACACACCACACAACCACACAACCACACAAAE	19	6	1.9270138986344874e-07	21.872676300000002	0	False
v19CCCACACACCACACACACACACACAACACACAAE	19	6	2.453598221297371e-07	21.872676300000002	0	False
v19CCCACACACCACACACACACACACACAACACAAE	19	6	3.944740242210465e-08	21.872676300000002	0	False
v19CCCACACACCACACACACACACACACACACAAAE	19	6	5.513435952325791e-08	21.872676300000002	0	False
v19CCCACACCACACACACACACACACACAACACAAE	19	6	1.0379625326874769e-07	43.466993469328585	0	False
v19CCCACACCACACACACCAACACACACAACACAAE	19	6	1.1725087849526788e-07	21.872676300000002	0	False
v19CCCACACCACACACACCAACACACACCAACADEE	19	6	2.172650603359882e-07	21.872676300000002	0	False
v19CCCACACCACCACACACACACCACAACAACAABE	19	6	9.927550415841373e-08	43.466993469328585	0	False
v19CCCACCACACCACACAACACCACACAACACAAAE	19	6	4.1423139907385455e-08	43.466993469328585	0	False
v19CCCACCACACCACACACACACCACAACACAAABE	19	6	2.5691723228298324e-07	21.872676300000002	0	False
v19CCCACCACCACACACCACACCACACACAADEDEE	19	6	3.5673081265186044e-07	21.872676300000002	0	False
v19CCCACCACCACCACACACACACACCAAACAADEE	19	6	1.524002891085874e-07	43.466993469328585	0	False
v19CCCACCCACCACCACACACACAACAACAACAAAE	19	6	2.3821750803394274e-07	21.872676300000002	0	False
v19CCCCACCACACACACACACACACACACAACAAAE	19	6	1.151865454045728e-07	21.872676300000002	0	False
v19CCCCACCACACACACACCACACACACAACAAAAE	19	6	1.1817637466252964e-07	43.466993469328585	0	False
v19CCCCACCACACACCACACACACAACACAACAAAE	19	6	1.4651396355660092e-07	21.872676300000002	0	False
v19CCCCACCACACACCACACACACACACAAACAAAE	19	6	5.658978032869962e-08	21.872676300000002	0	False
v19CCCCACCACACCACACACACACACAACAACAAAE	19	6	1.0743131856931487e-07	21.872676300000002	0	False
v19CCCCACCACACCACACACACACACAACACAAABE	19	6	8.729909629160471e-08	43.466993469328585	0	False
v20CCACCCACCACACCACCACACCACACABCADEADEE	20	6	8.7890403135159e-08	21.872676300000002	0	False
v20CCCACACACACACACACACACACACACACACACAAE	20	6	9.25536965478392e-08	43.466993469328585	0	False
v20CCCACACACCAACACACCAACACACCAACACACAAE	20	6	2.1020656567457114e-07	21.872676300000002	0	False
v20CCCACACACCACACACACACACACACACACACAAAE	20	6	7.50259792037674e-08	21.872676300000002	0	False
v20CCCACACACCACACACACACACACACACACACADEE	20	6	1.8511645188465074e-07	21.872676300000002	0	False
v20CCCACACACCACACACACCACACACAACAACACAAE	20	6	2.6428836570603536e-07	21.872676300000002	0	False
v20CCCACACACCACACACACCACACACAACACACAAAE	20	6	2.300976406320999e-07	21.872676300000002	0	False
v20CCCACACCAACACACCAACACACCAACACACCAABE	20	6	2.931451372389196e-07	2.1000000000000014	0	False
v20CCCACACCACACACACACACACACACACACACAAAE	20	6	1.8080345477405533e-07	21.872676300000002	0	False
v20CCCACACCACACACACCAACACACACCAACACAAAE	20	6	3.7340214557317184e-07	21.872676300000002	0	False
v20CCCACCACACCACAACACACCACAACACACACAABE	20	6	1.3633724175280835e-07	21.872676300000002	0	False
v20CCCACCACACCACACAACACCACACAACACAACAAE	20	6	6.747190105978017e-08	21.872676300000002	0	False
v20CCCACCACACCACACDEACCACACAACCACACAAAE	20	6	1.7028531042091087e-07	2.1000000000000014	0	False
v20CCCACCACCACACACCACACCACACACAACAAAABE	20	6	3.461344545926786e-07	21.872676300000002	0	False
v20CCCACCACCACCACACACACCACACCAAACAADBEE	20	6	2.837541304562713e-07	21.872676300000002	0	False
v20CCCACCCACCACCACAACCAACCAACCAAACAAAAE	20	6	2.820809068097408e-07	43.466993469328585	0	False
v20CCCACCCACCACCACAACCACACAACACAACAADEE	20	6	1.7255992689988754e-07	43.466993469328585	0	False
v20CCCACCCACCACCACAACCACACDECACAAACADEE	20	6	1.8197353243009864e-07	21.872676300000002	0	False
v20CCCACCCACCACCACACACACACAACACAAACADEE	20	6	2.405178677705501e-07	2.1000000000000014	0	False
v20CCCCACCACACACACACACACACACACACAACAAAE	20	6	8.209067540446888e-08	21.872676300000002	0	False
v20CCCCACCACACACACACCAACACACACACAACAAAE	20	6	9.377777896832913e-08	21.872676300000002	0	False
v20CCCCACCACACACACACCACACACACAACAACAAAE	20	6	1.7797791858423367e-07	43.466993469328585	0	False
v20CCCCACCACACACACACCACACACACAACACAAABE	20	6	5.017973464020257e-07	21.872676300000002	0	False
v20CCCCACCACACACCACACACACAACACACAACAAAE	20	6	1.249385385564071e-07	21.872676300000002	0	False
v20CCCCACCACACACCACACACACAACCAACACAAABE	20	6	1.8147692632496848e-07	43.466993469328585	0	False
v20CCCCACCACACACCACACACACACACAACAACAAAE	20	6	9.178404368806406e-08	43.466993469328585	0	False
v20CCCCACCACACACCACACACACACACAACACAAABE	20	6	1.3761606786799104e-07	43.466993469328585	0	False
v20CCCCACCACACACCACACCACACACACAAABCAAAE	20	6	9.178242957650728e-08	43.466993469328585	0	False
v20CCCCACCACACACCACACCACACACACAAACAAAAE	20	6	3.230895878000556e-07	43.466993469328585	0	False
v20CCCCACCACACCACACACACACACAACACAACAAAE	20	6	1.4807065768038782e-07	21.872676300000002	0	False
v20CCCCACCACACCACACACACACACACAACACAAABE	20	6	1.940243492343587e-07	43.466993469328585	0	False
v20CCCCACCACACCACACACCACACACAACAACAAAAE	20	6	1.420851188185896e-07	43.466993469328585	0	False
v20CCCCACCACCACACCACACACACAACACAAACAAAE	20	6	6.541159902383727e-08	21.872676300000002	0	False
v20CCCCACCACCACACCACACCAACAACACAAACAAAE	20	6	2.0793532556503874e-07	43.466993469328585	0	False
v21CCCACACACACACACACACACACACACACACACACAAE	21	6	2.526532590718167e-07	2.1000000000000014	0	False
v21CCCACACACCAACACACCAACACACCAACACACCAABE	21	6	3.454760763601871e-07	2.1000000000000014	0	False
v21CCCACACACCACACAACCACACAACCACACAACACAAE	21	6	2.7449706365060623e-07	21.872676300000002	0	False
v21CCCACACACCACACACACCACACACAACACACACAAAE	21	6	2.907770411324684e-07	21.872676300000002	0	False
v21CCCACACACCACACACACCACACACACAACACACAAAE	21	6	1.0228767939621599e-07	43.466993469328585	0	False
v21CCCACACACCACACACACCACACACACAACACACADEE	21	6	3.75003694251159e-08	43.466993469328585	0	False
v21CCCACACCACCACACAACACCACACAACACACACAAAE	21	6	9.974669916928138e-08	21.872676300000002	0	False
v21CCCACACCACCACACACCACAACACACACCACAABABE	21	6	5.710068533101508e-07	21.872676300000002	0	False
v21CCCACCACACCACAACACACCACAACACACCACAADEE	21	6	1.0764893406857253e-07	43.466993469328585	0	False
v21CCCACCACACCACACAACACCACACAACACACACAAAE	21	6	9.987791257614778e-08	21.872676300000002	0	False
v21CCCACCACACCACACACAACCACACACAACACACAAAE	21	6	2.1368600362037556e-06	21.872676300000002	8	False
v21CCCACCACACCACACCAACACCAACACCAACACDEABE	21	6	2.743634326459188e-07	21.872676300000002	0	False
v21CCCACCACCACACACCACACCACACACACACAAAABAE	21	6	7.956202861065696e-07	21.872676300000002	0	False
v21CCCACCACCACCACACACACCACACCAAACACAAAABE	21	6	4.3609770644747934e-07	21.872676300000002	0	False
v21CCCACCCACCACCACACACCACAACAACACAACAAAAE	21	6	1.847140641423393e-07	21.872676300000002	0	False
v21CCCACCCACCACCACACCAACAACACACAACCAAABAE	21	6	5.318325760496884e-07	2.1000000000000014	0	False
v21CCCCACCACACACACACACACACACACACACAACAAAE	21	6	2.6949396443288285e-07	21.872676300000002	0	False
v21CCCCACCACACACACACCACAACACACACACAACAAAE	21	6	6.439166287786543e-07	21.872676300000002	0	False
v21CCCCACCACACACACACCACACACACAACACAACAAAE	21	6	1.2223780133969084e-07	21.872676300000002	0	False
v21CCCCACCACACACACACCACACACACACACAAACAAAE	21	6	8.07336191739011e-08	21.872676300000002	0	False
v21CCCCACCACACACCACACACACACACAACACAACAAAE	21	6	8.157738928681863e-08	43.466993469328585	0	False
v21CCCCACCACACACCACACACACACACACAACAACAAAE	21	6	8.44535331700888e-08	21.872676300000002	0	False
v21CCCCACCACACACCACACACACACACACAACACAAABE	21	6	2.490476620708006e-07	21.872676300000002	0	False
v21CCCCACCACACACCACACCACACACACAAACACAAABE	21	6	4.3640089512938596e-07	21.872676300000002	0	False
v21CCCCACCACACACCACACCACACACACAACACAAABAE	21	6	9.283149653411373e-08	43.466993469328585	0	False
v21CCCCACCACACCACACACACACACACAACACAACAAAE	21	6	1.20436654126763e-07	43.466993469328585	0	False
v21CCCCACCACACCACACACACACACACACACAACAAAAE	21	6	1.2225771586380717e-07	43.466993469328585	0	False
v21CCCCACCACACCACACACACACACCAACACAACAADEE	21	6	2.3388974922968437e-07	21.872676300000002	0	False
v21CCCCACCACACCACACACCACACACAACAACCAAABAE	21	6	1.1679126539888868e-07	43.466993469328585	0	False
v21CCCCACCACACCACACACCACACACACAACACAAAABE	21	6	1.67656394054916e-07	43.466993469328585	0	False
v21CCCCACCACACCACACACCACACACCAAACACAAAABE	21	6	1.6916192366559566e-07	21.872676300000002	0	False
v21CCCCACCACACCACCACACCACACACAACAAACAAAAE	21	6	1.8832715292180032e-07	43.466993469328585	0	False
v21CCCCACCACCACACCACACACACAACACAACAACAAAE	21	6	8.697190021322284e-08	43.466993469328585	0	False
v22CCCACACACACACACACACACACACACACACACACACAAE	22	6	9.01538329409021e-07	2.1000000000000014	0	False
v22CCCACACACCAACACACCAACACACCAACACACCAACAAE	22	6	1.370913144266015e-06	2.1000000000000014	9	False
v22CCCACACACCACACACACACACACACACACACAACACAAE	22	6	8.079190331396375e-08	21.872676300000002	0	False
v22CCCACACACCACACACACACACACACACACACACACADEE	22	6	4.0520171627935944e-07	21.872676300000002	0	False
v22CCCACACACCACACACACCACACACACACACACACAABAE	22	6	1.0185084134977861e-07	21.872676300000002	0	False
v22CCCACACCACACAACCACACAACCACACAACCACACAABE	22	6	2.784445990365979e-07	21.872676300000002	0	False
v22CCCACCACACCACACAACACCACACAACACCACACAAABE	22	6	1.0771889553496263e-07	21.872676300000002	0	False
v22CCCACCACACCACACACAACCACACACAACACACACAABE	22	6	9.423514629335354e-05	2.1000000000000014	9	False
v22CCCACCACACCACACACAACCACACACAACCACACADEAE	22	6	2.2661840275801343e-06	21.872676300000002	8	False
v22CCCACCACACCACACACACACCACAACACAACACAACAAE	22	6	5.374385721953855e-07	21.872676300000002	0	False
v22CCCACCACACCACACACACACCACACAACAACACACAAAE	22	6	7.272941643461479e-07	21.872676300000002	0	False
v22CCCACCACACCACACACACACCACACACADECACACAAAE	22	6	1.3009199542876448e-07	21.872676300000002	0	False
v22CCCACCACACCACACCACACACCACACACACACAAABABE	22	6	4.126142329436516e-07	21.872676300000002	0	False
v22CCCACCACCACCACACACACCACACCAAACACACAAADEE	22	6	2.2599465940108883e-07	21.872676300000002	0	False
v22CCCACCACCACCACACCACACCACACACACAADECAAAAE	22	6	3.273860556374066e-07	21.872676300000002	0	False
v22CCCACCCACCACCACACCAACACACAACAACCAABACAAE	22	6	7.911726830445278e-08	21.872676300000002	0	False
v22CCCCACCACACACAACCACACACAACCACACACAACAAAE	22	6	1.0983112353180304e-07	21.872676300000002	0	False
v22CCCCACCACACACACACACACACACACACACACAACAAAE	22	6	1.3921457513006542e-07	21.872676300000002	0	False
v22CCCCACCACACACACACCAACACACACACCAACACAAABE	22	6	1.5963270673931326e-07	21.872676300000002	0	False
v22CCCCACCACACACACACCACACACACAACACACAACAAAE	22	6	4.2730245474264157e-07	21.872676300000002	0	False
v22CCCCACCACACACACACCACACACACAACCAACACAAABE	22	6	1.4422186674151363e-07	43.466993469328585	0	False
v22CCCCACCACACACACACCACACACACACACAACAACAAAE	22	6	2.896307882374113e-07	21.872676300000002	0	False
v22CCCCACCACACACACACCACACACACACACAACACAAABE	22	6	2.0178582479814266e-07	21.872676300000002	0	False
v22CCCCACCACACACACACCACACACACACACACAAACAAAE	22	6	5.02039124291835e-07	21.872676300000002	0	False
v22CCCCACCACACACCACACACACACACAACACACAACAAAE	22	6	8.698267111139447e-08	43.466993469328585	0	False
v22CCCCACCACACACCACACACACACACACAACACAACAAAE	22	6	1.309841819594635e-07	21.872676300000002	0	False
v22CCCCACCACACACCACACACACACACACACAACACAAABE	22	6	9.402078309875848e-08	21.872676300000002	0	False
v22CCCCACCACACACCACACACACACACACACACAACAAAAE	22	6	1.4403416020581413e-07	21.872676300000002	0	False
v22CCCCACCACACACCACACACACACACCAACACAACAADEE	22	6	5.2414436452575e-07	21.872676300000002	0	False
v22CCCCACCACACACCACACCACACACACAAACCAACAADEE	22	6	4.4996168252871876e-07	21.872676300000002	0	False
v22CCCCACCACACACCACACCACACACACAACACAAACAAAE	22	6	9.219791708665943e-08	43.466993469328585	0	False
v22CCCCACCACACACCACACCACACACACAACACAACAAAAE	22	6	1.2572610269937731e-07	43.466993469328585	0	False
v22CCCCACCACACACCACACCACACACACAACACAACAADEE	22	6	5.838057126148048e-07	21.872676300000002	0	False
v22CCCCACCACACACCACACCACACACACAACACCAAABABE	22	6	1.172339034429845e-07	21.872676300000002	0	False
v22CCCCACCACACACCACACCACACACACACAACAACAAAAE	22	6	2.0301723026204334e-07	43.466993469328585	0	False
v22CCCCACCACACCACACACACAACCACACACACAACAAAAE	22	6	3.021356172541342e-07	21.872676300000002	0	False
v22CCCCACCACACCACACACACACACACACAACACAACAAAE	22	6	1.3945656785059546e-07	21.872676300000002	0	False
v22CCCCACCACACCACACACACACACACACACAACAACAAAE	22	6	1.3239791818095603e-07	43.466993469328585	0	False
v22CCCCACCACACCACACACACACACACACACAACACAAABE	22	6	5.467384294273656e-08	49.112965600533286	0	False
v22CCCCACCACACCACACACACACACACACACACAACAAAAE	22	6	8.933661661627168e-08	43.466993469328585	0	False
v22CCCCACCACACCACACACCACACACAACACACAAACAAAE	22	6	1.0767490657446038e-07	21.872676300000002	0	False
v22CCCCACCACACCACACACCACACACACAACACAAACAAAE	22	6	9.217073347028653e-08	43.466993469328585	0	False
v22CCCCACCACACCACACACCACACACACAACACAACAADEE	22	6	3.5291414841148385e-07	21.872676300000002	0	False
v22CCCCACCACACCACACACCACACACACAACACCAAABABE	22	6	9.824629323639382e-08	21.872676300000002	0	False
v22CCCCACCACACCACACACCACACACACACAACAAACAAAE	22	6	5.553822078171104e-08	43.466993469328585	0	False
v22CCCCACCACACCACACACCACACACACACAACAACAAAAE	22	6	1.5251784453394054e-07	43.466993469328585	0	False
v22CCCCACCACACCACACACCACACACACACAACCAAABAAE	22	6	1.0169350111779589e-07	43.466993469328585	0	False
v22CCCCACCACACCACACACCACACACCAAACACAACAADEE	22	6	4.201206043029663e-07	21.872676300000002	0	False
v22CCCCACCACACCACACACCACACACCAAACACCAAABABE	22	6	1.1063117287486057e-07	43.466993469328585	0	False
v22CCCCACCACACCACACACCACACACCAACACACAAAABBE	22	6	2.8246516983236717e-07	21.872676300000002	0	False
v22CCCCACCACACCACCACACCACACACAACCAAABCAAABE	22	6	1.0257242316472051e-07	43.466993469328585	0	False
v22CCCCACCACCACACCACACACACAACACACAACACAAABE	22	6	2.886759032050193e-07	21.872676300000002	0	False
v22CCCCACCACCACACCACACACACACAACACAACAACAAAE	22	6	1.947756596701276e-07	21.872676300000002	0	False
v22CCCCACCACCACACCACACACACACAACACACAACAAAAE	22	6	1.5233713665693627e-07	21.872676300000002	0	False
v22CCCCACCACCACACCACACACACACAACCAACAACAAABE	22	6	3.437956805672143e-07	43.466993469328585	0	False
v22CCCCACCACCACACCACACACACACAACCAACAACADEAE	22	6	1.2007654982483486e-07	43.466993469328585	0	False
v23CCCACACACACACACACACACACACACACACACACACACAAE	23	6	6.713082744879318e-07	2.1000000000000014	0	False
v23CCCACACACCAACACACCAACACACCAACACACCAACACAAE	23	6	1.0710722381911418e-06	2.1000000000000014	9	False
v23CCCACACACCACACAACCACACAACCACACAACCACACAABE	23	6	5.84043855227167e-07	2.1000000000000014	0	False
v23CCCACACACCACACACACCACACACAACACACACAACACAAE	23	6	3.38072005198476e-07	21.872676300000002	0	False
v23CCCACACCACACAACCACACAACCACACAACCACACAACAAE	23	6	1.4774740065878583e-07	21.872676300000002	0	False
v23CCCACACCACACACACACACACACACACACACACACACAAAE	23	6	2.9249315825820784e-07	21.872676300000002	0	False
v23CCCACACCACCACACAACACCACACAACACCACACAACAAAE	23	6	3.513779988142177e-08	43.466993469328585	0	False
v23CCCACCACACCACACAACACCACACAACACCACACAACAAAE	23	6	4.439638518582441e-08	43.466993469328585	0	False
v23CCCACCACACCACACACAACCACACACAACCACACACAAABE	23	6	1.4468711597002178e-05	2.1000000000000014	9	False
v23CCCACCACACCACACACACACCACACAACAACCACACAAAAE	23	6	4.606801050733739e-07	21.872676300000002	0	False
v23CCCACCACACCACACACACACCACACACAAACCACACADEAE	23	6	3.2542369062825006e-07	21.872676300000002	0	False
v23CCCACCACACCACACACACACCACACACAACACACACADEAE	23	6	4.551071194433649e-08	21.872676300000002	0	False
v23CCCACCACACCACACACACACCACACACADECACACACAABE	23	6	3.1716528110143586e-07	21.872676300000002	0	False
v23CCCACCACACCACACCAACACCACACACAAACCACACADEAE	23	6	7.076578324957963e-07	21.872676300000002	0	False
v23CCCACCACACCACACCAACACCACACACDEACCACACADEAE	23	6	6.382298771405748e-08	43.466993469328585	0	False
v23CCCACCACACCACACCACACACCACACAACADECACACAAAE	23	6	8.586830249630571e-07	21.872676300000002	0	False
v23CCCACCACCACCACACACACCACACCAAACACACAAACDEAE	23	6	2.900480789799109e-07	21.872676300000002	0	False
v23CCCACCACCACCACACCACACCACACACACAACAAACAAAAE	23	6	1.978347468666449e-07	21.872676300000002	0	False
v23CCCACCCACCACCACAACCAACCAACCACAACAACAAACAAE	23	6	1.4798935415490968e-07	43.466993469328585	0	False
v23CCCACCCACCACCACAACCACACAACCACAACAACAAACAAE	23	6	1.8245268295062543e-07	43.466993469328585	0	False
v23CCCACCCACCACCACAACCACACACACACAACCAACAAADEE	23	6	8.841554285095255e-07	21.872676300000002	0	False
v23CCCACCCACCACCACAACCACACCAACCACAAACACADEABE	23	6	1.841961289546082e-07	43.466993469328585	0	False
v23CCCCACCACACACACACACACACACACACACACACAACAAAE	23	6	1.671850725184518e-07	21.872676300000002	0	False
v23CCCCACCACACACACACCACACACACACACAACACAACAAAE	23	6	1.5917507546577206e-07	21.872676300000002	0	False
v23CCCCACCACACACACACCACACACACACACACAACAACAAAE	23	6	1.3341589177118476e-07	21.872676300000002	0	False
v23CCCCACCACACACACACCACACACACACACACAACACAAABE	23	6	4.2854192688205913e-07	21.872676300000002	0	False
v23CCCCACCACACACACACCACACACACACACACACAAACAAAE	23	6	6.463034343977278e-07	21.872676300000002	0	False
v23CCCCACCACACACCACACACACAACCACACACACAACAAAAE	23	6	3.181887122799209e-07	21.872676300000002	0	False
v23CCCCACCACACACCACACACACACACACAACACACAACAAAE	23	6	1.118938400312296e-07	21.872676300000002	0	False
v23CCCCACCACACACCACACACACACACACACAACACAACAAAE	23	6	1.1760486100624736e-07	21.872676300000002	0	False
v23CCCCACCACACACCACACACACACACACACACAACAACAAAE	23	6	9.006578494470824e-08	21.872676300000002	0	False
v23CCCCACCACACACCACACACACACACACACACAACACAAABE	23	6	3.8628360072555426e-07	21.872676300000002	0	False
v23CCCCACCACACACCACACACACACACACACACACAAACAAAE	23	6	6.31863135135425e-07	21.872676300000002	0	False
v23CCCCACCACACACCACACACACACACACACACACAACAAAAE	23	6	3.32799769845097e-07	21.872676300000002	0	False
v23CCCCACCACACACCACACACACACACCAACACAACAACAAAE	23	6	1.5047086481472685e-07	21.872676300000002	0	False
v23CCCCACCACACACCACACCACACACACAACACAACAACAAAE	23	6	1.934104178638425e-07	21.872676300000002	0	False
v23CCCCACCACACACCACACCACACACACAACACAACACAAABE	23	6	1.4862901369605088e-07	43.466993469328585	0	False
v23CCCCACCACACACCACACCACACACACAACACACAAACAAAE	23	6	1.6962037598019546e-07	43.466993469328585	0	False
v23CCCCACCACACACCACACCACACACACAACACACAACAAAAE	23	6	1.8172054152208384e-07	43.466993469328585	0	False
v23CCCCACCACACACCACACCACACACACAACACACAACADEAE	23	6	1.631359909394646e-07	43.466993469328585	0	False
v23CCCCACCACACACCACACCACACACACACAACAACAACAAAE	23	6	3.166357408426855e-07	21.872676300000002	0	False
v23CCCCACCACACACCACACCACACACACACAACACAACAAAAE	23	6	1.6269801701978966e-07	21.872676300000002	0	False
v23CCCCACCACACACCACACCACACACACACAACCAACAADAEE	23	6	2.6501012627568275e-07	43.466993469328585	0	False
v23CCCCACCACACCACACACACAACCACACACACAACAACAAAE	23	6	7.889267732070914e-07	21.872676300000002	0	False
v23CCCCACCACACCACACACACACACACACACAACACAACAAAE	23	6	7.689936303453217e-08	43.466993469328585	0	False
v23CCCCACCACACCACACACACACACACACACACAACAACAAAE	23	6	8.492283273108507e-08	43.466993469328585	0	False
v23CCCCACCACACCACACACACACACACACACACACAACAAAAE	23	6	1.8956143151046556e-07	43.466993469328585	0	False
v23CCCCACCACACCACACACACACACCAACACACACAACAAAAE	23	6	4.828109326114145e-07	21.872676300000002	0	False
v23CCCCACCACACCACACACACACACCACAACACACAACAAAAE	23	6	1.4602740220817589e-07	43.466993469328585	0	False
v23CCCCACCACACCACACACCACACACAACACACAACACAAABE	23	6	2.350579973148928e-07	21.872676300000002	0	False
v23CCCCACCACACCACACACCACACACACAACACAACAACAAAE	23	6	1.5403719828580265e-07	21.872676300000002	0	False
v23CCCCACCACACCACACACCACACACACAACACAACACAAABE	23	6	1.8577540837953358e-07	43.466993469328585	0	False
v23CCCCACCACACCACACACCACACACACAACACACAACAAAAE	23	6	1.8347202335977406e-07	43.466993469328585	0	False
v23CCCCACCACACCACACACCACACACACACAACAACAACAAAE	23	6	1.7147234445140106e-07	21.872676300000002	0	False
v23CCCCACCACACCACACACCACACACACACAACACAACAAAAE	23	6	9.389421374209132e-08	21.872676300000002	0	False
v23CCCCACCACACCACACACCACACACACACAACACAACAADEE	23	6	1.708282754394311e-07	21.872676300000002	0	False
v23CCCCACCACACCACACACCACACACACACAACCAAACAADEE	23	6	1.635762129208536e-07	21.872676300000002	0	False
v23CCCCACCACACCACACACCACACACACACACACAAACAAAAE	23	6	6.491142212219144e-08	43.466993469328585	0	False
v23CCCCACCACACCACACACCACACACCAACACACAAACADEAE	23	6	2.399727318105529e-07	21.872676300000002	0	False
v23CCCCACCACACCACACACCACACACCAACACACCAAABABBE	23	6	1.2212060074511108e-07	21.872676300000002	0	False
v23CCCCACCACACCACCACACCACACACAACAACACAAACAAAE	23	6	9.334263549253718e-08	43.466993469328585	0	False
v23CCCCACCACACCACCACACCACACACAACACAACCAAABAAE	23	6	1.0194412270613566e-07	43.466993469328585	0	False
v23CCCCACCACCACACCACACACACAACACCAACACACAAABBE	23	6	1.2916042674085846e-07	43.466993469328585	0	False
v23CCCCACCACCACACCACACACACACAACACACAACACAAABE	23	6	4.282361143131818e-07	21.872676300000002	0	False
v23CCCCACCACCACACCACACACACACAACACACACAACAAAAE	23	6	1.87550750936046e-07	21.872676300000002	0	False
v23CCCCACCACCACACCACACACACACAACCAACACAACAADEE	23	6	4.777029892466575e-07	43.466993469328585	0	False
v23CCCCACCACCACACCACACACACACACACAACACAACAAAAE	23	6	9.185619982588198e-08	43.466993469328585	0	False
v24CCCACACACACACACACACACACACACACACACACACACACAAE	24	6	2.6036429182061432e-06	2.1000000000000014	9	False
v24CCCACACACCAACACACCAACACACCAACACACCAACACACAAE	24	6	5.550580764795998e-06	2.1000000000000014	9	False
v24CCCACACCAACACACCAACACACCAACACACCAACACACCAABE	24	6	2.6207299645088796e-06	2.1000000000000014	9	False
v24CCCACACCACACAACCACACAACCACACAACCACACAACCAABE	24	6	8.632667088718293e-07	2.1000000000000014	0	False
v24CCCACACCACACACACCACACACAACCACACACAACAACACAAE	24	6	4.041116234170979e-07	21.872676300000002	0	False
v24CCCACACCACACACACCACACACAACCACACACAACCAACADEE	24	6	5.876375810560941e-07	21.872676300000002	0	False
v24CCCACACCACCACACACCACAACACACACCACAACADECACAAE	24	6	1.451554293756478e-06	21.872676300000002	8	False
v24CCCACACCACCACACACCACACCACACACACCACACAABABABE	24	6	1.3792040977414554e-06	21.872676300000002	8	False
v24CCCACCACACCACACAACACCACACAACACCACACAACAACAAE	24	6	4.346837014363744e-08	43.466993469328585	0	False
v24CCCACCACACCACACAACACCACACAACACCACACAACACAAAE	24	6	6.626475594756908e-08	43.466993469328585	0	False
v24CCCACCACACCACACACAACCACACACAACCACACACAACADEE	24	6	3.7167862966758433e-06	21.872676300000002	8	False
v24CCCACCACACCACACACACACCACACAACACACCACACAADEAE	24	6	1.0588091346769274e-07	43.466993469328585	0	False
v24CCCACCACACCACACACACACCACACACAACACACACACAABAE	24	6	1.1086596252447455e-07	21.872676300000002	0	False
v24CCCACCACACCACACACACACCACACACAACACCACACADAEAE	24	6	5.6854066721235255e-08	43.466993469328585	0	False
v24CCCACCACACCACACACACACCACACACACAACCACACAADEAE	24	6	4.7502530225880127e-07	21.872676300000002	0	False
v24CCCACCACACCACACACACACCACACACACAACCACACADAEAE	24	6	3.733997108141106e-07	21.872676300000002	0	False
v24CCCACCACACCACACCAACACCAACACCAACACCAACACDEABE	24	6	3.215724072552735e-07	2.1000000000000014	0	False
v24CCCACCACACCACACCAACACCACACACAACACACACACAAABE	24	6	3.290505046765278e-07	21.872676300000002	0	False
v24CCCACCACACCACACCAACACCACACACAACACACACACAABAE	24	6	1.112432610579876e-07	21.872676300000002	0	False
v24CCCACCACACCACACCAACACCACACACAACACCACACADAEAE	24	6	7.847083284641506e-08	43.466993469328585	0	False
v24CCCACCACACCACACCAACACCACACACCAABACCACACADEAE	24	6	6.306869956695917e-08	43.466993469328585	0	False
v24CCCACCACACCACACCAACACCACACACDEACCACACACAAABE	24	6	1.180583936072774e-07	21.872676300000002	0	False
v24CCCACCACCACACACCACACCACACACACACAACCAACAADAEE	24	6	2.430270083693897e-06	21.872676300000002	8	False
v24CCCACCACCACCACAACACCACACCAAACACCACACACDEAABE	24	6	1.6803645153345975e-06	21.872676300000002	8	False
v24CCCACCACCACCACACAACACACCACACAACACACACACAAAAE	24	6	8.003251328056777e-07	21.872676300000002	0	False
v24CCCACCACCACCACACACACCACACCAAACACACAACACDEAAE	24	6	5.185044868519632e-07	21.872676300000002	0	False
v24CCCACCACCACCACACCACACCACACACACACACAAACAAADEE	24	6	7.624509947081567e-07	21.872676300000002	0	False
v24CCCACCCACCACCACACCAACAACACCACACACCAAACAADEAE	24	6	1.927599095052938e-07	2.1000000000000014	0	False
v24CCCACCCACCACCACACCACACACACACACAACAACACAAABAE	24	6	1.6383767302750212e-07	43.466993469328585	0	False
v24CCCCACCACACACACACACACACACACACACACACACAACAAAE	24	6	2.5164698362439195e-07	21.872676300000002	0	False
v24CCCCACCACACACACACCAACACACACACCAACACACAACAAAE	24	6	3.987262993394139e-07	21.872676300000002	0	False
v24CCCCACCACACACACACCACAACACACACCACAACACAACAAAE	24	6	4.996887891549989e-07	21.872676300000002	0	False
v24CCCCACCACACACACACCACACACACAACACACACACAACAAAE	24	6	2.7532073353823556e-07	21.872676300000002	0	False
v24CCCCACCACACACACACCACACACACAACCAACACACAACAAAE	24	6	2.2415257606240577e-07	43.466993469328585	0	False
v24CCCCACCACACACACACCACACACACAACCACAACACAACAAAE	24	6	2.6706469304697e-07	21.872676300000002	0	False
v24CCCCACCACACACACACCACACACACACACAACACACAACAAAE	24	6	2.0133788277305393e-07	21.872676300000002	0	False
v24CCCCACCACACACACACCACACACACACACACAACACAACAAAE	24	6	2.2555158060481714e-07	21.872676300000002	0	False
v24CCCCACCACACACACACCACACACACACACACACAACACAAABE	24	6	8.219382272689982e-07	21.872676300000002	0	False
v24CCCCACCACACACACACCACACACACACACACACACAACAAAAE	24	6	2.2487888166005302e-07	21.872676300000002	0	False
v24CCCCACCACACACACACCACACACACACACCAACACAACAADEE	24	6	2.1563517619949051e-07	21.872676300000002	0	False
v24CCCCACCACACACCACACACACAACCACACACACAACAACAAAE	24	6	6.274831908268713e-07	21.872676300000002	0	False
v24CCCCACCACACACCACACACACAACCACACACACAACCAAABAE	24	6	1.8686037665131421e-07	21.872676300000002	0	False
v24CCCCACCACACACCACACACACACACACACAACACACAACAAAE	24	6	3.5666358589552294e-07	21.872676300000002	0	False
v24CCCCACCACACACCACACACACACACACACACAACACAACAAAE	24	6	3.285199946764801e-07	21.872676300000002	0	False
v24CCCCACCACACACCACACACACACACACACACACAACAACAAAE	24	6	8.483739002946759e-07	21.872676300000002	0	False
v24CCCCACCACACACCACACACACACACACACACACACAAACAAAE	24	6	1.3390421738546757e-07	21.872676300000002	0	False
v24CCCCACCACACACCACACACACACACACACACACACAACAAAAE	24	6	1.6252375361024545e-07	21.872676300000002	0	False
v24CCCCACCACACACCACACACACACACCAACACACACAACAAAAE	24	6	1.7149943421102977e-07	21.872676300000002	0	False
v24CCCCACCACACACCACACACACACACCAACACACACAACDEAAE	24	6	2.812032986296961e-07	21.872676300000002	0	False
v24CCCCACCACACACCACACACACACACCACAACACACAACAAAAE	24	6	4.308227048913074e-07	21.872676300000002	0	False
v24CCCCACCACACACCACACCACACACACAACACACAACACAAABE	24	6	1.9413609031370675e-07	21.872676300000002	0	False
v24CCCCACCACACACCACACCACACACACAACACACACAACAAAAE	24	6	2.960905264794198e-07	21.872676300000002	0	False
v24CCCCACCACACACCACACCACACACACAACACCAAACACAAABE	24	6	4.7407016132092317e-07	21.872676300000002	0	False
v24CCCCACCACACACCACACCACACACACAACACCAACAACAAABE	24	6	1.7097311168604828e-07	43.466993469328585	0	False
v24CCCCACCACACACCACACCACACACACAACACCAACACAAAABE	24	6	9.708384907165853e-08	43.466993469328585	0	False
v24CCCCACCACACACCACACCACACACACACAACAACACAACAAAE	24	6	1.7273547587068832e-07	21.872676300000002	0	False
v24CCCCACCACACACCACACCACACACACACAACACAACAACAAAE	24	6	1.3367112186128567e-07	21.872676300000002	0	False
v24CCCCACCACACACCACACCACACACACACAACACAACACAAABE	24	6	5.218798717554886e-07	21.872676300000002	0	False
v24CCCCACCACACACCACACCACACACACACAACACACAACAAAAE	24	6	4.411161730881117e-07	21.872676300000002	0	False
v24CCCCACCACACACCACACCACACACACACAACACACAACADEAE	24	6	6.606343606075096e-07	43.466993469328585	0	False
v24CCCCACCACACACCACACCACACACACACAACCAACAACAAABE	24	6	1.9101690506957708e-07	43.466993469328585	0	False
v24CCCCACCACACACCACACCACACACACACAACCACAACADAEAE	24	6	3.099889151493898e-07	43.466993469328585	0	False
v24CCCCACCACACACCACACCACACACACACACACAACACAAAABE	24	6	2.325075097107157e-07	21.872676300000002	0	False
v24CCCCACCACACACCACACCACACACACACACACAACACAAABAE	24	6	2.2601564772706091e-07	21.872676300000002	0	False
v24CCCCACCACACACCACACCACACACACCAACACACAACAADBEE	24	6	2.010809097080677e-07	43.466993469328585	0	False
v24CCCCACCACACCACACACACAACCACACACACAACACAACAAAE	24	6	3.97186474021895e-07	21.872676300000002	0	False
v24CCCCACCACACCACACACACAACCACACACACAACCAACAADEE	24	6	2.454916945776091e-06	21.872676300000002	8	False
v24CCCCACCACACCACACACACACACACACACACAACACAACAAAE	24	6	1.344274455126016e-07	43.466993469328585	0	False
v24CCCCACCACACCACACACACACACACACACACACAACAACAAAE	24	6	4.1782856342643906e-07	21.872676300000002	0	False
v24CCCCACCACACCACACACACACACACACACACACAACACAAABE	24	6	3.502059615450271e-07	21.872676300000002	0	False
v24CCCCACCACACCACACACACACACACACACACACACAACAAAAE	24	6	1.0878956635381242e-07	21.872676300000002	0	False
v24CCCCACCACACCACACACACACACCAACACACACAACAACAAAE	24	6	1.4366794889181762e-06	21.872676300000002	8	False
v24CCCCACCACACCACACACACACACCAACACACACAACCAAABAE	24	6	7.635420748973281e-07	21.872676300000002	0	False
v24CCCCACCACACCACACACACACACCACAACACACAACCAAABAE	24	6	2.7421881960028085e-07	21.872676300000002	0	False
v24CCCCACCACACCACACACCACACACAACACACAACACAACAAAE	24	6	1.8276131692961658e-07	21.872676300000002	0	False
v24CCCCACCACACCACACACCACACACACAACACACAACACAAABE	24	6	2.5920375262105197e-07	43.466993469328585	0	False
v24CCCCACCACACCACACACCACACACACAACACACACAACAAAAE	24	6	2.475349456323851e-07	21.872676300000002	0	False
v24CCCCACCACACCACACACCACACACACAACACCAACAACAAABE	24	6	1.5876411381242211e-07	43.466993469328585	0	False
v24CCCCACCACACCACACACCACACACACACAACAACACAACAAAE	24	6	1.2109885721001287e-07	43.466993469328585	0	False
v24CCCCACCACACCACACACCACACACACACAACACAACAACAAAE	24	6	7.613277228152739e-08	21.872676300000002	0	False
v24CCCCACCACACCACACACCACACACACACAACACAACACAAABE	24	6	2.568462294389605e-07	21.872676300000002	0	False
v24CCCCACCACACCACACACCACACACACACAACACACAAACAAAE	24	6	4.6101102281499586e-07	21.872676300000002	0	False
v24CCCCACCACACCACACACCACACACACACAACACACAACAAAAE	24	6	2.6731533976589875e-07	21.872676300000002	0	False
v24CCCCACCACACCACACACCACACACACACAACCAAACACAAABE	24	6	5.184622432712185e-07	21.872676300000002	0	False
v24CCCCACCACACCACACACCACACACACACAACCAACACAAAABE	24	6	9.21129227516215e-08	43.466993469328585	0	False
v24CCCCACCACACCACACACCACACACACACAACCAACACAADEBE	24	6	8.995383841010492e-08	43.466993469328585	0	False
v24CCCCACCACACCACACACCACACACACACACACAACAAACAAAE	24	6	2.454644044697802e-07	21.872676300000002	0	False
v24CCCCACCACACCACACACCACACACACACACACAACAACAAAAE	24	6	1.7096115258151915e-07	21.872676300000002	0	False
v24CCCCACCACACCACACACCACACACACACACACAACAACAAABE	24	6	2.79702972534262e-07	21.872676300000002	0	False
v24CCCCACCACACCACACACCACACACACACACACAACACAAAABE	24	6	1.086684928917425e-07	43.466993469328585	0	False
v24CCCCACCACACCACACACCACACACACACACACACAAACAAAAE	24	6	1.8540711617455733e-07	21.872676300000002	0	False
v24CCCCACCACACCACACACCACACACCAACACACAACAACAAAAE	24	6	4.7673307466776704e-07	21.872676300000002	0	False
v24CCCCACCACACCACACACCACACACCAACACACAACAACAAABE	24	6	6.328701459164858e-07	21.872676300000002	0	False
v24CCCCACCACACCACACACCACACACCAACACACAACAACDEAAE	24	6	2.91009361618912e-07	21.872676300000002	0	False
v24CCCCACCACACCACACACCACACACCAACACACAACACADEABE	24	6	2.0572699513050502e-07	21.872676300000002	0	False
v24CCCCACCACACCACCACACCACACACAACACAACACAACAAAAE	24	6	8.170447145030964e-08	49.112965600533286	0	False
v24CCCCACCACACCACCACACCACACACAACACAACACAACAADEE	24	6	9.91200383733267e-08	21.872676300000002	0	False
v24CCCCACCACACCACCACACCACACACAACACAACCAAACAADEE	24	6	1.5114758410671784e-07	43.466993469328585	0	False
v24CCCCACCACACCACCACACCACACACAACACAACCAACAAADEE	24	6	1.549782381741505e-07	43.466993469328585	0	False
v24CCCCACCACACCACCACACCACACACAACACACACAAACAAAAE	24	6	7.13344007501514e-08	43.466993469328585	0	False
v24CCCCACCACACCACCACACCACACACAACCAAACCAAACAADEE	24	6	2.9751472127185294e-07	21.872676300000002	0	False
v24CCCCACCACACCACCACACCACACACACACAACACAACAAADEE	24	6	4.405964610354537e-07	21.872676300000002	0	False
v24CCCCACCACCACACCACACACACAACACACACACACAACAAAAE	24	6	2.8330291363850967e-07	21.872676300000002	0	False
v24CCCCACCACCACACCACACACACACACACAACACAACAACAAAE	24	6	6.741503477426144e-08	43.466993469328585	0	False
v24CCCCACCACCACACCACACACACACACACAACACAACACAAABE	24	6	1.554117262153982e-07	43.466993469328585	0	False
v24CCCCACCACCACACCACACACACACACACAACACACAACAAAAE	24	6	2.2439140270084559e-07	43.466993469328585	0	False
v24CCCCACCACCACACCACACACACACACACACAACAACAACAAAE	24	6	1.4161078479660904e-07	21.872676300000002	0	False
v24CCCCACCACCACACCACACACACACACACACAACACAACAADEE	24	6	1.425627410063609e-07	21.872676300000002	0	False
v24CCCCACCACCACACCACACACACACACACCAACACACAAAABBE	24	6	2.2434452062539647e-07	43.466993469328585	0	False
v24CCCCACCACCACACCACACACACACACACCACAACACAAAABAE	24	6	1.265037750274505e-07	43.466993469328585	0	False
v24CCCCACCACCACACCACACACACCAACACACAACAACAACAAAE	24	6	1.4058628183078138e-07	21.872676300000002	0	False
v24CCCCACCACCACACCACACACACCAACACACAACAACCAAABAE	24	6	9.534143263579485e-08	21.872676300000002	0	False
v24CCCCACCACCACACCACACACACCAACACACACAAACCAAABAE	24	6	1.6448548179919812e-07	21.872676300000002	0	False
v24CCCCACCACCACACCACACACACCAACACCACAACACADBEABE	24	6	3.455840495118196e-07	21.872676300000002	0	False
v24CCCCACCACCACACCACACACACCAACACCACAACACADEABAE	24	6	8.357779970755842e-08	43.466993469328585	0	False
v24CCCCACCACCACACCACACCAACACACACACAACAACAACAAAE	24	6	1.8606304232221224e-07	43.466993469328585	0	False
v24CCCCACCACCACACCACACCAACACACACACAACCAACAAADEE	24	6	1.3917101992325862e-07	43.466993469328585	0	False
v24CCCCACCACCACACCACACCACACACACACAAACCAAACAADEE	24	6	3.0891407774077033e-07	21.872676300000002	0	False
v25CCCACACACACACACACACACACACACACACACACACACACACAAE	25	6	3.2822658229828227e-06	2.1000000000000014	9	False
v25CCCACACACCAACACACCAACACACCAACACACCAACACACCAABE	25	6	4.2321417563528815e-06	2.1000000000000014	9	False
v25CCCACACACCACACAACCACACAACCACACAACCACACAACCAABE	25	6	3.162361136813084e-07	21.872676300000002	0	False
v25CCCACACACCACACACACCACACACAACCACACACAACCAACADEE	25	6	4.696955867743519e-07	21.872676300000002	0	False
v25CCCACACACCACACACACCACACACACACACACACACAACACAABE	25	6	1.269816757752957e-06	21.872676300000002	8	False
v25CCCACACCACACACACACACACACACACACACACACACAACACAAE	25	6	7.729734998625192e-07	21.872676300000002	0	False
v25CCCACACCACACACACACACACACACACACACACACACACACADEE	25	6	5.058772302769164e-07	21.872676300000002	0	False
v25CCCACACCACACACACCACACACAACCACACACAACACACACAAAE	25	6	9.194249264573381e-07	21.872676300000002	0	False
v25CCCACACCACACACACCACACACAACCACACACAACCAACACAAAE	25	6	1.4200224745976257e-06	21.872676300000002	9	False
v25CCCACACCACACACACCACACACACACACACACAACACACACAAAE	25	6	1.8042404193733142e-07	21.872676300000002	0	False
v25CCCACACCACACACACCACACACACACACACACACAACACACAAAE	25	6	1.0615612862726342e-07	21.872676300000002	0	False
v25CCCACACCACACACACCACACACACACACACACACAACACACADEE	25	6	3.082665533842331e-07	21.872676300000002	0	False
v25CCCACACCACACACACCACACACACACCACACACADECAACACAAE	25	6	2.8605278145016047e-06	21.872676300000002	8	False
v25CCCACACCACCACACAACACCACACAACACCACACAACAACACAAE	25	6	5.67168393362747e-08	2.1000000000000014	0	False
v25CCCACACCACCACACACACACCACAACACACACCACAACAACAABE	25	6	3.142694424936592e-07	43.466993469328585	0	False
v25CCCACCACACACACACACACACACACACACACACACACACACAAAE	25	6	1.693161629681227e-07	43.466993469328585	0	False
v25CCCACCACACCACACACAACCACACACAACCACACACAACACAABE	25	6	5.667159173391886e-06	21.872676300000002	8	False
v25CCCACCACACCACACACACACCACAACACACACCACAACACAAABE	25	6	1.9981711759365797e-07	21.872676300000002	0	False
v25CCCACCACACCACACACACACCACACAACACACCACACAACAAABE	25	6	1.0341664223313382e-07	43.466993469328585	0	False
v25CCCACCACACCACACACACACCACACACAACACACACACAACADEE	25	6	4.187247551689149e-07	21.872676300000002	0	False
v25CCCACCACACCACACACACACCACACACAACACCACACACAAAABE	25	6	8.113602865226033e-08	21.872676300000002	0	False
v25CCCACCACACCACACACACACCACACACAACACCACACACAAABAE	25	6	9.591985187041127e-08	21.872676300000002	0	False
v25CCCACCACACCACACACACACCACACACACAACCACACAACAAABE	25	6	1.3465054841421126e-06	21.872676300000002	8	False
v25CCCACCACACCACACACACACCACACACACAACCACACACAAAABE	25	6	2.8409419673975944e-06	21.872676300000002	8	False
v25CCCACCACACCACACACACACCACACACACAACCACACACAAABAE	25	6	8.298147626099869e-07	21.872676300000002	0	False
v25CCCACCACACCACACACACACCACACACACAACCACACACADEABE	25	6	1.666527397054064e-06	21.872676300000002	8	False
v25CCCACCACACCACACACACACCACACACACAACCACACACADEBAE	25	6	7.962561187885263e-07	21.872676300000002	0	False
v25CCCACCACACCACACACACACCACACACACACACACACACAAABAE	25	6	1.2567462176127708e-07	21.872676300000002	0	False
v25CCCACCACACCACACACACACCACACACACACACCACACAADAEAE	25	6	8.037585870354603e-08	43.466993469328585	0	False
v25CCCACCACACCACACACACACCACACACACACACCACACADABEAE	25	6	6.888271014540201e-08	43.466993469328585	0	False
v25CCCACCACACCACACCAACACCACACACAACACACACACAACADEE	25	6	4.1143303804527193e-07	21.872676300000002	0	False
v25CCCACCACACCACACCAACACCACACACAACACCACACACAAAABE	25	6	1.4496303432445652e-07	21.872676300000002	0	False
v25CCCACCACACCACACCAACACCACACACAACACCACACACAAABAE	25	6	1.2502765795697849e-07	21.872676300000002	0	False
v25CCCACCACACCACACCAACACCACACACCAACACACACAACDEABE	25	6	6.416099391342993e-07	2.1000000000000014	0	False
v25CCCACCACACCACACCAACACCACACACCAACACACACACAAAABE	25	6	3.213040466951111e-07	21.872676300000002	0	False
v25CCCACCACACCACACCAACACCACACACCAACACACACACAAABAE	25	6	1.6062934608155039e-07	21.872676300000002	0	False
v25CCCACCACACCACACCAACACCACACACCAACACACACACADEABE	25	6	1.966512761547941e-06	21.872676300000002	8	False
v25CCCACCACACCACACCAACACCACACACCAACACCACACADABEAE	25	6	2.0969682034208843e-07	21.872676300000002	0	False
v25CCCACCACACCACACCAACACCACACACDEACCACACACAACADEE	25	6	1.119241998389125e-07	21.872676300000002	0	False
v25CCCACCACACCACACCACACACCACACAACACAACCACACAADEAE	25	6	1.0253233134620407e-06	21.872676300000002	8	False
v25CCCACCACACCACACCACACACCACACACAAACACCACACADEAAE	25	6	5.632522342354505e-08	43.466993469328585	0	False
v25CCCACCACACCACACCACACACCACACACAACAACCACACADAEAE	25	6	9.584632994473805e-07	21.872676300000002	0	False
v25CCCACCACACCACACCACACACCACACACAACACACACACADEAAE	25	6	1.5739268607150193e-07	21.872676300000002	0	False
v25CCCACCACACCACACCACACACCACACACCADEACCACACAADBEE	25	6	3.832167192502325e-07	21.872676300000002	0	False
v25CCCACCACACCACACCACACACCACACACCADEACCACACAADEAE	25	6	3.4193642386697173e-07	43.466993469328585	0	False
v25CCCACCACACCACACCACACACCACACACCADEACCACACADAEAE	25	6	1.8155737387211044e-07	43.466993469328585	0	False
v25CCCACCACACCACACCACACACDEACCACACACAACCAACACAAAE	25	6	2.563117426165746e-07	43.466993469328585	0	False
v25CCCACCACCACCACACACAACACCACACACAACACACACACAABAE	25	6	4.0919668049620483e-07	21.872676300000002	0	False
v25CCCACCACCACCACACACACCACACCADEACACCACACACDEAABE	25	6	2.5309982982699527e-06	21.872676300000002	8	False
v25CCCACCACCACCACACACACCACACCADEACACCACACACDEABAE	25	6	9.006515417293271e-07	21.872676300000002	0	False
v25CCCACCACCACCACACCACACCAACCACACACACAADECACAAABE	25	6	3.206482940678464e-07	21.872676300000002	0	False
v25CCCACCCACCACCACACACACACAACCACACACACACAAACADEAE	25	6	5.14555502184733e-07	21.872676300000002	0	False
v25CCCACCCACCACCACACCAACAACACCACACACCAAACACAAAABE	25	6	1.9151138508034102e-07	2.1000000000000014	0	False
v25CCCACCCACCACCACACCACACACCACACACACACAAAABCAAAAE	25	6	3.191594390261622e-07	21.872676300000002	0	False
v25CCCACCCACCACCCACCAACCACACDECCAACAACAACADEBCAAE	25	7	6.984031226032081e-07	29.9083225384962	0	False
v25CCCCACCACACACACACACACACACACACACACACACACAACAAAE	25	6	6.706793727097107e-07	21.872676300000002	0	False
v25CCCCACCACACACACACCACACACACAACCACACACACAACAAAAE	25	6	4.0740623015973813e-07	43.466993469328585	0	False
v25CCCCACCACACACACACCACACACACACACACAACACACAACAAAE	25	6	4.3096783878863706e-07	21.872676300000002	0	False
v25CCCCACCACACACACACCACACACACACACACACAACACAACAAAE	25	6	1.6625507027287245e-06	21.872676300000002	8	False
v25CCCCACCACACACACACCACACACACACACACACACAACAACAAAE	25	6	3.187660672529287e-07	21.872676300000002	0	False
v25CCCCACCACACACACACCACACACACACACACACACAACACAAABE	25	6	7.937127087368576e-07	21.872676300000002	0	False
v25CCCCACCACACACACACCACACACACACACACACACACAAACAAAE	25	6	3.9913902141316775e-07	21.872676300000002	0	False
v25CCCCACCACACACACACCACACACACACACACACACACAACAAAAE	25	6	3.591098944891672e-07	21.872676300000002	0	False
v25CCCCACCACACACACACCACACACACACACCAACAACACAACAAAE	25	6	7.148519253438334e-07	21.872676300000002	0	False
v25CCCCACCACACACACACCACACACACACACCAACACAACAACAAAE	25	6	2.355217933241866e-07	43.466993469328585	0	False
v25CCCCACCACACACCACACACACAACCACACACACAACACAACAAAE	25	6	1.6982037761808183e-06	21.872676300000002	8	False
v25CCCCACCACACACCACACACACACACACACACAACACACAACAAAE	25	6	7.320810203557372e-07	21.872676300000002	0	False
v25CCCCACCACACACCACACACACACACACACACACAACACAACAAAE	25	6	1.2855661008071884e-06	21.872676300000002	8	False
v25CCCCACCACACACCACACACACACACACACACACACAACAACAAAE	25	6	2.0063307546293466e-07	21.872676300000002	0	False
v25CCCCACCACACACCACACACACACACACACACACACAACACAAABE	25	6	4.818627615229859e-07	21.872676300000002	0	False
v25CCCCACCACACACCACACACACACACACACACACACACAAACAAAE	25	6	3.835980065971742e-07	21.872676300000002	0	False
v25CCCCACCACACACCACACACACACACACACACACACACAACAAAAE	25	6	2.5524059005730546e-07	21.872676300000002	0	False
v25CCCCACCACACACCACACACACACACCAACACACACAACAACAAAE	25	6	2.8247147879685697e-07	21.872676300000002	0	False
v25CCCCACCACACACCACACACACACACCAACACACACAACCAAABAE	25	6	1.8830078628814373e-07	43.466993469328585	0	False
v25CCCCACCACACACCACACACACACACCACAACACACAACACAAABE	25	6	6.469670731487371e-07	21.872676300000002	0	False
v25CCCCACCACACACCACACACACACACCACAACACACAACCAAABAE	25	6	1.7373323716848144e-07	21.872676300000002	0	False
v25CCCCACCACACACCACACCACACACACAACACAACACACAACAAAE	25	6	1.80324640645492e-07	21.872676300000002	0	False
v25CCCCACCACACACCACACCACACACACAACACACAACACAACAAAE	25	6	1.7776252013041407e-07	21.872676300000002	0	False
v25CCCCACCACACACCACACCACACACACAACACACACAACAACAAAE	25	6	5.614322351365997e-07	21.872676300000002	0	False
v25CCCCACCACACACCACACCACACACACAACACCAACACACAAABBE	25	6	3.7834546131634885e-07	21.872676300000002	0	False
v25CCCCACCACACACCACACCACACACACAACACCACAACACAAABAE	25	6	1.8318264006611889e-07	43.466993469328585	0	False
v25CCCCACCACACACCACACCACACACACACAACACACAACACAAABE	25	6	7.86717295006744e-07	21.872676300000002	0	False
v25CCCCACCACACACCACACCACACACACACAACACACACAACAAAAE	25	6	2.3494910558750095e-07	43.466993469328585	0	False
v25CCCCACCACACACCACACCACACACACACAACCAACACACAAABBE	25	6	3.0874845379134975e-07	43.466993469328585	0	False
v25CCCCACCACACACCACACCACACACACACAACCACAACACAAABAE	25	6	3.0748612459523486e-07	43.466993469328585	0	False
v25CCCCACCACACACCACACCACACACACACACACAACACAAACAAAE	25	6	1.6943156428808007e-07	43.466993469328585	0	False
v25CCCCACCACACACCACACCACACACACACACACAACACAACAAAAE	25	6	1.9228323099602272e-07	43.466993469328585	0	False
v25CCCCACCACACACCACACCACACACACACACACACAACAAACAAAE	25	6	1.3576302122509614e-07	21.872676300000002	0	False
v25CCCCACCACACACCACACCACACACACACACACACAACAACAAAAE	25	6	1.4889419235865441e-07	21.872676300000002	0	False
v25CCCCACCACACACCACACCACACACACACACACACAACAACAAABE	25	6	3.4021694482184075e-07	21.872676300000002	0	False
v25CCCCACCACACACCACACCACACACACACACACACAACACAAAABE	25	6	5.457250455471811e-07	21.872676300000002	0	False
v25CCCCACCACACACCACACCACACACACACACACACAACACAAABAE	25	6	6.769161871352805e-07	21.872676300000002	0	False
v25CCCCACCACACACCACACCACACACACACACACACACAAACAAAAE	25	6	8.262263542300225e-07	21.872676300000002	0	False
v25CCCCACCACACACCACACCACACACACCAACACACAACAACAAAAE	25	6	2.927232627467306e-07	21.872676300000002	0	False
v25CCCCACCACACACCACACCACACACACCAACACACAACAACAAABE	25	6	1.334207147560551e-07	43.466993469328585	0	False
v25CCCCACCACACACCACACCACACACACCAACACACAACACADEABE	25	6	3.2544142430598823e-07	21.872676300000002	0	False
v25CCCCACCACACACCACACCACACACACCAACACCACAACADABEAE	25	6	3.8580107960040953e-07	43.466993469328585	0	False
v25CCCCACCACACCACACACACACACACACACACACAACACAACAAAE	25	6	5.928461049959395e-07	21.872676300000002	0	False
v25CCCCACCACACCACACACACACACACACACACACACAACAACAAAE	25	6	1.1926100427881282e-07	21.872676300000002	0	False
v25CCCCACCACACCACACACACACACACACACACACACAACACAAABE	25	6	3.1110016878525375e-07	21.872676300000002	0	False
v25CCCCACCACACCACACACACACACACACACACACACACAACAAAAE	25	6	2.3347596352343866e-07	43.466993469328585	0	False
v25CCCCACCACACCACACACACACACCAACACACACAACCAACAADEE	25	6	3.937743976114408e-06	21.872676300000002	8	False
v25CCCCACCACACCACACACACACACCAACACACACACACAACAAAAE	25	6	1.7992750139619115e-07	21.872676300000002	0	False
v25CCCCACCACACCACACACACACACCACAACACACAACACAACAAAE	25	6	3.007239371178816e-07	43.466993469328585	0	False
v25CCCCACCACACCACACACACACACCACACACACACAACAAACAAAE	25	6	3.564940457916368e-07	21.872676300000002	0	False
v25CCCCACCACACCACACACACACACCACACACACACAACAACAAAAE	25	6	4.81241558009e-07	21.872676300000002	0	False
v25CCCCACCACACCACACACACACACCACACACACACAACAACAAABE	25	6	9.871075311150935e-07	21.872676300000002	0	False
v25CCCCACCACACCACACACCACACACAACACACACACACAACAAAAE	25	6	2.932454902734411e-07	21.872676300000002	0	False
v25CCCCACCACACCACACACCACACACACAACACACAACACAACAAAE	25	6	2.0994231457518287e-07	43.466993469328585	0	False
v25CCCCACCACACCACACACCACACACACAACACCAACACACAAABBE	25	6	2.8564847730593925e-07	21.872676300000002	0	False
v25CCCCACCACACCACACACCACACACACAACACCACAACACAAABAE	25	6	1.2299582788037286e-07	43.466993469328585	0	False
v25CCCCACCACACCACACACCACACACACACAACACACAACACAAABE	25	6	4.882717620848836e-07	21.872676300000002	0	False
v25CCCCACCACACCACACACCACACACACACAACACACACAACAAAAE	25	6	1.8090364655367553e-07	43.466993469328585	0	False
v25CCCCACCACACCACACACCACACACACACAACCAACACAACAADEE	25	6	1.2793417541685568e-07	43.466993469328585	0	False
v25CCCCACCACACCACACACCACACACACACAACCAACACACAAABBE	25	6	1.295359131041712e-07	43.466993469328585	0	False
v25CCCCACCACACCACACACCACACACACACACACAACAACAACAAAE	25	6	4.631214162636238e-07	21.872676300000002	0	False
v25CCCCACCACACCACACACCACACACACACACACAACACAAACAAAE	25	6	9.473189593987115e-08	43.466993469328585	0	False
v25CCCCACCACACCACACACCACACACACACACACAACACAACAAAAE	25	6	1.1232986673268844e-07	43.466993469328585	0	False
v25CCCCACCACACCACACACCACACACACACACACAACACAACAADEE	25	6	1.0177176012398495e-07	43.466993469328585	0	False
v25CCCCACCACACCACACACCACACACACACACACACAACAACAAAAE	25	6	7.978795061211609e-08	49.112965600533286	0	False
v25CCCCACCACACCACACACCACACACACACACACACAACAACAAABE	25	6	1.021753332240098e-07	43.466993469328585	0	False
v25CCCCACCACACCACACACCACACACACACACACACAACACAAAABE	25	6	1.6763399068187226e-07	21.872676300000002	0	False
v25CCCCACCACACCACACACCACACACACACACACACAACACAAABAE	25	6	1.4028332836876425e-07	21.872676300000002	0	False
v25CCCCACCACACCACACACCACACACACACACACCAAACACAAAABE	25	6	5.180588264981764e-07	21.872676300000002	0	False
v25CCCCACCACACCACACACCACACACACACACACCAACAACAAAABE	25	6	1.5415835060591408e-07	43.466993469328585	0	False
v25CCCCACCACACCACACACCACACACCAACACACAACAACAACAAAE	25	6	1.2684934788560196e-06	21.872676300000002	8	False
v25CCCCACCACACCACACACCACACACCAACACACAACAACCAAABAE	25	6	6.463133363753683e-07	21.872676300000002	0	False
v25CCCCACCACACCACACACCACACACCAACACACACAAACCAAABAE	25	6	9.072942750036814e-07	21.872676300000002	0	False
v25CCCCACCACACCACACACCACACACCAACACACACAACACAAAABE	25	6	3.070875458504161e-07	21.872676300000002	0	False
v25CCCCACCACACCACACACCACACACCAACACACACAACACAAABAE	25	6	2.4471590915344565e-07	21.872676300000002	0	False
v25CCCCACCACACCACACACCACACACCAACACACACAACACDEAABE	25	6	3.699957675127436e-07	21.872676300000002	0	False
v25CCCCACCACACCACACACCACACACCAACACACACACAACDEAAAE	25	6	6.393847945795456e-07	21.872676300000002	0	False
v25CCCCACCACACCACACACCACACACCAACACACCAAACACAAAABE	25	6	1.9900042603877193e-07	21.872676300000002	0	False
v25CCCCACCACACCACACACCACACACCAACACACCAACAACAAAABE	25	6	3.252078512854815e-07	43.466993469328585	0	False
v25CCCCACCACACCACACACCACACACCAACACACCAACAADCAAAEE	25	6	5.303501536702654e-07	21.872676300000002	0	False
v25CCCCACCACACCACACACCACACACCACACACACAAACACAAAABE	25	6	1.104048315897004e-07	43.466993469328585	0	False
v25CCCCACCACACCACACACCACACACCACACACACAACAACAAAABE	25	6	2.557769252536323e-07	21.872676300000002	0	False
v25CCCCACCACACCACACACCACACACCACACACACCAAABACAAAAE	25	6	1.789866936868566e-07	43.466993469328585	0	False
v25CCCCACCACACCACCACACCACACACAACACAACAACACAACAAAE	25	6	1.107511010964205e-07	43.466993469328585	0	False
v25CCCCACCACACCACCACACCACACACAACACAACACAACAACAAAE	25	6	6.316444009929492e-08	21.872676300000002	0	False
v25CCCCACCACACCACCACACCACACACAACACAACCAACACAADEBE	25	6	7.267854785368988e-08	43.466993469328585	0	False
v25CCCCACCACACCACCACACCACACACAACACAACCACAACAADEAE	25	6	8.959513875190123e-08	43.466993469328585	0	False
v25CCCCACCACACCACCACACCACACACAACCAAACCAACACAADEBE	25	6	2.9361843233068276e-07	43.466993469328585	0	False
v25CCCCACCACACCACCACACCACACACAACCAACACAACADECAAAE	25	6	9.719868980765545e-08	21.872676300000002	0	False
v25CCCCACCACACCACCACACCACACACAACCAACACACAACAADBEE	25	6	1.3970440000983703e-07	43.466993469328585	0	False
v25CCCCACCACACCACCACACCACACACAACCACAACAACADECAAAE	25	6	1.3256786884665662e-07	21.872676300000002	0	False
v25CCCCACCACACCACCACACCACACACAACCACAACCAACADEDAEE	25	6	1.4254176737120325e-07	43.466993469328585	0	False
v25CCCCACCACACCACCACACCACACACACACAACACAACAAACAAAE	25	6	4.2280714169367103e-07	21.872676300000002	0	False
v25CCCCACCACACCACCACACCACACACACACAACACAACAACAAAAE	25	6	1.490950955963276e-07	21.872676300000002	0	False
v25CCCCACCACACCACCACACCACACACACACAACACACAAACAAAAE	25	6	1.552216250188794e-07	43.466993469328585	0	False
v25CCCCACCACACCACCACACCACACACACACAACACACAAACADEAE	25	6	1.837743799921839e-07	43.466993469328585	0	False
v25CCCCACCACCACACCACACACACAACACCACACACACAAACAAAAE	25	6	5.745179010212233e-07	21.872676300000002	0	False
v25CCCCACCACCACACCACACACACACAACACACACACACAACAAAAE	25	6	4.0869559715422947e-07	21.872676300000002	0	False
v25CCCCACCACCACACCACACACACACAACCAACACACACAACAAAAE	25	6	4.467765017508842e-07	43.466993469328585	0	False
v25CCCCACCACCACACCACACACACACAACCACACAACACAACAAAAE	25	6	3.7536838032304535e-07	43.466993469328585	0	False
v25CCCCACCACCACACCACACACACACAACCACACACAACAACAAAAE	25	6	3.195775305460966e-07	43.466993469328585	0	False
v25CCCCACCACCACACCACACACACACACACAACACACAACACAAABE	25	6	4.168218161802284e-07	43.466993469328585	0	False
v25CCCCACCACCACACCACACACACACACACAACACACACAACAAAAE	25	6	1.4117207825826586e-07	43.466993469328585	0	False
v25CCCCACCACCACACCACACACACACACACACAACACAACAACAAAE	25	6	2.993867741071206e-07	21.872676300000002	0	False
v25CCCCACCACCACACCACACACACACACACACAACACAACACAAABE	25	6	3.2648707004386066e-07	21.872676300000002	0	False
v25CCCCACCACCACACCACACACACACACACACACAACAACAACAAAE	25	6	3.4183989887639296e-07	21.872676300000002	0	False
v25CCCCACCACCACACCACACACACACACACACACAACACAAACAAAE	25	6	1.1664379463156484e-07	21.872676300000002	0	False
v25CCCCACCACCACACCACACACACACACACACACAACACAACAAAAE	25	6	1.8276983824521663e-07	21.872676300000002	0	False
v25CCCCACCACCACACCACACACACACACACACACACAACAACAAAAE	25	6	2.0353175326739046e-07	21.872676300000002	0	False
v25CCCCACCACCACACCACACACACACACACACACACACAAACAAAAE	25	6	4.5979861915421664e-07	21.872676300000002	0	False
v25CCCCACCACCACACCACACACACACACACCAACACACAAACADEAE	25	6	1.9722113943327397e-07	43.466993469328585	0	False
v25CCCCACCACCACACCACACACACACACACCAACACACAACAADEAE	25	6	2.7035243082772103e-07	43.466993469328585	0	False
v25CCCCACCACCACACCACACACACCAACACACACAACACCAAABABE	25	6	8.632521748791663e-08	21.872676300000002	0	False
v25CCCCACCACCACACCACACCAACCACACACAACACAACAAACAAAE	25	6	1.21249203158649e-07	21.872676300000002	0	False
v25CCCCACCACCACACCACACCAACCACACACACAACCAACAAADAEE	25	6	2.443825002534468e-07	43.466993469328585	0	False
v25CCCCACCACCACACCACACCACACACACACAACACAACAACAAAAE	25	6	1.631444312655644e-07	43.466993469328585	0	False
v26CCACCCACCACACCACCACACCACACACCABACCACABABCACABABE	26	6	1.2119475415840985e-07	21.872676300000002	0	False
v26CCCACACACCAACACACCAACACACCAACACACCAACACACCAACAAE	26	6	2.256557095900097e-05	2.1000000000000014	9	False
v26CCCACACACCACACACACCACACACAACCACACACAACACACACAAAE	26	6	2.133311801683225e-06	21.872676300000002	8	False
v26CCCACACACCACACACACCACACACACACACACACAACACACACAAAE	26	6	2.1651398280173348e-07	21.872676300000002	0	False
v26CCCACACACCACACACACCACACACACACACACACACAACACACAAAE	26	6	1.5281784422170405e-06	21.872676300000002	8	False
v26CCCACACACCACACACACCACACACACACCACACACACAAACACAABE	26	6	5.350281776327682e-07	21.872676300000002	0	False
v26CCCACACCACACAACCACACAACCACACAACCACACAACCACACAAAE	26	6	1.2398416563540364e-06	2.1000000000000014	9	False
v26CCCACACCACACACACACACACACACACACACACACACACACACAABE	26	6	9.139160564757467e-07	21.872676300000002	0	False
v26CCCACACCACACACACCACACACAACCACACACAACACACACAACAAE	26	6	4.2749017446421235e-07	21.872676300000002	0	False
v26CCCACACCACACACACCACACACAACCACACACAACCACACACAAAAE	26	6	1.6178250416610301e-06	21.872676300000002	8	False
v26CCCACACCACACACACCACACACACACACACACAACACACACAACAAE	26	6	5.592904547504398e-07	21.872676300000002	0	False
v26CCCACACCACACACACCACACACACACACACACACAACACACACAABE	26	6	1.437376616114172e-07	43.466993469328585	0	False
v26CCCACACCACACACACCACACACACACACACACACACACACACAAAAE	26	6	2.700536387552402e-07	21.872676300000002	0	False
v26CCCACACCACACACACCACACACACACACACACACACACACACAADEE	26	6	1.2196066305670653e-06	21.872676300000002	8	False
v26CCCACACCACACACACCACACACACACACACACACACACACACADEAE	26	6	2.2211908601496252e-07	21.872676300000002	0	False
v26CCCACACCACACACACCACACACACACCAACACACACACCAABACAAE	26	6	1.0651283440916573e-06	21.872676300000002	8	False
v26CCCACACCACACACACCACACACACACCACACACACAAACACACADEE	26	6	4.831006946188434e-06	21.872676300000002	9	False
v26CCCACACCACACACACCACACACACACCACACACACAACAACACAAAE	26	6	7.560116911222311e-07	21.872676300000002	0	False
v26CCCACACCACACACACCACACACACACCACACACADECACACACAAAE	26	6	4.783966902834031e-06	2.1000000000000014	9	False
v26CCCACACCACCACACAACACCACACAACACCACACAACACACACAABE	26	6	1.1661393224361235e-07	2.1000000000000014	0	False
v26CCCACCACACCACACACAACCACACACAACCACACACAACACAACAAE	26	6	1.1904733864930137e-05	2.1000000000000014	9	False
v26CCCACCACACCACACACACACCACACACAACACACACACAACACAABE	26	6	1.5761284729062582e-07	21.872676300000002	0	False
v26CCCACCACACCACACACACACCACACACAACACCACACACAAACADEE	26	6	1.1051301228908869e-07	21.872676300000002	0	False
v26CCCACCACACCACACACACACCACACACAACACCACACACAACAADEE	26	6	8.35740329372472e-08	43.466993469328585	0	False
v26CCCACCACACCACACACACACCACACACACAACCACACAACAAACAAE	26	6	1.690081341457551e-06	21.872676300000002	8	False
v26CCCACCACACCACACACACACCACACACACAACCACACACAAACADEE	26	6	1.46562916363228e-06	21.872676300000002	8	False
v26CCCACCACACCACACACACACCACACACACAACCACACACACAAADEE	26	6	1.3656647074831458e-06	21.872676300000002	8	False
v26CCCACCACACCACACACACACCACACACACAACCACACACACAABABE	26	6	2.6514934343601923e-06	21.872676300000002	8	False
v26CCCACCACACCACACACACACCACACACACAACCACACACACAABBAE	26	6	9.344612228004993e-07	21.872676300000002	0	False
v26CCCACCACACCACACACACACCACACACACAACCACACACADECADEE	26	6	1.6882246497015941e-06	21.872676300000002	8	False
v26CCCACCACACCACACACACACCACACACACACACACACACAAACADEE	26	6	4.442812128230106e-07	21.872676300000002	0	False
v26CCCACCACACCACACACACACCACACACACACACCACACAACAAAABE	26	6	9.461209612347128e-08	43.466993469328585	0	False
v26CCCACCACACCACACACACACCACACACACACACCACACAACADEABE	26	6	1.6463498468223738e-07	43.466993469328585	0	False
v26CCCACCACACCACACACACACCACACACACACACCACACACAAAABAE	26	6	9.274050504069374e-08	43.466993469328585	0	False
v26CCCACCACACCACACACACACCACACACACACACCACACACAADEABE	26	6	1.2063017952045876e-07	21.872676300000002	0	False
v26CCCACCACACCACACACACACCACACACACACACCACACACAADEBAE	26	6	1.386607980267871e-07	43.466993469328585	0	False
v26CCCACCACACCACACACACACCACACACACACACCACACACADAEABE	26	6	8.361725499040505e-08	43.466993469328585	0	False
v26CCCACCACACCACACACACACCACACACACACACCACACACADEAABE	26	6	6.068654338623763e-08	43.466993469328585	0	False
v26CCCACCACACCACACACACACCACACACACACACCACACACADEABAE	26	6	8.465428626640945e-08	43.466993469328585	0	False
v26CCCACCACACCACACCAACACCACACACAACACACACACAACACAABE	26	6	1.577900204594083e-07	21.872676300000002	0	False
v26CCCACCACACCACACCAACACCACACACAACACCACACACAAACADEE	26	6	1.5655337614217337e-07	21.872676300000002	0	False
v26CCCACCACACCACACCAACACCACACACAACACCACACACAACAADEE	26	6	8.281873297696014e-08	43.466993469328585	0	False
v26CCCACCACACCACACCAACACCACACACCAACACACACAACCAABABE	26	6	3.0008412369247876e-07	2.1000000000000014	0	False
v26CCCACCACACCACACCAACACCACACACCAACACACACAACDEACAAE	26	6	8.426568201884527e-07	2.1000000000000014	0	False
v26CCCACCACACCACACCAACACCACACACCAACACACACACAAACADEE	26	6	4.3112080383021094e-07	21.872676300000002	0	False
v26CCCACCACACCACACCAACACCACACACCAACACACACACACAAADEE	26	6	8.327627543429592e-07	2.1000000000000014	0	False
v26CCCACCACACCACACCAACACCACACACCAACACACACACACAABABE	26	6	4.6179934049880077e-07	21.872676300000002	0	False
v26CCCACCACACCACACCAACACCACACACCAACACACACACACDEADEE	26	6	3.168944705078523e-06	2.1000000000000014	9	False
v26CCCACCACACCACACCAACACCACACACCAACACCACACACAAAABAE	26	6	1.1623190261145525e-07	21.872676300000002	0	False
v26CCCACCACACCACACCAACACCACACACCAACACCACACACADBEABE	26	6	5.208169948008821e-07	21.872676300000002	0	False
v26CCCACCACACCACACCAACACCACACACCAACACCACACACADBEBAE	26	6	3.6401584819396316e-07	2.1000000000000014	0	False
v26CCCACCACACCACACCAACACCACACACDEACCACACACAACACAABE	26	6	1.4932321573834687e-07	21.872676300000002	0	False
v26CCCACCACACCACACCACACAACACACCACACAACACACCAACAADEE	26	6	5.925370358344066e-07	21.872676300000002	0	False
v26CCCACCACACCACACCACACAACACACCACACAACACACCACAAADEE	26	6	3.9887557937540006e-07	43.466993469328585	0	False
v26CCCACCACACCACACCACACACCACACAACACAACCACACAACAAABE	26	6	3.0602838698214513e-06	21.872676300000002	8	False
v26CCCACCACACCACACCACACACCACACAACACACACCACACAADAEAE	26	6	2.5241536002777785e-07	21.872676300000002	0	False
v26CCCACCACACCACACCACACACCACACACAACAACCACACACAAAABE	26	6	2.2263862317726953e-06	21.872676300000002	8	False
v26CCCACCACACCACACCACACACCACACACAACAACCACACACAAABAE	26	6	2.1189961984798636e-06	21.872676300000002	8	False
v26CCCACCACACCACACCACACACCACACACAACACACACACACAAAABE	26	6	5.143197514275178e-07	21.872676300000002	0	False
v26CCCACCACACCACACCACACACCACACACAACACACACACACAAABAE	26	6	1.2404979859226636e-07	21.872676300000002	0	False
v26CCCACCACACCACACCACACACCACACACACAACACACACACAAAABE	26	6	3.9823555885957547e-07	21.872676300000002	0	False
v26CCCACCACACCACACCACACACCACACACACAACACACACACAAABAE	26	6	1.2475222138291788e-07	43.466993469328585	0	False
v26CCCACCACACCACACCACACACCACACACACAACACACACACADEABE	26	6	1.596043511028959e-06	21.872676300000002	8	False
v26CCCACCACACCACACCACACACCACACACACAACACCACACADABEAE	26	6	1.3189133411613176e-07	43.466993469328585	0	False
v26CCCACCACACCACACCACACACCACACACACACAACCACACADABEAE	26	6	1.012374954924615e-06	21.872676300000002	8	False
v26CCCACCACACCACACCACACACCACACACCAAACACACACAACDEABE	26	6	5.981002740214333e-07	2.1000000000000014	0	False
v26CCCACCACACCACACCACACACCACACACCAAACACACACACADEABE	26	6	3.0740346628031506e-06	21.872676300000002	8	False
v26CCCACCACACCACACCACACACCACACACCAAACACCACACADABEAE	26	6	2.5397058092418296e-07	21.872676300000002	0	False
v26CCCACCACACCACACCACACACCACACACCADEACCACACAACDEABE	26	6	2.427334123586544e-07	43.466993469328585	0	False
v26CCCACCACACCACACCACACACCACACACCADEACCACACACADEABE	26	6	3.487936730645717e-07	43.466993469328585	0	False
v26CCCACCACACCACACCACACACCACACACCADEACCACACACADEBAE	26	6	3.484179244361058e-07	43.466993469328585	0	False
v26CCCACCACACCACACCACACACDEACCACACACAACCACACACAAAAE	26	6	2.4620377502184954e-07	43.466993469328585	0	False
v26CCCACCACCACACACAACCACACACAACCACACACAACCAACACAAAE	26	6	1.5893225317018835e-05	21.872676300000002	8	False
v26CCCACCACCACCACAACACCACACCACAACACCACAACCAAACAAAAE	26	6	4.818910955723969e-07	21.872676300000002	0	False
v26CCCACCACCACCACAACACCACACCACAACACCACAACCAAACAADEE	26	6	2.1545556281798455e-06	21.872676300000002	8	False
v26CCCACCACCACCACAACACCACACCACAACACCACACACAAACAADEE	26	6	1.0858762120188293e-05	21.872676300000002	8	False
v26CCCACCACCACCACACACAACACCACACACAACACACACACAACADEE	26	6	4.645452709438675e-07	21.872676300000002	0	False
v26CCCACCACCACCACACACAACACCACACACAACACCACACACAAAABE	26	6	5.8277664344620364e-08	43.466993469328585	0	False
v26CCCACCACCACCACACACAACACCACACACAACACCACACACAAABAE	26	6	8.031876751302683e-08	43.466993469328585	0	False
v26CCCACCACCACCACACACACCACACCAAACACACCACACACDEAAABE	26	6	1.988304065107693e-06	21.872676300000002	8	False
v26CCCACCCACCACCACACACCAACCAACCACACACACAACAAACADEAE	26	6	1.523164284149935e-07	43.466993469328585	0	False
v26CCCACCCACCACCACACACCACACACACACACACACDEACACADEAAE	26	6	2.505392563165625e-07	43.466993469328585	0	False
v26CCCACCCACCACCACACACCACACCAACCACACAACACACADEABABE	26	6	2.1380635614201222e-07	43.466993469328585	0	False
v26CCCACCCACCACCACACCAACACACACACAACCAACACACACAABDEE	26	6	2.454308907401574e-07	43.466993469328585	0	False
v26CCCACCCACCACCACACCAACACACACCACAACCAACAACAADECAAE	26	6	4.6024811054359756e-07	21.872676300000002	0	False
v26CCCACCCACCACCACACCAACACCACAACACACCAABACCACAABABE	26	6	1.203202264535037e-06	21.872676300000002	8	False
v26CCCACCCACCACCACACCACACACCACACACACACAAACAACAAAABE	26	6	1.4361059761867818e-06	21.872676300000002	8	False
v26CCCACCCACCACCCACCACCAACCAACAACCDECDECACAACAABDEE	26	7	2.1145546249664034e-05	1.8000000000000012	10	False
v26CCCACCCACCACCCACCACCACCDECCACAACCDECDEDECDEDBEBE	26	7	1.8953504446349178e-06	29.9083225384962	10	False
v26CCCCACCACACACCACACACACAACCACACACACAACACACAACAAAE	26	6	1.4375441296330734e-06	21.872676300000002	8	False
v26CCCCACCACCACACCACACACACCACAACCACACAACACCADEABABE	26	6	6.824911291063104e-07	21.872676300000002	0	False
v26CCCCACCACCACACCACACCAACAACACCACACACCAAACACAAAABE	26	6	3.1092580097804004e-07	21.872676300000002	0	False
v27CCCACACACACACACACACACACACACACACACACACACACACACACAAE	27	6	1.3896007549628197e-05	2.1000000000000014	9	False
v27CCCACACACCACACACACACACACACACACACACACACACACACACAAAE	27	6	4.782052876775449e-07	21.872676300000002	0	False
v27CCCACACACCACACACACCACACACAACCACACACAACCACACACAAAAE	27	6	3.1189927506383082e-06	21.872676300000002	8	False
v27CCCACACACCACACACACCACACACACACACACACACACACACACADEAE	27	6	1.0312517305199743e-06	21.872676300000002	8	False
v27CCCACACACCACACACACCACACACACACCACACACACAACACACAABAE	27	6	6.330849913985478e-07	21.872676300000002	0	False
v27CCCACACACCACACACACCACACACACACCACACACACACAACACAABAE	27	6	1.0858186939706128e-07	43.466993469328585	0	False
v27CCCACACACCACACACACCACACACACACCACACACADECACACACAAAE	27	6	1.6818145120233397e-07	2.1000000000000014	0	False
v27CCCACACCACACAACCACACAACCACACAACCACACAACCACACAACAAE	27	6	9.597655484946902e-07	2.1000000000000014	0	False
v27CCCACACCACACACACACACACACACACACACACACACACACACAACAAE	27	6	1.0572870224952351e-06	21.872676300000002	8	False
v27CCCACACCACACACACCACACACAACCACACACAACACACACAACACAAE	27	6	3.3991026524178004e-07	21.872676300000002	0	False
v27CCCACACCACACACACCACACACAACCACACACAACCACACACAAACAAE	27	6	6.223677501055433e-06	2.1000000000000014	9	False
v27CCCACACCACACACACCACACACAACCACACACAACCACACACAACAAAE	27	6	2.6469920986058735e-06	21.872676300000002	8	False
v27CCCACACCACACACACCACACACAACCACACACAACCACACACAACAABE	27	6	1.458991524134502e-06	21.872676300000002	8	False
v27CCCACACCACACACACCACACACACACACACACAACACACACAACACAAE	27	6	2.703375586743043e-07	21.872676300000002	0	False
v27CCCACACCACACACACCACACACACACACACACACACACACACAACAAAE	27	6	8.971847851690726e-07	21.872676300000002	0	False
v27CCCACACCACACACACCACACACACACACACACACACACACACAACAABE	27	6	2.653503048930311e-07	21.872676300000002	0	False
v27CCCACACCACACACACCACACACACACACACACACACACACACACAAABE	27	6	2.532150413222967e-07	21.872676300000002	0	False
v27CCCACACCACACACACCACACACACACACACACACACACACACACAABAE	27	6	9.015414519337546e-07	21.872676300000002	0	False
v27CCCACACCACACACACCACACACACACCACACACACAACACACACAAAAE	27	6	9.024785554555222e-07	21.872676300000002	0	False
v27CCCACACCACACACACCACACACACACCACACACACAACACACACADEAE	27	6	4.22276548869672e-06	21.872676300000002	8	False
v27CCCACACCACACACACCACACACACACCACACACACAACCAACACAAAAE	27	6	5.919201615187607e-06	21.872676300000002	8	False
v27CCCACACCACACACACCACACACACACCACACACACAACCAACACAAABE	27	6	3.8104029621179374e-06	21.872676300000002	9	False
v27CCCACACCACACACACCACACACACACCACACACACACAACACACAAAAE	27	6	1.0975112164421616e-05	21.872676300000002	9	False
v27CCCACACCACACACACCACACACACACCACACACACACAACACACAADEE	27	6	1.0608509783942935e-05	21.872676300000002	9	False
v27CCCACACCACACACACCACACACACACCACACACADECACACACAACAAE	27	6	3.454470617362835e-06	21.872676300000002	9	False
v27CCCACACCACCACACAACACCACACAACACCACACAACACACACAACAAE	27	6	2.605878993223266e-07	2.1000000000000014	0	False
v27CCCACACCACCACACACAACCACACACAACCACACACAACACACACAAAE	27	6	2.3607518476627358e-06	21.872676300000002	8	False
v27CCCACACCACCACACACCACAACACACACCACAACACACACCACAABABE	27	6	9.269873041506278e-06	21.872676300000002	8	False
v27CCCACCACACACACCACACACAACCACACACAACCACACACAACAACAAE	27	6	3.264830226238572e-07	21.872676300000002	0	False
v27CCCACCACACCACACACAACCACACACAACCACACACAACCAACACAABE	27	6	2.3250416709678587e-05	2.1000000000000014	9	False
v27CCCACCACACCACACACAACCACACACAACCACACACAACCACAACAAAE	27	6	2.3747410491295592e-05	21.872676300000002	9	False
v27CCCACCACACCACACACAACCACACACAACCACACACAACCACAACAABE	27	6	2.235893150857515e-05	21.872676300000002	9	False
v27CCCACCACACCACACACACACCACACAACACACCACACAACAACACAAAE	27	6	1.535209699402255e-07	21.872676300000002	0	False
v27CCCACCACACCACACACACACCACACACAACACACACACAACACAACAAE	27	6	1.6955994385440176e-07	21.872676300000002	0	False
v27CCCACCACACCACACACACACCACACACAACACCAACACAACACAACAAE	27	6	9.767027844573766e-08	21.872676300000002	0	False
v27CCCACCACACCACACACACACCACACACAACACCACACACAAACACAABE	27	6	2.1134942663285511e-07	21.872676300000002	0	False
v27CCCACCACACCACACACACACCACACACAACACCACACACAACAACAABE	27	6	6.546441965815678e-08	43.466993469328585	0	False
v27CCCACCACACCACACACACACCACACACAACACCACACACAACACADEAE	27	6	1.2387659732048626e-07	43.466993469328585	0	False
v27CCCACCACACCACACACACACCACACACACAACCACACAACAACACAAAE	27	6	8.36408994896628e-07	21.872676300000002	0	False
v27CCCACCACACCACACACACACCACACACACAACCACACACAAACACAABE	27	6	1.8374960984707146e-06	21.872676300000002	8	False
v27CCCACCACACCACACACACACCACACACACAACCACACACACAABCADEE	27	6	2.3849215562595746e-06	21.872676300000002	8	False
v27CCCACCACACCACACACACACCACACACACAACCACACACACAACADEAE	27	6	1.7983473646098788e-06	21.872676300000002	8	False
v27CCCACCACACCACACACACACCACACACACAACCACACACADECACAABE	27	6	1.8380908934335387e-06	21.872676300000002	8	False
v27CCCACCACACCACACACACACCACACACACACACACACACAAACACAABE	27	6	1.6728713185204747e-07	21.872676300000002	0	False
v27CCCACCACACCACACACACACCACACACACACACACACACAACACADEAE	27	6	2.5010656576855973e-07	21.872676300000002	0	False
v27CCCACCACACCACACACACACCACACACACACACACACACACAACADEAE	27	6	3.3720834387269954e-07	21.872676300000002	0	False
v27CCCACCACACCACACACACACCACACACACACACCACACAACACAABABE	27	6	1.7393112141791506e-07	21.872676300000002	0	False
v27CCCACCACACCACACACACACCACACACACACACCACACAACADEACAAE	27	6	1.305307487207819e-07	21.872676300000002	0	False
v27CCCACCACACCACACACACACCACACACACACACCACACACAAACAADEE	27	6	7.381000253456911e-08	43.466993469328585	0	False
v27CCCACCACACCACACACACACCACACACACACACCACACACAACAAADEE	27	6	9.266257747999949e-08	43.466993469328585	0	False
v27CCCACCACACCACACACACACCACACACACACACCACACACAACAABBAE	27	6	1.2952679912575957e-07	43.466993469328585	0	False
v27CCCACCACACCACACACACACCACACACACACACCACACACAADECADEE	27	6	1.5987777343955295e-07	21.872676300000002	0	False
v27CCCACCACACCACACACACACCACACACACACACCACACACACAAABABE	27	6	1.364460529607712e-07	21.872676300000002	0	False
v27CCCACCACACCACACACACACCACACACACACACCACACACACAAABBAE	27	6	1.2695785606641998e-07	43.466993469328585	0	False
v27CCCACCACACCACACACACACCACACACACACACCACACACACAABABAE	27	6	1.1454317442420616e-07	43.466993469328585	0	False
v27CCCACCACACCACACACACACCACACACACACACCACACACACADEADEE	27	6	1.324799595519946e-07	43.466993469328585	0	False
v27CCCACCACACCACACACACACCACACACACACACCACACACACADEBABE	27	6	1.9284965868463438e-07	21.872676300000002	0	False
v27CCCACCACACCACACACACACCACACACACACACCACACACADEACADEE	27	6	5.25692853783211e-08	21.872676300000002	0	False
v27CCCACCACACCACACCAACACCAACACCAACACCAACACCAACACDEABE	27	6	1.1709253351714488e-06	2.1000000000000014	9	False
v27CCCACCACACCACACCAACACCACACACAACACCACACACAAACACAABE	27	6	2.739863428882569e-07	21.872676300000002	0	False
v27CCCACCACACCACACCAACACCACACACAACACCACACACAACAACAABE	27	6	6.698660009100152e-08	43.466993469328585	0	False
v27CCCACCACACCACACCAACACCACACACAACACCACACACAACACADEAE	27	6	1.2070395540051086e-07	43.466993469328585	0	False
v27CCCACCACACCACACCAACACCACACACCAACACACACAACCAABACAAE	27	6	1.978578608784822e-07	2.1000000000000014	0	False
v27CCCACCACACCACACCAACACCACACACCAACACACACACAAACACAABE	27	6	1.6079841842306976e-07	21.872676300000002	0	False
v27CCCACCACACCACACCAACACCACACACCAACACACACACACAACADEAE	27	6	6.139303095881779e-07	21.872676300000002	0	False
v27CCCACCACACCACACCAACACCACACACCAACACACACACACCAABADEE	27	6	6.618501019312874e-07	2.1000000000000014	0	False
v27CCCACCACACCACACCAACACCACACACCAACACACACACACDEACAABE	27	6	1.635137853421511e-05	2.1000000000000014	9	False
v27CCCACCACACCACACCAACACCACACACCAACACCACACACAAACAADEE	27	6	7.955069815138922e-08	21.872676300000002	0	False
v27CCCACCACACCACACCAACACCACACACCAACACCACACACACAAABABE	27	6	8.781748881425188e-07	21.872676300000002	0	False
v27CCCACCACACCACACCAACACCACACACCAACACCACACACACAABABAE	27	6	3.7164771587865877e-07	21.872676300000002	0	False
v27CCCACCACACCACACCAACACCACACACCAACACCACACACACDEAADEE	27	6	3.4022149782196606e-07	2.1000000000000014	0	False
v27CCCACCACACCACACCAACACCACACACCAACACCACACACACDEABABE	27	6	1.2364491123076093e-06	2.1000000000000014	9	False
v27CCCACCACACCACACCAACACCACACACCAACACCACACACADBECADEE	27	6	5.251740236288006e-07	21.872676300000002	0	False
v27CCCACCACACCACACCACACAACACACCACACAACACACCACACAADEAE	27	6	3.8892542639840937e-07	43.466993469328585	0	False
v27CCCACCACACCACACCACACAACACACCACACAACACACCACACAADEBE	27	6	3.524155246808503e-07	43.466993469328585	0	False
v27CCCACCACACCACACCACACACACACACCAACACACACACACAACADEAE	27	6	7.185565730050891e-07	21.872676300000002	0	False
v27CCCACCACACCACACCACACACCACACAACACAACCACACAACAAACAAE	27	6	3.0112257695149904e-06	21.872676300000002	8	False
v27CCCACCACACCACACCACACACCACACAACACACACCACACAACAAAABE	27	6	6.74191137588121e-07	21.872676300000002	0	False
v27CCCACCACACCACACCACACACCACACAACACACACCACACAACADEABE	27	6	5.308789306692406e-07	21.872676300000002	0	False
v27CCCACCACACCACACCACACACCACACACAACAACCACACACAAACADEE	27	6	2.4080942088806437e-06	21.872676300000002	8	False
v27CCCACCACACCACACCACACACCACACACAACACACACACACAAACADEE	27	6	4.45037517830466e-07	21.872676300000002	0	False
v27CCCACCACACCACACCACACACCACACACAACACACCACACACAAAABAE	27	6	2.0598250905955234e-07	21.872676300000002	0	False
v27CCCACCACACCACACCACACACCACACACAACACACCACACACAADEABE	27	6	4.07103372724221e-07	21.872676300000002	0	False
v27CCCACCACACCACACCACACACCACACACAACACACCACACACAADEBAE	27	6	3.84749229865505e-07	21.872676300000002	0	False
v27CCCACCACACCACACCACACACCACACACACAACACACACACAAACADEE	27	6	4.416390276226285e-07	21.872676300000002	0	False
v27CCCACCACACCACACCACACACCACACACACAACACACACACACAABABE	27	6	1.3939864908068368e-06	2.1000000000000014	9	False
v27CCCACCACACCACACCACACACCACACACACAACACCACACACAAAABAE	27	6	1.7075101474622622e-07	43.466993469328585	0	False
v27CCCACCACACCACACCACACACCACACACACAACACCACACACADAEABE	27	6	1.9986936077767732e-07	43.466993469328585	0	False
v27CCCACCACACCACACCACACACCACACACACAACACCACACACADEAABE	27	6	1.124366036762784e-07	43.466993469328585	0	False
v27CCCACCACACCACACCACACACCACACACACAACACCACACACADEABAE	27	6	1.2869195465092766e-07	43.466993469328585	0	False
v27CCCACCACACCACACCACACACCACACACACACAACACACAACACAAABE	27	6	1.4794915999016327e-05	21.872676300000002	9	False
v27CCCACCACACCACACCACACACCACACACACACAACCACACACAAAABAE	27	6	2.406363048721443e-06	21.872676300000002	8	False
v27CCCACCACACCACACCACACACCACACACACACAACCACACACAADEABE	27	6	2.0262758439261836e-06	21.872676300000002	8	False
v27CCCACCACACCACACCACACACCACACACACACACACACACACAAAABAE	27	6	2.203960289922059e-07	43.466993469328585	0	False
v27CCCACCACACCACACCACACACCACACACACACACACACACACADEAABE	27	6	3.64483824393972e-07	21.872676300000002	0	False
v27CCCACCACACCACACCACACACCACACACACACACACACACACADEABAE	27	6	1.7912018280423944e-07	43.466993469328585	0	False
v27CCCACCACACCACACCACACACCACACACACACACACCACACADABAEAE	27	6	2.0498933622703968e-07	21.872676300000002	0	False
v27CCCACCACACCACACCACACACCACACACCAAACACACACAACDEACAAE	27	6	8.05469856945327e-07	21.872676300000002	0	False
v27CCCACCACACCACACCACACACCACACACCAAACACACACACACDEADEE	27	6	3.333160384029525e-06	21.872676300000002	8	False
v27CCCACCACACCACACCACACACCACACACCAAACACCACACACADBEABE	27	6	6.769326498399998e-07	21.872676300000002	0	False
v27CCCACCACACCACACCACACACCACACACCAAACACCACACACADBEBAE	27	6	4.3657459180812505e-07	2.1000000000000014	0	False
v27CCCACCACACCACACCACACACCACACACCAACACACACACACAAAABAE	27	6	2.2259914794673537e-07	43.466993469328585	0	False
v27CCCACCACACCACACCACACACCACACACCAACACACACACACADBEABE	27	6	3.7471541527902033e-07	43.466993469328585	0	False
v27CCCACCACACCACACCACACACCACACACCAACACACACACACADEAABE	27	6	5.837545595912478e-07	21.872676300000002	0	False
v27CCCACCACACCACACCACACACCACACACCAACACACACACACADEABAE	27	6	2.2051131792464008e-07	43.466993469328585	0	False
v27CCCACCACACCACACCACACACCACACACCAACACACCACACAADBAEAE	27	6	2.697422491458459e-07	43.466993469328585	0	False
v27CCCACCACACCACACCACACACCACACACCAACACACCACACAADDEEAE	27	6	2.3120853615253785e-07	43.466993469328585	0	False
v27CCCACCACACCACACCACACACCACACACCAACACACCACACADABAEAE	27	6	2.0328976273414606e-07	43.466993469328585	0	False
v27CCCACCACACCACACCACACACCACACACCAACACACCACACADABBEAE	27	6	2.804953064565085e-07	43.466993469328585	0	False
v27CCCACCACACCACACCACACACCACACACCADEACCACACAACDEACAAE	27	6	1.7638221846525362e-07	43.466993469328585	0	False
v27CCCACCACACCACACCACACACCACACACCADEACCACACACACDEADEE	27	6	2.3510537049061269e-07	43.466993469328585	0	False
v27CCCACCACACCACACCACACACCACACACCADEACCACACACADECADEE	27	6	3.9827767506011697e-07	43.466993469328585	0	False
v27CCCACCACACCACACCACACACDEACCACACACAACCACACACAAACAAE	27	6	1.8254667784441426e-07	21.872676300000002	0	False
v27CCCACCACCACACAACACCACACAACACCACACAACACCACACAACADEE	27	6	3.0010571278087186e-06	21.872676300000002	8	False
v27CCCACCACCACACACAACCACACACAACCACACACAACCACACACAAAAE	27	6	2.2550307343057033e-05	21.872676300000002	8	False
v27CCCACCACCACACACACACACACACACACACACACACACACACACAADEE	27	6	1.524177744124344e-06	21.872676300000002	8	False
v27CCCACCACCACCACAACACCACACCACAACACCACAACCAAACAACAABE	27	6	1.084127775494711e-06	21.872676300000002	8	False
v27CCCACCACCACCACAACACCACACCACAACACCACAACCACAACAADEBE	27	6	6.780917022530241e-07	21.872676300000002	0	False
v27CCCACCACCACCACAACACCACACCACAACACCACACACAAACAACAABE	27	6	7.036007244513297e-06	21.872676300000002	8	False
v27CCCACCACCACCACAACACCACACCACAACACCACACACCAAACAADAEE	27	6	1.8538490563650445e-06	21.872676300000002	8	False
v27CCCACCACCACCACAACACCACACCACAACACCACACACCAAACAADEAE	27	6	4.290217054985195e-07	21.872676300000002	0	False
v27CCCACCACCACCACACAACCACACCACACAACCAAACCACACAACDEABE	27	6	6.456706693896155e-07	21.872676300000002	0	False
v27CCCACCACCACCACACACAACACCACACACAACACCACACACAAACADEE	27	6	5.4052780446410315e-08	21.872676300000002	0	False
v27CCCACCACCACCACACACAACACCACACACAACACCACACACAACAADEE	27	6	5.374609375634915e-08	21.872676300000002	0	False
v27CCCACCACCACCACACACACACACCACACACAACAACCACACACAAAABE	27	6	2.1452185825522774e-07	21.872676300000002	0	False
v27CCCACCACCACCACACACACACACCACACACAACAACCACACACAAABAE	27	6	1.5970795686879808e-07	21.872676300000002	0	False
v27CCCACCACCACCACACACACACACCACACACAACACACACACACAAABAE	27	6	1.3923109061870816e-06	21.872676300000002	8	False
v27CCCACCACCACCACACACACACACCACACACACAAACCACACACADEABE	27	6	1.916345831946642e-07	43.466993469328585	0	False
v27CCCACCACCACCACACACACACACCACACACACAAACCACACACADEBAE	27	6	1.9050984906335445e-07	43.466993469328585	0	False
v27CCCACCACCACCACACACACACACCACACACACAACACACACACAAABAE	27	6	2.395032959580295e-06	21.872676300000002	8	False
v27CCCACCACCACCACACACACCACACCAAACACACCACACACDEAACADEE	27	6	5.151742813509935e-07	21.872676300000002	0	False
v27CCCACCACCACCACACACACCACACCAACAACACCACACACCAAAABABE	27	6	5.260015211879523e-07	21.872676300000002	0	False
v27CCCACCACCACCACACACACCACACCAACAACACCACACACCAAAABBAE	27	6	4.822894662692966e-07	21.872676300000002	0	False
v27CCCACCACCACCACACACACCACACCAACAACACCACACACCAAABAABE	27	6	2.107767518906281e-06	21.872676300000002	8	False
v27CCCACCACCACCACACACACCACACCAACACAACCACACACCAAAABBAE	27	6	6.567962375888814e-07	21.872676300000002	0	False
v27CCCACCACCACCACACACACCACACCACAAACACCACACACADEACADEE	27	6	4.30705477177007e-06	21.872676300000002	8	False
v27CCCACCACCACCACACACACCACACCACAAACACCACACACCADEABABE	27	6	5.701639363711313e-07	21.872676300000002	0	False
v27CCCACCACCACCACACACACCACACCACAAACACCACACACCADEABBAE	27	6	5.771651299948663e-07	21.872676300000002	0	False
v27CCCACCACCACCACACACACCACACCACAACAACCACACACCAAAABABE	27	6	4.1251104954619255e-07	21.872676300000002	0	False
v27CCCACCACCACCACACACACCACACCACAACAACCACACACCAAAABBAE	27	6	4.928737164463937e-07	21.872676300000002	0	False
v27CCCACCACCACCACACACACCACACCACACAAACCACACACCAADEBABE	27	6	9.64877138033191e-07	21.872676300000002	0	False
v27CCCACCACCACCACACCACAACACCACACACACAAACCACACACADEBAE	27	6	1.833794061549983e-07	43.466993469328585	0	False
v27CCCACCACCACCACACCACAACACCACACACACAACACACACACAAAABE	27	6	7.352461639950341e-06	21.872676300000002	8	False
v27CCCACCACCACCACACCACAACACCACACACCAAACACACACAACDEABE	27	6	6.692489093572486e-07	43.466993469328585	0	False
v27CCCACCACCACCACACCACAACACCACACACCADEACCACACAACDEABE	27	6	2.412583230910902e-07	43.466993469328585	0	False
v27CCCACCACCACCACACCACAACACCACACACCADEACCACACACADEBAE	27	6	3.5910742725133604e-07	43.466993469328585	0	False
v27CCCACCACCACCACACCACACCAACDEACCACACACCAAACCAACAABBE	27	6	1.9596863844927756e-07	43.466993469328585	0	False
v27CCCACCCACCACCACACCAACAACACCACACACCAAACACACAACADEAE	27	6	6.828189890085195e-07	2.1000000000000014	0	False
v27CCCACCCACCACCACACCACACACCACACACACACCAAACAACAAADEBE	27	6	9.105129339927789e-07	21.872676300000002	0	False
v27CCCCACCACACACAACCACACACAACCACACACAACCACACACAACAAAE	27	6	1.5378143061990185e-07	21.872676300000002	0	False
v27CCCCACCACACACACACCACAACACACACCACAACACACACACAACAAAE	27	6	1.6238574006649961e-06	21.872676300000002	8	False
v27CCCCACCACACCACACACCACACACCACACACACACACAACAACAAAABE	27	6	7.789722472851062e-07	21.872676300000002	0	False
v27CCCCACCACCACCACCACACCACACAACCAACCAAACCAACAACAADEAE	27	6	4.4536810792435476e-07	43.466993469328585	0	False
v28CCACCCACCACACCACCACACCACACACCACABCACACABCACACABABDEE	28	6	2.8179351403288036e-07	21.872676300000002	0	False
v28CCCACACACCACACACACACACACACACACACACACACACACAACACACAAE	28	6	1.1131589721705063e-06	2.1000000000000014	9	False
v28CCCACACACCACACACACCACACACAACCACACACAACACACACAACACAAE	28	6	2.9491088855442142e-06	21.872676300000002	9	False
v28CCCACACACCACACACACCACACACAACCACACACAACCACACACAACAABE	28	6	1.068873094761908e-05	21.872676300000002	8	False
v28CCCACACACCACACACACCACACACACACACACACAACACACACAACACAAE	28	6	2.6067819913977987e-07	2.1000000000000014	0	False
v28CCCACACACCACACACACCACACACACACACACACACACACACACAACAABE	28	6	1.5551628418850166e-06	21.872676300000002	8	False
v28CCCACACACCACACACACCACACACACACACACACACACACACACACAABAE	28	6	4.823649128537998e-07	21.872676300000002	0	False
v28CCCACACACCACACACACCACACACACACCACACACACAACACACACADEAE	28	6	6.860976323757267e-07	21.872676300000002	0	False
v28CCCACACACCACACACACCACACACACACCACACACACACAACACACAADEE	28	6	1.5965357558771344e-07	2.1000000000000014	0	False
v28CCCACACACCACACACACCACACACACACCACACACACACACACACAABABE	28	6	2.0875509673692035e-07	43.466993469328585	0	False
v28CCCACACCAACACACCAACACACCAACACACCAACACACCAACACACCAABE	28	6	0.0001043475997205152	2.1000000000000014	9	False
v28CCCACACCACACAACCACACAACCACACAACCACACAACCACACAACACAAE	28	6	1.260647313108635e-06	2.1000000000000014	9	False
v28CCCACACCACACACACCACACACAACCACACACAACCACACACAACAACAAE	28	6	2.5199115199684324e-06	2.1000000000000014	9	False
v28CCCACACCACACACACCACACACAACCACACACAACCACACACAACACAAAE	28	6	2.8247784999879806e-06	21.872676300000002	9	False
v28CCCACACCACACACACCACACACACACACACACACACACACACAACAACAAE	28	6	2.2624804559134446e-07	21.872676300000002	0	False
v28CCCACACCACACACACCACACACACACACACACACACACACACACAACADEE	28	6	3.141357245805076e-07	43.466993469328585	0	False
v28CCCACACCACACACACCACACACACACACACACACACACACACACACAADEE	28	6	5.646378763968946e-07	21.872676300000002	0	False
v28CCCACACCACACACACCACACACACACCACACACACAACACACACACAAABE	28	6	6.993797085475468e-06	21.872676300000002	9	False
v28CCCACACCACACACACCACACACACACCACACACACAACACACACACAABAE	28	6	1.6979457113346485e-06	21.872676300000002	8	False
v28CCCACACCACACACACCACACACACACCACACACACAACCAACACAAACAAE	28	6	3.532172507093499e-06	21.872676300000002	8	False
v28CCCACACCACACACACCACACACACACCACACACACAACCAACACACAABAE	28	6	5.424166920825852e-06	21.872676300000002	9	False
v28CCCACACCACACACACCACACACACACCACACACACACAACACACAACAAAE	28	6	2.265185549497888e-05	2.1000000000000014	9	False
v28CCCACACCACACACACCACACACACACCACACACACACAACACACAACAABE	28	6	1.84150411077396e-05	21.872676300000002	9	False
v28CCCACACCACACACACCACACACACACCACACACACACAACACACACAAABE	28	6	2.6886895986892562e-05	21.872676300000002	9	False
v28CCCACACCACACACACCACACACACACCACACACACACACAACACACAABAE	28	6	4.365396223989383e-06	21.872676300000002	9	False
v28CCCACACCACACACACCACACACACACCACACACACACACACACACAADEAE	28	6	4.949425349917725e-06	21.872676300000002	9	False
v28CCCACACCACACACACCACACACACACCACACACACACACCAACACAADEAE	28	6	1.1148683055139426e-05	21.872676300000002	9	False
v28CCCACACCACACACACCACACACACACCACACACADECACACACAACACAAE	28	6	6.527230460022781e-06	2.1000000000000014	9	False
v28CCCACACCACCACACACACACCACACACACAACCACACACACAABCACAABE	28	6	1.2568775091506094e-07	21.872676300000002	0	False
v28CCCACCACACACACACACACACACACACACACACACACACACACACACAABE	28	6	3.600115500423833e-07	2.1000000000000014	0	False
v28CCCACCACACACACCACACACAACCACACACAACCACACACAACCACAADEE	28	6	2.0624054963329914e-07	21.872676300000002	0	False
v28CCCACCACACCACACACAACCACACACAACCACACACAACCACACACAABAE	28	6	3.193848974741815e-05	21.872676300000002	9	False
v28CCCACCACACCACACACAACCACACACAACCACACACAACCACACACAABBE	28	6	2.959423959725835e-05	21.872676300000002	9	False
v28CCCACCACACCACACACACACACACACACACACACACACAACACACACAAAE	28	6	4.2705412367554004e-07	21.872676300000002	0	False
v28CCCACCACACCACACACACACACACACACACACACACACACAACACACAAAE	28	6	4.2225848843571055e-06	21.872676300000002	8	False
v28CCCACCACACCACACACACACCACAACACACACCACAACACAACACAACAAE	28	6	1.2332571598308468e-06	21.872676300000002	8	False
v28CCCACCACACCACACACACACCACACAACACACCACACAACACACACAAABE	28	6	1.8821770584371624e-07	43.466993469328585	0	False
v28CCCACCACACCACACACACACCACACACAACACCACACACAACAACAACAAE	28	6	7.9545137714567e-08	43.466993469328585	0	False
v28CCCACCACACCACACACACACCACACACAACACCACACACAACACACAABAE	28	6	1.2548878600997067e-07	43.466993469328585	0	False
v28CCCACCACACCACACACACACCACACACAACACCACACACAACACACAADEE	28	6	5.598674065011129e-08	43.466993469328585	0	False
v28CCCACCACACCACACACACACCACACACAACACCACACACAACACDEACAAE	28	6	1.6001526264678117e-07	43.466993469328585	0	False
v28CCCACCACACCACACACACACCACACACACAACCAACACACAACCAACADEE	28	6	1.2138897503290807e-07	43.466993469328585	0	False
v28CCCACCACACCACACACACACCACACACACAACCACACACACAABCACAABE	28	6	2.1497443855005786e-06	21.872676300000002	8	False
v28CCCACCACACCACACACACACCACACACACAACCACACACACAACACAABAE	28	6	2.3863242378378266e-06	21.872676300000002	8	False
v28CCCACCACACCACACACACACCACACACACAACCACACACACAACCADEABE	28	6	1.941466507314321e-06	21.872676300000002	8	False
v28CCCACCACACCACACACACACCACACACACAACCACACACADECACAACAAE	28	6	2.350757600062835e-06	21.872676300000002	8	False
v28CCCACCACACCACACACACACCACACACACACACACACACAACACACAABAE	28	6	6.402157997121489e-07	21.872676300000002	0	False
v28CCCACCACACCACACACACACCACACACACACACACACACACAACACAABAE	28	6	2.83714605296486e-07	21.872676300000002	0	False
v28CCCACCACACCACACACACACCACACACACACACACACACACACACADEABE	28	6	8.705890796863769e-07	21.872676300000002	0	False
v28CCCACCACACCACACACACACCACACACACACACCACACAACADECACAAAE	28	6	1.7247219224812307e-07	21.872676300000002	0	False
v28CCCACCACACCACACACACACCACACACACACACCACACACAAACAACAABE	28	6	5.950552248290379e-08	43.466993469328585	0	False
v28CCCACCACACCACACACACACCACACACACACACCACACACAACAACADEAE	28	6	1.9105105601257905e-07	21.872676300000002	0	False
v28CCCACCACACCACACACACACCACACACACACACCACACACAACACAADEAE	28	6	8.982525713249944e-08	43.466993469328585	0	False
v28CCCACCACACCACACACACACCACACACACACACCACACACAADECACAABE	28	6	2.5939912249391973e-07	21.872676300000002	0	False
v28CCCACCACACCACACACACACCACACACACACACCACACACACAAABCADEE	28	6	8.134072536961692e-08	43.466993469328585	0	False
v28CCCACCACACCACACACACACCACACACACACACCACACACACAAACADEAE	28	6	2.010642132533943e-07	43.466993469328585	0	False
v28CCCACCACACCACACACACACCACACACACACACCACACACACAACAADEAE	28	6	9.662585579052535e-08	43.466993469328585	0	False
v28CCCACCACACCACACACACACCACACACACACACCACACACACAACADBAEE	28	6	1.0973915390968361e-07	21.872676300000002	0	False
v28CCCACCACACCACACACACACCACACACACACACCACACACACACAABBABE	28	6	1.21410772781176e-07	21.872676300000002	0	False
v28CCCACCACACCACACACACACCACACACACACACCACACACACACAADBAEE	28	6	1.3083320097934164e-07	21.872676300000002	0	False
v28CCCACCACACCACACACACACCACACACACACACCACACACACADECADEAE	28	6	2.875151008530406e-07	21.872676300000002	0	False
v28CCCACCACACCACACACACACCACACACACACACCACACACADEACACAABE	28	6	1.34150978581608e-07	21.872676300000002	0	False
v28CCCACCACACCACACCAACACCACACACAACACCACACACAACAACAACAAE	28	6	7.993485515909724e-08	43.466993469328585	0	False
v28CCCACCACACCACACCAACACCACACACAACACCACACACAACACACAABAE	28	6	1.2100121427234232e-07	21.872676300000002	0	False
v28CCCACCACACCACACCAACACCACACACAACACCACACACAACACACAADEE	28	6	5.7513630562769394e-08	43.466993469328585	0	False
v28CCCACCACACCACACCAACACCACACACCAACACACACACACAACACAABAE	28	6	5.057432297338892e-07	21.872676300000002	0	False
v28CCCACCACACCACACCAACACCACACACCAACACACACACACCAACADEAAE	28	6	6.818338968644543e-07	21.872676300000002	0	False
v28CCCACCACACCACACCAACACCACACACCAACACACACACACDEACAACAAE	28	6	1.0421939752617498e-05	2.1000000000000014	9	False
v28CCCACCACACCACACCAACACCACACACCAACACCACACACAAACAACAABE	28	6	8.552449778477921e-08	2.1000000000000014	0	False
v28CCCACCACACCACACCAACACCACACACCAACACCACACACACAAABCADEE	28	6	3.7498547439914653e-07	21.872676300000002	0	False
v28CCCACCACACCACACCAACACCACACACCAACACCACACACACAAACADEAE	28	6	6.693817556897818e-07	21.872676300000002	0	False
v28CCCACCACACCACACCAACACCACACACCAACACCACACACACAACAADEAE	28	6	4.843623635420776e-07	21.872676300000002	0	False
v28CCCACCACACCACACCAACACCACACACCAACACCACACACACAACADBAEE	28	6	3.111871852619733e-07	21.872676300000002	0	False
v28CCCACCACACCACACCAACACCACACACCAACACCACACACACCAABABABE	28	6	2.9048453428913186e-07	21.872676300000002	0	False
v28CCCACCACACCACACCAACACCACACACCAACACCACACACACDEABCADEE	28	6	7.695630770123863e-07	21.872676300000002	0	False
v28CCCACCACACCACACCAACACCACACACCAACACCACACACACDEACADEAE	28	6	8.622178853645794e-07	2.1000000000000014	0	False
v28CCCACCACACCACACCAACACCACACACCAACACCACACACADBECACAABE	28	6	1.1297547850114809e-06	21.872676300000002	8	False
v28CCCACCACACCACACCAACACCACACACDEACCACACACAACCAACACAAAE	28	6	1.2108209800836184e-07	43.466993469328585	0	False
v28CCCACCACACCACACCAACACCACACACDEACCACACACAACCACAACAAAE	28	6	4.141089278473618e-07	21.872676300000002	0	False
v28CCCACCACACCACACCACACAACACACCACACAACACACCACACAACAAAAE	28	6	2.4082157531714894e-07	43.466993469328585	0	False
v28CCCACCACACCACACCACACAACACACCACACAACACACCACACAADECAAE	28	6	2.5739633418820215e-07	43.466993469328585	0	False
v28CCCACCACACCACACCACACACACACACCACACACACACACACDEACADEAE	28	6	5.661524026664107e-07	21.872676300000002	0	False
v28CCCACCACACCACACCACACACCACACAACACAACCACACAACAACACAAAE	28	6	6.697429798037921e-06	21.872676300000002	8	False
v28CCCACCACACCACACCACACACCACACAACACACACCACACAACACAABABE	28	6	1.4409531572554305e-06	21.872676300000002	8	False
v28CCCACCACACCACACCACACACCACACAACACACACCACACAACADEACAAE	28	6	3.956987129794382e-07	21.872676300000002	0	False
v28CCCACCACACCACACCACACACCACACACAACAACCACACACAAACACAABE	28	6	5.427130102102915e-06	21.872676300000002	8	False
v28CCCACCACACCACACCACACACCACACACAACACACACACACAAACACAABE	28	6	1.6244370407571612e-07	21.872676300000002	0	False
v28CCCACCACACCACACCACACACCACACACAACACACACACACAACAACAABE	28	6	2.111583099470049e-06	21.872676300000002	8	False
v28CCCACCACACCACACCACACACCACACACAACACACACACACAACACADEAE	28	6	5.106046016731902e-07	21.872676300000002	0	False
v28CCCACCACACCACACCACACACCACACACAACACACCACACACAAACAADEE	28	6	9.747789109624979e-08	21.872676300000002	0	False
v28CCCACCACACCACACCACACACCACACACAACACACCACACACAACAAADEE	28	6	6.68056999347635e-07	21.872676300000002	0	False
v28CCCACCACACCACACCACACACCACACACAACACACCACACACAACAABBAE	28	6	8.058690093035845e-07	21.872676300000002	0	False
v28CCCACCACACCACACCACACACCACACACAACACACCACACACAADECADEE	28	6	6.678546557423819e-07	21.872676300000002	0	False
v28CCCACCACACCACACCACACACCACACACACAACACACACACAAACACAABE	28	6	1.5471326692047367e-07	21.872676300000002	0	False
v28CCCACCACACCACACCACACACCACACACACAACACACACACACAACADEAE	28	6	2.454036135804597e-07	21.872676300000002	0	False
v28CCCACCACACCACACCACACACCACACACACAACACCACACACAAACAADEE	28	6	1.0304882300206542e-07	43.466993469328585	0	False
v28CCCACCACACCACACCACACACCACACACACAACACCACACACACAAABABE	28	6	1.2726658709105598e-06	21.872676300000002	8	False
v28CCCACCACACCACACCACACACCACACACACAACACCACACACACAAABBAE	28	6	3.1159713435565806e-07	21.872676300000002	0	False
v28CCCACCACACCACACCACACACCACACACACAACACCACACACACAABABAE	28	6	9.742945403910472e-07	2.1000000000000014	0	False
v28CCCACCACACCACACCACACACCACACACACAACACCACACACADEACADEE	28	6	9.047486783857038e-08	21.872676300000002	0	False
v28CCCACCACACCACACCACACACCACACACACACAACCACACACAACAAADEE	28	6	5.692067829461121e-06	21.872676300000002	8	False
v28CCCACCACACCACACCACACACCACACACACACAACCACACACAACAABBAE	28	6	2.3660449511138713e-06	21.872676300000002	8	False
v28CCCACCACACCACACCACACACCACACACACACAACCACACACAADECAAAE	28	6	3.783887239099485e-06	21.872676300000002	9	False
v28CCCACCACACCACACCACACACCACACACACACAACCACACACAADECADEE	28	6	2.5492699840784868e-06	21.872676300000002	9	False
v28CCCACCACACCACACCACACACCACACACACACAACCACACACACAAABABE	28	6	1.3431730603122572e-05	21.872676300000002	9	False
v28CCCACCACACCACACCACACACCACACACACACACACACACACACAABABAE	28	6	2.455729436159091e-07	43.466993469328585	0	False
v28CCCACCACACCACACCACACACCACACACACACACACACACACADEACADEE	28	6	4.4342212843434444e-07	21.872676300000002	0	False
v28CCCACCACACCACACCACACACCACACACACACACACCACACACAAADEBAE	28	6	4.7296738011483724e-07	21.872676300000002	0	False
v28CCCACCACACCACACCACACACCACACACACACACACCACACACAADAEABE	28	6	4.2930537522667573e-07	21.872676300000002	0	False
v28CCCACCACACCACACCACACACCACACACACACACACCACACACAADEABAE	28	6	2.2150316585234936e-07	43.466993469328585	0	False
v28CCCACCACACCACACCACACACCACACACACACACACCACACACADABEABE	28	6	3.594780460956541e-07	21.872676300000002	0	False
v28CCCACCACACCACACCACACACCACACACACACACACCACACACADEAABAE	28	6	1.740150772515893e-07	43.466993469328585	0	False
v28CCCACCACACCACACCACACACCACACACCAAACACACACACACDEACAABE	28	6	5.254058550470465e-06	21.872676300000002	9	False
v28CCCACCACACCACACCACACACCACACACCAAACACCACACACACDEAADEE	28	6	3.745750641691723e-07	21.872676300000002	0	False
v28CCCACCACACCACACCACACACCACACACCAAACACCACACACACDEABABE	28	6	5.79698003517281e-07	21.872676300000002	0	False
v28CCCACCACACCACACCACACACCACACACCAAACACCACACACADBECADEE	28	6	7.654790900051013e-07	21.872676300000002	0	False
v28CCCACCACACCACACCACACACCACACACCAACACACACACACACAAABABE	28	6	3.853105224171702e-07	43.466993469328585	0	False
v28CCCACCACACCACACCACACACCACACACCAACACACACACACACAABABAE	28	6	4.3244577679876876e-07	43.466993469328585	0	False
v28CCCACCACACCACACCACACACCACACACCAACACACACACACACDEAADEE	28	6	1.2667027342441389e-06	43.466993469328585	8	False
v28CCCACCACACCACACCACACACCACACACCAACACACACACACACDEABABE	28	6	3.054902775873047e-07	43.466993469328585	0	False
v28CCCACCACACCACACCACACACCACACACCAACACACACACACADEACADEE	28	6	4.4037611197569805e-07	21.872676300000002	0	False
v28CCCACCACACCACACCACACACCACACACCAACACACCACACAACDEAAABE	28	6	4.915544296324063e-07	43.466993469328585	0	False
v28CCCACCACACCACACCACACACCACACACCAACACACCACACAADCAAAEAE	28	6	3.522988023300565e-07	21.872676300000002	0	False
v28CCCACCACACCACACCACACACCACACACCAACACACCACACACAAADEBAE	28	6	2.000016564573586e-07	43.466993469328585	0	False
v28CCCACCACACCACACCACACACCACACACCAACACACCACACACADBAEABE	28	6	5.924340300138712e-07	43.466993469328585	0	False
v28CCCACCACACCACACCACACACCACACACCAACACACCACACACADBAEBAE	28	6	1.903094783721922e-07	43.466993469328585	0	False
v28CCCACCACACCACACCACACACCACACACCAACACACCACACACADBEAABE	28	6	2.5643395289483273e-07	43.466993469328585	0	False
v28CCCACCACACCACACCACACACCACACACCAACACACCACACACADBEABAE	28	6	3.363137099601911e-07	43.466993469328585	0	False
v28CCCACCACACCACACCACACACCACACACCAACACACCACACACADDEEABE	28	6	3.3373364824293276e-07	43.466993469328585	0	False
v28CCCACCACACCACACCACACACCACACACCAACACACCACACACADEAABAE	28	6	2.207213718985507e-07	43.466993469328585	0	False
v28CCCACCACACCACACCACACACCACACACCAACACACCACACADABCAAEAE	28	6	4.87603990033879e-07	21.872676300000002	0	False
v28CCCACCACACCACACCACACACCACACACCACACACACACACACAADEABAE	28	6	2.5438852734668137e-07	43.466993469328585	0	False
v28CCCACCACACCACACCACACACCACACACCACACACACACACACADBAEABE	28	6	3.2949141668975526e-07	43.466993469328585	0	False
v28CCCACCACACCACACCACACACCACACACCACACACACACACACADBEAABE	28	6	6.025420583335034e-07	21.872676300000002	0	False
v28CCCACCACACCACACCACACACCACACACCACACACACACACACADBEABAE	28	6	2.0600582498575518e-07	43.466993469328585	0	False
v28CCCACCACACCACACCACACACCACACACCACACACACACACACADEAABAE	28	6	3.736261336573499e-07	43.466993469328585	0	False
v28CCCACCACACCACACCACACACCACACACCACACACACCACACADABDEEAE	28	6	1.675860612227179e-07	43.466993469328585	0	False
v28CCCACCACACCACACCACACACCACACACCADEACCACACACACDEACAABE	28	6	1.9018854894439206e-07	43.466993469328585	0	False
v28CCCACCACACCACACCACACACCACACACCADEACCACACACACDECAAAAE	28	6	3.717601745060817e-07	43.466993469328585	0	False
v28CCCACCACACCACACCACACACCACACACCADEACCACACACACDECAADEE	28	6	3.4541182762993266e-07	43.466993469328585	0	False
v28CCCACCACACCACACCACACACCACACACCADEACCACACACACDECADEAE	28	6	6.629373324446299e-07	43.466993469328585	0	False
v28CCCACCACACCACACCACACACCACACACCADEACCACACACADECACAABE	28	6	5.892961038174475e-07	21.872676300000002	0	False
v28CCCACCACACCACACCACACACDEACCACACACAACCACACACAACACAAAE	28	6	2.765860306385324e-07	43.466993469328585	0	False
v28CCCACCACACCACACDEACCACACAACCACACAACCACACAACCACACAABE	28	6	2.5897284758486732e-06	2.1000000000000014	9	False
v28CCCACCACCACACACACACACACACACACACACACACACACACACAACAABE	28	6	1.912933788325039e-06	21.872676300000002	8	False
v28CCCACCACCACACACACACACACACACACACACACACACACACACACAAABE	28	6	2.54117593703346e-06	21.872676300000002	8	False
v28CCCACCACCACACACACACACACACACACACACACACACACACACACAABAE	28	6	1.9326695954523076e-06	21.872676300000002	8	False
v28CCCACCACCACACACACACCACACACAACACCACACACAACACAACACAAAE	28	6	1.5406656876278954e-05	21.872676300000002	8	False
v28CCCACCACCACACACACACCACACACAACACCACACACAACACCAACADAEE	28	6	4.476784067996706e-05	21.872676300000002	9	False
v28CCCACCACCACACACACACCACACACACAACACACACACAACACACACAABE	28	6	2.1924493299471273e-06	21.872676300000002	8	False
v28CCCACCACCACACACACACCACACACACAACCACACACAAACCACACADEBE	28	6	2.8185531507061876e-05	21.872676300000002	8	False
v28CCCACCACCACACACACACCACACACACAACCACACACACAACCAACADAEE	28	6	4.072988596058068e-05	21.872676300000002	8	False
v28CCCACCACCACACACACACCACACACACACACCACACACAAACACAACADEE	28	6	5.950537243108754e-06	21.872676300000002	8	False
v28CCCACCACCACACACCACACACACAACCACACACACAACCAACACACAABAE	28	6	3.949597085034044e-07	43.466993469328585	0	False
v28CCCACCACCACCACAACACCACACCACAACACCACAACCACAACAACAABBE	28	6	9.741400282363377e-07	21.872676300000002	0	False
v28CCCACCACCACCACAACACCACACCACAACACCACAACCACAACAADECAAE	28	6	4.6929513830241707e-07	21.872676300000002	0	False
v28CCCACCACCACCACAACACCACACCACAACACCACACACCAAACAACAAABE	28	6	9.645061402341003e-07	21.872676300000002	0	False
v28CCCACCACCACCACAACACCACACCACAACACCACACACCAAACAACADEBE	28	6	2.3579571692245926e-06	21.872676300000002	8	False
v28CCCACCACCACCACAACACCACACCACAACACCACACACCACAACAADEABE	28	6	1.8445774514546303e-06	21.872676300000002	8	False
v28CCCACCACCACCACACAACCACACCACACAACCAACACCACACAACDEAABE	28	6	2.334263757790721e-07	21.872676300000002	0	False
v28CCCACCACCACCACACACAACACCACACACAACACCACACACAACAAACAAE	28	6	1.22054391867609e-07	21.872676300000002	0	False
v28CCCACCACCACCACACACAACACCACACACAACACCACACACAACAACAAAE	28	6	1.2578347024865345e-07	21.872676300000002	0	False
v28CCCACCACCACCACACACAACACCACACACAACACCACACACAACAACAABE	28	6	9.140898433330583e-08	21.872676300000002	0	False
v28CCCACCACCACCACACACACACACCACACACAACAACCACACACAAACADEE	28	6	1.9122095054637002e-07	21.872676300000002	0	False
v28CCCACCACCACCACACACACACACCACACACAACACACACACACAAACADEE	28	6	1.6843019812941415e-06	21.872676300000002	8	False
v28CCCACCACCACCACACACACACACCACACACAACACACCACACACAAAABAE	28	6	3.531375852107841e-07	43.466993469328585	0	False
v28CCCACCACCACCACACACACACACCACACACAACACACCACACACAADEABE	28	6	7.055721579817545e-07	43.466993469328585	0	False
v28CCCACCACCACCACACACACACACCACACACAACACACCACACACAADEBAE	28	6	2.5944576722405473e-07	43.466993469328585	0	False
v28CCCACCACCACCACACACACACACCACACACACAAACCACACACADECADEE	28	6	1.3097931412362562e-07	43.466993469328585	0	False
v28CCCACCACCACCACACACACACACCACACACACAACACACACACAAACADEE	28	6	7.962893591688218e-06	21.872676300000002	8	False
v28CCCACCACCACCACACACACACACCACACACACAACACCACACACAAAABAE	28	6	1.5982475713321749e-07	43.466993469328585	0	False
v28CCCACCACCACCACACACACACACCACACACACAACACCACACACADEAABE	28	6	1.1749507080031141e-07	43.466993469328585	0	False
v28CCCACCACCACCACACACACACACCACACACACAACACCACACACADEABAE	28	6	1.3464891091297207e-07	43.466993469328585	0	False
v28CCCACCACCACCACACACACACACCACACACACACAACCACACACAAAABAE	28	6	1.587647452973754e-07	43.466993469328585	0	False
v28CCCACCACCACCACACACACACACCACACACACACAACCACACACAADEABE	28	6	1.7870310804208566e-07	43.466993469328585	0	False
v28CCCACCACCACCACACACACACACCACACACACACAACCACACACAADEBAE	28	6	1.8179025551299694e-07	43.466993469328585	0	False
v28CCCACCACCACCACACACACACACCACACACACACACACACACACADEABAE	28	6	3.3744268716143238e-06	21.872676300000002	8	False
v28CCCACCACCACCACACACACCACACACAACACACCACACACAACAACADEAE	28	6	1.537232024454972e-05	21.872676300000002	8	False
v28CCCACCACCACCACACACACCACACCAACAACACCACACACCAAAABCADEE	28	6	3.503780393158418e-07	21.872676300000002	0	False
v28CCCACCACCACCACACACACCACACCAACAACACCACACACCAAABACADEE	28	6	7.497436859716612e-07	21.872676300000002	0	False
v28CCCACCACCACCACACACACCACACCAACAACACCACACACCAAACAADEAE	28	6	1.2001241989875693e-06	21.872676300000002	8	False
v28CCCACCACCACCACACACACCACACCAACAACACCACACACCAAACADABEE	28	6	4.818522788964805e-07	21.872676300000002	0	False
v28CCCACCACCACCACACACACCACACCAACAACACCACACACCAAACADBAEE	28	6	1.029368937603975e-06	21.872676300000002	8	False
v28CCCACCACCACCACACACACCACACCAACACAACCACACACCAAAABCADEE	28	6	3.055149541809967e-07	21.872676300000002	0	False
v28CCCACCACCACCACACACACCACACCAACACAACCACACACCAACAADBAEE	28	6	1.3457930177320775e-06	21.872676300000002	8	False
v28CCCACCACCACCACACACACCACACCAACACAACCACACACCAADECADEAE	28	6	6.925483550983685e-07	21.872676300000002	0	False
v28CCCACCACCACCACACACACCACACCAACACACACCACACACCAAAABAABE	28	6	1.9609577233848994e-06	21.872676300000002	8	False
v28CCCACCACCACCACACACACCACACCAACACACACCACACACCAADEABABE	28	6	7.299267513676374e-07	21.872676300000002	0	False
v28CCCACCACCACCACACACACCACACCAACACACACCACACACCAADEABBAE	28	6	6.188762394944695e-07	21.872676300000002	0	False
v28CCCACCACCACCACACACACCACACCACAAACACCACACACCADEABCADEE	28	6	4.3751356532946963e-07	21.872676300000002	0	False
v28CCCACCACCACCACACACACCACACCACAACAACCACACACACAAABCADEE	28	6	1.520083108820541e-06	21.872676300000002	8	False
v28CCCACCACCACCACACACACCACACCACAACAACCACACACCAAAABCADEE	28	6	2.739897428287461e-07	21.872676300000002	0	False
v28CCCACCACCACCACACACACCACACCACAACAACCACACACCACAAABBABE	28	6	8.429407968158883e-07	21.872676300000002	0	False
v28CCCACCACCACCACACACACCACACCACAACAACCACACACCACAAADABEE	28	6	6.675634537968276e-07	21.872676300000002	0	False
v28CCCACCACCACCACACACACCACACCACAACAACCACACACCACAAADBAEE	28	6	9.182486637060746e-07	21.872676300000002	0	False
v28CCCACCACCACCACACACACCACACCACAACACACACACACCAAABACADEE	28	6	3.1899016069391355e-07	21.872676300000002	0	False
v28CCCACCACCACCACACACACCACACCACAACACACACACACCADEACADEAE	28	6	4.846331925622893e-07	21.872676300000002	0	False
v28CCCACCACCACCACACACACCACACCACAACACACCACACACADEACAADEE	28	6	3.401895477981013e-05	21.872676300000002	8	False
v28CCCACCACCACCACACACACCACACCACAACACACCACACACCAAAABAABE	28	6	1.732637501966948e-06	21.872676300000002	8	False
v28CCCACCACCACCACACACACCACACCACAACACACCACACACCAAADEBABE	28	6	2.258408055080367e-06	21.872676300000002	8	False
v28CCCACCACCACCACACACACCACACCACAACACACCACACACCADEAABABE	28	6	5.169531466084789e-07	21.872676300000002	0	False
v28CCCACCACCACCACACACACCACACCACAACACACCACACACCADEAABBAE	28	6	4.48690053337629e-07	21.872676300000002	0	False
v28CCCACCACCACCACACACACCACACCACAACACACCACACACCADEABAABE	28	6	1.3003287128673554e-06	21.872676300000002	8	False
v28CCCACCACCACCACACACACCACACCACACAAACCACACACCAADECADEAE	28	6	5.517243903631604e-07	21.872676300000002	0	False
v28CCCACCACCACCACACACACCACACCACACAACACCACACACCAAAABAABE	28	6	1.651009515818634e-06	21.872676300000002	8	False
v28CCCACCACCACCACACACACCACACCACACAACACCACACACCAADEABBAE	28	6	4.76078511784091e-07	21.872676300000002	0	False
v28CCCACCACCACCACACACACCACACCACACACAACCACACACCADEAABBAE	28	6	5.499845640250219e-07	21.872676300000002	0	False
v28CCCACCACCACCACACACACCACACCACACACAACDEACCACACACAAAABE	28	6	3.6355207687338675e-07	21.872676300000002	0	False
v28CCCACCACCACCACACACACDECACACACACACACACACACACACAACAABE	28	6	3.617254244221916e-06	21.872676300000002	8	False
v28CCCACCACCACCACACACACDECACACACACACACACACACACACACAABAE	28	6	3.5447938533308434e-06	21.872676300000002	8	False
v28CCCACCACCACCACACCACAACACCACAACCACAACACCACAACCADEAABE	28	6	2.4296087633012786e-07	43.466993469328585	0	False
v28CCCACCACCACCACACCACAACACCACACACACAAACCACACACADECADEE	28	6	1.281574178050654e-07	43.466993469328585	0	False
v28CCCACCACCACCACACCACAACACCACACACACAACACACACACAAACADEE	28	6	4.720297529744315e-06	21.872676300000002	8	False
v28CCCACCACCACCACACCACAACACCACACACACAACACACACACACAABABE	28	6	5.89786081534633e-06	21.872676300000002	8	False
v28CCCACCACCACCACACCACAACACCACACACACAACACCACACACADEAABE	28	6	1.794240428704817e-07	21.872676300000002	0	False
v28CCCACCACCACCACACCACAACACCACACACCAAACACACACACACDEADEE	28	6	1.040213257806677e-06	21.872676300000002	8	False
v28CCCACCACCACCACACCACAACACCACACACCAAACACCACACAACDEAABE	28	6	2.662366984036864e-07	43.466993469328585	0	False
v28CCCACCACCACCACACCACAACACCACACACCAAACACCACACACADBEBAE	28	6	2.0832580563773133e-07	43.466993469328585	0	False
v28CCCACCACCACCACACCACAACACCACACACCAAACACCACACACADEAABE	28	6	1.785330719479665e-07	43.466993469328585	0	False
v28CCCACCACCACCACACCACAACACCACACACCACAAACCACACAACDAEABE	28	6	2.365965983851494e-07	43.466993469328585	0	False
v28CCCACCACCACCACACCACAACACCACACACCACAAACCACACACAADEABE	28	6	3.436944500698279e-07	43.466993469328585	0	False
v28CCCACCACCACCACACCACAACACCACACACCACAAACCACACACAADEBAE	28	6	3.762177727007563e-07	43.466993469328585	0	False
v28CCCACCACCACCACACCACAACACCACACACCACAACACACACACAADEABE	28	6	1.4623643156855309e-06	21.872676300000002	8	False
v28CCCACCACCACCACACCACAACACCACACACCACAACACCACACAADABEAE	28	6	3.031141702048104e-07	43.466993469328585	0	False
v28CCCACCACCACCACACCACACAACCACACACAACAACCACACACAAACADEE	28	6	2.291825981636069e-06	21.872676300000002	8	False
v28CCCACCACCACCACACCACACACACCACACACCADEACACACACAACDEABE	28	6	4.1176278721802816e-07	21.872676300000002	0	False
v28CCCACCACCACCACACCACACACACDEACCACACACACAACCAACACAAAAE	28	6	1.9073619537996497e-07	43.466993469328585	0	False
v28CCCACCCACCACCACAACCACACCAACCACAACACACACDECACAAACADEE	28	6	6.788204588006942e-07	21.872676300000002	0	False
v28CCCACCCACCACCACACACCACACCAACCACACACAACACAAACCAAABAAE	28	6	3.730994585346173e-07	21.872676300000002	0	False
v28CCCCACCACACACCACACCACACACACCAACACCACAACACACDEACADEAE	28	6	9.60707443366184e-07	21.872676300000002	0	False
v28CCCCACCACACCACACACACAACCACACACACAACCACACACACAACAAAAE	28	6	4.96078290366378e-06	21.872676300000002	8	False
v28CCCCACCACACCACCACACCACACACACACACACACACAACACAAACAAAAE	28	6	1.8246976951561646e-07	43.466993469328585	0	False
v28CCCCACCACCACACCACACCACACCACACACAAACCACAACAACADECAAAE	28	6	1.584405840580523e-07	21.872676300000002	0	False
v29CCCACACACACACACACACACACACACACACACACACACACACACACACACAAE	29	6	0.00011093927034584783	2.1000000000000014	9	False
v29CCCACACACCACACAACCACACAACCACACAACCACACAACCACACAACACAAE	29	6	4.440618744706281e-06	2.1000000000000014	9	False
v29CCCACACACCACACACACACACACACACACACACACACACACACAACACACAAE	29	6	2.438076784282269e-06	21.872676300000002	9	False
v29CCCACACACCACACACACACACACACACACACACACACACACACACAACACAAE	29	6	1.8554033417752884e-06	2.1000000000000014	9	False
v29CCCACACACCACACACACACACACACACACACACACACACACACACACACAAAE	29	6	6.945873230530034e-07	2.1000000000000014	0	False
v29CCCACACACCACACACACACACACACACACACACACACACACACACACACADEE	29	6	1.3778768526840084e-06	21.872676300000002	9	False
v29CCCACACACCACACACACCACACACAACCACACACAACACACACAACACACAAE	29	6	8.857805542494345e-06	21.872676300000002	9	False
v29CCCACACACCACACACACCACACACAACCACACACAACCAACACAACCAACAAE	29	6	1.7636238712973685e-06	2.1000000000000014	9	False
v29CCCACACACCACACACACCACACACAACCACACACAACCACACACAACAACAAE	29	6	1.4627466266283378e-05	21.872676300000002	8	False
v29CCCACACACCACACACACCACACACACACACACACACACACACACAACAACAAE	29	6	1.845316345989229e-06	21.872676300000002	8	False
v29CCCACACACCACACACACCACACACACACACACACACACACACACACAACADEE	29	6	1.4314292966090113e-06	21.872676300000002	8	False
v29CCCACACACCACACACACCACACACACACACACACACACACACACACACAADEE	29	6	4.2300798822376605e-06	21.872676300000002	8	False
v29CCCACACACCACACACACCACACACACACCACACACACAACACACACACAAABE	29	6	2.7523899683028627e-06	21.872676300000002	9	False
v29CCCACACACCACACACACCACACACACACCACACACACAACACACACACAABAE	29	6	1.883984993924361e-06	21.872676300000002	8	False
v29CCCACACACCACACACACCACACACACACCACACACACACAACACACAACAABE	29	6	4.936261904099043e-07	2.1000000000000014	0	False
v29CCCACACACCACACACACCACACACACACCACACACADECACACACAACACAAE	29	6	8.401363387170389e-07	2.1000000000000014	0	False
v29CCCACACCACACACACCAACACACACCAACACACACCAACACACACAACACAAE	29	6	3.5670123228238182e-06	21.872676300000002	9	False
v29CCCACACCACACACACCAACACACACCAACACACACCAACACACACCAACADEE	29	6	9.633067575254907e-06	2.1000000000000014	9	False
v29CCCACACCACACACACCACACACAACCACACACAACCACACACAACAACACAAE	29	6	3.097212589632673e-06	21.872676300000002	8	False
v29CCCACACCACACACACCACACACAACCACACACAACCACACACAACACACAAAE	29	6	2.6567219205690175e-06	21.872676300000002	8	False
v29CCCACACCACACACACCACACACAACCACACACAACCACACACAACCACAAAAE	29	6	3.809598035414944e-06	21.872676300000002	9	False
v29CCCACACCACACACACCACACACAACCACACACAACCACACACAACCACAADEE	29	6	1.1206160843096065e-05	21.872676300000002	9	False
v29CCCACACCACACACACCACACACACACACACACACACACACACAACAACACAAE	29	6	2.458063455895396e-07	21.872676300000002	0	False
v29CCCACACCACACACACCACACACACACACACACACACACACACAACACACAAAE	29	6	7.591637503444735e-07	21.872676300000002	0	False
v29CCCACACCACACACACCACACACACACACACACACACACACACACAACACAABE	29	6	2.8429024069109946e-07	43.466993469328585	0	False
v29CCCACACCACACACACCACACACACACACACACACACACACACACACAACAABE	29	6	4.0420296947099474e-07	21.872676300000002	0	False
v29CCCACACCACACACACCACACACACACACACACACACACACACACACACAAABE	29	6	1.6110018333924995e-06	21.872676300000002	8	False
v29CCCACACCACACACACCACACACACACACACACACACACACACACACACADEAE	29	6	5.94607726463811e-07	21.872676300000002	0	False
v29CCCACACCACACACACCACACACACACCACACACACAACACACACACAACADEE	29	6	1.4798736551679332e-06	21.872676300000002	8	False
v29CCCACACCACACACACCACACACACACCACACACACAACCAACACACAABCAAE	29	6	8.571426956450793e-06	21.872676300000002	9	False
v29CCCACACCACACACACCACACACACACCACACACACAACCACACACACAAAABE	29	6	9.664028288547827e-06	21.872676300000002	9	False
v29CCCACACCACACACACCACACACACACCACACACACAACCACACACACAABDEE	29	6	1.1747086109229996e-05	21.872676300000002	8	False
v29CCCACACCACACACACCACACACACACCACACACACACAACACACAACAACAAE	29	6	1.5785154630123842e-05	21.872676300000002	9	False
v29CCCACACCACACACACCACACACACACCACACACACACAACACACACACAADEE	29	6	8.524307345392505e-05	2.1000000000000014	9	False
v29CCCACACCACACACACCACACACACACCACACACACACACACACACAACAAABE	29	6	9.07671212700609e-06	21.872676300000002	9	False
v29CCCACACCACACACACCACACACACACCACACACACACACACACACAACADEAE	29	6	4.8178854786594136e-06	21.872676300000002	8	False
v29CCCACACCACACACACCACACACACACCACACACACACACACACACACAAAABE	29	6	9.50188023118067e-06	21.872676300000002	8	False
v29CCCACACCACACACACCACACACACACCACACACACACACACACACACADEABE	29	6	2.0955023120012166e-05	21.872676300000002	9	False
v29CCCACACCACACACACCACACACACACCACACACACACACCAACACAADECAAE	29	6	8.831672451539084e-06	21.872676300000002	9	False
v29CCCACACCACACACACCACACACACACCACACACACACACCAACACACADEBAE	29	6	2.421053396221947e-05	21.872676300000002	9	False
v29CCCACACCACCACACACAACCACACACAACCACACACAACCACACACAACAABE	29	6	1.2082980624939465e-05	21.872676300000002	8	False
v29CCCACACCACCACACACACACCACACACACAACCACACACACAACACACAABAE	29	6	7.553462895709255e-07	21.872676300000002	0	False
v29CCCACACCACCACACACACACCACACACACAACCACACACACAACCACAABABE	29	6	1.4981518248215306e-07	21.872676300000002	0	False
v29CCCACACCACCACACACACACCACACACACACACACACACAACAACACACAAAE	29	6	1.520249822752025e-06	21.872676300000002	8	False
v29CCCACACCACCACACACACACCACACACACACACCACACACACAAABCACAABE	29	6	2.6116943617980765e-07	43.466993469328585	0	False
v29CCCACACCACCACACACCACACCACACACAACACACCAACACAACACACAADEE	29	6	1.1004292378505788e-06	21.872676300000002	8	False
v29CCCACACCACCACACACCACACCACACACAACACACCACACAAACACACAADEE	29	6	1.0882633743602433e-06	21.872676300000002	8	False
v29CCCACACCACCACACACCACACCACACACACACACACCACACADEACAACAABE	29	6	4.720402718831555e-07	21.872676300000002	0	False
v29CCCACACCACCACACACCACACCACACACACACACACCADEACACACAACDEAE	29	6	9.62351317354825e-07	21.872676300000002	0	False
v29CCCACACCACCACACACCACACCACACACACCACACAACACADECACACAABAE	29	6	1.2086027479421366e-05	21.872676300000002	8	False
v29CCCACCACACACACACACACACACACACACACACACACACACACACACAACAAE	29	6	2.977494541439194e-07	2.1000000000000014	0	False
v29CCCACCACACACACCACACACAACCACACACAACCACACACAACCACACAAABE	29	6	8.067628285841123e-07	21.872676300000002	0	False
v29CCCACCACACACACCACACACACACCACACACACAACACACACACAACACAABE	29	6	3.6108179035544123e-06	21.872676300000002	8	False
v29CCCACCACACCACACACAACCACACACAACCACACACAACCACACACAABCAAE	29	6	4.276120626555621e-05	2.1000000000000014	9	False
v29CCCACCACACCACACACACACACACACACACACACACACACACACACACAADEE	29	6	1.0418743607036903e-06	21.872676300000002	8	False
v29CCCACCACACCACACACACACACACACACACACACACACACACACACACADEAE	29	6	1.9760971826001395e-06	21.872676300000002	8	False
v29CCCACCACACCACACACACACCAACACACACACCAACACACACACCAABACAAE	29	6	3.655471875779331e-07	21.872676300000002	0	False
v29CCCACCACACCACACACACACCACACACAACACCACACACAACACACAACAAAE	29	6	3.3430641770771954e-07	21.872676300000002	0	False
v29CCCACCACACCACACACACACCACACACAACACCACACACAACACACAACAABE	29	6	1.0271287266265096e-07	2.1000000000000014	0	False
v29CCCACCACACCACACACACACCACACACAACACCACACACAACACCAABACAAE	29	6	1.3240957575637586e-07	43.466993469328585	0	False
v29CCCACCACACCACACACACACCACACACAACACCACACACAACACCACAADAEE	29	6	5.969004435913697e-08	43.466993469328585	0	False
v29CCCACCACACCACACACACACCACACACACAACACACACACAACACACACAAAE	29	6	1.5254882383000365e-05	21.872676300000002	8	False
v29CCCACCACACCACACACACACCACACACACAACCAACACACAACCAACACAAAE	29	6	1.8911515928790886e-07	21.872676300000002	0	False
v29CCCACCACACCACACACACACCACACACACAACCACACACACAACACAACAAAE	29	6	9.92645333689405e-06	21.872676300000002	8	False
v29CCCACCACACCACACACACACCACACACACAACCACACACACAACACAACADEE	29	6	4.919844561732742e-06	21.872676300000002	8	False
v29CCCACCACACCACACACACACCACACACACAACCACACACACAACCACAABABE	29	6	2.3370417199720657e-06	21.872676300000002	8	False
v29CCCACCACACCACACACACACCACACACACAACCACACACACAACCACAADAEE	29	6	4.762649040232319e-06	21.872676300000002	8	False
v29CCCACCACACCACACACACACCACACACACACAACACACACACAACACACAAAE	29	6	4.4345523867757825e-07	21.872676300000002	0	False
v29CCCACCACACCACACACACACCACACACACACACACACACAACACACAACAAAE	29	6	5.986200413512947e-07	21.872676300000002	0	False
v29CCCACCACACCACACACACACCACACACACACACACACACACAACACAACAAAE	29	6	5.389435544463547e-07	21.872676300000002	0	False
v29CCCACCACACCACACACACACCACACACACACACACACACACAACACAACADEE	29	6	1.173044528373542e-06	21.872676300000002	8	False
v29CCCACCACACCACACACACACCACACACACACACACACACACACACACAABABE	29	6	5.201624100153166e-07	21.872676300000002	0	False
v29CCCACCACACCACACACACACCACACACACACACCAACACACAAACCAACADEE	29	6	1.4372695924800718e-07	43.466993469328585	0	False
v29CCCACCACACCACACACACACCACACACACACACCACACAACACAACACAAABE	29	6	2.629848366229628e-07	21.872676300000002	0	False
v29CCCACCACACCACACACACACCACACACACACACCACACACAAACACACAADEE	29	6	5.970055741303404e-08	2.1000000000000014	0	False
v29CCCACCACACCACACACACACCACACACACACACCACACACAACAACACAABAE	29	6	2.7019939187673234e-07	21.872676300000002	0	False
v29CCCACCACACCACACACACACCACACACACACACCACACACAACACACADEAAE	29	6	1.1092609654776648e-07	43.466993469328585	0	False
v29CCCACCACACCACACACACACCACACACACACACCACACACACAAABCACAABE	29	6	7.160002126141646e-08	43.466993469328585	0	False
v29CCCACCACACCACACACACACCACACACACACACCACACACACAAACACAABAE	29	6	2.432489463148557e-07	21.872676300000002	0	False
v29CCCACCACACCACACACACACCACACACACACACCACACACACAAACCADEABE	29	6	8.688004609413036e-08	21.872676300000002	0	False
v29CCCACCACACCACACACACACCACACACACACACCACACACACAACACADEAAE	29	6	1.3831272912431172e-07	43.466993469328585	0	False
v29CCCACCACACCACACACACACCACACACACACACCACACACACAACACADEABE	29	6	3.071409212188162e-07	21.872676300000002	0	False
v29CCCACCACACCACACACACACCACACACACACACCACACACACACAABCADEAE	29	6	2.2467841729259432e-07	21.872676300000002	0	False
v29CCCACCACACCACACACACACCACACACACACACCACACACACACAACADEAAE	29	6	1.4897160077503964e-07	21.872676300000002	0	False
v29CCCACCACACCACACACACACCACACACACACACCACACACACACAACADEABE	29	6	4.4200904633128613e-07	21.872676300000002	0	False
v29CCCACCACACCACACACACACCACACACACACACCACACACACACACAADEABE	29	6	1.2197081633274717e-07	21.872676300000002	0	False
v29CCCACCACACCACACACACACCACACACACACACCACACACACACACADBAEAE	29	6	8.378210545352819e-08	21.872676300000002	0	False
v29CCCACCACACCACACACACACCACACACACACACCACACACACADECACAABAE	29	6	4.4567252722853034e-07	21.872676300000002	0	False
v29CCCACCACACCACACCAACACCACACACAACACCACACACAACACACAACAAAE	29	6	3.451266783268941e-07	21.872676300000002	0	False
v29CCCACCACACCACACCAACACCACACACAACACCACACACAACACACAACAABE	29	6	9.535537430384156e-08	21.872676300000002	0	False
v29CCCACCACACCACACCAACACCACACACAACACCACACACAACACCACAADAEE	29	6	5.9378619606325916e-08	43.466993469328585	0	False
v29CCCACCACACCACACCAACACCACACACCAACACACACACACAACACAACAAAE	29	6	6.279315217954621e-07	21.872676300000002	0	False
v29CCCACCACACCACACCAACACCACACACCAACACACACACACAACACAACADEE	29	6	1.934084513198143e-06	2.1000000000000014	9	False
v29CCCACCACACCACACCAACACCACACACCAACACACACACACCAACACAADEBE	29	6	5.044872637290404e-06	2.1000000000000014	9	False
v29CCCACCACACCACACCAACACCACACACCAACACCACACACAAACACACAADEE	29	6	5.361331424753776e-08	43.466993469328585	0	False
v29CCCACCACACCACACCAACACCACACACCAACACCACACACACAAABCACAABE	29	6	3.01184754249973e-07	21.872676300000002	0	False
v29CCCACCACACCACACCAACACCACACACCAACACCACACACACAAACACAABAE	29	6	8.97467359289019e-07	21.872676300000002	0	False
v29CCCACCACACCACACCAACACCACACACCAACACCACACACACAAACCADEABE	29	6	3.1252998622458677e-07	21.872676300000002	0	False
v29CCCACCACACCACACCAACACCACACACCAACACCACACACACAACACADEAAE	29	6	3.2849880242718164e-07	43.466993469328585	0	False
v29CCCACCACACCACACCAACACCACACACCAACACCACACACACAACACADEABE	29	6	5.732636203029215e-07	21.872676300000002	0	False
v29CCCACCACACCACACCAACACCACACACCAACACCACACACACCAABABCADEE	29	6	5.028339714319693e-07	21.872676300000002	0	False
v29CCCACCACACCACACCAACACCACACACCAACACCACACACACCAABACADEAE	29	6	3.3152093207322297e-07	21.872676300000002	0	False
v29CCCACCACACCACACCAACACCACACACCAACACCACACACACCAACADBABEE	29	6	9.666734868603228e-07	21.872676300000002	0	False
v29CCCACCACACCACACCAACACCACACACCAACACCACACACACDEABCACAABE	29	6	5.946854557889348e-07	21.872676300000002	0	False
v29CCCACCACACCACACCAACACCACACACCAACACCACACACACDEACACAABAE	29	6	7.287277223970204e-07	2.1000000000000014	0	False
v29CCCACCACACCACACCAACACCACACACCAACACCACACACACDEACCADEABE	29	6	2.9820036073072166e-07	2.1000000000000014	0	False
v29CCCACCACACCACACCAACACCACACACDEACCACACACAACCACACACAAAAE	29	6	5.955809953849694e-07	21.872676300000002	0	False
v29CCCACCACACCACACCACACAACACACCACACAACACACCACACAACAAACAAE	29	6	2.3952459688418907e-07	43.466993469328585	0	False
v29CCCACCACACCACACCACACACACACACCACACACACACACACCAABACADEAE	29	6	4.3947183629296736e-07	21.872676300000002	0	False
v29CCCACCACACCACACCACACACCACACAACACACACCACACAACADECACAAAE	29	6	1.1619604202403577e-06	21.872676300000002	8	False
v29CCCACCACACCACACCACACACCACACACAACACACACACACAACACACAABAE	29	6	4.0102098524859586e-07	21.872676300000002	0	False
v29CCCACCACACCACACCACACACCACACACAACACACACACACAACACACAADEE	29	6	2.075050551848087e-07	21.872676300000002	0	False
v29CCCACCACACCACACCACACACCACACACAACACACCACACACAAACAACAABE	29	6	7.957591106733781e-08	21.872676300000002	0	False
v29CCCACCACACCACACCACACACCACACACAACACACCACACACAACAAACAAAE	29	6	1.396926530135724e-06	21.872676300000002	8	False
v29CCCACCACACCACACCACACACCACACACAACACACCACACACAACAACADEAE	29	6	1.3171865950731775e-06	21.872676300000002	8	False
v29CCCACCACACCACACCACACACCACACACAACACACCACACACAACACAADEAE	29	6	3.992349062456122e-07	21.872676300000002	0	False
v29CCCACCACACCACACCACACACCACACACAACACACCACACACAADECACAABE	29	6	1.0958106400998538e-06	21.872676300000002	8	False
v29CCCACCACACCACACCACACACCACACACACAACACACACACACAACACAABAE	29	6	3.0301122336249183e-07	2.1000000000000014	0	False
v29CCCACCACACCACACCACACACCACACACACAACACCACACACAAACAACAABE	29	6	8.522957083904094e-08	43.466993469328585	0	False
v29CCCACCACACCACACCACACACCACACACACAACACCACACACACAAABCADEE	29	6	2.1939835941395212e-07	21.872676300000002	0	False
v29CCCACCACACCACACCACACACCACACACACAACACCACACACACAAACADEAE	29	6	6.825930409559911e-07	21.872676300000002	0	False
v29CCCACCACACCACACCACACACCACACACACAACACCACACACACAACAADEAE	29	6	1.2184675115379806e-07	2.1000000000000014	0	False
v29CCCACCACACCACACCACACACCACACACACAACACCACACACACAACADBAEE	29	6	1.0337027241741573e-07	43.466993469328585	0	False
v29CCCACCACACCACACCACACACCACACACACAACACCACACACADEACACAABE	29	6	2.011025572974636e-07	21.872676300000002	0	False
v29CCCACCACACCACACCACACACCACACACACACAACCACACACAACAACADEAE	29	6	1.4086435837551195e-05	21.872676300000002	8	False
v29CCCACCACACCACACCACACACCACACACACACAACCACACACAADECACAABE	29	6	6.124626932281741e-06	21.872676300000002	9	False
v29CCCACCACACCACACCACACACCACACACACACAACCACACACACAAABCAAAE	29	6	2.8968125998763776e-06	21.872676300000002	9	False
v29CCCACCACACCACACCACACACCACACACACACAACCACACACACAAABCADEE	29	6	3.556248555431315e-06	21.872676300000002	9	False
v29CCCACCACACCACACCACACACCACACACACACAACCACACACACAAACADEAE	29	6	1.4679071727263041e-05	21.872676300000002	9	False
v29CCCACCACACCACACCACACACCACACACACACAACCACACACACACAABBABE	29	6	1.1353698013005256e-05	21.872676300000002	8	False
v29CCCACCACACCACACCACACACCACACACACACACACACACACAACAACADEAE	29	6	3.758430010934223e-07	21.872676300000002	0	False
v29CCCACCACACCACACCACACACCACACACACACACACACACACACAAACADEAE	29	6	2.338368925463779e-07	21.872676300000002	0	False
v29CCCACCACACCACACCACACACCACACACACACACACACACACADEACACAABE	29	6	1.5873583290924333e-07	21.872676300000002	0	False
v29CCCACCACACCACACCACACACCACACACACACACACCACACACAAACAAADEE	29	6	7.834047062120753e-07	21.872676300000002	0	False
v29CCCACCACACCACACCACACACCACACACACACACACCACACACAACAAABBAE	29	6	9.212794300901583e-07	21.872676300000002	0	False
v29CCCACCACACCACACCACACACCACACACACACACACCACACACAACADEADEE	29	6	9.032844911402635e-07	21.872676300000002	0	False
v29CCCACCACACCACACCACACACCACACACACACACACCACACACACAAAABABE	29	6	2.176733953057565e-06	2.1000000000000014	9	False
v29CCCACCACACCACACCACACACCACACACACACACACCACACACACAAAABBAE	29	6	3.8919296958120646e-07	21.872676300000002	0	False
v29CCCACCACACCACACCACACACCACACACACACACACCACACACACAAABABAE	29	6	2.121632361872541e-07	21.872676300000002	0	False
v29CCCACCACACCACACCACACACCACACACACACACACCACACACACAADEBABE	29	6	1.0604948155575283e-06	21.872676300000002	8	False
v29CCCACCACACCACACCACACACCACACACACACACACCACACACACADEABABE	29	6	3.951939782949586e-07	21.872676300000002	0	False
v29CCCACCACACCACACCACACACCACACACACACACACCACACACACADEABBAE	29	6	3.896784893344263e-07	21.872676300000002	0	False
v29CCCACCACACCACACCACACACCACACACACACACACCACACACADEACAADEE	29	6	1.2437840416213276e-07	43.466993469328585	0	False
v29CCCACCACACCACACCACACACCACACACCAAACACACACACACDEACAACAAE	29	6	8.217072211233473e-06	2.1000000000000014	9	False
v29CCCACCACACCACACCACACACCACACACCAAACACCACACACACDEABCADEE	29	6	1.0276934679246259e-06	21.872676300000002	8	False
v29CCCACCACACCACACCACACACCACACACCAAACACCACACACACDEACADEAE	29	6	7.656250370977953e-07	2.1000000000000014	0	False
v29CCCACCACACCACACCACACACCACACACCAAACACCACACACADBECACAABE	29	6	1.0903181238894015e-06	2.1000000000000014	9	False
v29CCCACCACACCACACCACACACCACACACCAACACACACACACACAAACADEAE	29	6	5.456078675348806e-07	43.466993469328585	0	False
v29CCCACCACACCACACCACACACCACACACCAACACACACACACACAACAADEAE	29	6	2.3124876844713638e-06	21.872676300000002	8	False
v29CCCACCACACCACACCACACACCACACACCAACACACACACACACCAAABADEE	29	6	4.7300401079335314e-07	21.872676300000002	0	False
v29CCCACCACACCACACCACACACCACACACCAACACACACACACACCAABABABE	29	6	2.730683097360606e-07	43.466993469328585	0	False
v29CCCACCACACCACACCACACACCACACACCAACACACACACACACDEACADEAE	29	6	5.836014539602376e-07	43.466993469328585	0	False
v29CCCACCACACCACACCACACACCACACACCAACACACACACACADEACACAABE	29	6	1.6018139706410965e-07	21.872676300000002	0	False
v29CCCACCACACCACACCACACACCACACACCAACACACCACACAACCAAAABABE	29	6	8.482469889102413e-07	43.466993469328585	0	False
v29CCCACCACACCACACCACACACCACACACCAACACACCACACAACCAAABAABE	29	6	2.523562198588906e-07	43.466993469328585	0	False
v29CCCACCACACCACACCACACACCACACACCAACACACCACACAACCAADEBABE	29	6	8.204841415105884e-07	43.466993469328585	0	False
v29CCCACCACACCACACCACACACCACACACCAACACACCACACACAAACAAADEE	29	6	3.5895383751933603e-07	21.872676300000002	0	False
v29CCCACCACACCACACCACACACCACACACCAACACACCACACACACAAAABABE	29	6	1.0275403202851702e-06	21.872676300000002	8	False
v29CCCACCACACCACACCACACACCACACACCAACACACCACACACACAAAABBAE	29	6	4.6928369518006056e-07	43.466993469328585	0	False
v29CCCACCACACCACACCACACACCACACACCAACACACCACACACACAAABABAE	29	6	3.4014832433120645e-07	43.466993469328585	0	False
v29CCCACCACACCACACCACACACCACACACCAACACACCACACACACAADEBABE	29	6	1.3782546526635752e-06	21.872676300000002	8	False
v29CCCACCACACCACACCACACACCACACACCAACACACCACACACACDEAABABE	29	6	1.266143355296784e-06	43.466993469328585	6	False
v29CCCACCACACCACACCACACACCACACACCAACACACCACACACACDEAABBAE	29	6	4.261420393745476e-07	43.466993469328585	0	False
v29CCCACCACACCACACCACACACCACACACCAACACACCACACACACDEABABAE	29	6	3.335345124013097e-07	43.466993469328585	0	False
v29CCCACCACACCACACCACACACCACACACCAACACACCACACACADBAECADEE	29	6	5.049068374042993e-07	43.466993469328585	0	False
v29CCCACCACACCACACCACACACCACACACCAACACACCACACACADBEACADEE	29	6	2.4400835944069505e-07	43.466993469328585	0	False
v29CCCACCACACCACACCACACACCACACACCAACACACCACACACADCAAAEABE	29	6	7.859101522783327e-07	21.872676300000002	0	False
v29CCCACCACACCACACCACACACCACACACCAACACACCACACACADEACAADEE	29	6	1.498045313944913e-07	43.466993469328585	0	False
v29CCCACCACACCACACCACACACCACACACCACACACACACACACACAAAABABE	29	6	3.9496269612765466e-07	43.466993469328585	0	False
v29CCCACCACACCACACCACACACCACACACCACACACACACACACACAAABABAE	29	6	5.810744552968606e-07	43.466993469328585	0	False
v29CCCACCACACCACACCACACACCACACACCACACACACACACACACADEABABE	29	6	4.2076890499492884e-07	43.466993469328585	0	False
v29CCCACCACACCACACCACACACCACACACCACACACACACACACACDEAABABE	29	6	2.4029909637790164e-07	43.466993469328585	0	False
v29CCCACCACACCACACCACACACCACACACCACACACACACACACACDEABABAE	29	6	1.9443228407953563e-07	43.466993469328585	0	False
v29CCCACCACACCACACCACACACCACACACCACACACACACACACADBEACADEE	29	6	4.4199675197009067e-07	21.872676300000002	0	False
v29CCCACCACACCACACCACACACCACACACCACACACACCACACACAADABEABE	29	6	3.3868855294767006e-07	43.466993469328585	0	False
v29CCCACCACACCACACCACACACCACACACCACACACACCACACACADABAEABE	29	6	3.1958893479519465e-07	43.466993469328585	0	False
v29CCCACCACACCACACCACACACCACACACCACACACACCACACACADBABEABE	29	6	4.975095041636758e-07	43.466993469328585	0	False
v29CCCACCACACCACACCACACACCACACACCACACACACCACACACADBABEBAE	29	6	2.1266025614594148e-07	43.466993469328585	0	False
v29CCCACCACACCACACCACACACCACACACCACACACACCACACADABCAAAEAE	29	6	4.6674494379196643e-07	43.466993469328585	0	False
v29CCCACCACACCACACCACACACCACACACCACACACACCACACADABCADEEAE	29	6	4.6037028895301834e-07	21.872676300000002	0	False
v29CCCACCACACCACACCACACACCACACACCADEACCACACACACDEACAACAAE	29	6	1.4600955151066124e-07	43.466993469328585	0	False
v29CCCACCACACCACACCACACACCACACACCADEACCACACACACDECAACAABE	29	6	6.339772488197096e-07	21.872676300000002	0	False
v29CCCACCACACCACACCACACACCACACACCADEACCACACACACDECACAAABE	29	6	5.055742662055102e-07	43.466993469328585	0	False
v29CCCACCACACCACACCACACACCACACACCADEACCACACACACDECACAABAE	29	6	7.313350867560047e-07	43.466993469328585	0	False
v29CCCACCACACCACACCACACACCACACACCADEACCACACACACDECACAADEE	29	6	2.335003351873776e-07	21.872676300000002	0	False
v29CCCACCACCACACACAACCACACACAACCACACACAACCACACACAACAACAAE	29	6	2.6122178840191024e-05	21.872676300000002	8	False
v29CCCACCACCACACACACACACACACACACACACACACACACACACAACAACAAE	29	6	4.502865941727057e-06	21.872676300000002	8	False
v29CCCACCACCACACACACACACACACACACACACACACACACACACACAACADEE	29	6	5.045364854595762e-06	21.872676300000002	8	False
v29CCCACCACCACACACACACACACACACACACACACACACACACACACACAADEE	29	6	5.1309736378615075e-06	21.872676300000002	8	False
v29CCCACCACCACACACACACCACACACAACACCACACACAACACACACACAAAAE	29	6	1.992882072137839e-05	21.872676300000002	8	False
v29CCCACCACCACACACACACCACACACAACACCACACACAACACACACACAADEE	29	6	3.464580487525199e-05	21.872676300000002	8	False
v29CCCACCACCACACACACACCACACACAACACCACACACAACACCAACACAAAAE	29	6	2.83162178336327e-05	21.872676300000002	9	False
v29CCCACCACCACACACACACCACACACACAACCACACACACAACACACACAAAAE	29	6	1.1148457951459874e-05	21.872676300000002	8	False
v29CCCACCACCACACACACACCACACACACAACCACACACACAACCAACACAAAAE	29	6	2.4150421307688952e-05	21.872676300000002	8	False
v29CCCACCACCACACACACACCACACACACAACCACACACACAACCAACACADEAE	29	6	5.128767342635155e-05	21.872676300000002	9	False
v29CCCACCACCACACACACACCACACACACACACACACACAACACACACACAAAAE	29	6	6.397708342348432e-06	21.872676300000002	8	False
v29CCCACCACCACACACACACCACACACACACACACACACAACACACACACAADEE	29	6	2.7390354948234237e-05	21.872676300000002	8	False
v29CCCACCACCACACACACACCACACACACACACACACACACAACACACACAAAAE	29	6	4.066260251436798e-06	21.872676300000002	8	False
v29CCCACCACCACACACACACCACACACACACACACACACACACAACACACAAAAE	29	6	2.557299861735434e-06	21.872676300000002	8	False
v29CCCACCACCACACACACACCACACACACACACACACACACACAACACACAADEE	29	6	1.6828663537377687e-05	21.872676300000002	8	False
v29CCCACCACCACACACACACCACACACACACACCAACACACAACACCAABACAAE	29	6	1.6382166140788766e-05	21.872676300000002	8	False
v29CCCACCACCACACACACACCACACACACACACCAACACACACACACCAABABAE	29	6	2.2051998741072784e-05	21.872676300000002	8	False
v29CCCACCACCACACACACACCACACACACACACCACACACAACAACAACACAAAE	29	6	1.4787191938062982e-05	21.872676300000002	8	False
v29CCCACCACCACACACACACCACACACACACACCACACACAACAACCAACADAEE	29	6	3.945833923678022e-05	21.872676300000002	9	False
v29CCCACCACCACACACCACACACACAACCACACACACAACCAACACACAABCAAE	29	6	4.0976227491621746e-07	43.466993469328585	0	False
v29CCCACCACCACACACCACACACACAACCACACACACAACCACACACACAABABE	29	6	4.511766440054824e-07	43.466993469328585	0	False
v29CCCACCACCACACACCACACACACACACACACACACACAACACACACACAAAAE	29	6	1.9106382172460766e-06	21.872676300000002	8	False
v29CCCACCACCACACACCACACACACACACACACACACACAACACACACACAADEE	29	6	1.122113753541928e-06	21.872676300000002	8	False
v29CCCACCACCACACACCACACACACACACACACACACACACACAACACACAADEE	29	6	1.275960939296104e-06	21.872676300000002	8	False
v29CCCACCACCACACACCACACACACACACCAACACACACAACCAACACACAAAAE	29	6	2.928271472467471e-07	43.466993469328585	0	False
v29CCCACCACCACACACCACACACACACACCAACACACACAACCAACACACAADEE	29	6	4.776923731991248e-07	43.466993469328585	0	False
v29CCCACCACCACACACCACACACACACACCAACACACACACACAACACACAADEE	29	6	5.323619595580403e-07	21.872676300000002	0	False
v29CCCACCACCACACACCACACCACACACAACAACCACACACAAACCACACADEBE	29	6	9.357329806936165e-06	21.872676300000002	8	False
v29CCCACCACCACACACCACACCACACACACAACACCACACACAAACACAACADEE	29	6	8.054418409073325e-07	21.872676300000002	0	False
v29CCCACCACCACACACCACACCACACACACACACACCADEACACACACACDEABE	29	6	1.306212482220961e-05	21.872676300000002	8	False
v29CCCACCACCACACACCACACCACACACACCACACACADEACACCACACADEAAE	29	6	9.464405635983846e-08	21.872676300000002	0	False
v29CCCACCACCACACACCACACCACACACACCACACACCADEACACACACAADBEE	29	6	2.6850401479461817e-06	21.872676300000002	8	False
v29CCCACCACCACCACAACACCACACCACAACACCACAACCACAACAACAACAAAE	29	6	1.452151972292969e-06	21.872676300000002	8	False
v29CCCACCACCACCACAACACCACACCACAACACCACACACACAACAACAACAAAE	29	6	1.3807401191510257e-05	21.872676300000002	8	False
v29CCCACCACCACCACAACACCACACCACAACACCACACACCAAACACACAAADEE	29	6	5.739397691937166e-07	21.872676300000002	0	False
v29CCCACCACCACCACAACACCACACCACAACACCACACACCACAACAACAAABBE	29	6	1.0166948775497463e-06	21.872676300000002	8	False
v29CCCACCACCACCACACAACCACACCACACAACCAACACCACACAACCAAABABE	29	6	7.901815712249549e-07	21.872676300000002	0	False
v29CCCACCACCACCACACAACCACACCACACAACCAACACCACACAACCAABAABE	29	6	7.064620095558899e-07	21.872676300000002	0	False
v29CCCACCACCACCACACACAACACCACACACAACACCACACACAACAACAACAAE	29	6	2.5016478953707534e-07	21.872676300000002	0	False
v29CCCACCACCACCACACACAACACCACACACAACACCACACACAACAACACAAAE	29	6	1.5805733483860848e-07	2.1000000000000014	0	False
v29CCCACCACCACCACACACAACACCACACACAACACCACACACAACACACAABAE	29	6	2.5478677516224537e-07	2.1000000000000014	0	False
v29CCCACCACCACCACACACACACACCACACACAACACACACACACAACACADEAE	29	6	5.886695052056439e-07	21.872676300000002	0	False
v29CCCACCACCACCACACACACACACCACACACAACACACCACACACAAACAADEE	29	6	3.0625749125496364e-07	43.466993469328585	0	False
v29CCCACCACCACCACACACACACACCACACACAACACACCACACACAACAAADEE	29	6	2.449056105147113e-07	43.466993469328585	0	False
v29CCCACCACCACCACACACACACACCACACACAACACACCACACACAACAABBAE	29	6	5.330772061296973e-07	21.872676300000002	0	False
v29CCCACCACCACCACACACACACACCACACACAACACACCACACACAADECADEE	29	6	3.634043779983976e-07	43.466993469328585	0	False
v29CCCACCACCACCACACACACACACCACACACACAACACCACACACAAACAADEE	29	6	1.1607198801505633e-07	43.466993469328585	0	False
v29CCCACCACCACCACACACACACACCACACACACAACACCACACACACAAABABE	29	6	1.650135927350744e-07	43.466993469328585	0	False
v29CCCACCACCACCACACACACACACCACACACACAACACCACACACACAAABBAE	29	6	1.6576493386347182e-07	43.466993469328585	0	False
v29CCCACCACCACCACACACACACACCACACACACAACACCACACACACAABABAE	29	6	1.5747348356973228e-07	21.872676300000002	0	False
v29CCCACCACCACCACACACACACACCACACACACAACACCACACACADEACADEE	29	6	8.811894165775002e-08	43.466993469328585	0	False
v29CCCACCACCACCACACACACACACCACACACACACAACCACACACAACAABBAE	29	6	1.9714645740725876e-07	43.466993469328585	0	False
v29CCCACCACCACCACACACACACACCACACACACACAACCACACACAADECADEE	29	6	1.6586278851759564e-07	21.872676300000002	0	False
v29CCCACCACCACCACACACACACACCACACACACACAACCACACACACAAABABE	29	6	3.6704005880868706e-07	21.872676300000002	0	False
v29CCCACCACCACCACACACACACACCACACACACACAACCACACACACAAABBAE	29	6	1.910603961420266e-07	43.466993469328585	0	False
v29CCCACCACCACCACACACACACACCACACACACACACACACACACACAABABAE	29	6	5.951673971767238e-07	21.872676300000002	0	False
v29CCCACCACCACCACACACACACACCACACACACACACACACACACADEACADEE	29	6	1.8746367605795041e-06	21.872676300000002	8	False
v29CCCACCACCACCACACACACACACCACACACACACACACCACACAACADEAABE	29	6	1.3628690828653641e-07	21.872676300000002	0	False
v29CCCACCACCACCACACACACACACCACACACACACACACCACACACAADEABAE	29	6	1.3324210746792997e-07	43.466993469328585	0	False
v29CCCACCACCACCACACACACACACCACACACACACACACCACACACADEAABAE	29	6	6.356373848392186e-07	21.872676300000002	0	False
v29CCCACCACCACCACACACACCACACCAAACACACCACACACDEACACACAABAE	29	6	3.588521232332633e-06	21.872676300000002	8	False
v29CCCACCACCACCACACACACCACACCAACAACACCACACACCAAACACADEABE	29	6	1.5274324135836973e-06	21.872676300000002	8	False
v29CCCACCACCACCACACACACCACACCAACAACACCACACACCAAACADCADEEE	29	6	4.0512644283070494e-07	21.872676300000002	0	False
v29CCCACCACCACCACACACACCACACCAACACAACCACACACCAACAADCADEEE	29	6	4.266651050872484e-07	21.872676300000002	0	False
v29CCCACCACCACCACACACACCACACCAACACACACCACACACAACAAACADEAE	29	6	6.106793856848306e-06	21.872676300000002	8	False
v29CCCACCACCACCACACACACCACACCAACACACACCACACACCAAAABACADEE	29	6	6.047342768878618e-07	21.872676300000002	0	False
v29CCCACCACCACCACACACACCACACCAACACACACCACACACCAAACAADABEE	29	6	8.042293796552081e-07	21.872676300000002	0	False
v29CCCACCACCACCACACACACCACACCAACACACACCACACACCAAACAADBAEE	29	6	1.5861252667580345e-06	21.872676300000002	8	False
v29CCCACCACCACCACACACACCACACCAACACACACCACACACCAACAAADABEE	29	6	9.281223042224748e-07	21.872676300000002	0	False
v29CCCACCACCACCACACACACCACACCAACACACACCACACACCAACAAADBAEE	29	6	1.4849263806360192e-06	21.872676300000002	8	False
v29CCCACCACCACCACACACACCACACCAACACACACCACACACCAADEABCADEE	29	6	5.252201989079787e-07	21.872676300000002	0	False
v29CCCACCACCACCACACACACCACACCACAAACACCACACACCADEACACAABAE	29	6	6.486574763642363e-06	21.872676300000002	8	False
v29CCCACCACCACCACACACACCACACCACAACAACCACACACACAAACCADEABE	29	6	6.5052777196641665e-06	21.872676300000002	8	False
v29CCCACCACCACCACACACACCACACCACAACAACCACACACCACAAABCADEAE	29	6	6.929239687632338e-07	21.872676300000002	0	False
v29CCCACCACCACCACACACACCACACCACAACAACCACACACCACAAACADEAAE	29	6	5.75129434259831e-07	21.872676300000002	0	False
v29CCCACCACCACCACACACACCACACCACAACAACCACACACCACAAACDABEAE	29	6	6.151093323502664e-07	21.872676300000002	0	False
v29CCCACCACCACCACACACACCACACCACAACAACCACACACCACAAADCADEEE	29	6	4.976732296198185e-07	21.872676300000002	0	False
v29CCCACCACCACCACACACACCACACCACAACACACACACACCADEACACAABAE	29	6	5.936942886695194e-07	21.872676300000002	0	False
v29CCCACCACCACCACACACACCACACCACAACACACCACACACACAAAABCADEE	29	6	2.9382819750234817e-06	21.872676300000002	8	False
v29CCCACCACCACCACACACACCACACCACAACACACCACACACACAACAABBABE	29	6	4.9656349266290586e-06	21.872676300000002	8	False
v29CCCACCACCACCACACACACCACACCACAACACACCACACACCAAAABACADEE	29	6	5.232465188092427e-07	21.872676300000002	0	False
v29CCCACCACCACCACACACACCACACCACAACACACCACACACCAAABACAADEE	29	6	2.7733264384005057e-06	21.872676300000002	8	False
v29CCCACCACCACCACACACACCACACCACAACACACCACACACCAAACAADABEE	29	6	6.548103568666915e-07	21.872676300000002	0	False
v29CCCACCACCACCACACACACCACACCACAACACACCACACACCAAACAADBAEE	29	6	1.3124602143591587e-06	21.872676300000002	8	False
v29CCCACCACCACCACACACACCACACCACAACACACCACACACCACAAAABBABE	29	6	1.1705872564340322e-06	21.872676300000002	8	False
v29CCCACCACCACCACACACACCACACCACAACACACCACACACCACAAABABABE	29	6	5.321961535460959e-07	21.872676300000002	0	False
v29CCCACCACCACCACACACACCACACCACAACACACCACACACCACAAABABBAE	29	6	1.2954351627733078e-06	21.872676300000002	8	False
v29CCCACCACCACCACACACACCACACCACAACACACCACACACCACAABABAABE	29	6	1.4313049546684453e-06	21.872676300000002	8	False
v29CCCACCACCACCACACACACCACACCACAACACACCACACACCACAADEDABEE	29	6	2.373658910192296e-06	21.872676300000002	8	False
v29CCCACCACCACCACACACACCACACCACAACACACCACACACCADEAABCADEE	29	6	3.316645714762509e-07	21.872676300000002	0	False
v29CCCACCACCACCACACACACCACACCACAACACACCACACACCADEABACADEE	29	6	4.4696246948687224e-07	21.872676300000002	0	False
v29CCCACCACCACCACACACACCACACCACAACACACCACACACCADEACAADEAE	29	6	1.5944846547323908e-06	21.872676300000002	8	False
v29CCCACCACCACCACACACACCACACCACAACACACCACACACCADEACADABEE	29	6	5.026488024115276e-07	21.872676300000002	0	False
v29CCCACCACCACCACACACACCACACCACAACACACCACACACCADEACADBAEE	29	6	5.528292100311282e-07	21.872676300000002	0	False
v29CCCACCACCACCACACACACCACACCACACAAACCACACACCACADECADEABE	29	6	6.455243033914279e-07	21.872676300000002	0	False
v29CCCACCACCACCACACACACCACACCACACAACACCACACACACAAAABCADEE	29	6	2.127630666218415e-06	21.872676300000002	8	False
v29CCCACCACCACCACACACACCACACCACACAACACCACACACCAAAABACADEE	29	6	6.766324492406963e-07	21.872676300000002	0	False
v29CCCACCACCACCACACACACCACACCACACAACACCACACACCAACAAABBABE	29	6	1.0885579167860263e-06	21.872676300000002	8	False
v29CCCACCACCACCACACACACCACACCACACAACACCACACACCAACAAADABEE	29	6	5.97376668163395e-07	21.872676300000002	0	False
v29CCCACCACCACCACACACACCACACCACACAACACCACACACCAACAAADBAEE	29	6	1.0782412235985571e-06	21.872676300000002	8	False
v29CCCACCACCACCACACACACCACACCACACAACACCACACACCAADEABCADEE	29	6	3.635270792766441e-07	21.872676300000002	0	False
v29CCCACCACCACCACACACACCACACCACACAACACCACACACCACAAABABBAE	29	6	1.0196193895703002e-06	21.872676300000002	8	False
v29CCCACCACCACCACACACACCACACCACACAACACCACACACCACADEADABEE	29	6	1.0039405816294151e-06	21.872676300000002	8	False
v29CCCACCACCACCACACACACCACACCACACAACACCACACACCACADEADBAEE	29	6	1.038781189379607e-06	21.872676300000002	8	False
v29CCCACCACCACCACACACACCACACCACACACAACCACACACACAAAABCADEE	29	6	1.5844953535712873e-06	21.872676300000002	8	False
v29CCCACCACCACCACACACACCACACCACACACAACCACACACCAAACAADABEE	29	6	5.188556339036795e-07	21.872676300000002	0	False
v29CCCACCACCACCACACACACCACACCACACACAACCACACACCAAACAADBAEE	29	6	8.975360712986161e-07	21.872676300000002	0	False
v29CCCACCACCACCACACACACCACACCACACACAACCACACACCAACAAABBABE	29	6	7.524777060131387e-07	21.872676300000002	0	False
v29CCCACCACCACCACACACACCACACCACACACAACCACACACCAACAAADABEE	29	6	5.016291893909177e-07	21.872676300000002	0	False
v29CCCACCACCACCACACACACCACACCACACACAACCACACACCAACAAADBAEE	29	6	8.895158208347746e-07	21.872676300000002	0	False
v29CCCACCACCACCACACACACCACACCACACACAACCACACACCADEAABCADEE	29	6	2.500446814657845e-07	21.872676300000002	0	False
v29CCCACCACCACCACACACACCACACCACACACAACDEACCACACACAAACADEE	29	6	2.2424225852805687e-07	21.872676300000002	0	False
v29CCCACCACCACCACACACACCACACCACACACACAAACACCACACACADEAABE	29	6	2.0864499744045122e-07	43.466993469328585	0	False
v29CCCACCACCACCACACACACCACACCACACACACACCACACACCAADEABAABE	29	6	1.7059195799809264e-06	21.872676300000002	8	False
v29CCCACCACCACCACACACACCACACCACACACACACCACACACCADEAABAABE	29	6	1.8310358769572074e-06	21.872676300000002	8	False
v29CCCACCACCACCACACACACCACACCACACACACACCACACACCADEADEBABE	29	6	2.0394687319871007e-06	21.872676300000002	8	False
v29CCCACCACCACCACACACACDECACACACACACACACACACACACACAACADEE	29	6	7.75035766590853e-06	21.872676300000002	8	False
v29CCCACCACCACCACACCACAACACCACAACCACAACACCACAACCAAACAAAAE	29	6	4.960997750777019e-07	43.466993469328585	0	False
v29CCCACCACCACCACACCACAACACCACACACACAACACACACACACAACADEAE	29	6	7.231578716589687e-06	21.872676300000002	8	False
v29CCCACCACCACCACACCACAACACCACACACACAACACCACACACAAACAADEE	29	6	4.5883118600646493e-07	21.872676300000002	0	False
v29CCCACCACCACCACACCACAACACCACACACACAACACCACACACACAAABABE	29	6	3.6210736657353313e-07	21.872676300000002	0	False
v29CCCACCACCACCACACCACAACACCACACACACAACACCACACACACAAABBAE	29	6	3.621514626744697e-07	21.872676300000002	0	False
v29CCCACCACCACCACACCACAACACCACACACACAACACCACACACADEACADEE	29	6	1.2318522279711855e-07	21.872676300000002	0	False
v29CCCACCACCACCACACCACAACACCACACACCAAACACACACACACDEACAABE	29	6	2.542353545504365e-06	21.872676300000002	8	False
v29CCCACCACCACCACACCACAACACCACACACCAAACACCACAACACDEAACAAE	29	6	2.173896236243805e-07	43.466993469328585	0	False
v29CCCACCACCACCACACCACAACACCACACACCAAACACCACACAACDEAACAAE	29	6	1.7965728259722337e-07	43.466993469328585	0	False
v29CCCACCACCACCACACCACAACACCACACACCAAACACCACACACACDEAAABE	29	6	2.459138167293394e-07	43.466993469328585	0	False
v29CCCACCACCACCACACCACAACACCACACACCAAACACCACACACACDEAABAE	29	6	2.9345374905777576e-07	43.466993469328585	0	False
v29CCCACCACCACCACACCACAACACCACACACCAAACACCACACACACDEAADEE	29	6	2.6343132207415874e-07	43.466993469328585	0	False
v29CCCACCACCACCACACCACAACACCACACACCAAACACCACACACACDEABABE	29	6	5.238353885539997e-07	43.466993469328585	0	False
v29CCCACCACCACCACACCACAACACCACACACCAAACACCACACACACDEABBAE	29	6	4.534300781632279e-07	21.872676300000002	0	False
v29CCCACCACCACCACACCACAACACCACACACCAAACACCACACACADBECADEE	29	6	5.009099692440065e-07	43.466993469328585	0	False
v29CCCACCACCACCACACCACAACACCACACACCAAACACCACACACADEACADEE	29	6	2.88981447078253e-07	43.466993469328585	0	False
v29CCCACCACCACCACACCACAACACCACACACCACAAACCACACAACCADEBABE	29	6	6.800997949335945e-07	43.466993469328585	0	False
v29CCCACCACCACCACACCACAACACCACACACCACAAACCACACACAADECADEE	29	6	4.39683795973832e-07	43.466993469328585	0	False
v29CCCACCACCACCACACCACAACACCACACACCACAAACCACACACACADEADEE	29	6	5.284983542538302e-07	43.466993469328585	0	False
v29CCCACCACCACCACACCACAACACCACACACCACAAACCACACACACADEBABE	29	6	4.906220517123805e-07	21.872676300000002	0	False
v29CCCACCACCACCACACCACAACACCACACACCACAACACACACACACAAABABE	29	6	7.3233210821869e-06	21.872676300000002	8	False
v29CCCACCACCACCACACCACAACACCACACACCACAACACACACACACADEADEE	29	6	2.5920661686381595e-06	21.872676300000002	8	False
v29CCCACCACCACCACACCACAACACCACACACCACAACACCAACAACCAAABAAE	29	6	2.992097338653523e-07	43.466993469328585	0	False
v29CCCACCACCACCACACCACAACACCACACACCACAACACCACACAACADEAABE	29	6	4.3790355016093656e-07	43.466993469328585	0	False
v29CCCACCACCACCACACCACAACACCACACACCACAACACCACACAACDABEABE	29	6	2.7702030045311e-07	43.466993469328585	0	False
v29CCCACCACCACCACACCACAACACCACACACCACAACACCACACAADCAAAEAE	29	6	2.1002590920608732e-07	43.466993469328585	0	False
v29CCCACCACCACCACACCACAACACCACACACCACAACACCACACAADCADEEAE	29	6	1.9012657375300147e-07	43.466993469328585	0	False
v29CCCACCACCACCACACCACAACACCACACACCACAACACCACACACAADAEABE	29	6	3.3971588101341617e-07	43.466993469328585	0	False
v29CCCACCACCACCACACCACAACACCACACACCACAACACCACACACADBAEBAE	29	6	1.9716178863907916e-07	43.466993469328585	0	False
v29CCCACCACCACCACACCACAACACCACACACCACAACACCACACACADBEAABE	29	6	1.9588528067933715e-07	43.466993469328585	0	False
v29CCCACCACCACCACACCACAACACCACACACCADEACCACACACACDEACAABE	29	6	1.8616798690416644e-07	43.466993469328585	0	False
v29CCCACCACCACCACACCACACAACCACACACCAACAACCACACACACAAABABE	29	6	6.192542692833849e-06	21.872676300000002	8	False
v29CCCACCACCACCACACCACACAACCACACACCAACAACCACACACACAAABBAE	29	6	1.1360876890375171e-06	21.872676300000002	8	False
v29CCCACCACCACCACACCACACAACCACACACCAACAACCACACACADBECADEE	29	6	1.4472851689339511e-06	21.872676300000002	8	False
v29CCCACCACCACCACACCACACACACCACAACCACACACACACCACAABABABAE	29	6	2.6609590138380824e-07	43.466993469328585	0	False
v29CCCACCACCACCACACCACACACACCACACACAACAACACACACACAAACADEE	29	6	6.871809448077955e-06	21.872676300000002	8	False
v29CCCACCACCACCACACCACACACACCACACACAACACAACCACACACAADEABE	29	6	3.861614069670048e-07	21.872676300000002	0	False
v29CCCACCACCACCACACCACACACACCACACACAACACAACCACACACAADEBAE	29	6	3.508628280106619e-07	43.466993469328585	0	False
v29CCCACCACCACCACACCACACACACCACACACACACAAACCACACACAADEBAE	29	6	3.9353529312584875e-07	43.466993469328585	0	False
v29CCCACCACCACCACACCACACACACCACACACACADEACCACACACADECADEE	29	6	1.274823779202036e-07	43.466993469328585	0	False
v29CCCACCACCACCACACCACACACACCACACACCACADEACCACACAACDAEABE	29	6	2.3515623924102686e-07	43.466993469328585	0	False
v29CCCACCACCACCACACCACACACACCACACACCACADEACCACACACAADEABE	29	6	3.3649537929021233e-07	43.466993469328585	0	False
v29CCCACCACCACCACACCACACACACCACACACCACADEACCACACACAADEBAE	29	6	3.7767195374502324e-07	43.466993469328585	0	False
v29CCCACCACCACCACACCACACACACCACACACDEACAACCACACACAAACADEE	29	6	2.7575907746334133e-07	21.872676300000002	0	False
v29CCCACCACCACCACACCACACACACCACACACDEACACACACACACAAACADEE	29	6	1.536419173856145e-06	21.872676300000002	8	False
v29CCCACCACCACCACACCACACACACCACACACDEACACACCACACACAADEBAE	29	6	2.61927711041664e-07	43.466993469328585	0	False
v29CCCACCACCACCACACCACACCAACCACACACADECAACCACACACAAACADEE	29	6	9.383803496031974e-08	43.466993469328585	0	False
v29CCCACCACCACCACACCACACCAACCACACACDEACAACCACACACAAACADEE	29	6	2.3259086017900677e-07	21.872676300000002	0	False
v29CCCACCACCACCACACCACACCAACDEACCACACACCAAACCACACAACDEABE	29	6	1.64673698711697e-07	43.466993469328585	0	False
v29CCCACCACCACCACACCACACCACACDEACCAACACACACAACCAACACAAAAE	29	6	1.1080076231127902e-07	21.872676300000002	0	False
v29CCCACCACCACCACACCACACCACACDEACCAACACCAACAACCAACACAAAAE	29	6	1.2821441261071951e-07	21.872676300000002	0	False
v29CCCACCACCACCACACCACACCACACDEACCACACACAACAACCAACACAAAAE	29	6	1.0836212004048978e-07	43.466993469328585	0	False
v29CCCACCACCACCACACCACACCACACDEACCACACACCACAAACCACAAABABE	29	6	1.0342730276086714e-07	43.466993469328585	0	False
v29CCCACCACCACCACACCACACCACACDEACCACACACCACAAACCACADEBABE	29	6	9.567913840128665e-08	21.872676300000002	0	False
v29CCCACCCACCACCACAACCAACCACACACAACCAACCAACACAACCAABCAABE	29	6	6.67829221828068e-07	21.872676300000002	0	False
v29CCCACCCACCACCACAACCAACCACACCAAACCAACCACACACDECAABCAAAE	29	6	1.9877892284720568e-07	43.466993469328585	0	False
v29CCCACCCACCACCACAACCAACCACACCAAACCAACCACACACDECAABCADEE	29	6	1.8214919188933912e-07	43.466993469328585	0	False
v29CCCACCCACCACCACAACCACACCACACCACAACCACACAACACAACAABBABE	29	6	8.359431393550042e-07	2.1000000000000014	0	False
v29CCCACCCACCACCACACACACACCACACCAACACACAACCADECAACACAAAAE	29	6	1.9694687596824095e-07	43.466993469328585	0	False
v29CCCACCCACCACCACACCAACACACACCACAACCAACAACACACAACCAAABAE	29	6	1.9029249055641846e-06	21.872676300000002	8	False
v29CCCCACCACACACCACACCACACACACCACACACACACACAACACACAAABABE	29	6	1.5031937484692925e-06	21.872676300000002	8	False
v30CCCACACACCAACACACCAACACACCAACACACCAACACACCAACACACCAACAAE	30	6	0.0004743472010776735	2.1000000000000014	9	False
v30CCCACACACCACACACACACACACACACACACACACACACACACACACACACAAAE	30	6	1.860290729119811e-06	2.1000000000000014	9	False
v30CCCACACACCACACACACACACACACACACACACACACACACACACACACACAABE	30	6	5.377629306473615e-07	21.872676300000002	0	False
v30CCCACACACCACACACACACACACACACACACACACACACACACACACACACADEE	30	6	1.3247242293747053e-06	2.1000000000000014	9	False
v30CCCACACACCACACACACCACACACAACCACACACAACCACACACAACACACAAAE	30	6	1.6694215714761442e-05	21.872676300000002	9	False
v30CCCACACACCACACACACCACACACAACCACACACAACCACACACAACCACAADEE	30	6	1.3217581355148028e-05	21.872676300000002	9	False
v30CCCACACACCACACACACCACACACACACACACACACAACACACACAACACACAAE	30	6	6.110514643686953e-06	21.872676300000002	9	False
v30CCCACACACCACACACACCACACACACACACACACACACACACACACAACACAABE	30	6	2.0904979513837534e-06	21.872676300000002	8	False
v30CCCACACACCACACACACCACACACACACACACACACACACACACACACACADEAE	30	6	1.7378920532160984e-06	21.872676300000002	8	False
v30CCCACACACCACACACACCACACACACACCAACACACAACCAACACAACCAACAAE	30	6	8.382536990717309e-07	2.1000000000000014	0	False
v30CCCACACACCACACACACCACACACACACCACACACACAACACACACACAACADEE	30	6	1.8946826743821604e-06	21.872676300000002	9	False
v30CCCACACACCACACACACCACACACACACCACACACACAACCACACACACAAAABE	30	6	1.1944162846789619e-06	21.872676300000002	8	False
v30CCCACACACCACACACACCACACACACACCACACACACAACCACACACACAABDEE	30	6	5.227624674053817e-06	21.872676300000002	8	False
v30CCCACACACCACACACACCACACACACACCACACACACACAACACACAACAACAAE	30	6	1.5310122833691934e-07	2.1000000000000014	0	False
v30CCCACACACCACACACACCACACACACACCACACACACACAACACACACACAADEE	30	6	5.710082349530595e-07	2.1000000000000014	0	False
v30CCCACACACCACACACACCACACACACACCACACACACACACACACACAACAAABE	30	6	8.93176968781626e-07	21.872676300000002	0	False
v30CCCACACACCACACACACCACACACACACCACACACACACACACACACACAAAABE	30	6	1.292193388610878e-06	21.872676300000002	8	False
v30CCCACACACCACACACACCACACACACACCACACACADECACACACAACACACAAE	30	6	8.094781024567523e-07	2.1000000000000014	0	False
v30CCCACACCACACAACCACACAACCACACAACCACACAACCACACAACCACACAAAE	30	6	2.449511725256246e-05	2.1000000000000014	9	False
v30CCCACACCACACAACCACACAACCACACAACCACACAACCACACAACCACACAABE	30	6	8.379616607643465e-06	2.1000000000000014	9	False
v30CCCACACCACACACACCAACACACACCAACACACACCAACACACACCAACACAAAE	30	6	6.612520452160358e-06	21.872676300000002	9	False
v30CCCACACCACACACACCACACACAACCACACACAACCACACACAACACACACAAAE	30	6	6.804682699142158e-06	21.872676300000002	9	False
v30CCCACACCACACACACCACACACAACCACACACAACCACACACAACACACACAABE	30	6	4.246728300282213e-06	21.872676300000002	8	False
v30CCCACACCACACACACCACACACAACCACACACAACCACACACAACCACAACAABE	30	6	9.914251819270994e-06	21.872676300000002	9	False
v30CCCACACCACACACACCACACACAACCACACACAACCACACACAACCACACAAAAE	30	6	1.1116633897166063e-05	2.1000000000000014	9	False
v30CCCACACCACACACACCACACACAACCACACACAACCACACACAACCACACAAABE	30	6	8.141209598178146e-06	21.872676300000002	9	False
v30CCCACACCACACACACCACACACACACACACACACACACACACACAACACAACAAE	30	6	4.661407139415973e-07	21.872676300000002	0	False
v30CCCACACCACACACACCACACACACACACACACACACACACACACAACACACADEE	30	6	2.484476717807736e-07	43.466993469328585	0	False
v30CCCACACCACACACACCACACACACACACACACACACACACACACACAACAACAAE	30	6	3.0775112817192175e-07	21.872676300000002	0	False
v30CCCACACCACACACACCACACACACACACACACACACACACACACACACAAACAAE	30	6	1.6138546227873267e-06	21.872676300000002	8	False
v30CCCACACCACACACACCACACACACACACACACACACACACACACACACACAABAE	30	6	1.041533347807974e-06	21.872676300000002	8	False
v30CCCACACCACACACACCACACACACACACACACACACACACACACACACACAADEE	30	6	1.2968478025010691e-06	21.872676300000002	8	False
v30CCCACACCACACACACCACACACACACCACACACACAACACACACACAACACAABE	30	6	4.531817272007665e-06	21.872676300000002	9	False
v30CCCACACCACACACACCACACACACACCACACACACAACCAACACACAACCAAABE	30	6	1.534696565019404e-05	21.872676300000002	9	False
v30CCCACACCACACACACCACACACACACCACACACACAACCACACACACAAACAAAE	30	6	1.9154964983520777e-05	21.872676300000002	9	False
v30CCCACACCACACACACCACACACACACCACACACACAACCACACACACAAACADEE	30	6	2.2419128857177604e-05	21.872676300000002	9	False
v30CCCACACCACACACACCACACACACACCACACACACAACCACACACACAACAADEE	30	6	2.0368924703360398e-05	21.872676300000002	9	False
v30CCCACACCACACACACCACACACACACCACACACACACAACACACAACAACACAAE	30	6	3.396423691948375e-05	2.1000000000000014	9	False
v30CCCACACCACACACACCACACACACACCACACACACACAACACACACACAACAABE	30	6	8.607626757997824e-05	21.872676300000002	9	False
v30CCCACACCACACACACCACACACACACCACACACACACACACACACAACAAACAAE	30	6	8.876714327479315e-06	21.872676300000002	9	False
v30CCCACACCACACACACCACACACACACCACACACACACACACACACAACACAABAE	30	6	9.112294604599075e-06	21.872676300000002	9	False
v30CCCACACCACACACACCACACACACACCACACACACACACACACACACAAACAAAE	30	6	2.281113133435249e-06	21.872676300000002	8	False
v30CCCACACCACACACACCACACACACACCACACACACACACACACACACAAACADEE	30	6	1.5730607743153538e-06	21.872676300000002	8	False
v30CCCACACCACACACACCACACACACACCACACACACACACACACACACAACAADEE	30	6	3.1738932074226286e-05	21.872676300000002	9	False
v30CCCACACCACACACACCACACACACACCACACACACACACACACACACACAAADEE	30	6	1.9324516128623296e-05	21.872676300000002	9	False
v30CCCACACCACACACACCACACACACACCACACACACACACACACACACACAABABE	30	6	3.305327397964699e-06	21.872676300000002	8	False
v30CCCACACCACACACACCACACACACACCACACACACACACCAACACAACAACAAAE	30	6	1.445541418485753e-05	21.872676300000002	9	False
v30CCCACACCACACACACCACACACACACCACACACACACACCAACACACACAABBAE	30	6	2.4589551088502212e-05	21.872676300000002	9	False
v30CCCACACCACACACACCACACACACACCACACACACACACCACACACACADEAABE	30	6	2.8487179782703556e-05	21.872676300000002	9	False
v30CCCACACCACCACACACAACCACACACAACCACACACAACCACACACAACAACAAE	30	6	1.6309096943772843e-05	21.872676300000002	8	False
v30CCCACACCACCACACACACACCACACACACAACCACACACACAACACACACADEAE	30	6	8.251015074721349e-07	21.872676300000002	0	False
v30CCCACACCACCACACACACACCACACACACACACACACACACAACACACACADEAE	30	6	9.149467675825826e-06	21.872676300000002	8	False
v30CCCACACCACCACACACACACCACACACACACACCACACACACAAACCACAABABE	30	6	3.4844586054675626e-07	43.466993469328585	0	False
v30CCCACACCACCACACACACACCACACACACACACCACACACACADECACACAABAE	30	6	9.712074223898024e-07	21.872676300000002	0	False
v30CCCACACCACCACACACCACAACACACACCACAACACACACCACAACADECACAAE	30	6	4.5331273623659236e-05	21.872676300000002	9	False
v30CCCACACCACCACACACCACACCACACACAACACACACACACAACAACACACAAAE	30	6	1.177718116756223e-05	21.872676300000002	8	False
v30CCCACACCACCACACACCACACCACACACAACACACCACAACAACACACACAAABE	30	6	3.6930353144081767e-06	21.872676300000002	8	False
v30CCCACACCACCACACACCACACCACACACAACACACCACACACAACACACAAADEE	30	6	9.150321298296241e-07	21.872676300000002	0	False
v30CCCACACCACCACACACCACACCACACACACAAACCACACACADECACACACAAAE	30	6	1.0823344210232332e-07	43.466993469328585	0	False
v30CCCACACCACCACACACCACACCACACACACACACACCADEACACACACACDEABE	30	6	4.243366332703377e-07	21.872676300000002	0	False
v30CCCACACCACCACACACCACACCACACACACCAACACCADEACACCAACACDEABE	30	6	2.661855163232063e-07	21.872676300000002	0	False
v30CCCACACCACCACACACCACACCACACACACCACACACCADEACACCAABACADEE	30	6	4.296040275867861e-07	21.872676300000002	0	False
v30CCCACCACACACACCACACACAACCACACACAACCACACACAACCACACACAABBE	30	6	9.699415469287233e-07	2.1000000000000014	0	False
v30CCCACCACACACACCACACACACACCACACACACAACCACACACACAAACACAABE	30	6	1.706939710973789e-07	43.466993469328585	0	False
v30CCCACCACACACACCACACACACACCACACACACACACACACACACAAACACAABE	30	6	4.2639721607304795e-06	21.872676300000002	8	False
v30CCCACCACACCACAACACACCACAACACACCACAACACACCACAACACACACAABE	30	6	1.1438334325798748e-06	2.1000000000000014	9	False
v30CCCACCACACCACACACAACCACACACAACCACACACAACCACACACAACACAAAE	30	6	4.4880578390351554e-05	21.872676300000002	9	False
v30CCCACCACACCACACACAACCACACACAACCACACACAACCACACACAACCAAABE	30	6	3.7351754320168186e-05	21.872676300000002	9	False
v30CCCACCACACCACACACACACACACACACACACACACACACACACACACAACAABE	30	6	1.5656678748864863e-06	21.872676300000002	8	False
v30CCCACCACACCACACACACACACACACACACACACACACACACACACACACAAABE	30	6	1.4242866386436587e-06	21.872676300000002	8	False
v30CCCACCACACCACACACACACACACACACACACACACACACACACACACACAABAE	30	6	5.507623660211109e-07	21.872676300000002	0	False
v30CCCACCACACCACACACACACCACACACAACACCACACACAACACACAACAACAAE	30	6	1.1396198501988862e-07	2.1000000000000014	0	False
v30CCCACCACACCACACACACACCACACACAACACCACACACAACACACACACAABAE	30	6	1.5128768364590043e-07	21.872676300000002	0	False
v30CCCACCACACCACACACACACCACACACAACACCACACACAACACCAACACAABAE	30	6	5.905952302834417e-08	43.466993469328585	0	False
v30CCCACCACACCACACACACACCACACACAACACCACACACAACACCACAACAAAAE	30	6	1.1062774602464581e-07	43.466993469328585	0	False
v30CCCACCACACCACACACACACCACACACACAACCACACACACAACAACACACAAAE	30	6	7.50140808788872e-06	21.872676300000002	8	False
v30CCCACCACACCACACACACACCACACACACAACCACACACACAACACAACACAAAE	30	6	6.66162526482325e-06	21.872676300000002	8	False
v30CCCACCACACCACACACACACCACACACACAACCACACACACAACACAACACAABE	30	6	9.536767176756787e-06	21.872676300000002	9	False
v30CCCACCACACCACACACACACCACACACACAACCACACACACAACCACAACAAAAE	30	6	8.153847133682248e-06	21.872676300000002	8	False
v30CCCACCACACCACACACACACCACACACACAACCACACACACAACCACAACADEAE	30	6	1.0241229868816872e-05	21.872676300000002	8	False
v30CCCACCACACCACACACACACCACACACACAACCACACACACAACCACAACADEBE	30	6	1.2017374511675892e-05	21.872676300000002	8	False
v30CCCACCACACCACACACACACCACACACACACACACACACACAACAACACACAAAE	30	6	8.789742931087914e-07	21.872676300000002	0	False
v30CCCACCACACCACACACACACCACACACACACACACACACACAACACAACACAABE	30	6	4.243258364961902e-07	21.872676300000002	0	False
v30CCCACCACACCACACACACACCACACACACACACACACACACACACACAACADEAE	30	6	4.659289803050584e-07	21.872676300000002	0	False
v30CCCACCACACCACACACACACCACACACACACACCAACACACAACACAACACAAAE	30	6	2.240751533631211e-07	43.466993469328585	0	False
v30CCCACCACACCACACACACACCACACACACACACCAACACACAACACCAACADAEE	30	6	1.2074892345191135e-07	43.466993469328585	0	False
v30CCCACCACACCACACACACACCACACACACACACCAACACACACAACAACACAAAE	30	6	7.007143244708245e-07	21.872676300000002	0	False
v30CCCACCACACCACACACACACCACACACACACACCACACACAACAACACAACAAAE	30	6	5.426430406149705e-07	21.872676300000002	0	False
v30CCCACCACACCACACACACACCACACACACACACCACACACAACAACCACAADAEE	30	6	9.058599819790527e-08	21.872676300000002	0	False
v30CCCACCACACCACACACACACCACACACACACACCACACACAACACAACAACAAAE	30	6	1.1497084958375151e-07	43.466993469328585	0	False
v30CCCACCACACCACACACACACCACACACACACACCACACACACAAACACAACADEE	30	6	7.193137286857541e-07	21.872676300000002	0	False
v30CCCACCACACCACACACACACCACACACACACACCACACACACAAACCACAABABE	30	6	9.486763950795085e-08	43.466993469328585	0	False
v30CCCACCACACCACACACACACCACACACACACACCACACACACAAACCACAADAEE	30	6	2.7621945740486985e-07	21.872676300000002	0	False
v30CCCACCACACCACACACACACCACACACACACACCACACACACAACAACAACAAAE	30	6	1.154395669253753e-07	43.466993469328585	0	False
v30CCCACCACACCACACACACACCACACACACACACCACACACACAACACACAABABE	30	6	1.4385215069821542e-07	21.872676300000002	0	False
v30CCCACCACACCACACACACACCACACACACACACCACACACACAACACADEACAAE	30	6	4.104101535751422e-07	21.872676300000002	0	False
v30CCCACCACACCACACACACACCACACACACACACCACACACACAACACCADEABAE	30	6	1.1639630671666378e-07	21.872676300000002	0	False
v30CCCACCACACCACACACACACCACACACACACACCACACACACACAABCACAABAE	30	6	2.2692941693363532e-07	21.872676300000002	0	False
v30CCCACCACACCACACACACACCACACACACACACCACACACACACAACACAABABE	30	6	2.8916739700803895e-07	2.1000000000000014	0	False
v30CCCACCACACCACACACACACCACACACACACACCACACACACACAACADEACAAE	30	6	2.9810819871646466e-07	21.872676300000002	0	False
v30CCCACCACACCACACACACACCACACACACACACCACACACACACAACCADEAABE	30	6	8.728072523630715e-08	43.466993469328585	0	False
v30CCCACCACACCACACACACACCACACACACACACCACACACACACAACCADEABAE	30	6	1.259922584162981e-07	21.872676300000002	0	False
v30CCCACCACACCACACACACACCACACACACACACCACACACACACACACADEAABE	30	6	1.547445765567463e-07	21.872676300000002	0	False
v30CCCACCACACCACACACACACCACACACACACACCACACACACACACACADEABAE	30	6	1.738991278303062e-07	21.872676300000002	0	False
v30CCCACCACACCACACACACACCACACACACACACCACACACACACACACADEADEE	30	6	1.4184566229773944e-07	43.466993469328585	0	False
v30CCCACCACACCACACACACACCACACACACACACCACACACACADECACAACAAAE	30	6	8.846220780279022e-07	21.872676300000002	0	False
v30CCCACCACACCACACACACACCACACACACACACCACACACACADECACAACADEE	30	6	7.758939448563758e-07	21.872676300000002	0	False
v30CCCACCACACCACACCAACACCAACACCAACACCAACACCAACACCAACACDEABE	30	6	1.9777845137996376e-06	2.1000000000000014	9	False
v30CCCACCACACCACACCAACACCACACACAACACCACACACAACACACAACAACAAE	30	6	1.1748236858075495e-07	21.872676300000002	0	False
v30CCCACCACACCACACCAACACCACACACAACACCACACACAACACACACACAAAAE	30	6	3.5012659827436717e-07	21.872676300000002	0	False
v30CCCACCACACCACACCAACACCACACACAACACCACACACAACACCACAACAAAAE	30	6	1.0641208928551181e-07	43.466993469328585	0	False
v30CCCACCACACCACACCAACACCACACACCAACACACACACACAACACAACACAABE	30	6	4.2484470557327434e-07	21.872676300000002	0	False
v30CCCACCACACCACACCAACACCACACACCAACACACACACACCAACACAACAAAAE	30	6	5.270655389366657e-07	2.1000000000000014	0	False
v30CCCACCACACCACACCAACACCACACACCAACACACACACACCAACACAACAADEE	30	6	4.751964063996356e-06	2.1000000000000014	9	False
v30CCCACCACACCACACCAACACCACACACCAACACCACACACACAAACACAACADEE	30	6	1.260326511736378e-06	21.872676300000002	9	False
v30CCCACCACACCACACCAACACCACACACCAACACCACACACACAAACCACAABABE	30	6	4.950139055286848e-07	21.872676300000002	0	False
v30CCCACCACACCACACCAACACCACACACCAACACCACACACACAACAACAACAAAE	30	6	3.191776724766192e-07	43.466993469328585	0	False
v30CCCACCACACCACACCAACACCACACACCAACACCACACACACAACACACAABABE	30	6	5.238114213657983e-07	21.872676300000002	0	False
v30CCCACCACACCACACCAACACCACACACCAACACCACACACACAACACADEACAAE	30	6	5.636353156132115e-07	21.872676300000002	0	False
v30CCCACCACACCACACCAACACCACACACCAACACCACACACACAACACCADEABAE	30	6	3.5501084452535476e-07	2.1000000000000014	0	False
v30CCCACCACACCACACCAACACCACACACCAACACCACACACACCAABABCACAABE	30	6	3.760302076597921e-07	43.466993469328585	0	False
v30CCCACCACACCACACCAACACCACACACCAACACCACACACACCAABACACAABAE	30	6	2.2587365228459445e-07	21.872676300000002	0	False
v30CCCACCACACCACACCAACACCACACACCAACACCACACACACCAABACCADEABE	30	6	1.8781301550021715e-07	21.872676300000002	0	False
v30CCCACCACACCACACCAACACCACACACCAACACCACACACACCAACAACAADEBE	30	6	1.124194659593984e-06	21.872676300000002	8	False
v30CCCACCACACCACACCAACACCACACACCAACACCACACACACCAACACADEAABE	30	6	2.536329311217215e-06	2.1000000000000014	9	False
v30CCCACCACACCACACCAACACCACACACCAACACCACACACACCAACACADEABAE	30	6	1.0449134563912277e-05	2.1000000000000014	9	False
v30CCCACCACACCACACCAACACCACACACCAACACCACACACACDEACACAACAAAE	30	6	3.063939381498046e-06	2.1000000000000014	9	False
v30CCCACCACACCACACCAACACCACACACCAACACCACACACACDEACACAACADEE	30	6	1.3889846377060966e-06	2.1000000000000014	9	False
v30CCCACCACACCACACCAACACCACACACCAACACCACACACACDEACCACAABABE	30	6	2.436919771707208e-07	2.1000000000000014	0	False
v30CCCACCACACCACACCAACACCACACACDEACCACACACAACCACACACAAACAAE	30	6	1.4155237752727723e-06	21.872676300000002	8	False
v30CCCACCACACCACACCACACAACACACCACACAACACACCACACAACAACAACAAE	30	6	6.595823465339222e-07	21.872676300000002	0	False
v30CCCACCACACCACACCACACAACACACCACACAACACACCACACAACAACACAAAE	30	6	4.0502956273535723e-07	21.872676300000002	0	False
v30CCCACCACACCACACCACACACACACACCACACACACACACACCAACACADEABAE	30	6	3.798218782117668e-07	21.872676300000002	0	False
v30CCCACCACACCACACCACACACCACACAACACACACCACACAACACAACACAAABE	30	6	2.767005994716865e-06	21.872676300000002	8	False
v30CCCACCACACCACACCACACACCACACACAACACACACACACAACACACAACAAAE	30	6	8.455737089420187e-07	21.872676300000002	0	False
v30CCCACCACACCACACCACACACCACACACAACACACCACACACAAACACACAADEE	30	6	6.651028264455171e-08	2.1000000000000014	0	False
v30CCCACCACACCACACCACACACCACACACAACACACCACACACAACAACACAAAAE	30	6	1.2359967710978172e-06	21.872676300000002	8	False
v30CCCACCACACCACACCACACACCACACACAACACACCACACACAACAACACAABAE	30	6	2.0723319850600177e-06	21.872676300000002	8	False
v30CCCACCACACCACACCACACACCACACACAACACACCACACACAACACAACAADEE	30	6	1.6104894001193744e-07	21.872676300000002	0	False
v30CCCACCACACCACACCACACACCACACACAACACACCACACACAACACACADEAAE	30	6	2.866892125985122e-07	43.466993469328585	0	False
v30CCCACCACACCACACCACACACCACACACACAACACACACACACAACACAACAAAE	30	6	4.368235013002471e-07	21.872676300000002	0	False
v30CCCACCACACCACACCACACACCACACACACAACACACACACACAACACAACADEE	30	6	3.978034697955758e-06	2.1000000000000014	9	False
v30CCCACCACACCACACCACACACCACACACACAACACCACACACAAACACACAADEE	30	6	6.335486660298267e-08	43.466993469328585	0	False
v30CCCACCACACCACACCACACACCACACACACAACACCACACACACAAABCACAABE	30	6	1.721610705365374e-07	21.872676300000002	0	False
v30CCCACCACACCACACCACACACCACACACACAACACCACACACACAAACACAABAE	30	6	6.626651086430671e-07	21.872676300000002	0	False
v30CCCACCACACCACACCACACACCACACACACAACACCACACACACAAACCADEABE	30	6	2.3538001450223459e-07	21.872676300000002	0	False
v30CCCACCACACCACACCACACACCACACACACAACACCACACACACAACAACAAABE	30	6	1.6780608428073208e-07	21.872676300000002	0	False
v30CCCACCACACCACACCACACACCACACACACAACACCACACACACAACACADEAAE	30	6	1.4993051685638082e-07	43.466993469328585	0	False
v30CCCACCACACCACACCACACACCACACACACAACACCACACACACAACACADEABE	30	6	1.4046113668249256e-06	2.1000000000000014	9	False
v30CCCACCACACCACACCACACACCACACACACACAACACACAACACAACACAACAAE	30	6	2.3327889302606177e-05	21.872676300000002	9	False
v30CCCACCACACCACACCACACACCACACACACACAACCACACACAACAACACAABAE	30	6	2.1834554058871158e-05	21.872676300000002	9	False
v30CCCACCACACCACACCACACACCACACACACACAACCACACACACAAABCACAABE	30	6	1.6601336729404096e-06	21.872676300000002	8	False
v30CCCACCACACCACACCACACACCACACACACACAACCACACACACAAACACAABAE	30	6	2.3794113780724083e-05	21.872676300000002	9	False
v30CCCACCACACCACACCACACACCACACACACACAACCACACACACAAACCADEABE	30	6	5.91439763184307e-06	21.872676300000002	9	False
v30CCCACCACACCACACCACACACCACACACACACAACCACACACACACAABCADEAE	30	6	1.0361298765835227e-05	21.872676300000002	8	False
v30CCCACCACACCACACCACACACCACACACACACAACCACACACACACAACADEAAE	30	6	1.6354162574853586e-05	21.872676300000002	9	False
v30CCCACCACACCACACCACACACCACACACACACACACACACACAACAACACAABAE	30	6	2.3244046281709035e-07	43.466993469328585	0	False
v30CCCACCACACCACACCACACACCACACACACACACACACACACACAAACACAABAE	30	6	2.2029447166061716e-07	21.872676300000002	0	False
v30CCCACCACACCACACCACACACCACACACACACACACACACACACAACACADEABE	30	6	8.824057882249354e-07	21.872676300000002	0	False
v30CCCACCACACCACACCACACACCACACACACACACACACACACACACAACADEABE	30	6	6.184321502057942e-07	21.872676300000002	0	False
v30CCCACCACACCACACCACACACCACACACACACACACCACACAACACACAAABABE	30	6	2.160552827156106e-06	21.872676300000002	8	False
v30CCCACCACACCACACCACACACCACACACACACACACCACACACAACAAACADEAE	30	6	1.6488753421163238e-06	21.872676300000002	8	False
v30CCCACCACACCACACCACACACCACACACACACACACCACACACAACAACAADEAE	30	6	4.586744064993481e-07	21.872676300000002	0	False
v30CCCACCACACCACACCACACACCACACACACACACACCACACACAACADECADEAE	30	6	2.3745848645588446e-06	21.872676300000002	8	False
v30CCCACCACACCACACCACACACCACACACACACACACCACACACACAAAABCADEE	30	6	2.7590008248690705e-07	21.872676300000002	0	False
v30CCCACCACACCACACCACACACCACACACACACACACCACACACACAAACAADEAE	30	6	1.6219356534982515e-07	43.466993469328585	0	False
v30CCCACCACACCACACCACACACCACACACACACACACCACACACACAAACADBAEE	30	6	1.4918321227106806e-07	21.872676300000002	0	False
v30CCCACCACACCACACCACACACCACACACACACACACCACACACACAACAABBABE	30	6	2.3247977282276917e-06	21.872676300000002	8	False
v30CCCACCACACCACACCACACACCACACACACACACACCACACACACAACAADBAEE	30	6	1.1943323091023611e-06	21.872676300000002	8	False
v30CCCACCACACCACACCACACACCACACACACACACACCACACACACAADECADEAE	30	6	1.4701016288396677e-06	21.872676300000002	8	False
v30CCCACCACACCACACCACACACCACACACACACACACCACACACACACAAABBABE	30	6	3.8099209635342542e-06	21.872676300000002	8	False
v30CCCACCACACCACACCACACACCACACACACACACACCACACACACACAAADBAEE	30	6	7.95167605248992e-07	21.872676300000002	0	False
v30CCCACCACACCACACCACACACCACACACACACACACCACACACACACAABABABE	30	6	3.800144171372061e-07	21.872676300000002	0	False
v30CCCACCACACCACACCACACACCACACACACACACACCACACACACACAABABBAE	30	6	3.9124156916201086e-07	21.872676300000002	0	False
v30CCCACCACACCACACCACACACCACACACACACACACCACACACACADEABCADEE	30	6	2.674040239463533e-07	21.872676300000002	0	False
v30CCCACCACACCACACCACACACCACACACACACACACCACACACACADEACADEAE	30	6	3.4218053681124813e-07	21.872676300000002	0	False
v30CCCACCACACCACACCACACACCACACACACACACACCACACACADEACAACAABE	30	6	1.0397687727086618e-07	43.466993469328585	0	False
v30CCCACCACACCACACCACACACCACACACCAAACACCACACACACDEABCACAABE	30	6	7.904645797641301e-07	21.872676300000002	0	False
v30CCCACCACACCACACCACACACCACACACCAAACACCACACACACDEACACAABAE	30	6	6.505563625939678e-07	2.1000000000000014	0	False
v30CCCACCACACCACACCACACACCACACACCAAACACCACACACACDEACCADEABE	30	6	2.6376189165479014e-07	2.1000000000000014	0	False
v30CCCACCACACCACACCACACACCACACACCAACACACACACACACAAACACAABAE	30	6	3.696011388054863e-07	43.466993469328585	0	False
v30CCCACCACACCACACCACACACCACACACCAACACACACACACACAACACADEAAE	30	6	7.359454277977022e-07	21.872676300000002	0	False
v30CCCACCACACCACACCACACACCACACACCAACACACACACACACAACACADEABE	30	6	7.548217177890189e-07	21.872676300000002	0	False
v30CCCACCACACCACACCACACACCACACACCAACACACACACACACCAAACADEAAE	30	6	1.2265939451812057e-06	21.872676300000002	8	False
v30CCCACCACACCACACCACACACCACACACCAACACACACACACACCAABACADEAE	30	6	5.812479868246227e-07	43.466993469328585	0	False
v30CCCACCACACCACACCACACACCACACACCAACACACACACACACDEACACAABAE	30	6	7.628826502231675e-07	21.872676300000002	0	False
v30CCCACCACACCACACCACACACCACACACCAACACACCACACAACCAAAABACAAE	30	6	5.055956892829312e-07	21.872676300000002	0	False
v30CCCACCACACCACACCACACACCACACACCAACACACCACACAACCAAACADABEE	30	6	3.666690246763788e-07	43.466993469328585	0	False
v30CCCACCACACCACACCACACACCACACACCAACACACCACACAACCAACAABBABE	30	6	6.992385744072316e-07	43.466993469328585	0	False
v30CCCACCACACCACACCACACACCACACACCAACACACCACACAACCAACAADABEE	30	6	1.081171455713534e-06	21.872676300000002	8	False
v30CCCACCACACCACACCACACACCACACACCAACACACCACACAACCAADEBACAAE	30	6	4.294119887095294e-07	43.466993469328585	0	False
v30CCCACCACACCACACCACACACCACACACCAACACACCACACACACAAAABCADEE	30	6	3.0945616530718304e-07	43.466993469328585	0	False
v30CCCACCACACCACACCACACACCACACACCAACACACCACACACACAAACAADEAE	30	6	3.7290227903935566e-07	43.466993469328585	0	False
v30CCCACCACACCACACCACACACCACACACCAACACACCACACACACAAACADBAEE	30	6	2.3045346765844938e-07	21.872676300000002	0	False
v30CCCACCACACCACACCACACACCACACACCAACACACCACACACACAACAABBABE	30	6	7.299331240038765e-07	21.872676300000002	0	False
v30CCCACCACACCACACCACACACCACACACCAACACACCACACACACAACAADBAEE	30	6	5.533371798898922e-07	43.466993469328585	0	False
v30CCCACCACACCACACCACACACCACACACCAACACACCACACACACAADECADEAE	30	6	1.310055060791568e-06	21.872676300000002	8	False
v30CCCACCACACCACACCACACACCACACACCAACACACCACACACACCAAAABADEE	30	6	2.819668280064524e-07	21.872676300000002	0	False
v30CCCACCACACCACACCACACACCACACACCAACACACCACACACACCAAAABBABE	30	6	7.357939440276492e-07	21.872676300000002	0	False
v30CCCACCACACCACACCACACACCACACACCAACACACCACACACACCAAABABABE	30	6	3.3885132437077303e-07	43.466993469328585	0	False
v30CCCACCACACCACACCACACACCACACACCAACACACCACACACACCAAABABBAE	30	6	3.2150198058701035e-07	43.466993469328585	0	False
v30CCCACCACACCACACCACACACCACACACCAACACACCACACACACCAABAABABE	30	6	1.1786263274689224e-06	43.466993469328585	6	False
v30CCCACCACACCACACCACACACCACACACCAACACACCACACACACCAABAABBAE	30	6	3.9541821138960424e-07	43.466993469328585	0	False
v30CCCACCACACCACACCACACACCACACACCAACACACCACACACACCAABABABAE	30	6	2.989336432787586e-07	43.466993469328585	0	False
v30CCCACCACACCACACCACACACCACACACCAACACACCACACACACCAADEBADEE	30	6	4.2931832753468807e-07	43.466993469328585	0	False
v30CCCACCACACCACACCACACACCACACACCAACACACCACACACACDEAABCADEE	30	6	3.4412865024971937e-07	43.466993469328585	0	False
v30CCCACCACACCACACCACACACCACACACCAACACACCACACACACDEAACADEAE	30	6	1.1807016299337033e-06	43.466993469328585	6	False
v30CCCACCACACCACACCACACACCACACACCAACACACCACACACACDEACAADEAE	30	6	8.435898773229886e-07	43.466993469328585	0	False
v30CCCACCACACCACACCACACACCACACACCAACACACCACACACACDEACADBAEE	30	6	3.8228553986712233e-07	43.466993469328585	0	False
v30CCCACCACACCACACCACACACCACACACCAACACACCACACACADBAECACAABE	30	6	5.525556627131258e-07	43.466993469328585	0	False
v30CCCACCACACCACACCACACACCACACACCAACACACCACACACADBEACACAABE	30	6	5.74122762065473e-07	21.872676300000002	0	False
v30CCCACCACACCACACCACACACCACACACCAACACACCACACACADEACAACAABE	30	6	1.289780938957583e-07	43.466993469328585	0	False
v30CCCACCACACCACACCACACACCACACACCACACACACACACAACCACAABABABE	30	6	3.421156091526863e-07	2.1000000000000014	0	False
v30CCCACCACACCACACCACACACCACACACCACACACACACACAACCADEABACAAE	30	6	1.8401265543155247e-07	2.1000000000000014	0	False
v30CCCACCACACCACACCACACACCACACACCACACACACACACACACACAABABABE	30	6	6.127749509920531e-07	43.466993469328585	0	False
v30CCCACCACACCACACCACACACCACACACCACACACACACACACACADEACADEAE	30	6	5.836132841687299e-07	43.466993469328585	0	False
v30CCCACCACACCACACCACACACCACACACCACACACACACACACACCAAAABADEE	30	6	4.152022594159109e-07	21.872676300000002	0	False
v30CCCACCACACCACACCACACACCACACACCACACACACACACACACCAAABABABE	30	6	2.7438357881322364e-07	43.466993469328585	0	False
v30CCCACCACACCACACCACACACCACACACCACACACACACACACACCAABAABABE	30	6	2.1785673097716631e-07	43.466993469328585	0	False
v30CCCACCACACCACACCACACACCACACACCACACACACACACACACCAABABABAE	30	6	1.530685375178273e-07	43.466993469328585	0	False
v30CCCACCACACCACACCACACACCACACACCACACACACACACACACCADEABADEE	30	6	4.840449376794731e-07	21.872676300000002	0	False
v30CCCACCACACCACACCACACACCACACACCACACACACACACACACDEAACADEAE	30	6	6.594022783807878e-07	21.872676300000002	0	False
v30CCCACCACACCACACCACACACCACACACCACACACACACACACADBEACACAABE	30	6	1.5938049211220312e-07	21.872676300000002	0	False
v30CCCACCACACCACACCACACACCACACACCACACACACCACACACAACAAAABBAE	30	6	5.602457535531374e-07	43.466993469328585	0	False
v30CCCACCACACCACACCACACACCACACACCACACACACCACACACAACADEABBAE	30	6	5.465790889001894e-07	43.466993469328585	0	False
v30CCCACCACACCACACCACACACCACACACCACACACACCACACACACAAAABABAE	30	6	3.4016946646835197e-07	43.466993469328585	0	False
v30CCCACCACACCACACCACACACCACACACCACACACACCACACACACAADEABABE	30	6	5.165995057914456e-07	21.872676300000002	0	False
v30CCCACCACACCACACCACACACCACACACCACACACACCACACACACAADEABBAE	30	6	6.475427627162785e-07	21.872676300000002	0	False
v30CCCACCACACCACACCACACACCACACACCACACACACCACACACACADABEADEE	30	6	4.917327868591358e-07	43.466993469328585	0	False
v30CCCACCACACCACACCACACACCACACACCACACACACCACACACACADEAABABE	30	6	2.0118345035736614e-06	21.872676300000002	8	False
v30CCCACCACACCACACCACACACCACACACCACACACACCACACACACADEABABAE	30	6	3.73487115818712e-07	43.466993469328585	0	False
v30CCCACCACACCACACCACACACCACACACCACACACACCACACACACDABAEADEE	30	6	2.2787929046058988e-07	43.466993469328585	0	False
v30CCCACCACACCACACCACACACCACACACCACACACACCACACACACDEAABABAE	30	6	2.4663266013631597e-07	43.466993469328585	0	False
v30CCCACCACACCACACCACACACCACACACCACACACACCACACACADBABECADEE	30	6	4.142911252820294e-07	43.466993469328585	0	False
v30CCCACCACACCACACCACACACCACACACCACACACACCACACADABCACAABEAE	30	6	4.9652189859794e-07	2.1000000000000014	0	False
v30CCCACCACACCACACCACACACCACACACCADEACCACACACACDECAACAACAAE	30	6	1.4780633789696113e-06	21.872676300000002	8	False
v30CCCACCACACCACACCACACACCACACACCADEACCACACACACDECACAACAAAE	30	6	1.1494524291589782e-06	43.466993469328585	6	False
v30CCCACCACACCACACCACACACCACACACCADEACCACACACACDECACAACAABE	30	6	7.027333644573543e-07	43.466993469328585	0	False
v30CCCACCACACCACACCACACACCACACACCADEACCACACACACDECACAACADEE	30	6	6.077091921651118e-07	43.466993469328585	0	False
v30CCCACCACACCACACCACACACCACACACCADEACCACACACACDECACACAADEE	30	6	9.50921995422643e-07	21.872676300000002	0	False
v30CCCACCACACCACACCACACACDEACCACACACAACCACACACAACACACACAABE	30	6	1.1578009603070802e-06	2.1000000000000014	9	False
v30CCCACCACCACACACACACACACACACACACACACACACACACACACAACACAABE	30	6	6.4392290794091e-06	21.872676300000002	8	False
v30CCCACCACCACACACACACACACACACACACACACACACACACACACACAACAABE	30	6	4.8692460847046465e-06	21.872676300000002	8	False
v30CCCACCACCACACACACACACACACACACACACACACACACACACACACACAAABE	30	6	6.2982212876621705e-06	21.872676300000002	8	False
v30CCCACCACCACACACACACACACACACACACACACACACACACACACACACAABAE	30	6	2.3161265649988627e-06	21.872676300000002	8	False
v30CCCACCACCACACACACACCACACACAACACCACACACAACACACACACAACAABE	30	6	4.198888903603976e-05	21.872676300000002	9	False
v30CCCACCACCACACACACACCACACACAACACCACACACAACACCACACACAAADEE	30	6	4.962879630095257e-05	21.872676300000002	9	False
v30CCCACCACCACACACACACCACACACACAACCACACACACAACACACACACAAABE	30	6	5.0331948994427484e-05	21.872676300000002	9	False
v30CCCACCACCACACACACACCACACACACAACCACACACACAACACACACACAABAE	30	6	1.3284830674760245e-05	21.872676300000002	8	False
v30CCCACCACCACACACACACCACACACACAACCACACACACAACCAACACAAACAAE	30	6	2.203593429760655e-05	21.872676300000002	8	False
v30CCCACCACCACACACACACCACACACACAACCACACACACAACCAACACACAABAE	30	6	4.857872323788018e-05	21.872676300000002	9	False
v30CCCACCACCACACACACACCACACACACAACCACACACACAACCAACACACAABBE	30	6	0.00011626390959608623	21.872676300000002	9	False
v30CCCACCACCACACACACACCACACACACAACCACACACACAACCACAACACAABAE	30	6	4.003546762812853e-05	21.872676300000002	9	False
v30CCCACCACCACACACACACCACACACACAACCACACACACAACCACAACACAABBE	30	6	7.979897041042191e-05	21.872676300000002	9	False
v30CCCACCACCACACACACACCACACACACAACCACACACACAACCACACACAAADEE	30	6	2.3755282986095537e-05	21.872676300000002	8	False
v30CCCACCACCACACACACACCACACACACAACCACACACACAACCACACACADEAAE	30	6	0.00011201891242942827	21.872676300000002	9	False
v30CCCACCACCACACACACACCACACACACAACCACACACACAACCACACACADEDEE	30	6	0.0005327877055716756	21.872676300000002	9	False
v30CCCACCACCACACACACACCACACACACACACACACACAACACACACACAACAABE	30	6	6.723846409332601e-06	21.872676300000002	8	False
v30CCCACCACCACACACACACCACACACACACACACACACACAACACACACACAAABE	30	6	5.074066264087007e-06	21.872676300000002	8	False
v30CCCACCACCACACACACACCACACACACACACACACACACAACACACACACAABAE	30	6	1.5822853952082412e-05	21.872676300000002	9	False
v30CCCACCACCACACACACACCACACACACACACACACACACACAACACACAACAABE	30	6	4.552596350348424e-06	21.872676300000002	8	False
v30CCCACCACCACACACACACCACACACACACACACACACACACAACACACACAAABE	30	6	3.282695470602932e-06	21.872676300000002	8	False
v30CCCACCACCACACACACACCACACACACACACACACACACACACACACACAADEAE	30	6	5.165879120849505e-06	21.872676300000002	8	False
v30CCCACCACCACACACACACCACACACACACACACACACACACACACACACADEAAE	30	6	6.31965661403216e-06	21.872676300000002	8	False
v30CCCACCACCACACACACACCACACACACACACCAACACACACACACCAABACAAAE	30	6	2.9352168612258337e-05	21.872676300000002	9	False
v30CCCACCACCACACACACACCACACACACACACCAACACACACACACCAABACADEE	30	6	1.4666944407004712e-05	21.872676300000002	9	False
v30CCCACCACCACACACACACCACACACACACACCACAACACACAACACAACACAAAE	30	6	3.441660206312582e-05	21.872676300000002	9	False
v30CCCACCACCACACACACACCACACACACACACCACACACAACAACACACACAAAAE	30	6	1.734169979839699e-05	21.872676300000002	8	False
v30CCCACCACCACACACACACCACACACACACACCACACACAACAACCAACACAAAAE	30	6	8.818554627194287e-05	21.872676300000002	9	False
v30CCCACCACCACACACACACCACACACACACACCACACACAACACAACACACAAAAE	30	6	9.205275359588324e-05	21.872676300000002	9	False
v30CCCACCACCACACACACACCACACACACACACCACACACAACACAACACACAADEE	30	6	0.00019057623385384755	21.872676300000002	8	False
v30CCCACCACCACACACACACCACACACACACACCACACACACAAACCAACACADEAE	30	6	4.8233782598659234e-05	21.872676300000002	8	False
v30CCCACCACCACACACACACCACACACACACACCACACACACAACAACACACAAAAE	30	6	0.00010268831127991653	21.872676300000002	8	False
v30CCCACCACCACACACACACCACACACACACACCACACACACAACACAACACADEAE	30	6	1.7593917380671647e-05	21.872676300000002	8	False
v30CCCACCACCACACACACACCACACACACACACCACACACACAACACCAACADABEE	30	6	6.310019769684258e-05	21.872676300000002	9	False
v30CCCACCACCACACACACACCACACACACACACCACACACACACAAACACACAADEE	30	6	0.00018532167999621663	21.872676300000002	9	False
v30CCCACCACCACACACACACCACACACACACACCACACACACACAACCAACADABEE	30	6	5.227882853722577e-05	21.872676300000002	8	False
v30CCCACCACCACACACACACCACACACACACACCACACACACADECACACACAAAAE	30	6	0.00012195928081305668	21.872676300000002	9	False
v30CCCACCACCACACACCACACACACAACCACACACACAACCACACACACAABCAAAE	30	6	5.523156202065216e-07	21.872676300000002	0	False
v30CCCACCACCACACACCACACACACAACCACACACACAACCACACACACAABCADEE	30	6	4.890339347950758e-07	21.872676300000002	0	False
v30CCCACCACCACACACCACACACACACACACACACACACAACACACACACAACAABE	30	6	5.518198945937933e-06	21.872676300000002	8	False
v30CCCACCACCACACACCACACACACACACACACACACACACAACACACACACAAABE	30	6	3.991793870738203e-06	21.872676300000002	8	False
v30CCCACCACCACACACCACACACACACACACACACACACACAACACACACACAABAE	30	6	3.5184961795054983e-06	21.872676300000002	8	False
v30CCCACCACCACACACCACACACACACACACACACACACACACAACACACACAAABE	30	6	2.098721228156627e-06	21.872676300000002	8	False
v30CCCACCACCACACACCACACACACACACCAACACACACAACCAACACACAACAABE	30	6	8.675423888616665e-07	43.466993469328585	0	False
v30CCCACCACCACACACCACACACACACACCAACACACACACACCAACACACADEAAE	30	6	3.515842008507727e-07	21.872676300000002	0	False
v30CCCACCACCACACACCACACACACACACCAACACACACACACCAACACACADEDEE	30	6	7.568393932983039e-07	21.872676300000002	0	False
v30CCCACCACCACACACCACACACACACACCACACACACACAACACAACACACAADEE	30	6	4.190952633562949e-07	21.872676300000002	0	False
v30CCCACCACCACACACCACACACACACACCACACACACACAACCAAACACACAADEE	30	6	5.132786174996691e-07	43.466993469328585	0	False
v30CCCACCACCACACACCACACACACACACCACACACACACACACACACACADEABAE	30	6	2.505347140167865e-06	21.872676300000002	8	False
v30CCCACCACCACACACCACACCACACACAACACACACACACAACACACACACAAAAE	30	6	1.453643085794155e-06	21.872676300000002	8	False
v30CCCACCACCACACACCACACCACACACAACACACACACACAACACACACACAADEE	30	6	7.133820132972812e-06	21.872676300000002	8	False
v30CCCACCACCACACACCACACCACACACAACACACCAACACAACACACCAACAADEE	30	6	3.0648348959422775e-05	21.872676300000002	9	False
v30CCCACCACCACACACCACACCACACACAACACACCACACACAACAACCAACADAEE	30	6	1.5801785412013533e-05	21.872676300000002	9	False
v30CCCACCACCACACACCACACCACACACAACACACCACACACAACACACCAABADEE	30	6	2.1701862603087918e-05	21.872676300000002	9	False
v30CCCACCACCACACACCACACCACACACACAACACACACACACAACACACACAAAAE	30	6	5.23486311107749e-07	21.872676300000002	0	False
v30CCCACCACCACACACCACACCACACACACAACACCAACACACAACACCAABACAAE	30	6	2.7374289530367525e-06	21.872676300000002	8	False
v30CCCACCACCACACACCACACCACACACACAACACCACACACADEACCACACADEBE	30	6	1.2548508022489472e-05	21.872676300000002	9	False
v30CCCACCACCACACACCACACCACACACACACAACACACACACACAACACACAADEE	30	6	5.514954688579382e-06	21.872676300000002	8	False
v30CCCACCACCACACACCACACCACACACACCACACACCACACACACAACADEDEABE	30	6	4.781477078404095e-06	21.872676300000002	8	False
v30CCCACCACCACACACCACACCACACACACCACACACCADEACACACAACACDEABE	30	6	2.392026513605768e-06	21.872676300000002	8	False
v30CCCACCACCACACACCACACCACACACACCACACACCADEACACACACAACDEAAE	30	6	1.6940287066546277e-06	21.872676300000002	8	False
v30CCCACCACCACACACCACACCACACACACCACACACCADEACACACACAACDEABE	30	6	2.4959000131868365e-06	21.872676300000002	8	False
v30CCCACCACCACACACCACACCACACACACCACACACCADEACACACACACADEABE	30	6	2.50914765587492e-06	21.872676300000002	8	False
v30CCCACCACCACCACAACACCACACCACAACACCACAACCACAACACACAACAAABE	30	6	5.812814649498603e-07	21.872676300000002	0	False
v30CCCACCACCACCACAACACCACACCACAACACCACACACCAAACACACAAACDEAE	30	6	4.9015182415308e-07	21.872676300000002	0	False
v30CCCACCACCACCACAACACCACACCACAACACCACACACCAAACACACAACADEAE	30	6	2.2866438160111766e-06	21.872676300000002	8	False
v30CCCACCACCACCACAACACCACACCACAACACCACACACCAAACACACACAABDEE	30	6	9.238337624672906e-07	21.872676300000002	0	False
v30CCCACCACCACCACAACACCACACCACAACACCACACACCACAACAACAAACAAAE	30	6	1.2761151657510357e-06	21.872676300000002	8	False
v30CCCACCACCACCACAACACCACACCACAACACCACACACCACAACAACAACAAAAE	30	6	1.8625853085108032e-06	21.872676300000002	8	False
v30CCCACCACCACCACAACACCACACCACAACACCACACACCACAACAACADECAAAE	30	6	1.9881966253787705e-06	21.872676300000002	8	False
v30CCCACCACCACCACACAACCACACCACACAACCACAACCACACAACCADEBACAAE	30	6	2.491811759616077e-06	21.872676300000002	8	False
v30CCCACCACCACCACACAACCACACCACACAACCACACACCACACAACCAAAABABE	30	6	6.927255362137921e-07	21.872676300000002	0	False
v30CCCACCACCACCACACAACCACACCACACAACCACACACCACACAACCADEABABE	30	6	7.756764020322744e-07	21.872676300000002	0	False
v30CCCACCACCACCACACACAACACCACACACAACACCACACACAACACACAACAAAE	30	6	3.668318062925276e-07	21.872676300000002	0	False
v30CCCACCACCACCACACACAACACCACACACAACACCACACACAACACACAACAABE	30	6	2.800530134160191e-07	21.872676300000002	0	False
v30CCCACCACCACCACACACAACACCACACACAACACCACACACAACACCAABACAAE	30	6	8.851127595353918e-08	43.466993469328585	0	False
v30CCCACCACCACCACACACAACACCACACACAACACCACACACAACACCACAADAEE	30	6	5.2362477625668344e-08	43.466993469328585	0	False
v30CCCACCACCACCACACACACAACCACACACACAACCACACACACAACCACAABABE	30	6	2.2036728078508703e-06	21.872676300000002	8	False
v30CCCACCACCACCACACACACACACCACACACAACACACACACACAACACACAABAE	30	6	1.268745359615143e-06	43.466993469328585	8	False
v30CCCACCACCACCACACACACACACCACACACAACACACCACACACAAACAACAABE	30	6	3.311804062808586e-07	21.872676300000002	0	False
v30CCCACCACCACCACACACACACACCACACACAACACACCACACACAACAACADEAE	30	6	5.057409922792585e-07	21.872676300000002	0	False
v30CCCACCACCACCACACACACACACCACACACAACACACCACACACAACACAADEAE	30	6	5.661545940211363e-07	43.466993469328585	0	False
v30CCCACCACCACCACACACACACACCACACACACAACACCACACACAAACAACAABE	30	6	1.2406085163449613e-07	21.872676300000002	0	False
v30CCCACCACCACCACACACACACACCACACACACAACACCACACACACAAABCADEE	30	6	1.2791688546141495e-07	21.872676300000002	0	False
v30CCCACCACCACCACACACACACACCACACACACAACACCACACACACAAACADEAE	30	6	1.5518011969621465e-07	21.872676300000002	0	False
v30CCCACCACCACCACACACACACACCACACACACAACACCACACACACAACAADEAE	30	6	1.2985569922218396e-07	21.872676300000002	0	False
v30CCCACCACCACCACACACACACACCACACACACAACACCACACACACAACADBAEE	30	6	2.1088375427852953e-07	21.872676300000002	0	False
v30CCCACCACCACCACACACACACACCACACACACACAACCACACACAACAACADEAE	30	6	2.4949248531729797e-07	21.872676300000002	0	False
v30CCCACCACCACCACACACACACACCACACACACACAACCACACACACAAABCADEE	30	6	1.335509280896073e-07	43.466993469328585	0	False
v30CCCACCACCACCACACACACACACCACACACACACAACCACACACACAAACADEAE	30	6	2.96123513193972e-07	21.872676300000002	0	False
v30CCCACCACCACCACACACACACACCACACACACACAACCACACACACACAADBAEE	30	6	1.591321444353055e-07	43.466993469328585	0	False
v30CCCACCACCACCACACACACACACCACACACACACAACCACACACACADECADEAE	30	6	2.7167933963997653e-07	21.872676300000002	0	False
v30CCCACCACCACCACACACACACACCACACACACACACACCACACACAACAAABBAE	30	6	5.624593108308599e-07	43.466993469328585	0	False
v30CCCACCACCACCACACACACACACCACACACACACACACCACACACACAAAABABE	30	6	3.8236676990333076e-07	43.466993469328585	0	False
v30CCCACCACCACCACACACACACACCACACACACACACACCACACACACAAAABBAE	30	6	4.964154691464594e-07	43.466993469328585	0	False
v30CCCACCACCACCACACACACACACCACACACACACACACCACACACACAAABABAE	30	6	3.3884168518319333e-07	43.466993469328585	0	False
v30CCCACCACCACCACACACACACACCACACACACACACACCACACACACADEABABE	30	6	1.5242130343883366e-07	21.872676300000002	0	False
v30CCCACCACCACCACACACACACACCACACACACACACACCACACACACADEABBAE	30	6	1.4561229909354036e-07	21.872676300000002	0	False
v30CCCACCACCACCACACACACACACCACACACACACACACCACACACADEACAADEE	30	6	6.626672578020526e-07	21.872676300000002	0	False
v30CCCACCACCACCACACACACCACACACACACACACCACACACACAACAACADEABE	30	6	2.9470773141320714e-05	21.872676300000002	8	False
v30CCCACCACCACCACACACACCACACCAACAACACCACACACCAAACACACAABABE	30	6	3.804284486982895e-06	21.872676300000002	8	False
v30CCCACCACCACCACACACACCACACCAACACAACCACACACCAACAACCADEABAE	30	6	1.4038908071388484e-06	21.872676300000002	8	False
v30CCCACCACCACCACACACACCACACCAACACAACCACACACCAACAACCADEABBE	30	6	4.444132582519385e-07	21.872676300000002	0	False
v30CCCACCACCACCACACACACCACACCAACACACACCACACACCAAACAACADEABE	30	6	1.551645515772174e-06	21.872676300000002	8	False
v30CCCACCACCACCACACACACCACACCAACACACACCACACACCAAACAADCADEEE	30	6	6.138267394177188e-07	21.872676300000002	0	False
v30CCCACCACCACCACACACACCACACCAACACACACCACACACCAACAAACADEAAE	30	6	1.2453017261473167e-06	21.872676300000002	8	False
v30CCCACCACCACCACACACACCACACCAACACACACCACACACCAACAAADCADEEE	30	6	6.058267180057954e-07	43.466993469328585	0	False
v30CCCACCACCACCACACACACCACACCAACACACACCACACACCAACAACAADEABE	30	6	3.912518092071171e-06	21.872676300000002	8	False
v30CCCACCACCACCACACACACCACACCAACACACACCACACACCAACAACADABEAE	30	6	5.142747478653793e-07	21.872676300000002	0	False
v30CCCACCACCACCACACACACCACACCAACACACACCACACACCAACAACADBAEAE	30	6	1.4483706832864676e-06	21.872676300000002	8	False
v30CCCACCACCACCACACACACCACACCAACACACACCACACACCAACACAADABEAE	30	6	5.163980270443018e-07	21.872676300000002	0	False
v30CCCACCACCACCACACACACCACACCAACACACACCACACACCAACACAADBAEAE	30	6	1.5555536422187932e-06	21.872676300000002	8	False
v30CCCACCACCACCACACACACCACACCACAAACACCACACACCADEACCACAABABE	30	6	4.969385268056592e-06	21.872676300000002	8	False
v30CCCACCACCACCACACACACCACACCACAACAACCACACACACAAACCACAABABE	30	6	1.2119170554872255e-05	21.872676300000002	8	False
v30CCCACCACCACCACACACACCACACCACAACAACCACACACCACAAABCACAABAE	30	6	3.3976799955953465e-06	21.872676300000002	8	False
v30CCCACCACCACCACACACACCACACCACAACAACCACACACCACAAACCADEAABE	30	6	9.006482154508241e-07	21.872676300000002	0	False
v30CCCACCACCACCACACACACCACACCACAACAACCACACACCACAAACCADEABAE	30	6	1.256674506786603e-06	21.872676300000002	8	False
v30CCCACCACCACCACACACACCACACCACAACACACACACACCACAACACADEABAE	30	6	5.278574898856748e-07	21.872676300000002	0	False
v30CCCACCACCACCACACACACCACACCACAACACACCACACACACAAACACADEABE	30	6	1.0036414397723608e-05	21.872676300000002	8	False
v30CCCACCACCACCACACACACCACACCACAACACACCACACACACAACAACADEABE	30	6	9.284242387239692e-06	21.872676300000002	8	False
v30CCCACCACCACCACACACACCACACCACAACACACCACACACCAAABACAACAABE	30	6	4.602993169983278e-06	21.872676300000002	8	False
v30CCCACCACCACCACACACACCACACCACAACACACCACACACCAAACAACADEABE	30	6	1.2404571232405491e-06	21.872676300000002	8	False
v30CCCACCACCACCACACACACCACACCACAACACACCACACACCAAACAADCADEEE	30	6	5.142011181855102e-07	21.872676300000002	0	False
v30CCCACCACCACCACACACACCACACCACAACACACCACACACCAAACACAADEABE	30	6	3.886744006547119e-06	21.872676300000002	8	False
v30CCCACCACCACCACACACACCACACCACAACACACCACACACCACAAAABCADEAE	30	6	1.1606644324563277e-06	21.872676300000002	8	False
v30CCCACCACCACCACACACACCACACCACAACACACCACACACCACAAABABCADEE	30	6	1.3423752054468162e-06	21.872676300000002	8	False
v30CCCACCACCACCACACACACCACACCACAACACACCACACACCACAAACADABEAE	30	6	5.314862715173312e-07	21.872676300000002	0	False
v30CCCACCACCACCACACACACCACACCACAACACACCACACACCACAAACADBABEE	30	6	1.6213415380456425e-06	21.872676300000002	8	False
v30CCCACCACCACCACACACACCACACCACAACACACCACACACCACAAACADBAEAE	30	6	1.1626657177690641e-06	21.872676300000002	8	False
v30CCCACCACCACCACACACACCACACCACAACACACCACACACCACAABABACADEE	30	6	5.413238104553794e-07	21.872676300000002	0	False
v30CCCACCACCACCACACACACCACACCACAACACACCACACACCACAACAADABEAE	30	6	5.410459092814301e-07	21.872676300000002	0	False
v30CCCACCACCACCACACACACCACACCACAACACACCACACACCACAACAADBABEE	30	6	1.5611525791054736e-06	21.872676300000002	8	False
v30CCCACCACCACCACACACACCACACCACAACACACCACACACCACAACAADBAEAE	30	6	1.1790750546077468e-06	21.872676300000002	8	False
v30CCCACCACCACCACACACACCACACCACAACACACCACACACCACAACAADBAEBE	30	6	1.1604512007974334e-06	21.872676300000002	8	False
v30CCCACCACCACCACACACACCACACCACAACACACCACACACCACAADECADEAAE	30	6	6.30539699543269e-07	21.872676300000002	0	False
v30CCCACCACCACCACACACACCACACCACAACACACCACACACCADEACACADEABE	30	6	1.7905411360476202e-06	21.872676300000002	8	False
v30CCCACCACCACCACACACACCACACCACAACACACCACACACCADEACADCADEEE	30	6	4.2418357697831504e-07	21.872676300000002	0	False
v30CCCACCACCACCACACACACCACACCACACAACACCACACACACACAACADBABEE	30	6	1.2845571927993834e-05	21.872676300000002	8	False
v30CCCACCACCACCACACACACCACACCACACAACACCACACACCAACAAACADEAAE	30	6	7.902950074342457e-07	21.872676300000002	0	False
v30CCCACCACCACCACACACACCACACCACACAACACCACACACCAACAAACDABEAE	30	6	7.390789293739444e-07	21.872676300000002	0	False
v30CCCACCACCACCACACACACCACACCACACAACACCACACACCAACAAADCADEEE	30	6	4.668604312330311e-07	21.872676300000002	0	False
v30CCCACCACCACCACACACACCACACCACACAACACCACACACCAACAACAADEABE	30	6	2.386995389055033e-06	21.872676300000002	8	False
v30CCCACCACCACCACACACACCACACCACACAACACCACACACCAACAACADABEAE	30	6	4.494525888085348e-07	21.872676300000002	0	False
v30CCCACCACCACCACACACACCACACCACACAACACCACACACCAACAACADBAEAE	30	6	1.0682945466035225e-06	21.872676300000002	8	False
v30CCCACCACCACCACACACACCACACCACACAACACCACACACCACAAAABCADEAE	30	6	7.965971766753405e-07	21.872676300000002	0	False
v30CCCACCACCACCACACACACCACACCACACAACACCACACACCACAAABABCADEE	30	6	9.042671165231076e-07	21.872676300000002	0	False
v30CCCACCACCACCACACACACCACACCACACAACACCACACACCACAAACADABEAE	30	6	5.096328828685812e-07	21.872676300000002	0	False
v30CCCACCACCACCACACACACCACACCACACAACACCACACACCACAAACADBABEE	30	6	1.292044871584031e-06	21.872676300000002	8	False
v30CCCACCACCACCACACACACCACACCACACAACACCACACACCACAAACADBAEAE	30	6	1.0417247945185204e-06	21.872676300000002	8	False
v30CCCACCACCACCACACACACCACACCACACAACACCACACACCACADEABCADEAE	30	6	9.475319422935821e-07	21.872676300000002	0	False
v30CCCACCACCACCACACACACCACACCACACAACACCACACACCACADEACADEAAE	30	6	7.34059877146641e-07	21.872676300000002	0	False
v30CCCACCACCACCACACACACCACACCACACAACACCACACACCACADEACDABEAE	30	6	5.691971482389018e-07	21.872676300000002	0	False
v30CCCACCACCACCACACACACCACACCACACAACACCACACACCACADEADCADEEE	30	6	5.965256635891662e-07	21.872676300000002	0	False
v30CCCACCACCACCACACACACCACACCACACACAACAACACCACACACAAACAADEE	30	6	4.7284761897947713e-07	21.872676300000002	0	False
v30CCCACCACCACCACACACACCACACCACACACAACCAAACCACACACAADECADEE	30	6	7.577120370885716e-07	21.872676300000002	0	False
v30CCCACCACCACCACACACACCACACCACACACAACCAACACACAACAACAACAAAE	30	6	3.0486437354071694e-06	21.872676300000002	8	False
v30CCCACCACCACCACACACACCACACCACACACAACCAACACCACACACAADBEBAE	30	6	5.948432370109671e-07	21.872676300000002	0	False
v30CCCACCACCACCACACACACCACACCACACACAACCACACACCAAACAACADEABE	30	6	1.0323990604221414e-06	21.872676300000002	8	False
v30CCCACCACCACCACACACACCACACCACACACAACCACACACCAAACAADCADEEE	30	6	3.290153060963423e-07	21.872676300000002	0	False
v30CCCACCACCACCACACACACCACACCACACACAACCACACACCAACAAACDABEAE	30	6	6.949674324756341e-07	21.872676300000002	0	False
v30CCCACCACCACCACACACACCACACCACACACAACCACACACCAACAAADCADEEE	30	6	3.80742598985702e-07	21.872676300000002	0	False
v30CCCACCACCACCACACACACCACACCACACACAACCACACACCAACACAADABEAE	30	6	5.106501115125122e-07	21.872676300000002	0	False
v30CCCACCACCACCACACACACCACACCACACACAACCACACACCAACACAADBAEAE	30	6	8.0477917039618e-07	21.872676300000002	0	False
v30CCCACCACCACCACACACACCACACCACACACAACCACACACCACAAAABCADEAE	30	6	5.897309692930219e-07	21.872676300000002	0	False
v30CCCACCACCACCACACACACCACACCACACACAACCACACACCACAACAADABEAE	30	6	5.077706614973831e-07	21.872676300000002	0	False
v30CCCACCACCACCACACACACCACACCACACACAACCACACACCACAACAADBAEAE	30	6	8.452452651961284e-07	21.872676300000002	0	False
v30CCCACCACCACCACACACACCACACCACACACAACCACACACCACACAAADBABEE	30	6	6.801157437672969e-07	21.872676300000002	0	False
v30CCCACCACCACCACACACACCACACCACACACACAAACACCACACACADEACADEE	30	6	1.5468318947744913e-07	43.466993469328585	0	False
v30CCCACCACCACCACACACACCACACCACACACACAACAACCACACACACAAABABE	30	6	2.221788537088752e-07	21.872676300000002	0	False
v30CCCACCACCACCACACACACCACACCACACACACAACAACCACACACACAAABBAE	30	6	2.1408478576329034e-07	21.872676300000002	0	False
v30CCCACCACCACCACACACACCACACCACACACACAACACACACACACACAABABAE	30	6	1.582160584731937e-05	21.872676300000002	8	False
v30CCCACCACCACCACACACACCACACCACACACACAACACACACACACADEACADEE	30	6	5.207422621157355e-06	21.872676300000002	8	False
v30CCCACCACCACCACACACACCACACCACACACACACCACACACACAADEABCADEE	30	6	4.15830700172183e-06	21.872676300000002	8	False
v30CCCACCACCACCACACACACCACACCACACACACACCACACACACADEAABCADEE	30	6	2.515717395524891e-06	21.872676300000002	8	False
v30CCCACCACCACCACACACACCACACCACACACACACCACACACCAAAABACAADEE	30	6	3.019655350826342e-06	21.872676300000002	8	False
v30CCCACCACCACCACACACACCACACCACACACACACCACACACCAAACAAADABEE	30	6	4.9383762370939e-07	21.872676300000002	0	False
v30CCCACCACCACCACACACACCACACCACACACACACCACACACCAAACAAADBAEE	30	6	1.0889098956022102e-06	21.872676300000002	8	False
v30CCCACCACCACCACACACACCACACCACACACACACCACACACCAACADEADABEE	30	6	7.674440804075304e-07	21.872676300000002	0	False
v30CCCACCACCACCACACACACCACACCACACACACACCACACACCAACADEADBAEE	30	6	1.08750125902634e-06	21.872676300000002	8	False
v30CCCACCACCACCACACACACCACACCACACACACACCACACACCAADEABACADEE	30	6	5.662458516361718e-07	21.872676300000002	0	False
v30CCCACCACCACCACACACACCACACCACACACACACCACACACCACAAAABABBAE	30	6	1.158367747214805e-06	21.872676300000002	8	False
v30CCCACCACCACCACACACACCACACCACACACACACCACACACCACAAABABAABE	30	6	1.5423826156171264e-06	21.872676300000002	8	False
v30CCCACCACCACCACACACACCACACCACACACACACCACACACCACADEABABBAE	30	6	1.4240749107228135e-06	21.872676300000002	8	False
v30CCCACCACCACCACACACACCACACCACACACACACCACACACCADEAABACADEE	30	6	6.624041028258791e-07	21.872676300000002	0	False
v30CCCACCACCACCACACACACCACACCACACACACACCACACACCADEABACAADEE	30	6	3.092829238110872e-06	21.872676300000002	8	False
v30CCCACCACCACCACACACACCACACCACACACACACCACACACCADEACAADABEE	30	6	4.885851141610602e-07	21.872676300000002	0	False
v30CCCACCACCACCACACACACCACACCACACACACACCACACACCADEACAADBAEE	30	6	1.2934004331626824e-06	21.872676300000002	8	False
v30CCCACCACCACCACACACACCACACCACACACACACCACACACDEACAAACADEAE	30	6	1.193282107827325e-06	21.872676300000002	8	False
v30CCCACCACCACCACACACACCACACCACACADECACACACCACACAACADECAABE	30	6	5.620472870982817e-07	21.872676300000002	0	False
v30CCCACCACCACCACACACACDECACACACACACACACACACACACACACAACAABE	30	6	1.6592188711006157e-06	21.872676300000002	8	False
v30CCCACCACCACCACACCACAACACCACAACCACAACACCACAACACAACAACAABE	30	6	2.8793955223877246e-06	21.872676300000002	8	False
v30CCCACCACCACCACACCACAACACCACAACCACAACACCACAACCAAACAACAABE	30	6	6.006109305698515e-07	43.466993469328585	0	False
v30CCCACCACCACCACACCACAACACCACAACCACAACACCACAACCACAACAAAABE	30	6	4.6726292163627953e-07	43.466993469328585	0	False
v30CCCACCACCACCACACCACAACACCACAACCACAACACCACAACCACAACAADEBE	30	6	1.2720824976017625e-06	21.872676300000002	8	False
v30CCCACCACCACCACACCACAACACCACACACACAACACACACACACAACACAABAE	30	6	7.5726342788978915e-06	21.872676300000002	8	False
v30CCCACCACCACCACACCACAACACCACACACACAACACCACAACACAACAACAABE	30	6	9.023428681294186e-07	21.872676300000002	0	False
v30CCCACCACCACCACACCACAACACCACACACACAACACCACACAACAACAAACAAE	30	6	6.124700971489533e-07	21.872676300000002	0	False
v30CCCACCACCACCACACCACAACACCACACACACAACACCACACACAAACAACAABE	30	6	7.693966051623246e-07	21.872676300000002	0	False
v30CCCACCACCACCACACCACAACACCACACACACAACACCACACACACAAABCADEE	30	6	2.4748651544161467e-07	21.872676300000002	0	False
v30CCCACCACCACCACACCACAACACCACACACACAACACCACACACACAAACADEAE	30	6	3.5632127139583576e-07	21.872676300000002	0	False
v30CCCACCACCACCACACCACAACACCACACACACAACACCACACACACAACAADEAE	30	6	5.692912488237442e-07	21.872676300000002	0	False
v30CCCACCACCACCACACCACAACACCACACACACAACACCACACACACAACADBAEE	30	6	4.168400251561145e-07	21.872676300000002	0	False
v30CCCACCACCACCACACCACAACACCACACACCAAACACCACACACACDEAACAAAE	30	6	2.4001739601084057e-07	43.466993469328585	0	False
v30CCCACCACCACCACACCACAACACCACACACCAAACACCACACACACDEAACADEE	30	6	2.1250830871766078e-07	43.466993469328585	0	False
v30CCCACCACCACCACACCACAACACCACACACCAAACACCACACACACDEABCADEE	30	6	5.656586947441977e-07	21.872676300000002	0	False
v30CCCACCACCACCACACCACAACACCACACACCAAACACCACACACACDEACADEAE	30	6	4.7181993295972546e-07	21.872676300000002	0	False
v30CCCACCACCACCACACCACAACACCACACACCACAAACCACACAACCADEBACAAE	30	6	4.63023995432791e-07	43.466993469328585	0	False
v30CCCACCACCACCACACCACAACACCACACACCACAAACCACACACACADECADEAE	30	6	1.3550609722531477e-06	21.872676300000002	8	False
v30CCCACCACCACCACACCACAACACCACACACCACAAACCACACACACCADEBADEE	30	6	3.862912125381863e-07	43.466993469328585	0	False
v30CCCACCACCACCACACCACAACACCACACACCACAAACCACACACACDAEACAABE	30	6	1.9086188140898395e-07	43.466993469328585	0	False
v30CCCACCACCACCACACCACAACACCACACACCACAACACACACACAACAACADEAE	30	6	6.692733696374241e-06	21.872676300000002	8	False
v30CCCACCACCACCACACCACAACACCACACACCACAACACACACACACAAACADEAE	30	6	8.136337249683036e-06	21.872676300000002	8	False
v30CCCACCACCACCACACCACAACACCACACACCACAACACACACACACCAAABADEE	30	6	1.9102092336901704e-06	21.872676300000002	8	False
v30CCCACCACCACCACACCACAACACCACACACCACAACACCACAACACAAACAAAAE	30	6	7.384204161154472e-07	21.872676300000002	0	False
v30CCCACCACCACCACACCACAACACCACACACCACAACACCACAACACAAACAADEE	30	6	9.399847671696579e-07	21.872676300000002	0	False
v30CCCACCACCACCACACCACAACACCACACACCACAACACCACACAACCAAAABABE	30	6	4.2448690386825197e-07	43.466993469328585	0	False
v30CCCACCACCACCACACCACAACACCACACACCACAACACCACACAACCAAABAABE	30	6	2.790929606476615e-07	43.466993469328585	0	False
v30CCCACCACCACCACACCACAACACCACACACCACAACACCACACAACCADEAABAE	30	6	2.411212846525533e-07	43.466993469328585	0	False
v30CCCACCACCACCACACCACAACACCACACACCACAACACCACACAACCADEABABE	30	6	4.1101528317896506e-07	43.466993469328585	0	False
v30CCCACCACCACCACACCACAACACCACACACCACAACACCACACAADCACAABEAE	30	6	2.433875745630764e-07	43.466993469328585	0	False
v30CCCACCACCACCACACCACAACACCACACACCACAACACCACACACAACAAABBAE	30	6	4.4836373848428784e-07	21.872676300000002	0	False
v30CCCACCACCACCACACCACAACACCACACACCACAACACCACACACACAAAABABE	30	6	6.267105448889924e-07	21.872676300000002	0	False
v30CCCACCACCACCACACCACAACACCACACACCACAACACCACACACACAAAABBAE	30	6	7.87215134178286e-07	21.872676300000002	0	False
v30CCCACCACCACCACACCACAACACCACACACCACAACACCACACACACADAEADEE	30	6	5.010308803273251e-07	43.466993469328585	0	False
v30CCCACCACCACCACACCACAACACCACACACCACAACACCACACACACADEABABE	30	6	6.927580391087109e-07	43.466993469328585	0	False
v30CCCACCACCACCACACCACAACACCACACACCACAACACCACACACACADEABBAE	30	6	4.814739766716203e-07	21.872676300000002	0	False
v30CCCACCACCACCACACCACAACACCACACACCACAACACCACACACADBAECADEE	30	6	4.2629343279752117e-07	43.466993469328585	0	False
v30CCCACCACCACCACACCACAACACCACACACCACAACACCACACACADBEACADEE	30	6	2.627113701779655e-07	21.872676300000002	0	False
v30CCCACCACCACCACACCACAACACCACACACCADEACCACACACACDECAACAABE	30	6	6.984823826370526e-07	21.872676300000002	0	False
v30CCCACCACCACCACACCACAACACCACACACCADEACCACACACACDECACAABAE	30	6	7.221547506354519e-07	43.466993469328585	0	False
v30CCCACCACCACCACACCACACAACCACACACACACAACCACACACACAAABCADEE	30	6	4.236751579638183e-06	21.872676300000002	8	False
v30CCCACCACCACCACACCACACAACCACACACCAACAACCACACACACAAABCADEE	30	6	1.3084644066292982e-06	21.872676300000002	8	False
v30CCCACCACCACCACACCACACAACCACACACCAACAACCACACACACAAACADEAE	30	6	6.3876635536733405e-06	21.872676300000002	8	False
v30CCCACCACCACCACACCACACAACCACACACCACACAACCACACACACDEAABABE	30	6	6.900255762982819e-07	43.466993469328585	0	False
v30CCCACCACCACCACACCACACACAACACACCACACACAACACACACACACAADEAE	30	6	5.10951322800763e-06	21.872676300000002	8	False
v30CCCACCACCACCACACCACACACAACACACCACACACAACACACCAACACAADEAE	30	6	4.639467954334018e-07	21.872676300000002	0	False
v30CCCACCACCACCACACCACACACAACACACCACACACAACACACCACAACAADEBE	30	6	7.472393053532671e-07	21.872676300000002	0	False
v30CCCACCACCACCACACCACACACAACACACCACACACAACACACCACACAAADEBE	30	6	8.01777387052636e-07	21.872676300000002	0	False
v30CCCACCACCACCACACCACACACACACACACCAACACACACACACACAAACADEAE	30	6	4.1463721393253755e-06	21.872676300000002	8	False
v30CCCACCACCACCACACCACACACACACACACCAACACACACACACACDEACADEAE	30	6	1.1228607614302336e-06	21.872676300000002	8	False
v30CCCACCACCACCACACCACACACACCACACACAACACAACCACACACAACAABBAE	30	6	8.649977348682698e-07	21.872676300000002	0	False
v30CCCACCACCACCACACCACACACACCACACACAACACAACCACACACAADECADEE	30	6	6.876059729513244e-07	21.872676300000002	0	False
v30CCCACCACCACCACACCACACACACCACACACAACACACACCACACACAAADEBAE	30	6	2.2501422908758163e-07	43.466993469328585	0	False
v30CCCACCACCACCACACCACACACACCACACACACAAACACCACACACADEACADEE	30	6	9.311635106683356e-08	21.872676300000002	0	False
v30CCCACCACCACCACACCACACACACCACACACACAACAACCACACACACAAABABE	30	6	1.3978143101515929e-06	21.872676300000002	8	False
v30CCCACCACCACCACACCACACACACCACACACACAACAACCACACACACAAABBAE	30	6	3.330486404271758e-07	21.872676300000002	0	False
v30CCCACCACCACCACACCACACACACCACACACACAACACACACACACADEACADEE	30	6	2.7416427698858624e-06	21.872676300000002	8	False
v30CCCACCACCACCACACCACACACACCACACACACAACACACCACACACAAADEBAE	30	6	1.946440221123113e-07	43.466993469328585	0	False
v30CCCACCACCACCACACCACACACACCACACACACACAAACCACACACAADECADEE	30	6	2.9845745314883387e-07	43.466993469328585	0	False
v30CCCACCACCACCACACCACACACACCACACACACACAAACCACACACACADEBABE	30	6	4.6445706947855337e-07	21.872676300000002	0	False
v30CCCACCACCACCACACCACACACACCACACACCAAACAACCACACACADBECADEE	30	6	2.801304570861073e-07	43.466993469328585	0	False
v30CCCACCACCACCACACCACACACACCACACACCAAACACACACACACACDEABABE	30	6	3.240017806097383e-07	43.466993469328585	0	False
v30CCCACCACCACCACACCACACACACCACACACCAAACACACACACACADEACADEE	30	6	5.588119378097198e-07	43.466993469328585	0	False
v30CCCACCACCACCACACCACACACACCACACACCAACAACACCACACAADCAAAEAE	30	6	2.0739265518799619e-07	43.466993469328585	0	False
v30CCCACCACCACCACACCACACACACCACACACCACAAACACCACACAACDABEABE	30	6	2.544225436591152e-07	43.466993469328585	0	False
v30CCCACCACCACCACACCACACACACCACACACCACAAACACCACACAADCADEEAE	30	6	1.9909246725860572e-07	43.466993469328585	0	False
v30CCCACCACCACCACACCACACACACCACACACCACAACAACCACACAACDABEABE	30	6	2.2939600952833048e-07	43.466993469328585	0	False
v30CCCACCACCACCACACCACACACACCACACACCACAACAACCACACACAADAEABE	30	6	3.07809508650515e-07	43.466993469328585	0	False
v30CCCACCACCACCACACCACACACACCACACACCACACAAACCACACACAADAEABE	30	6	3.085220208283175e-07	43.466993469328585	0	False
v30CCCACCACCACCACACCACACACACCACACACCACADEACCAACACACCADEBAAE	30	6	2.745247888700206e-07	21.872676300000002	0	False
v30CCCACCACCACCACACCACACACACCACACACCACADEACCACAACACCADEBAAE	30	6	3.092566124163088e-07	43.466993469328585	0	False
v30CCCACCACCACCACACCACACACACCACACACCACADEACCACACAACCADEBABE	30	6	6.679491199396116e-07	43.466993469328585	0	False
v30CCCACCACCACCACACCACACACACCACACACCACADEACCACACACAADECADEE	30	6	4.3424891907747346e-07	43.466993469328585	0	False
v30CCCACCACCACCACACCACACACACCACACACCACADEACCACACACACADEBABE	30	6	4.740184319300485e-07	21.872676300000002	0	False
v30CCCACCACCACCACACCACACACACCACACACCADEACACACACACACDEACAABE	30	6	2.4230364341692323e-06	21.872676300000002	8	False
v30CCCACCACCACCACACCACACACACCACACACCADEACACACACACACDEACADEE	30	6	5.53575644830082e-07	21.872676300000002	0	False
v30CCCACCACCACCACACCACACACACCACACACCADEACACCAACACACDEABCAAE	30	6	5.168142460343054e-07	21.872676300000002	0	False
v30CCCACCACCACCACACCACACACACCACACACCADEACACCACAACACDEABCAAE	30	6	6.224268060347398e-07	21.872676300000002	0	False
v30CCCACCACCACCACACCACACACACCACACACCADEACACCACACACACDEAADEE	30	6	2.3759963001391335e-07	43.466993469328585	0	False
v30CCCACCACCACCACACCACACACACCACACACCADEACACCACACACACDEABABE	30	6	4.3911463451890397e-07	43.466993469328585	0	False
v30CCCACCACCACCACACCACACACACCACACACCADEACACCACACACACDEABBAE	30	6	4.5346978468138116e-07	21.872676300000002	0	False
v30CCCACCACCACCACACCACACACACCACACACDEACACACACACACAACACADEAE	30	6	6.333630857806074e-07	43.466993469328585	0	False
v30CCCACCACCACCACACCACACACACCACACACDEACACACCACAACAACACAAAAE	30	6	5.546177260968381e-07	43.466993469328585	0	False
v30CCCACCACCACCACACCACACACACCACACACDEACACACCACACACAADECADEE	30	6	4.0182988534354174e-07	43.466993469328585	0	False
v30CCCACCACCACCACACCACACACACDEACCACACACACAACCAACACACAACAABE	30	6	1.9093408865557315e-07	43.466993469328585	0	False
v30CCCACCACCACCACACCACACACACDEACCACACACACAACCACAACACAAACAAE	30	6	1.6506253975105823e-07	43.466993469328585	0	False
v30CCCACCACCACCACACCACACACACDEACCACACACACAACCACACAACAAACAAE	30	6	1.4796218757489426e-07	43.466993469328585	0	False
v30CCCACCACCACCACACCACACACACDEACCACACACACAACCACACACAAACADEE	30	6	2.588778362699444e-07	43.466993469328585	0	False
v30CCCACCACCACCACACCACACACACDEACCACACACACAACCACACACACAAADEE	30	6	2.0868612306259332e-07	43.466993469328585	0	False
v30CCCACCACCACCACACCACACCAACAACACCACACACCAAACACACACAACDEABE	30	6	7.624427832420986e-07	21.872676300000002	0	False
v30CCCACCACCACCACACCACACCAACCACACACCAAABCAACCACACACAAACADEE	30	6	2.2317558237737311e-07	43.466993469328585	0	False
v30CCCACCACCACCACACCACACCAACCACACACCAAACAACCACACACADBECADEE	30	6	3.341988453580727e-07	43.466993469328585	0	False
v30CCCACCACCACCACACCACACCAACCACACACCADECAACCACACACADBECADEE	30	6	4.0626688179110253e-07	43.466993469328585	0	False
v30CCCACCACCACCACACCACACCACAACACACACACACCACAAACACACACAADEAE	30	6	3.810563347674091e-06	21.872676300000002	8	False
v30CCCACCACCACCACACCACACCACACCACACAACAACCACACACACAAAABCADEE	30	6	1.0414395846317844e-06	21.872676300000002	8	False
v30CCCACCACCACCACACCACACCACACCACACACDEACCACACACCADEAABCADEE	30	6	1.0032755289531098e-07	43.466993469328585	0	False
v30CCCACCACCACCACACCACACCACACDEACCAACACCACACAACCAACACDEAAAE	30	6	2.4458706692555326e-07	21.872676300000002	0	False
v30CCCACCACCACCACACCACACCACACDEACCACAACCAACAACCACAACCAAAABE	30	6	1.0501001048271695e-07	21.872676300000002	0	False
v30CCCACCACCACCACACCACACCACACDEACCACAACCACACAACCACAABCAAAAE	30	6	1.3804795106356662e-07	43.466993469328585	0	False
v30CCCACCACCACCACACCACACCACACDEACCACAACCACACAACCADECACAAAAE	30	6	2.431864587399301e-07	21.872676300000002	0	False
v30CCCACCACCACCACACCACACCACACDEACCACACACCAACAACCAACAACAAAAE	30	6	1.0923886481687824e-07	21.872676300000002	0	False
v30CCCACCCACCACCACAACCAACCAACCACAACCAACCAACCACAACCAABCAABBE	30	6	4.0144471177280143e-07	43.466993469328585	0	False
v30CCCACCCACCACCACAACCAACCACACCACAACCAACCAACACAAACCAABCAABE	30	6	1.4799730345346561e-06	21.872676300000002	8	False
v30CCCACCCACCACCACAACCAACCACACCACAACCAACCACACACACAAAABCADEE	30	6	8.096211086844844e-07	21.872676300000002	0	False
v30CCCACCCACCACCACACACACACCACACCACACACACACACDEACACADEACADEE	30	6	1.8946564785013517e-06	21.872676300000002	8	False
v30CCCACCCACCACCACACCAACAACACCACACACCAAACACCACACACACDEAADEE	30	6	5.92225489749136e-08	43.466993469328585	0	False
v30CCCACCCACCACCACACCAACACACACACACACCAACACACACACACACDEAADEE	30	6	2.252609625553786e-06	21.872676300000002	8	False
v30CCCACCCACCACCACACCACACACACACACAACCACACACACACACAABCAADEAE	30	6	1.3014376825787281e-06	21.872676300000002	8	False
v30CCCACCCACCACCACACCACCACACCACACCACACAACACDEACDEACDEAACAAE	30	6	4.0060769470118323e-07	21.872676300000002	0	False
v30CCCACCCACCACCCACCACCCAACAACCAACCDECDECCAACACAACAADECADEE	30	7	9.849278045868902e-07	1.8000000000000012	0	False
v30CCCACCCACCACCCACCACCCAACAACCAACCDECDECCAACACAACACDEAADEE	30	7	8.013250917685819e-07	1.8000000000000012	0	False
v30CCCCACCACACCACACACACAACCACACACACAACCACACACACAACACAACAAAE	30	6	4.968479225635548e-06	21.872676300000002	8	False
v30CCCCACCACACCACCACACCACACACCACACACACACACACAACACAAACAAADEE	30	6	4.231282740662201e-06	21.872676300000002	8	False
v32CCCACCCACCACCCACCACCAACCAACAACCCAACCDECACACACAABCAACAADECAAE	32	7	7.5904266946780565e-06	1.8000000000000012	10	False
v32CCCACCCACCACCCACCACCACCDECCACAACCCAACCDEDECCAACDBECAACAAAABE	32	7	1.4407607744435349e-06	29.9083225384962	10	False
v32CCCCACCCACCACCACCACACACCAACCAACCAACCAACACACAACAACAACAAACAAAE	32	6	5.692829212862654e-07	21.872676300000002	0	False
v34CCACCCACCACACCACCACACCACACACCACACCACACACCACACACABCACADEACADEADEE	34	6	5.674609394127387e-07	21.872676300000002	0	False
v34CCCACCCACCACCACACCAACACACACACACACCAACACACACACACACCAACAACAADECAAE	34	6	1.4040638605036232e-05	21.872676300000002	8	False
v34CCCACCCACCACCCACCACCACCACACCACAACCDECDECACAACDECCACAACDEACADEBBE	34	7	1.3908040541386356e-06	29.9083225384962	9	False
v35CCCACACCACCACACACCACACCACACACACCACACACCACACACACACCACACACAABABABABE	35	6	6.256669178133679e-06	21.872676300000002	8	False
v37CCCACCCACCACCACACCACCACACCACACCACACAACACCAACACDEACCAACAACACCAACAABBAAE	37	6	4.522031634863055e-07	43.466993469328585	0	False
v37CCCACCCACCACCCACCACCACACACACAACCCAACCDECACACACACAACCAACAACAACAADECAAAE	37	7	4.22261323259643e-06	29.9083225384962	9	False
v37CCCACCCACCACCCACCACCACCAACCACAACCCAACCDECAACCAACCAAACCAACAACAACDEDEAAE	37	7	1.8477041490653913e-05	1.8000000000000012	10	False
v38CCCACCCACCACCACACCAACACACACCACACACCAACACACACCACACACACCAACAACAACAADECAAAE	38	6	3.867591264013964e-06	21.872676300000002	8	False
v38CCCACCCACCACCACACCACCACACCACACCACACACCACAACACAACACAACADECACAACAACAAACAAE	38	6	1.3009234440670297e-05	2.1000000000000014	9	False
v40CCACCCACCACACCACCACACCACACACCACACCACACACCACACACACCABACACCACABABACCACABABADEE	40	6	1.4000946973996186e-06	21.872676300000002	8	False
v42CCCACCCACCACCCACCACCACCACACCACAACCCAACCDECACAACDECCACAACCAACAACACACAACDBECAAADEE	42	7	2.7133864325363506e-06	29.9083225384962	9	False
v42CCCACCCCACCCACCCACCAACCCAACCAACCDECCAACCAACAACCCACAACAACCAACAACACAACCDEABAACADEE	42	7	4.2966421965620357e-07	48.76394654587672	0	False
v42CCCACCCCACCCACCCACCAACCCAACCAACCDECCAACCAACAACCCACAACACCDECCACAACACAACDDEEDEBDEE	42	7	7.35638890437298e-07	29.9083225384962	0	False
v42CCCCACCCACCACCACCACACACCACACACACACACACACACACCAACACACACACACAACAACCAACAACAACAAABBE	42	6	8.499281629928865e-06	21.872676300000002	8	False
v42CCCCACCCACCACCACCACACCACACACACACACACACAACCACACACACACACACACAACCAACAACAACAADECAAAE	42	6	1.5037769544788024e-05	21.872676300000002	8	False
v44CCACCCACCACACCACCACACCACACACCACACCACACACCACACACACCACACABCACACACABCACACACABABCADEADEE	44	6	4.186115269754615e-06	21.872676300000002	8	False
v44CCCACCCACCACCACACCACCACACCACACCACACAACACCAACACCAACACCAACAACACCAACACCAACACCAAAABDAEAE	44	6	5.606800856268604e-07	21.872676300000002	0	False
v44CCCACCCACCACCACACCACCACACCACACCACACAACACCACACACDEACCACACAACACCACACACAABCACADAEACADEE	44	6	7.072154572494374e-06	21.872676300000002	8	False
v47CCCACCCACCACCACACCACCACACCACACCACACACACACCACACAACACACACACAACACACCACACAACACACADEAABCACAAABE	47	6	9.981708142137792e-05	21.872676300000002	9	False
v47CCCACCCACCACCACACCACCACACCACACCACACACCACAACACACACACAACACAACCACAACACACACAACAACCACAABABACAAE	47	6	1.7051023592822194e-05	21.872676300000002	8	False
v47CCCACCCACCACCCACCACCACCACACCACAACCCAACCDECACACACAACCACAACCAACAACACACACAACCAAACCAAACAADEDEE	47	7	6.535211310221861e-05	18.74800825714286	10	False
v47CCCCACCACCACCACCACACCACACCACACACACACACACACAACCACACACACACACACACAACCACACACAACACACADEACAADEAE	47	6	7.854088923664507e-05	21.872676300000002	9	False
v48CCCACACCACCACACACCACACCACACACACCACACACCACACACACACCACACACACCACACACACACACCACACACACAABABABABABE	48	6	3.756625587732262e-05	21.872676300000002	9	False
v48CCCACCACCACACACACACCACACACACACACCACACACACACACACCACACAACACACACACCACACAACACACACACCACADEACAAAAE	48	6	0.14694018425307326	21.872676300000002	9	False
v48CCCCACCACACCACCACACCACACACCACACCACACACCACACACACCACACACACACACACACACACAACCAAACACAAACACAAAABDEE	48	6	8.201637553731668e-05	21.872676300000002	9	False
v49CCCACCACCACACACCACACCACACACACCAACACCACACACACACCAACACCACACACACACACCAACACCACADEACACACDEACCADEABE	49	6	2.284729153930366e-05	21.872676300000002	9	False
v49CCCACCCACCACCACAACCACACCACACCACAACCACACACACACACACAACCACACACACACACACAACCAACACAACACAAACCAACAADEE	49	6	2.7297181180939925e-06	2.1000000000000014	9	False
v49CCCACCCACCACCACACCACCACACCACACCACACACCACACACACACACACACACACAACACAACACACACAACACACAACAACACAAAABAE	49	6	5.293380334254633e-06	21.872676300000002	9	False
v49CCCCACCACCACCACCACACCACACCACACACACACACACCACACACCACAACACAACACACACACAACCACAACAACACACAAACACAAABAE	49	6	0.00012915386885314589	21.872676300000002	8	False
v4CCAE	4	3	2.1941609807058452e-09	43.466993469328585	0	False
v50CCCACCACCACCACACCACACCAACCACACACCACACACCAACCACACACACCACACACACCAACCAACACACACACACACAAAABCAACADEABE	50	6	7.429732443595584e-06	21.872676300000002	8	False
v50CCCACCCACCACCACACCACCACACCACACCACACACCACACCACACACCACACACCACACACACDEACCADEACCADEACCADEACAACDEDEBE	50	6	1.4484225558406595e-05	2.1000000000000014	9	False
v5CCACAE	5	4	2.6436392946663878e-09	55.27909663310495	0	False
v6CCACACAE	6	5	3.858688179677853e-09	43.466993469328585	0	False
v6CCCACAAE	6	4	3.434536399466585e-08	2.1000000000000014	0	False
v7CCACACACAE	7	6	4.3892947170422476e-09	43.466993469328585	0	False
v7CCACACCABE	7	6	4.788533378196503e-09	55.27909663310495	0	False
v7CCACCACAAE	7	5	1.6352741559863292e-08	43.466993469328585	0	False
v7CCCACACAAE	7	5	9.589383513431035e-09	43.466993469328585	0	False
v8CCACACACACAE	8	6	5.852730102820679e-09	43.466993469328585	0	False
v8CCACCACACABE	8	6	1.3936153147834957e-08	43.466993469328585	0	False
v8CCACCCABCABE	8	6	1.1665301217963392e-08	43.466993469328585	0	False
v8CCCACACACAAE	8	5	9.54847874722655e-09	43.466993469328585	0	False
v8CCCACACCAABE	8	6	1.4396858630111414e-08	55.27909663310495	0	False
v9CCACACACACACAE	9	6	4.281157863506896e-09	55.27909663310495	0	False
v9CCACCACCACABAE	9	6	8.40055123418506e-09	43.466993469328585	0	False
v9CCCACAACCACAAE	9	6	8.822290443967087e-08	2.1000000000000014	0	False
v9CCCACACACACAAE	9	6	1.6757557087948567e-08	43.466993469328585	0	False
v9CCCACACACCAABE	9	6	2.3218151207538377e-08	43.466993469328585	0	False
v9CCCACCACACAAAE	9	5	1.4828581595680518e-08	43.466993469328585	0	False
